gender,age,age_o,race,race_o,samerace,imprace,goal,date,go_out,field_cd,career_c,income,mn_sat,tuition,exphappy,expnum,attr1_1,sinc1_1,intel1_1,fun1_1,amb1_1,shar1_1,attr3_1,sinc3_1,intel3_1,fun3_1,amb3_1,sports,tvsports,exercise,dining,museums,art,hiking,gaming,clubbing,reading,tv,theater,movies,concerts,music,shopping,yoga,match
0,30,35,6,4,0,6,5,1,6,5,2,47584.0,1489,12502.4,8,1,55,92,68,58,13,40,1,2,7,10,9,1,2,5,10,1,2,5,8,3,2,3,6,2,9,9,3,7,0
1,37,33,1,1,1,10,2,4,4,5,16,119062.0,1079,36895.0,8,5,8,63,4,66,32,80,4,7,2,5,4,7,7,8,3,1,2,7,3,4,9,7,6,9,7,2,9,10,0
0,26,43,1,4,0,6,3,5,4,10,1,67624.0,837,47393.0,6,2,61,32,21,11,72,23,10,1,3,1,9,3,3,6,9,9,3,7,9,9,6,6,8,10,8,7,7,8,0
0,24,35,6,1,0,4,4,3,7,6,13,119855.0,1559,33711.0,7,4,87,38,12,84,5,8,1,3,8,5,3,3,3,5,6,10,1,3,2,2,9,1,8,7,2,3,1,8,0
0,21,25,3,2,0,5,2,6,5,9,9,94564.0,1399,56033.0,2,3,93,38,28,46,72,23,2,9,8,2,10,10,4,8,10,5,9,1,7,7,9,8,6,9,3,7,3,8,1
1,36,27,2,1,0,6,3,2,5,5,7,29739.0,1559,19430.0,1,1,13,9,96,56,71,50,5,6,4,2,10,2,10,9,1,3,2,4,2,2,5,8,10,5,8,4,3,9,1
0,39,43,1,5,0,10,3,4,1,16,6,100858.0,1228,57566.3,10,1,17,50,39,96,20,9,5,4,3,1,5,5,8,9,8,3,3,3,6,1,7,4,1,6,5,1,8,3,0
0,36,27,4,5,0,4,6,2,7,1,11,132104.0,1063,46952.0,8,8,35,29,31,5,27,79,10,6,7,6,5,2,7,3,4,3,6,2,8,8,9,3,7,1,4,1,6,2,0
0,23,22,5,3,0,4,4,1,2,2,3,54608.0,1132,21264.0,8,1,74,80,38,81,5,26,1,4,6,8,8,9,6,3,10,1,3,1,5,6,10,4,2,7,2,1,9,7,0
1,43,27,3,1,0,3,1,7,1,6,5,141415.0,837,28013.0,9,9,46,4,46,24,95,58,5,8,8,8,5,5,7,2,10,6,5,2,4,1,8,3,3,6,3,10,7,6,0
0,30,35,3,1,0,1,4,2,2,9,15,37789.0,1286,43542.0,3,4,79,4,90,38,95,31,7,1,10,5,5,3,6,1,1,8,6,5,3,3,9,8,3,4,2,6,9,6,0
0,28,38,4,4,1,1,1,1,6,12,2,43503.0,1139,12502.4,8,8,64,79,80,56,35,96,10,6,4,8,5,5,4,3,9,8,5,2,3,2,1,5,1,5,1,3,5,6,0
0,30,41,4,1,0,4,2,6,6,10,12,96858.0,1559,20694.0,3,7,13,38,88,52,44,14,9,3,1,9,2,3,1,8,9,8,10,1,9,4,2,3,5,6,4,1,7,6,1
0,30,23,6,3,0,1,1,1,6,10,13,110812.0,853,33003.0,8,6,68,13,19,18,72,10,10,6,5,8,3,2,9,8,10,6,1,8,4,5,10,1,5,10,1,10,3,2,0
1,42,20,4,6,0,10,2,4,1,2,3,39401.0,856,57566.3,7,1,4,17,21,71,78,29,8,6,3,2,8,5,5,1,9,8,6,8,10,3,8,9,4,5,6,7,3,9,0
0,39,25,4,3,0,6,2,1,4,2,1,88817.0,1099,43595.0,9,5,86,18,31,30,82,63,1,9,3,4,8,7,4,9,6,2,9,5,3,7,7,2,10,7,10,10,2,10,0
1,37,26,1,2,0,5,1,6,6,2,6,31599.0,1502,52630.0,2,1,59,61,96,70,62,27,6,9,8,1,2,1,1,1,4,4,6,1,5,3,3,2,6,6,6,4,9,9,1
1,32,22,6,3,0,1,5,5,1,11,1,75949.0,1005,32348.0,9,4,40,56,30,28,70,64,3,9,7,3,7,3,7,8,9,2,8,9,7,10,4,1,9,9,9,8,4,7,0
1,38,19,6,5,0,7,6,5,5,5,6,84873.0,1400,50546.0,8,3,96,17,65,96,34,63,7,7,10,9,10,4,9,6,3,3,4,1,6,6,7,7,7,10,5,1,3,7,0
0,30,19,5,3,0,6,6,4,7,15,1,113907.0,911,46722.0,6,1,60,18,89,67,69,75,7,2,7,7,10,2,8,5,7,10,6,6,9,3,10,4,1,8,2,6,7,9,0
1,39,24,6,4,0,4,2,5,5,4,16,127845.0,920,40129.0,5,3,74,28,94,18,84,80,6,2,8,10,4,10,5,6,7,1,4,6,4,4,1,3,2,9,7,3,10,4,0
0,28,34,4,2,0,3,3,1,4,7,11,143471.34999999998,1098,19320.0,7,7,79,90,76,96,49,83,2,4,4,4,9,10,2,9,7,1,7,9,4,4,7,5,3,8,7,8,8,4,0
1,36,27,3,1,0,4,4,4,5,3,10,33301.0,1442,30455.0,5,2,54,18,28,69,95,33,4,4,2,5,8,1,5,7,10,7,7,9,7,10,8,3,1,2,4,4,7,5,1
1,25,29,4,4,1,8,5,7,4,9,14,32868.0,1320,36987.0,1,6,54,35,15,82,5,33,3,6,8,7,10,3,3,4,9,1,6,10,2,1,8,10,5,2,8,7,5,1,0
1,37,19,6,5,0,1,4,7,7,9,6,26252.95,1494,55324.0,6,8,46,66,12,90,27,70,1,10,1,7,6,4,4,2,9,9,1,10,8,9,1,1,7,6,6,3,10,1,0
1,25,27,3,2,0,3,3,7,6,8,13,53511.0,1559,48234.0,7,9,70,4,15,7,54,48,2,7,2,3,2,6,3,2,1,8,9,10,1,10,10,9,1,10,9,3,6,7,0
1,27,37,5,6,0,1,3,2,1,2,2,44892.0,1430,27553.0,1,1,96,44,11,29,63,50,8,7,9,4,9,5,3,6,1,2,5,1,1,3,6,7,10,2,5,2,5,10,0
1,43,19,2,6,0,6,4,5,5,3,12,40202.0,1053,57566.3,8,2,26,4,18,93,23,96,1,1,1,3,2,10,2,4,10,10,4,3,8,10,8,1,1,9,8,3,6,4,0
1,33,21,2,2,1,2,1,4,6,7,5,56406.0,1476,55856.0,1,1,87,63,45,12,20,65,1,10,9,10,1,3,1,8,5,5,4,2,6,1,9,9,2,4,3,9,7,2,1
1,36,30,2,5,0,8,2,4,6,9,9,133632.0,1440,47705.0,5,5,67,5,47,96,27,48,9,3,5,8,9,9,1,8,5,2,7,4,7,7,10,3,6,2,3,2,1,6,0
0,43,29,5,4,0,9,6,1,7,7,4,141422.0,944,42424.0,9,9,5,66,46,65,6,14,1,9,6,10,3,5,6,3,2,8,7,10,5,3,1,3,4,6,7,2,2,2,0
0,40,28,4,3,0,2,3,2,3,8,16,117587.0,1328,28516.0,7,5,59,65,42,17,94,33,7,8,10,10,2,4,4,7,1,7,6,8,9,7,5,10,2,9,2,3,10,3,0
1,28,27,3,1,0,2,1,7,3,15,5,87921.0,1305,47032.0,9,2,12,38,80,59,75,8,4,10,7,9,8,9,5,8,10,10,7,10,3,9,8,4,6,9,3,6,2,6,0
1,30,32,5,4,0,5,2,2,3,11,13,122571.0,1128,12601.0,7,6,62,94,4,96,7,83,5,3,8,3,2,3,1,4,1,10,9,2,7,8,10,2,2,8,1,10,8,9,0
1,26,22,1,3,0,8,5,7,2,6,12,60356.0,1069,46980.0,6,8,70,39,37,34,36,73,4,1,6,2,1,6,9,2,8,3,9,6,2,8,2,4,6,5,8,7,1,5,0
0,37,42,3,4,0,6,6,1,2,12,5,26252.95,1151,57566.3,3,9,6,6,50,4,67,96,1,2,4,4,2,8,5,7,6,9,10,2,8,10,9,8,10,7,3,5,4,1,0
1,41,34,5,2,0,6,2,7,3,13,4,56392.0,1489,40359.0,5,3,37,69,19,69,72,59,6,9,10,8,10,3,9,2,4,2,8,5,2,2,5,10,3,5,10,2,8,6,0
0,36,22,4,4,1,3,4,4,2,10,1,49285.0,1315,14175.0,6,2,10,35,66,69,22,84,9,3,7,8,3,7,5,7,6,3,9,9,7,9,3,9,1,10,5,1,1,9,0
0,33,19,2,5,0,5,6,4,6,8,16,138754.0,837,25697.0,7,2,57,18,4,76,5,93,10,3,5,1,2,9,10,5,1,3,6,6,6,7,5,3,4,10,3,3,7,2,0
0,24,26,2,5,0,8,6,3,4,11,15,80449.0,1511,55040.0,8,5,6,47,53,78,71,72,10,10,2,2,10,5,1,10,3,2,4,8,1,6,4,8,10,7,10,5,9,7,0
0,36,23,5,5,1,10,6,7,3,14,3,131621.0,852,29317.0,2,5,73,5,81,27,5,77,8,5,9,8,7,4,1,7,6,7,10,9,9,1,10,9,10,1,9,2,3,10,0
0,29,35,6,3,0,3,4,1,3,17,17,36146.0,1278,49367.0,10,4,4,95,68,96,11,56,6,10,3,1,3,1,3,8,2,10,9,8,7,6,8,4,5,3,1,3,4,6,0
1,32,31,1,2,0,5,1,6,7,4,16,54863.0,1021,30046.0,3,1,43,53,82,93,44,79,5,6,10,7,6,5,2,1,2,10,2,7,9,2,7,10,1,8,7,9,7,5,0
1,40,36,4,1,0,3,5,2,2,6,2,50222.0,1463,50444.0,2,9,40,95,63,5,28,95,5,3,3,6,2,5,2,7,7,10,2,6,4,1,6,4,10,9,5,3,6,7,0
1,31,31,2,4,0,2,1,6,7,2,3,104868.0,1118,14890.0,5,1,75,62,37,30,57,58,6,6,9,6,9,6,5,1,9,3,1,4,5,10,3,2,6,8,7,10,2,7,0
1,28,25,4,3,0,2,2,1,6,4,7,112052.0,875,22925.0,9,6,4,53,88,14,39,22,10,5,2,9,10,3,9,8,3,1,10,6,1,5,9,5,8,5,10,5,2,4,0
1,43,34,3,4,0,2,4,6,3,16,14,143471.34999999998,1261,14473.0,9,1,94,75,76,34,85,30,1,8,5,1,2,10,1,10,10,3,1,4,1,3,7,3,4,9,4,8,2,7,0
0,27,20,4,2,0,6,5,4,7,3,3,116012.0,1288,31895.0,10,8,73,88,25,90,63,20,8,7,3,10,8,1,7,6,6,9,1,6,5,8,8,5,5,5,3,4,3,5,1
1,43,27,3,3,1,2,4,4,4,12,8,68842.0,1335,33204.0,3,4,46,77,47,39,86,4,9,6,8,7,9,6,10,1,8,7,3,10,6,5,4,6,3,9,10,6,2,7,0
1,28,34,6,3,0,7,6,7,5,9,8,106251.0,919,56777.0,5,3,45,13,85,91,61,44,3,2,7,3,1,10,8,4,6,6,3,8,9,9,5,2,3,6,2,7,6,10,0
0,23,43,2,3,0,2,1,5,7,4,2,33787.0,1559,51380.0,2,9,92,40,8,16,33,28,5,6,5,8,6,2,1,2,2,3,10,8,3,7,2,9,5,5,1,7,8,7,0
1,19,28,5,6,0,4,2,7,5,5,5,38524.0,1559,19402.0,9,7,30,93,93,73,23,47,5,7,7,1,10,10,10,7,9,4,5,7,7,7,8,10,9,1,2,6,1,1,0
0,28,25,6,1,0,5,1,6,5,15,17,79945.0,1507,34641.0,5,3,56,33,71,56,64,74,4,4,10,9,5,3,5,3,8,3,5,1,6,1,5,5,5,10,9,7,4,10,0
1,36,19,6,5,0,6,6,6,3,1,9,45872.0,1468,24075.0,1,6,18,92,25,17,41,56,3,9,9,2,10,7,8,3,7,9,6,1,7,5,2,9,10,6,1,9,10,2,0
0,23,30,2,2,1,8,1,6,2,14,17,105514.0,1261,15175.0,4,2,80,6,40,31,44,43,9,1,6,9,7,3,7,2,4,10,4,6,3,1,6,6,10,8,1,3,8,10,0
1,31,38,6,4,0,2,5,6,1,9,15,130515.0,1492,27402.0,8,6,59,60,4,96,89,36,5,4,4,2,3,9,2,5,1,4,10,8,6,9,8,6,6,9,10,3,9,3,1
1,37,21,5,4,0,1,5,7,3,7,7,105332.0,1490,38908.0,1,9,31,5,65,38,58,29,9,3,3,2,8,8,2,9,4,7,10,4,3,10,6,5,9,5,7,2,3,5,0
0,23,24,1,6,0,1,5,5,7,12,7,143471.34999999998,837,45328.0,9,7,94,62,59,21,39,31,10,3,7,6,2,5,6,4,6,6,10,7,1,3,2,9,8,5,3,8,9,3,0
0,34,31,2,4,0,10,2,1,1,6,17,26252.95,1501,31147.0,6,9,68,5,83,19,84,36,5,6,2,2,6,2,3,3,3,8,10,8,7,10,6,2,1,1,3,7,4,9,0
0,27,22,6,5,0,8,6,6,5,10,8,29568.0,1297,54469.0,6,4,7,95,85,21,39,42,7,2,2,3,3,8,1,4,5,1,7,10,4,4,7,4,6,9,5,2,5,3,0
0,19,41,5,4,0,2,6,5,7,13,13,141737.0,880,28566.0,6,1,37,40,62,7,48,36,8,3,4,3,7,3,7,4,7,7,8,1,1,7,9,2,1,3,10,9,4,9,0
0,20,28,4,3,0,7,5,6,6,15,7,109247.0,1025,27858.0,8,8,90,4,50,50,69,41,7,3,10,10,1,6,10,1,5,1,6,3,2,10,2,5,9,1,9,3,5,9,0
0,25,34,3,4,0,1,5,2,4,14,8,109948.0,1087,52090.0,6,5,4,36,5,62,95,22,3,9,2,4,3,5,3,8,7,8,8,7,5,1,1,10,7,8,3,5,7,9,0
0,25,22,2,2,1,7,1,2,1,5,9,64501.0,1242,46656.0,7,8,55,46,69,10,59,73,8,2,1,4,5,2,1,9,10,10,9,9,6,1,8,7,4,2,7,9,2,5,0
0,43,37,3,4,0,5,6,7,3,10,12,27011.0,956,30161.0,8,2,61,78,31,88,25,61,10,6,3,1,9,3,3,3,1,1,10,9,4,3,4,7,10,2,8,3,2,8,0
1,37,20,4,6,0,8,3,7,2,1,2,72660.0,1217,12502.4,9,3,88,53,50,4,67,92,7,6,6,3,5,5,8,1,10,7,3,5,1,4,4,7,6,5,6,8,1,10,0
1,39,22,5,2,0,2,5,3,4,17,10,128604.0,1444,35673.0,7,3,40,4,73,70,5,88,4,3,2,5,5,2,4,3,3,3,9,10,4,7,3,1,7,3,8,8,1,1,1
0,32,43,1,6,0,2,2,5,7,4,15,61408.0,927,12502.4,8,3,28,43,34,18,19,27,9,10,7,1,10,2,4,10,9,1,5,1,8,10,5,8,1,8,8,2,1,5,0
1,41,32,5,1,0,2,2,3,2,5,8,26252.95,920,26685.0,7,3,21,33,65,96,79,53,7,6,7,6,9,7,1,1,10,9,1,7,8,1,3,4,7,1,5,8,4,9,1
1,24,36,3,1,0,8,5,4,2,3,9,38819.0,1158,36745.0,7,3,51,83,9,15,14,31,7,8,1,8,2,7,6,5,8,2,9,2,8,4,5,2,7,1,9,9,4,10,0
1,28,33,3,5,0,1,2,4,5,13,1,64158.0,1125,19274.0,7,6,19,77,90,8,41,96,8,6,9,8,7,3,3,6,3,4,4,1,4,10,7,5,7,10,5,10,4,2,0
1,24,25,5,4,0,9,4,4,4,18,14,106161.0,1072,57566.3,4,5,18,8,65,49,49,62,1,1,1,3,2,8,7,5,10,10,10,7,1,6,4,4,3,8,1,4,1,5,0
0,21,30,2,4,0,10,3,6,6,12,2,94376.0,1375,57380.0,1,1,63,79,20,49,52,22,10,10,6,10,8,10,4,1,4,3,2,1,5,9,3,9,2,4,4,4,1,8,1
1,42,33,6,1,0,7,3,3,6,2,4,26555.0,898,18849.0,8,4,6,41,65,87,41,83,9,5,4,6,5,3,1,5,4,1,6,10,1,5,1,8,5,6,8,4,9,7,0
0,29,20,6,5,0,7,1,2,4,3,14,109371.0,1015,12539.0,8,1,96,55,63,38,88,38,8,5,10,6,4,3,2,8,2,4,7,4,5,10,3,4,7,10,7,7,4,3,0
1,43,19,1,6,0,4,1,3,4,11,11,127018.0,1166,45063.0,9,3,19,26,95,36,61,94,10,4,8,6,8,2,9,6,9,4,5,2,8,2,7,10,6,7,9,10,7,8,0
1,23,26,2,5,0,7,3,5,1,15,1,111600.0,1236,57566.3,2,6,36,74,77,52,21,86,7,3,8,3,5,8,4,4,4,7,8,10,1,7,6,2,2,5,1,1,4,10,0
1,31,26,6,4,0,4,1,4,2,14,14,110516.0,1528,47868.0,8,3,37,5,58,23,13,51,8,8,8,4,4,4,6,1,10,6,6,7,6,2,10,4,3,1,5,5,2,2,1
0,29,39,6,1,0,3,1,6,1,18,16,79818.0,880,37397.0,5,2,43,84,53,72,68,23,8,9,7,1,4,5,6,5,4,4,2,4,2,5,7,2,1,2,9,4,5,6,0
1,28,43,2,1,0,7,1,2,5,12,7,46456.0,1477,55325.0,10,2,33,28,9,78,45,45,4,9,6,9,5,5,4,9,3,10,8,6,3,3,9,2,5,9,5,6,9,6,0
0,36,34,2,3,0,3,2,1,7,7,1,48533.0,1482,38565.0,9,4,96,24,67,60,64,35,8,4,8,4,1,8,10,7,6,10,6,2,1,3,10,10,10,7,6,10,8,3,0
1,38,41,6,3,0,1,6,5,3,6,2,38271.0,1559,55713.0,8,4,10,93,28,45,31,17,8,7,3,4,5,6,9,4,2,9,4,10,10,10,2,5,3,3,10,6,3,5,0
0,22,19,5,5,1,10,1,1,3,6,10,118413.0,1495,28394.0,9,9,96,44,20,59,14,62,3,6,2,9,4,10,6,1,4,8,9,7,9,1,9,4,4,10,10,4,8,8,0
1,31,26,3,6,0,7,2,2,2,16,13,88479.0,1210,29406.0,10,7,96,57,72,11,66,75,1,8,10,5,8,2,2,5,3,7,5,9,2,4,4,1,3,7,4,4,7,7,0
0,38,41,4,5,0,9,4,4,6,17,8,50821.0,1410,56668.0,4,2,88,25,93,56,7,42,1,5,3,1,1,1,4,4,2,7,8,5,2,3,3,8,5,7,8,1,8,1,1
0,41,36,2,4,0,3,3,6,3,13,1,88604.0,1315,57566.3,7,6,22,69,5,61,81,48,9,1,9,2,2,8,3,6,1,5,5,2,2,5,8,10,7,5,3,2,10,1,0
1,33,30,6,5,0,3,3,4,6,11,17,26653.0,837,19975.0,7,1,20,4,96,54,35,81,2,2,6,4,3,1,9,4,8,7,9,9,5,9,1,6,3,2,3,1,4,10,0
0,42,22,6,5,0,2,5,3,3,11,17,50696.0,1345,50811.0,6,8,56,26,5,75,43,21,8,1,3,9,5,9,9,9,10,6,4,8,2,9,9,10,3,3,2,6,7,9,0
1,30,26,5,2,0,4,4,2,7,13,15,44249.0,848,29699.0,9,1,67,23,26,31,30,73,10,4,6,9,8,10,8,7,2,4,7,4,10,9,8,10,1,6,10,1,9,1,0
1,42,30,5,4,0,10,4,5,5,7,12,26252.95,966,24557.0,5,5,77,85,4,90,70,61,2,4,3,1,3,4,8,8,10,1,4,10,6,8,7,3,6,1,4,2,1,6,0
1,39,19,5,2,0,4,5,1,7,9,13,30875.0,1133,57237.0,1,7,30,34,90,5,78,51,5,10,8,9,2,4,3,9,3,8,9,5,8,6,4,4,5,2,2,10,7,5,1
1,39,42,1,2,0,8,4,5,5,9,13,122673.0,876,39574.0,2,3,96,37,74,8,75,15,2,5,4,1,10,6,7,2,1,9,8,9,5,7,7,10,5,9,9,6,2,9,1
1,42,32,5,3,0,4,1,3,2,15,4,61098.0,1479,56537.0,4,7,5,94,28,28,65,35,3,4,10,6,4,5,4,1,2,2,7,8,5,9,3,1,1,6,9,7,4,3,0
1,37,21,6,2,0,7,1,2,4,12,14,129233.0,1296,31927.0,3,2,37,59,57,32,84,96,3,4,9,6,10,4,9,6,4,9,10,10,10,10,4,5,3,9,8,9,7,3,0
1,39,21,5,3,0,4,6,1,5,14,7,37162.0,1021,28400.0,9,7,32,40,28,42,16,69,1,1,1,10,3,2,9,7,7,5,5,1,10,5,5,2,2,2,7,10,4,10,0
1,21,37,5,1,0,8,4,5,5,2,11,124579.0,981,52340.0,9,8,33,93,23,22,18,95,8,4,10,6,3,3,6,5,7,5,4,8,6,7,5,4,8,6,9,4,3,7,0
1,28,27,2,3,0,3,2,3,6,12,6,131342.0,855,34071.0,7,5,92,28,80,4,86,70,9,6,6,1,4,1,7,5,1,4,2,5,6,6,10,6,3,10,3,2,1,3,0
1,34,42,4,4,1,6,1,6,1,16,13,44021.0,837,14595.0,8,6,66,17,81,45,92,81,5,3,1,5,7,1,8,9,4,9,9,9,3,1,2,7,8,5,6,7,8,10,0
1,24,23,4,2,0,1,5,6,3,3,2,138480.0,941,39336.0,10,8,24,41,88,4,72,86,9,4,9,7,6,5,1,4,7,1,9,9,8,9,6,7,10,2,4,1,4,10,0
0,31,43,6,5,0,3,5,2,4,14,17,112447.0,985,49310.0,9,2,85,13,68,37,83,62,10,2,7,5,5,8,2,8,10,8,10,9,2,4,9,1,5,1,6,10,5,7,0
0,43,41,1,2,0,2,5,5,4,2,5,118958.0,1109,20753.0,5,6,16,72,49,78,26,42,6,10,3,3,2,5,8,10,5,7,1,5,4,2,10,10,3,2,7,10,3,2,1
1,28,29,5,1,0,2,5,1,2,17,3,77292.0,927,57566.3,6,9,71,33,44,46,95,96,10,4,7,10,10,9,8,4,1,1,2,9,1,5,4,1,2,9,1,5,1,7,0
1,39,37,1,1,1,5,2,6,1,7,7,90726.0,1453,40820.0,6,3,47,4,27,68,54,22,2,6,1,2,4,3,9,9,2,9,3,9,3,6,2,2,6,9,2,10,7,9,1
1,26,33,6,1,0,2,6,3,5,5,17,43701.0,839,37209.0,6,3,83,82,44,55,75,41,7,10,9,7,10,3,6,3,4,6,4,5,1,2,4,2,1,5,7,9,9,3,0
1,40,20,2,2,1,1,5,1,6,1,8,61052.0,1535,16508.0,3,2,21,54,57,60,7,79,10,5,9,8,7,4,2,4,4,1,1,1,7,2,5,1,2,10,10,10,4,7,0
1,30,31,1,1,1,1,2,4,7,14,16,93698.0,1131,27915.0,6,7,90,95,13,41,84,44,8,3,9,9,10,3,10,6,8,10,7,10,3,6,10,3,10,7,8,10,2,4,0
1,40,19,1,4,0,1,5,5,3,13,17,42427.0,1073,26807.0,7,2,19,71,56,90,70,89,8,8,4,8,3,1,6,8,3,1,2,8,1,3,10,7,8,6,5,10,4,10,0
1,35,27,1,2,0,10,1,6,6,10,10,43358.0,1186,57566.3,5,6,87,41,90,21,80,89,1,9,4,5,9,10,3,6,5,6,9,7,4,10,10,4,4,4,4,3,8,2,1
1,28,32,1,3,0,4,4,5,5,2,16,26252.95,1536,30787.0,8,4,48,10,20,82,66,9,7,3,9,7,7,5,6,4,9,4,3,6,1,3,7,4,8,5,6,4,5,2,0
0,32,24,3,6,0,4,4,3,4,7,9,64010.0,1024,27447.0,1,2,11,65,14,56,88,88,3,1,3,8,4,4,8,9,2,7,2,6,7,6,4,10,8,6,3,2,2,6,0
1,42,21,2,2,1,3,2,3,7,12,9,36988.0,1163,45962.0,9,9,96,7,17,45,15,48,3,10,4,9,4,6,3,6,1,7,1,7,9,4,10,4,4,6,1,6,10,2,0
0,43,31,2,5,0,2,4,2,1,11,7,143471.34999999998,1064,53107.0,2,6,83,67,17,35,6,25,6,9,3,5,4,10,3,8,7,1,3,5,9,6,10,10,9,8,4,1,9,4,1
1,42,41,2,5,0,1,1,5,4,12,8,121601.0,1273,37684.0,5,5,37,44,27,8,55,94,3,5,3,3,1,3,6,7,7,7,7,4,7,10,8,2,5,8,6,6,3,9,0
1,39,33,4,6,0,8,1,3,5,14,8,143471.34999999998,1335,18639.0,1,7,4,77,55,19,70,63,8,2,9,3,4,2,10,9,8,8,4,8,9,6,6,9,9,4,9,8,5,10,0
0,36,31,6,6,1,10,2,2,5,6,4,104761.0,1411,40765.0,5,3,42,95,4,10,31,18,4,1,2,4,1,5,7,4,10,8,2,2,2,9,7,4,9,10,9,1,4,4,0
1,19,20,4,1,0,1,6,2,4,7,15,105657.0,1357,57566.3,1,9,24,91,25,42,88,61,7,3,6,2,9,7,1,2,2,3,2,10,1,1,4,5,7,1,9,7,1,2,0
0,21,34,2,3,0,3,1,1,5,18,6,45212.0,1472,29315.0,9,5,57,92,61,27,43,96,4,7,3,2,2,3,4,3,1,6,5,7,5,9,7,9,10,4,10,2,10,10,0
1,31,38,4,2,0,2,6,2,4,18,11,74411.0,865,33929.0,3,2,14,30,21,72,9,86,7,5,6,3,8,6,2,7,10,7,3,3,3,9,10,4,6,7,9,7,6,3,0
1,31,31,1,3,0,5,2,6,6,11,13,134500.0,1413,12506.0,10,8,61,63,23,40,70,27,4,7,10,6,4,5,3,3,4,8,3,9,7,6,4,1,5,5,8,8,3,10,0
0,20,35,4,5,0,4,1,7,4,7,10,48707.0,1535,55941.0,2,2,10,25,62,31,24,80,7,3,1,3,8,5,3,5,4,2,8,6,7,1,3,10,10,10,4,6,10,10,1
1,34,20,5,4,0,9,1,6,5,6,9,26252.95,1016,39016.0,6,9,65,5,65,90,23,21,2,10,9,4,7,5,3,6,9,7,9,2,1,1,6,2,6,4,6,1,10,5,0
0,20,39,3,2,0,9,5,6,4,11,4,109048.0,1228,36253.0,4,2,20,65,78,46,88,18,1,7,9,7,4,1,4,6,6,9,5,2,8,7,6,8,2,6,1,3,7,5,0
1,33,36,3,4,0,3,3,5,5,7,14,143471.34999999998,1092,31422.0,7,9,61,82,36,23,7,24,4,1,9,1,1,6,1,1,5,10,2,1,8,8,8,9,7,9,10,5,3,1,1
0,31,20,5,2,0,4,2,4,6,1,17,68704.0,1377,15769.0,2,3,67,79,47,47,29,23,10,8,1,7,3,8,2,10,1,4,3,5,9,8,2,3,8,7,3,3,5,4,0
0,37,29,1,1,1,9,6,4,4,1,16,44159.0,1497,21719.0,5,1,13,8,23,21,66,96,2,3,8,3,8,10,10,9,6,9,6,8,7,4,1,9,9,4,4,6,1,3,0
1,30,39,4,5,0,9,1,6,7,12,6,103435.0,1316,57566.3,7,2,96,66,53,40,41,17,6,5,8,7,1,7,3,3,2,10,2,7,6,2,7,6,5,4,7,9,8,7,0
1,32,22,1,4,0,6,6,7,6,2,2,46803.0,1280,30568.0,6,8,25,67,84,55,7,43,6,4,1,5,6,1,6,3,6,7,6,2,5,2,5,5,3,10,5,2,10,9,0
0,31,27,3,6,0,5,6,7,5,9,7,113904.0,1559,19630.0,6,6,9,95,83,70,22,20,9,3,7,5,5,1,1,4,7,7,5,7,5,8,5,8,5,10,3,1,9,7,0
1,41,26,6,4,0,10,5,6,5,8,17,119438.0,1003,43634.0,6,3,16,46,37,38,34,26,6,3,5,4,1,3,7,1,3,5,5,9,10,10,3,2,4,5,10,9,5,3,0
1,42,19,5,2,0,10,4,5,1,1,13,36568.0,1518,57566.3,1,6,91,60,62,8,60,69,9,7,1,3,2,6,5,9,2,7,3,10,9,2,1,8,5,9,3,2,1,10,0
1,36,30,2,6,0,3,1,6,2,1,5,61554.0,1371,57566.3,4,8,38,25,77,51,95,4,9,4,4,1,1,3,1,5,8,3,8,8,9,4,10,7,8,7,2,5,10,1,0
0,23,20,1,4,0,2,2,2,5,7,5,126744.0,1222,12502.4,7,4,4,95,17,42,80,45,7,6,10,1,4,7,2,2,1,3,2,1,2,5,7,7,7,8,1,10,4,8,0
0,27,36,1,3,0,10,4,5,7,7,7,78196.0,1533,46220.0,10,3,74,80,51,38,14,77,10,5,1,2,6,4,7,2,9,5,5,5,2,6,5,6,3,10,5,5,6,2,0
0,43,28,5,1,0,2,1,7,2,18,2,143471.34999999998,1189,13566.0,1,7,18,88,35,33,90,13,3,4,7,3,4,7,10,9,7,4,6,4,4,4,3,3,2,2,4,3,2,8,0
0,32,33,2,6,0,2,1,3,4,18,1,134872.0,1448,39113.0,9,9,33,26,4,81,47,44,4,2,10,5,8,8,8,7,5,2,6,8,4,10,3,10,7,1,2,3,3,9,0
0,38,23,6,1,0,1,1,7,7,7,8,53562.0,1135,49141.0,8,2,95,43,24,7,57,90,6,10,5,10,8,10,1,10,3,2,6,2,2,10,6,5,5,9,3,4,2,1,1
0,39,41,5,6,0,10,5,1,1,3,6,26643.0,1286,23162.0,3,4,57,47,61,65,57,32,1,5,2,8,10,3,7,1,6,8,5,9,1,5,8,10,2,7,4,1,4,6,0
0,37,20,2,5,0,8,2,3,4,7,13,128330.0,1332,57566.3,8,4,38,39,47,13,89,25,10,3,6,10,1,6,8,8,2,4,5,3,1,5,8,10,10,5,3,8,6,8,0
0,43,36,4,6,0,10,4,7,7,8,4,85139.0,1224,12502.4,8,1,46,84,96,87,18,34,10,7,9,10,2,5,5,7,10,10,5,1,1,5,4,4,4,10,9,4,1,3,0
0,23,23,3,6,0,7,5,7,4,4,7,42369.0,1139,29129.0,4,3,57,33,6,68,64,38,9,7,1,8,1,2,10,6,4,7,5,4,2,9,10,8,6,1,1,2,8,2,0
1,40,25,6,1,0,8,6,2,5,2,9,104048.0,1135,30419.0,6,1,18,10,90,7,84,4,10,9,1,3,6,1,2,7,1,9,9,4,8,7,7,6,7,1,6,8,7,2,0
0,42,39,2,3,0,9,1,7,4,17,16,62215.0,1305,20220.0,9,8,80,23,55,69,83,29,9,9,9,6,2,8,1,7,10,6,10,1,6,9,5,8,7,1,4,8,10,3,0
1,27,30,4,6,0,7,5,7,6,12,5,75356.0,986,52048.0,5,6,37,51,85,27,81,35,5,2,9,6,8,1,3,6,1,5,1,1,10,7,3,4,6,1,7,2,9,2,1
1,24,29,6,3,0,5,1,4,5,2,5,67294.0,1448,44790.0,5,3,16,14,64,16,86,64,5,5,1,9,3,8,6,10,4,1,4,9,10,8,9,9,8,10,3,2,4,7,0
1,39,27,6,6,1,6,2,3,1,11,15,32287.0,1289,49190.0,1,6,32,12,38,51,9,60,4,7,2,2,8,10,6,1,9,9,7,7,9,3,10,5,10,10,2,1,3,6,0
0,34,20,1,6,0,9,2,7,4,15,15,143471.34999999998,1163,33226.0,6,9,15,13,87,96,77,83,3,2,2,9,9,9,8,4,3,10,9,1,1,7,4,9,3,1,3,7,4,4,0
0,35,21,5,6,0,10,6,1,5,2,1,40100.0,1348,35820.0,3,3,83,45,35,15,86,87,1,1,9,7,1,9,1,9,5,2,9,5,5,6,3,3,2,9,7,5,10,6,0
0,34,19,6,5,0,4,3,2,6,18,13,77469.0,859,51997.0,3,1,55,82,73,28,32,48,5,8,9,2,3,5,3,6,6,2,6,6,3,6,8,10,5,8,9,9,10,1,0
0,26,30,4,3,0,8,2,4,7,3,10,135147.0,924,19411.0,9,4,23,85,84,96,72,53,7,7,5,2,7,6,1,1,5,4,2,4,5,1,3,6,2,9,10,5,7,4,0
1,27,41,3,5,0,2,5,6,7,5,11,26252.95,950,42786.0,8,8,27,8,51,39,19,6,7,5,7,3,8,6,9,6,10,8,8,9,4,3,4,4,7,5,9,1,10,2,0
0,27,21,1,3,0,4,2,7,2,16,5,61689.0,1423,12839.0,1,8,5,29,67,22,52,93,7,1,5,5,8,1,1,10,10,6,10,10,5,10,4,10,5,4,3,5,7,4,0
0,42,39,2,3,0,7,1,4,2,6,7,108324.0,1297,57566.3,2,9,25,36,76,38,95,5,7,6,10,3,6,7,7,10,10,1,9,1,10,2,5,4,1,2,8,1,6,10,1
0,24,28,5,3,0,10,3,4,3,17,8,26252.95,1430,39564.0,9,3,80,27,50,87,36,59,6,9,6,8,8,10,3,3,8,2,7,7,2,1,9,1,7,7,4,5,9,2,0
0,33,36,3,3,1,8,6,4,6,5,10,27625.0,1182,12502.4,10,3,12,95,57,64,24,13,3,7,4,6,5,1,7,1,10,5,3,10,8,8,2,8,6,6,6,7,9,5,0
0,35,28,4,5,0,2,5,4,1,7,14,82554.0,1037,14092.0,4,8,41,57,92,54,20,46,4,3,4,9,7,5,9,10,5,9,9,6,2,8,3,7,4,5,9,8,3,8,0
1,23,29,4,2,0,3,1,3,1,17,4,136242.0,951,48765.0,4,1,35,52,8,57,77,17,5,6,5,8,3,6,2,5,7,9,6,2,1,2,8,9,3,4,3,10,5,1,0
0,43,28,4,4,1,6,4,7,6,5,4,124303.0,1357,57188.0,9,6,96,77,50,20,8,79,3,1,6,9,6,1,2,5,9,7,7,5,10,10,5,5,10,10,8,1,9,4,0
1,37,23,6,6,1,10,1,4,4,10,14,40789.0,1153,24683.0,7,3,55,19,37,26,10,4,7,10,10,10,3,7,1,1,8,9,1,9,10,5,9,8,5,5,6,6,2,9,0
0,19,29,4,2,0,3,5,6,5,8,7,121168.0,956,34385.0,9,3,76,52,75,44,45,12,4,8,5,6,10,1,7,8,7,4,3,1,4,7,1,1,1,10,9,5,8,10,0
1,19,43,1,1,1,7,1,1,2,10,15,143471.34999999998,1453,57566.3,5,2,39,95,23,8,79,57,9,1,3,5,7,3,5,6,1,5,5,1,8,1,4,10,8,2,4,6,8,7,0
0,29,26,5,3,0,9,6,3,3,7,15,127841.0,1524,27063.0,1,2,17,88,22,25,5,24,10,7,6,1,3,2,5,10,7,10,5,3,4,3,4,2,1,6,9,10,1,9,0
0,38,42,4,4,1,10,1,6,7,6,4,143471.34999999998,1522,24731.0,3,2,96,95,96,80,77,11,6,6,1,8,4,9,1,2,2,4,1,2,1,10,3,6,4,5,5,8,10,2,0
1,19,27,6,5,0,5,6,5,5,10,13,100417.0,1513,27788.0,6,5,48,90,51,29,23,5,8,2,5,4,4,7,7,8,7,10,2,3,8,2,7,8,10,10,4,9,10,5,0
1,21,20,2,5,0,9,6,6,4,10,15,62285.0,1101,14859.0,2,5,85,22,92,34,95,57,6,7,4,8,7,10,6,10,2,9,8,9,5,3,6,4,7,10,1,9,10,2,0
1,34,20,6,3,0,10,5,3,5,12,13,109832.0,1088,17469.0,9,6,85,31,81,96,66,94,3,4,7,6,8,5,9,10,10,6,2,9,1,6,8,2,4,8,1,10,4,4,0
0,21,37,1,3,0,3,3,3,5,11,1,133072.0,1559,13799.0,8,8,63,36,40,73,8,4,6,2,1,8,5,7,8,9,8,8,10,6,5,5,3,5,3,10,9,1,7,7,0
1,28,40,1,3,0,3,3,6,1,17,3,143471.34999999998,1046,40864.0,10,3,25,95,48,36,65,17,6,7,2,8,3,8,4,9,6,5,3,10,6,1,10,3,5,10,7,8,5,10,0
0,39,33,1,1,1,4,2,1,3,16,6,113211.0,1036,18708.0,2,8,75,79,96,95,71,96,2,7,5,4,5,5,10,7,3,1,4,1,8,2,9,3,7,10,2,7,3,8,0
0,43,20,3,6,0,7,4,7,2,15,6,116765.0,964,25161.0,6,8,46,21,69,7,77,67,1,5,7,3,6,4,8,3,10,5,3,10,10,6,2,1,6,1,4,5,10,9,0
1,21,27,5,2,0,2,6,6,3,12,14,29416.0,1539,36420.0,2,7,82,12,59,33,7,46,2,6,7,6,10,5,9,3,3,9,4,8,5,9,7,1,10,10,3,6,4,1,0
1,19,41,2,4,0,3,4,5,4,1,2,103299.0,1063,54553.0,7,2,78,23,5,70,41,65,1,5,1,7,4,2,7,4,1,1,2,7,4,9,6,3,8,2,5,2,7,8,1
0,24,28,4,6,0,1,3,4,2,8,15,44360.0,1449,53651.0,8,9,57,80,85,90,35,66,5,4,6,10,3,1,1,4,2,4,3,8,8,1,10,8,2,7,3,4,7,3,0
0,35,25,2,2,1,9,2,5,2,14,13,130439.0,903,12502.4,6,6,48,72,54,21,83,57,6,5,3,9,9,7,4,5,7,7,7,9,2,5,10,9,9,5,7,4,10,9,0
1,26,23,1,3,0,6,4,4,5,2,6,73484.0,1211,12502.4,6,3,37,50,49,77,8,24,8,5,5,9,5,2,8,5,1,8,5,3,9,3,2,5,2,1,8,3,9,3,0
1,20,37,5,2,0,2,2,2,4,5,14,41928.0,1078,57305.0,4,3,25,35,73,90,44,70,8,6,5,10,9,7,6,5,3,9,6,4,5,3,8,10,9,7,3,5,9,6,0
1,25,28,6,2,0,3,1,6,5,17,17,135725.0,1124,28461.0,10,1,53,48,86,75,72,58,3,4,10,3,7,2,8,7,7,10,5,4,6,10,9,1,9,8,4,2,6,1,0
0,41,43,5,4,0,9,4,4,6,18,8,44443.0,1471,54746.0,3,9,60,16,19,11,14,4,7,2,10,9,6,8,6,2,6,4,5,7,9,2,9,8,10,10,7,2,10,9,0
0,36,38,5,4,0,5,5,1,5,2,17,136272.0,1460,21231.0,2,8,29,43,79,41,33,4,7,7,10,9,8,4,7,4,2,5,9,10,6,4,4,3,8,6,10,8,7,3,0
0,21,29,2,1,0,9,2,1,6,4,7,143471.34999999998,1207,23734.0,9,6,19,71,55,77,24,49,5,5,7,6,1,3,1,3,8,6,4,4,5,7,9,6,8,10,5,1,6,1,0
0,35,33,3,2,0,9,3,6,4,15,13,90986.0,1420,57566.3,1,5,58,42,37,68,95,25,10,9,6,2,7,6,6,4,2,4,3,7,2,3,5,1,9,9,2,1,10,4,0
0,37,35,4,6,0,7,6,4,2,16,5,42790.0,1040,56447.0,3,6,11,95,37,44,70,96,9,1,8,3,9,1,7,3,4,1,3,1,6,3,6,5,7,6,5,2,3,1,1
0,43,30,2,3,0,9,6,3,3,18,13,79277.0,1298,27312.0,8,7,96,24,48,55,8,96,2,1,10,6,9,8,4,2,6,2,3,2,5,10,10,2,2,7,1,9,7,2,0
1,28,39,2,2,1,4,5,5,5,15,10,112625.0,1507,45824.0,8,6,40,76,4,44,62,41,7,5,6,7,6,7,10,3,2,5,8,4,9,6,7,1,10,3,1,2,9,4,0
0,43,20,5,5,1,6,6,7,7,14,16,35430.0,1482,12502.4,6,7,20,62,28,41,78,87,3,4,5,9,7,8,7,6,3,9,3,6,10,6,9,1,10,9,10,3,8,2,0
0,31,32,5,2,0,10,3,4,2,10,3,133388.0,838,28182.0,2,9,28,35,19,81,18,83,7,5,6,4,9,7,4,8,5,6,1,6,5,9,9,2,8,10,4,9,9,6,0
0,42,39,3,3,1,6,3,7,6,17,1,38136.0,1034,40048.0,3,3,29,16,11,87,15,11,6,4,5,6,7,2,3,2,3,3,1,5,2,10,8,2,4,6,5,1,10,5,0
1,35,38,5,3,0,3,4,2,1,16,12,68352.0,1197,32090.0,10,7,70,16,14,68,20,48,5,3,9,9,7,8,7,6,2,8,3,6,9,1,9,4,10,4,4,4,7,4,0
0,33,31,2,4,0,7,2,2,5,8,9,125250.0,1111,57001.0,10,1,80,48,4,61,27,6,4,8,4,3,6,6,1,3,1,7,9,3,6,8,9,3,5,5,8,6,2,9,0
0,20,35,5,3,0,1,3,4,5,15,2,89291.0,857,20875.0,1,5,48,33,78,16,10,52,2,3,8,10,1,1,1,3,6,1,9,8,1,9,4,8,10,4,8,2,9,2,1
1,32,31,3,2,0,8,4,1,3,6,11,61080.0,1107,16115.0,5,1,70,36,94,47,11,19,3,1,1,2,4,4,7,10,4,3,6,9,8,10,10,5,7,4,7,10,2,9,1
0,43,22,6,6,1,1,3,7,3,2,2,81402.0,932,29079.0,4,9,61,7,86,88,95,76,7,3,10,2,5,8,6,7,9,5,6,2,7,3,1,3,1,1,5,5,3,10,0
0,43,38,6,2,0,7,3,4,7,1,5,136367.0,1361,55299.0,7,5,39,49,52,28,23,47,8,3,4,8,2,9,9,4,5,10,10,7,1,3,7,6,2,10,6,5,4,1,0
0,21,31,1,1,1,6,2,2,1,13,4,61331.0,1301,57566.3,1,9,96,28,38,96,5,4,7,6,4,6,7,8,4,9,4,3,7,4,8,6,7,9,8,9,5,7,6,8,0
0,22,42,4,5,0,8,2,6,1,14,6,99839.0,1139,52875.0,10,1,53,79,95,87,69,35,10,6,9,7,1,7,8,1,4,9,8,9,9,7,7,9,3,7,1,5,1,8,0
0,34,43,3,1,0,3,6,4,3,11,17,26259.0,1188,38733.0,5,8,75,87,53,93,90,4,2,6,1,10,3,3,4,3,5,9,5,3,3,1,7,3,10,2,6,3,3,7,0
1,24,25,1,4,0,5,1,4,7,18,5,86783.0,1137,24990.0,10,3,27,8,40,84,53,86,6,9,4,10,5,4,8,1,6,8,3,4,4,3,6,2,6,7,7,8,2,6,0
1,33,40,4,2,0,2,3,6,4,14,17,26252.95,1360,29292.0,10,9,41,33,45,69,8,96,1,8,1,7,3,5,4,7,1,3,10,6,1,5,6,7,10,9,6,10,5,10,0
1,31,32,1,6,0,5,3,5,7,8,5,132372.0,1508,56072.0,6,5,32,24,50,52,43,48,9,4,4,4,1,3,6,1,6,8,1,2,1,1,5,4,9,6,8,8,3,6,0
0,43,32,1,3,0,7,4,4,3,8,17,102781.0,1291,23376.0,10,9,87,57,73,79,51,76,3,1,2,9,3,8,3,4,7,1,5,10,4,4,5,6,4,1,3,3,7,10,0
0,33,36,2,1,0,9,6,1,5,10,12,137491.0,1050,40697.0,8,3,32,15,55,96,85,9,8,10,1,3,10,4,5,10,10,10,1,8,5,2,1,6,7,8,6,7,10,8,0
0,24,43,6,2,0,10,4,7,2,10,12,78958.0,1241,46628.0,3,8,65,57,57,33,28,68,10,4,8,4,5,10,10,6,3,5,10,3,10,10,5,5,4,10,1,5,2,7,1
1,26,37,3,2,0,8,6,1,6,9,10,143471.34999999998,1330,53410.0,8,6,73,48,56,89,79,8,1,7,9,10,10,3,5,10,1,3,1,2,10,1,1,4,3,10,1,8,1,2,0
0,21,23,1,3,0,9,4,3,3,4,7,143471.34999999998,1145,13847.0,6,4,4,73,82,72,53,38,8,4,9,10,2,5,2,2,3,1,1,10,6,6,1,3,5,6,2,6,4,10,0
0,39,36,3,2,0,2,4,4,7,4,8,143471.34999999998,1343,44869.0,5,8,14,74,58,63,54,21,6,3,9,4,9,4,1,6,6,1,6,9,6,9,8,6,7,4,8,4,1,3,0
1,28,43,3,4,0,2,5,2,4,1,17,87763.0,1514,49060.0,9,4,42,51,92,72,22,16,5,3,3,7,7,3,8,8,2,9,8,5,10,8,6,1,1,10,5,7,3,2,0
0,19,42,6,6,1,3,6,4,6,7,8,77764.0,1417,15164.0,5,6,60,4,43,58,95,29,2,3,2,7,1,9,10,2,9,1,4,4,9,9,3,2,5,4,10,9,10,2,0
1,29,25,3,4,0,9,3,6,7,12,8,131933.0,1046,33724.0,8,2,8,28,33,59,9,12,5,3,8,5,10,6,8,4,8,9,4,9,8,4,1,9,3,7,2,9,5,1,0
1,29,23,3,4,0,2,5,3,4,10,5,59521.0,1051,34952.0,3,3,50,90,96,4,23,87,6,3,9,4,6,3,7,7,1,9,5,1,2,6,8,10,5,5,5,8,4,8,0
1,21,37,1,1,1,9,6,1,7,9,10,65224.0,1559,32075.0,2,2,69,29,21,84,94,26,1,10,3,2,5,9,3,2,2,6,10,4,6,9,3,8,10,7,3,6,8,5,0
0,35,40,3,2,0,3,6,1,7,1,6,67726.0,962,12502.4,8,6,52,95,23,96,57,16,7,7,8,3,2,10,4,10,3,4,6,5,5,3,4,2,2,5,5,8,8,9,0
0,43,32,4,6,0,6,6,6,2,15,14,116714.0,1136,27052.0,10,2,96,46,4,28,9,56,9,4,7,3,3,2,1,9,10,1,9,3,6,7,7,6,8,8,5,7,2,3,0
0,38,43,5,4,0,9,2,3,5,14,15,143471.34999999998,900,30341.0,1,8,27,23,96,96,63,4,5,2,4,1,5,8,8,5,10,3,10,4,4,3,1,2,7,10,6,2,9,10,0
0,24,20,4,1,0,4,5,5,2,16,11,77127.0,1319,26711.0,4,7,11,54,61,74,55,76,1,9,3,9,4,2,6,6,1,9,3,6,8,2,7,1,5,3,5,1,7,5,1
0,19,27,2,1,0,3,3,1,3,15,13,143471.34999999998,864,48876.0,6,4,68,12,9,96,44,47,7,7,9,2,1,10,2,1,1,6,1,10,8,8,6,7,7,8,9,5,7,10,0
0,43,32,3,5,0,3,6,5,2,4,11,95240.0,863,57566.3,10,9,4,80,6,81,39,14,4,10,3,1,1,7,5,8,9,7,3,4,1,2,4,3,5,7,4,1,9,3,0
0,43,41,3,2,0,10,3,4,5,4,15,138994.0,1449,23846.0,5,3,59,78,94,53,89,11,1,9,10,10,7,3,9,1,1,1,4,9,9,9,2,4,7,10,6,8,1,3,1
1,40,33,6,1,0,2,4,7,4,7,9,103739.0,1155,31994.0,3,7,82,63,89,54,26,55,6,6,1,2,10,3,8,3,9,4,7,6,8,10,4,4,1,5,8,8,4,9,1
0,43,34,1,1,1,8,1,2,5,8,12,61466.0,900,17889.0,4,9,45,9,89,4,95,67,9,5,1,9,5,5,10,1,4,1,10,7,1,5,1,8,9,8,4,5,2,8,0
1,30,36,2,3,0,7,6,7,6,9,11,46581.0,991,20763.0,4,9,16,88,72,41,87,69,6,2,10,10,8,8,10,2,1,3,4,10,4,4,5,1,8,8,7,2,10,7,0
0,23,28,6,2,0,4,3,1,4,12,4,37385.0,1559,34034.0,6,9,10,75,21,60,5,37,4,5,5,2,1,2,1,3,1,8,6,7,9,7,4,7,7,7,7,10,9,8,0
0,23,33,5,5,1,4,4,5,7,1,13,64148.0,1241,45247.0,6,7,61,45,57,56,40,84,4,8,7,2,10,9,8,2,6,6,6,9,10,5,6,8,2,6,9,5,4,2,0
0,29,22,6,5,0,4,5,2,7,7,4,143471.34999999998,1146,43303.0,6,6,33,61,59,69,95,12,10,8,5,10,2,5,7,1,3,9,8,8,4,7,7,1,2,7,1,7,10,7,0
1,25,22,6,5,0,6,6,6,1,4,5,29951.0,1559,36345.0,8,7,85,22,4,17,17,85,5,4,10,10,1,4,9,10,9,1,10,3,5,3,10,5,7,3,5,3,8,6,0
1,41,43,5,6,0,4,4,2,2,16,17,116161.0,883,34327.0,9,4,64,85,59,86,5,9,2,6,6,9,5,7,7,9,9,8,10,2,8,6,4,9,2,9,10,3,2,3,0
1,39,31,4,6,0,9,2,4,2,4,2,139076.0,984,13949.0,6,7,14,16,9,31,9,96,1,1,8,6,1,7,1,2,9,7,6,1,6,5,2,7,1,9,4,3,4,1,0
1,36,35,4,6,0,5,3,4,5,9,16,68203.0,1353,37112.0,5,1,81,12,72,4,48,42,5,2,10,5,10,3,6,4,6,10,7,10,3,8,7,8,9,5,1,4,4,7,0
0,22,43,5,5,1,7,5,3,6,9,16,143471.34999999998,1423,41773.0,3,9,33,63,33,26,83,70,9,7,2,4,6,2,9,1,10,3,6,4,6,9,8,3,8,10,3,4,2,9,0
1,35,25,3,4,0,4,2,5,4,3,15,97744.0,1494,41147.0,6,7,86,39,22,40,10,85,6,6,3,9,2,7,1,3,7,7,5,4,6,1,10,2,7,6,5,1,8,10,0
0,22,22,1,5,0,8,2,5,2,16,13,99025.0,1051,31795.0,1,2,4,89,50,22,40,46,2,6,8,3,7,8,9,5,3,2,1,3,1,5,9,8,2,7,5,9,4,2,0
0,42,24,5,2,0,6,6,6,1,1,9,66769.0,1401,22818.0,10,6,62,86,94,61,25,50,2,7,6,7,3,8,10,7,1,6,2,5,6,8,10,9,1,6,7,6,1,1,1
1,27,33,4,1,0,2,1,3,5,9,16,55566.0,1055,12502.4,1,9,88,56,92,65,25,37,6,5,2,4,5,7,5,8,9,5,2,4,1,9,10,6,6,5,9,7,9,9,0
1,19,40,6,2,0,6,5,4,1,12,5,141370.0,1546,34425.0,1,4,96,82,73,4,5,32,6,8,7,10,10,4,9,5,2,6,5,9,3,4,1,5,5,6,4,3,8,9,0
1,27,31,1,4,0,6,3,5,2,17,1,143058.0,1009,27155.0,8,1,18,52,48,24,55,24,2,6,10,9,8,10,2,5,4,8,4,5,8,2,5,8,10,5,8,8,5,10,0
1,22,22,5,2,0,9,2,7,3,2,5,29783.0,1327,37468.0,2,3,89,48,70,44,65,59,8,3,8,9,7,2,4,4,9,2,10,4,10,3,9,2,2,10,5,4,7,1,0
1,29,41,6,2,0,9,3,2,7,2,1,78799.0,1128,51124.0,3,5,38,65,62,9,5,54,2,8,8,3,4,7,2,10,8,6,10,1,6,1,4,5,5,1,5,2,7,2,0
1,39,26,3,1,0,4,4,1,5,8,10,135920.0,1224,25344.0,3,4,28,61,10,94,20,82,3,2,8,10,4,4,9,9,1,7,4,3,6,9,7,6,9,7,3,1,10,4,0
1,43,21,6,6,1,3,5,3,7,1,12,37588.0,1327,12502.4,3,7,94,36,55,33,91,78,3,2,9,4,6,3,7,5,4,6,6,1,9,1,5,10,10,7,3,9,3,2,0
1,24,21,5,5,1,5,6,7,7,18,5,126543.0,1234,55941.0,4,2,34,38,4,28,95,47,5,1,7,6,5,6,1,3,2,10,4,3,1,5,9,8,9,1,7,1,7,1,0
0,26,33,6,6,1,1,3,5,4,17,1,56582.0,1453,14699.0,5,6,25,90,79,71,26,23,9,5,2,8,3,7,6,8,6,2,6,6,6,8,2,3,8,4,3,7,5,10,0
1,39,41,4,1,0,3,3,4,4,15,8,94569.0,1559,12502.4,1,5,56,86,72,4,71,18,10,9,4,2,8,6,2,10,3,4,9,6,6,7,2,9,5,8,9,4,1,1,0
1,38,34,5,3,0,3,6,4,5,4,10,67831.0,1396,53587.0,9,4,24,4,96,55,22,24,6,8,6,9,5,6,8,9,2,7,5,9,3,5,6,6,9,2,4,1,1,3,0
0,29,32,6,6,1,7,2,3,5,10,2,93735.0,997,24548.0,5,6,4,70,19,20,88,86,10,9,1,10,5,1,4,8,2,6,4,6,8,2,1,10,2,6,5,2,1,2,0
1,40,21,4,2,0,9,2,1,3,16,11,102204.0,1256,40013.0,7,5,96,60,54,4,50,29,5,1,8,5,8,1,5,4,9,3,5,3,3,1,6,3,5,7,5,4,6,10,0
0,19,23,3,6,0,4,6,7,2,13,10,129312.0,1488,56609.0,10,5,85,62,4,55,15,50,4,1,10,1,6,3,8,8,1,3,5,9,5,5,6,1,9,3,7,1,9,8,0
0,28,33,6,3,0,10,6,2,3,3,11,47589.0,1367,21916.0,4,3,34,52,27,18,93,82,6,4,10,2,1,9,7,2,7,9,4,2,4,6,9,9,4,10,2,4,10,7,0
1,38,21,6,1,0,3,5,7,3,1,1,100370.0,917,57566.3,5,1,63,95,42,93,5,32,4,2,10,4,7,10,5,7,10,7,4,5,6,5,6,3,7,5,5,3,7,6,1
0,32,23,3,4,0,2,4,6,2,17,4,135827.0,1471,38635.0,2,8,33,16,81,68,50,4,10,2,3,1,5,1,3,3,5,6,3,7,7,9,5,9,9,10,8,5,3,3,0
0,19,22,6,3,0,3,3,1,7,10,5,68056.0,1559,19589.0,6,9,26,32,96,79,93,7,5,2,3,6,7,6,9,4,8,1,3,3,10,3,5,9,2,8,6,9,5,2,0
0,37,33,1,6,0,2,1,6,7,17,7,36936.0,837,57566.3,6,7,88,62,25,57,63,82,5,7,3,6,4,4,7,10,3,9,6,4,7,6,1,1,9,4,6,6,6,2,0
0,24,42,3,2,0,5,4,1,5,11,17,121647.0,1098,21702.0,8,3,55,36,19,96,31,10,10,1,1,7,10,9,2,5,1,3,10,2,6,9,7,2,7,2,3,4,10,7,0
1,38,33,3,4,0,7,6,4,6,3,12,136165.0,1390,41134.0,10,6,61,45,49,96,26,95,9,2,9,9,7,3,8,10,10,9,7,8,2,7,5,2,6,9,10,8,4,4,0
0,29,27,3,4,0,4,1,6,5,11,8,32553.0,837,33907.0,6,2,43,94,67,84,12,4,5,10,8,3,7,4,5,9,3,2,3,7,6,5,6,2,6,4,1,2,3,3,0
1,39,26,5,2,0,6,1,4,1,11,10,104404.0,1516,18564.0,9,4,4,24,5,60,53,92,10,4,6,2,2,8,3,2,8,4,9,7,5,2,8,10,1,9,3,6,5,5,0
0,35,21,3,4,0,7,1,2,4,12,7,35540.0,1355,20773.0,2,2,56,47,66,19,14,47,10,8,6,7,3,2,9,10,3,4,3,6,6,6,10,4,10,10,2,8,2,6,0
0,20,31,3,6,0,10,1,3,6,16,16,138162.0,1556,12502.4,6,5,53,41,25,37,5,4,5,8,7,9,2,2,2,4,7,1,5,7,10,9,8,3,7,5,4,8,2,4,0
0,24,21,5,3,0,4,5,5,3,13,12,143471.34999999998,1559,48126.0,2,8,62,25,4,4,5,81,7,4,9,3,4,8,2,1,7,10,1,6,5,8,6,2,5,7,4,7,3,6,0
0,28,29,4,3,0,8,6,1,1,8,4,39380.0,1502,57566.3,2,3,62,53,44,17,84,4,5,3,5,6,3,7,4,1,1,1,8,9,1,2,6,9,4,5,10,5,9,1,0
1,35,41,2,3,0,8,2,3,3,7,7,60696.0,1439,41692.0,2,5,30,61,57,40,15,49,4,1,3,2,5,1,3,7,6,5,5,9,8,2,8,1,10,5,4,5,6,5,0
1,29,27,4,2,0,1,5,1,7,3,7,112214.0,937,44549.0,1,9,92,61,4,37,79,75,2,9,2,7,10,2,7,5,9,3,6,7,2,7,3,6,3,8,9,2,3,2,0
0,23,21,3,3,1,5,4,7,3,7,16,109087.0,1192,49803.0,7,1,4,4,50,55,5,35,10,6,9,4,8,6,6,10,3,7,4,3,9,6,5,5,7,2,6,3,6,5,0
0,22,35,6,1,0,5,3,2,7,3,7,116400.0,837,49162.0,5,9,29,86,36,94,46,70,5,5,5,8,8,4,2,7,4,9,2,3,10,8,4,8,1,5,5,1,8,6,0
1,43,30,6,3,0,7,6,2,3,12,9,27902.0,1375,51915.0,3,8,95,95,37,17,28,60,4,8,4,8,9,5,10,5,5,7,10,10,7,7,7,4,8,4,4,3,5,5,0
0,19,30,1,4,0,6,5,4,1,14,13,136802.0,1103,23854.0,3,4,93,48,67,37,70,73,7,9,6,3,3,2,2,8,3,6,4,6,6,5,8,2,5,2,6,8,2,3,1
0,29,31,2,3,0,6,1,4,5,10,15,65381.0,1540,23566.0,7,6,27,87,59,53,69,96,6,3,2,6,9,4,3,2,6,7,2,4,6,1,3,1,6,4,10,10,1,8,0
0,43,35,1,3,0,5,3,2,1,4,16,26252.95,985,52811.0,4,7,56,67,4,92,43,46,5,10,9,5,7,2,9,9,1,3,6,6,8,10,3,9,9,8,9,6,4,8,0
1,43,19,1,2,0,6,4,7,3,10,14,106154.0,1559,47799.0,3,4,9,71,4,95,64,52,7,6,8,3,6,6,9,6,1,8,5,8,6,9,5,4,1,10,7,7,1,5,0
1,28,38,4,3,0,5,4,5,4,9,16,38456.0,1464,52367.0,4,7,4,10,47,66,9,86,10,6,7,6,10,7,9,10,1,4,8,5,6,1,2,2,10,2,9,1,10,10,1
1,21,33,6,2,0,5,6,1,3,2,15,26252.95,1369,57566.3,8,8,12,21,46,60,78,75,6,1,5,1,9,2,3,1,10,2,2,4,8,1,3,6,8,1,9,7,9,3,0
0,43,32,5,6,0,8,2,5,7,14,7,57926.0,1505,13252.0,8,9,16,44,96,74,79,10,6,10,7,3,8,6,7,1,10,7,8,8,10,2,1,5,4,3,2,3,9,8,0
0,35,39,6,3,0,5,4,3,2,2,8,34082.0,1150,54064.0,8,7,24,77,27,63,57,60,9,10,10,4,10,7,3,3,7,8,7,2,7,5,9,1,8,8,6,6,2,10,0
1,21,42,5,1,0,6,1,1,7,2,10,61593.0,972,29756.0,3,5,91,33,51,46,12,14,7,8,3,4,4,8,6,5,3,10,3,4,9,6,3,4,5,9,1,2,9,10,0
1,34,22,6,5,0,8,2,7,7,13,12,139414.0,1450,53206.0,7,9,24,27,50,24,81,4,2,3,2,2,9,6,7,4,7,1,7,6,4,7,10,10,9,6,8,2,8,9,0
1,19,23,5,4,0,1,1,5,2,6,13,38579.0,1489,49455.0,8,3,45,4,60,87,95,74,5,7,10,8,6,9,1,7,6,8,6,4,7,10,7,6,10,9,7,10,1,2,0
1,41,23,3,3,1,4,6,3,5,15,15,130078.0,1192,27057.0,8,8,49,78,44,66,21,63,4,7,10,6,3,9,8,2,2,1,7,5,9,5,2,4,9,1,9,2,3,8,0
0,39,20,2,1,0,1,6,3,2,1,16,124374.0,1176,29171.0,10,4,21,35,6,54,95,9,4,9,5,2,10,4,6,7,9,6,5,10,1,9,4,3,7,3,5,7,3,6,0
1,19,33,2,3,0,8,3,5,4,8,11,96233.0,1311,54325.0,5,1,30,34,6,76,75,73,7,9,2,6,9,1,3,2,8,5,1,8,5,10,10,1,5,6,4,9,3,4,1
0,29,29,5,6,0,4,6,5,6,15,10,83672.0,1034,25959.0,4,1,4,44,20,13,5,72,3,10,1,1,9,4,1,4,3,4,1,6,10,9,3,8,5,4,8,5,1,6,0
1,23,21,2,5,0,5,3,5,6,13,7,96209.0,1287,43047.0,4,1,4,67,83,78,22,75,9,1,2,4,10,1,10,1,3,2,4,7,8,7,6,10,4,8,5,9,1,1,0
0,27,19,1,4,0,3,2,3,6,14,6,121682.0,1013,25426.0,1,5,15,37,11,29,56,4,1,4,10,3,5,2,4,6,9,3,9,5,6,4,3,6,6,7,2,3,6,4,0
1,42,21,4,2,0,9,3,2,7,6,9,65857.0,1406,56050.0,7,7,88,36,4,43,55,29,2,3,8,1,9,8,1,9,9,1,4,1,7,1,7,6,5,9,10,6,8,4,0
1,40,19,4,5,0,5,3,4,5,7,11,139805.0,1327,33081.0,3,5,56,95,94,89,11,51,2,1,10,3,9,6,2,8,1,3,7,3,8,9,8,4,6,2,8,7,3,6,0
1,42,38,1,5,0,6,1,4,5,6,15,130360.0,1036,15207.0,4,8,44,4,25,95,44,96,5,6,5,3,3,10,5,3,7,1,9,3,4,3,6,9,1,3,7,8,1,2,0
1,38,43,1,1,1,3,5,2,3,12,2,136135.0,837,15693.0,5,9,79,56,14,43,62,31,9,7,9,5,10,9,2,9,2,5,6,1,3,5,9,6,9,8,6,7,3,7,1
0,40,43,3,2,0,8,6,3,4,3,15,126310.0,1222,44565.0,8,5,62,84,74,9,5,63,9,8,1,3,5,3,2,2,6,8,10,4,8,6,4,5,7,3,8,9,4,8,0
1,43,25,5,3,0,10,5,6,5,8,14,60796.0,1222,57566.3,9,7,78,95,22,37,95,94,8,1,7,5,5,10,1,7,2,9,10,5,7,9,4,2,6,3,3,7,8,2,0
0,33,41,4,2,0,2,4,1,4,9,5,76290.0,1507,14082.0,1,8,10,46,46,53,86,62,8,8,10,10,10,2,1,1,4,5,8,10,9,6,5,10,10,1,2,5,6,2,0
0,31,22,6,5,0,3,6,1,1,9,3,67804.0,1301,18015.0,4,5,61,4,89,20,30,74,6,4,6,1,2,2,4,5,2,10,3,3,3,3,10,10,4,5,7,4,7,6,0
0,24,43,5,5,1,9,3,7,1,18,3,141116.0,1516,18891.0,1,7,82,95,4,73,87,47,1,5,2,3,5,9,10,7,1,7,5,5,6,8,1,2,10,8,10,3,9,4,0
0,36,19,3,6,0,2,2,3,5,18,8,141714.0,992,18574.0,6,6,91,82,96,9,10,64,8,2,1,10,5,8,4,4,3,8,4,9,1,3,7,3,8,4,4,6,7,2,0
1,40,29,1,3,0,7,4,4,5,14,13,53834.0,1164,56562.0,6,5,82,69,41,17,30,85,7,6,8,2,9,3,5,9,2,2,2,4,3,5,5,6,2,4,10,7,4,3,0
0,34,39,3,5,0,8,5,7,6,13,3,54676.0,1028,53118.0,7,9,96,71,45,7,94,4,7,1,7,10,3,4,9,10,10,5,9,5,5,3,7,3,9,7,10,7,8,8,0
0,26,34,1,3,0,5,2,1,2,9,6,50849.0,1172,51801.0,10,4,87,12,31,28,70,86,10,8,2,3,2,2,9,4,8,2,3,10,5,5,6,2,10,3,5,4,7,5,0
0,43,24,2,1,0,1,5,5,7,10,14,121127.0,1433,27231.0,6,5,63,79,8,4,53,82,6,3,6,1,4,8,4,4,9,1,2,10,7,4,1,2,9,2,9,2,1,7,0
1,30,28,1,4,0,8,2,1,4,17,12,98387.0,1363,23083.0,6,8,69,27,51,59,55,30,2,4,10,2,1,5,10,5,9,2,9,9,2,5,4,9,1,10,6,6,1,7,0
1,39,21,4,5,0,3,4,1,4,6,3,77237.0,1528,48192.0,10,7,88,69,30,56,43,57,7,3,1,1,2,1,2,9,3,1,8,7,2,7,1,3,4,4,2,2,4,10,0
1,22,22,4,2,0,10,2,6,7,13,6,131428.0,1111,37936.0,2,5,68,29,19,84,69,46,9,10,7,7,5,1,10,9,1,1,3,3,5,4,2,1,6,9,9,9,6,2,0
1,40,23,5,4,0,6,4,5,4,15,6,83821.0,1084,26972.0,9,1,24,62,38,31,61,94,6,8,2,5,1,6,1,10,5,8,6,3,1,4,9,5,2,10,5,5,9,1,0
0,22,28,5,6,0,5,6,6,5,12,7,47337.0,1128,12827.0,1,4,43,89,21,32,47,57,1,7,7,1,3,9,10,10,5,1,9,4,4,10,3,2,2,2,3,4,1,8,0
0,27,19,2,6,0,9,6,5,2,11,17,141452.0,1468,29834.0,3,5,26,11,66,67,93,47,5,9,9,7,5,8,5,4,2,8,2,5,7,6,4,1,8,1,3,8,8,2,0
1,38,42,4,6,0,10,3,7,4,11,6,46588.0,1159,46470.0,1,1,96,44,46,67,33,20,10,1,1,5,7,5,1,3,2,6,6,6,4,1,8,8,2,9,10,4,2,3,1
0,43,27,1,6,0,6,1,2,1,10,9,32322.0,1178,22062.0,8,7,96,90,78,47,85,20,7,1,1,10,3,1,9,8,3,10,10,8,10,5,8,8,6,9,8,4,3,7,1
0,27,37,6,3,0,4,1,4,5,6,4,78611.0,902,24171.0,8,9,40,36,52,66,29,10,5,5,6,10,1,6,5,9,6,10,7,1,10,4,4,1,2,10,4,8,8,2,1
0,43,41,2,5,0,3,6,4,3,11,10,90285.0,1416,39814.0,2,3,44,48,54,45,53,84,7,1,7,7,8,2,10,9,10,1,10,5,6,4,9,2,6,4,1,6,7,1,0
1,24,38,4,4,1,9,6,7,3,13,13,82286.0,1478,43755.0,5,5,4,18,81,7,48,36,8,3,4,6,3,2,8,10,9,10,1,8,5,7,1,10,6,10,9,2,10,3,0
1,43,28,4,3,0,7,4,7,1,11,5,134746.0,929,50866.0,4,9,72,41,24,24,21,75,10,9,10,10,1,6,7,6,8,1,3,4,4,3,6,3,1,7,7,5,10,9,0
0,32,41,2,2,1,7,5,2,1,1,4,135821.0,1051,17798.0,5,1,75,62,15,11,70,96,4,10,7,6,9,1,8,6,2,10,7,6,1,9,2,5,5,6,9,1,8,8,0
1,24,34,4,6,0,9,1,5,3,6,15,75940.0,1335,12502.4,2,5,90,79,76,88,81,71,3,3,6,8,10,5,7,1,9,4,6,10,2,3,5,7,6,6,4,9,10,2,1
1,43,25,6,1,0,4,6,6,4,13,1,132646.0,1430,33106.0,9,7,96,95,90,48,89,57,9,5,10,10,1,3,1,7,7,8,8,9,2,7,8,2,4,7,1,8,3,5,0
1,32,43,3,6,0,7,5,3,7,7,6,37682.0,853,38921.0,5,6,72,62,41,72,85,77,6,10,9,4,4,7,8,5,8,4,6,3,7,10,6,5,1,4,1,10,1,7,0
1,20,30,4,5,0,8,4,1,3,4,1,40726.0,1559,24647.0,2,8,14,92,95,89,83,32,2,3,3,9,4,9,2,5,3,7,7,4,5,1,3,2,10,6,2,2,6,4,0
1,36,43,4,5,0,5,1,1,2,9,14,123528.0,1083,29324.0,2,7,28,24,58,31,89,53,5,2,6,5,2,7,2,6,6,2,4,2,9,10,10,3,9,5,4,1,9,7,0
0,27,37,6,4,0,3,6,7,7,14,10,33516.0,1311,24560.0,6,8,17,43,21,88,30,51,3,10,9,2,2,6,8,6,1,2,9,5,2,4,4,6,5,3,9,6,1,5,0
1,32,35,4,6,0,2,6,1,7,16,16,133478.0,1445,35699.0,4,3,65,7,48,37,40,39,4,2,5,5,2,4,5,3,5,3,2,7,3,10,6,3,5,4,2,2,1,6,0
0,20,43,5,5,1,8,3,2,7,18,1,39064.0,1500,47051.0,3,8,84,94,10,8,56,11,5,10,7,9,6,1,10,4,4,8,7,4,4,4,7,10,3,4,2,5,2,1,0
0,23,39,1,6,0,10,1,2,4,14,5,68657.0,1337,48239.0,1,9,88,89,54,21,79,33,3,2,10,3,7,10,1,3,7,1,7,1,7,10,4,7,8,7,5,6,9,3,0
1,29,33,5,5,1,5,6,4,5,5,11,139486.0,1211,12502.4,3,3,41,55,63,51,12,69,10,9,10,9,8,6,1,5,6,5,5,7,4,4,3,8,1,9,1,2,1,9,1
0,32,19,5,5,1,3,2,6,6,15,8,143471.34999999998,844,26726.0,5,8,66,95,58,51,78,75,6,1,7,2,10,9,8,1,4,7,9,6,3,2,1,9,2,1,8,9,1,6,1
0,23,22,4,2,0,9,2,4,3,9,14,79286.0,1078,41080.0,2,7,96,22,66,31,76,36,2,10,9,2,1,2,4,3,8,8,3,6,8,6,5,4,5,4,4,8,1,9,1
0,30,35,4,6,0,3,2,6,2,12,14,85297.0,1386,50788.0,5,6,44,95,55,59,93,75,1,7,7,4,3,9,3,10,10,6,7,1,8,5,2,8,5,10,3,6,7,10,0
1,36,20,3,5,0,9,5,6,2,3,8,118589.0,1071,36080.0,2,9,14,89,96,4,55,96,2,9,9,4,1,1,9,4,1,9,5,1,6,3,7,6,6,7,1,7,8,7,0
1,20,43,4,2,0,8,3,3,6,17,2,83306.0,1300,49052.0,6,5,78,58,76,68,18,21,1,4,4,5,3,10,2,9,1,8,10,10,6,3,1,4,5,3,9,7,3,10,0
0,25,39,5,4,0,4,6,3,7,2,11,101519.0,1406,23039.0,6,8,95,74,40,4,9,13,10,7,8,6,2,2,7,5,7,7,5,5,5,5,6,6,1,2,1,5,1,3,0
1,25,34,3,6,0,7,6,2,5,15,1,34919.0,1047,44925.0,5,2,26,81,47,96,5,20,7,10,9,1,4,10,10,10,10,6,2,5,5,2,8,3,1,2,8,7,1,8,0
1,40,33,1,2,0,9,6,5,3,15,6,124942.0,1120,31906.0,3,5,15,75,25,17,32,44,8,6,6,2,1,9,8,1,5,2,10,6,3,10,10,10,4,4,7,6,1,4,0
1,43,23,4,4,1,1,6,2,1,1,17,76271.0,887,47338.0,1,3,34,24,8,39,61,69,4,5,2,10,3,1,3,8,1,5,6,5,8,3,2,2,4,3,10,7,2,10,0
1,37,36,3,4,0,5,4,2,2,1,16,143471.34999999998,1251,31142.0,10,9,80,56,7,63,72,82,10,10,2,4,2,10,1,4,1,9,3,2,1,5,10,9,7,4,6,4,5,9,0
0,32,24,4,4,1,9,1,6,5,11,4,78895.0,957,28534.0,10,1,57,30,32,41,67,43,1,7,8,4,2,8,2,1,2,10,1,1,1,8,6,10,1,9,9,2,10,3,0
0,21,35,6,5,0,5,3,7,4,13,8,66527.0,1213,46751.0,1,7,59,52,12,19,76,89,3,5,4,5,3,2,7,3,8,10,1,1,2,4,9,4,9,7,2,8,9,9,0
1,36,31,6,3,0,2,1,6,1,6,2,60892.0,1541,36617.0,9,3,96,75,29,4,95,4,4,5,6,9,10,5,2,8,10,10,7,6,2,6,8,9,1,8,4,7,3,5,0
1,38,23,2,5,0,4,3,2,1,13,16,137485.0,837,55364.0,5,6,31,28,20,6,63,96,7,4,5,8,8,2,10,10,4,6,7,4,9,6,7,9,9,5,6,10,3,2,0
0,20,25,1,2,0,7,3,3,7,17,6,143471.34999999998,1171,47361.0,5,8,22,73,71,18,18,51,1,3,1,8,8,8,9,8,3,10,7,6,1,10,5,9,10,7,10,7,2,5,1
0,30,32,5,4,0,4,2,1,3,15,14,27617.0,1536,31641.0,4,6,33,14,9,84,84,61,2,5,2,6,8,9,10,8,4,3,3,5,6,3,5,9,8,4,4,2,10,7,0
1,25,32,4,4,1,6,4,3,1,9,7,72868.0,1518,48577.0,1,6,13,18,79,96,27,48,7,3,5,4,4,4,8,7,6,10,9,10,3,6,9,4,7,2,8,3,4,6,0
0,40,32,3,4,0,8,3,3,6,7,11,26252.95,841,14056.0,10,8,52,41,40,50,5,7,10,9,1,5,3,10,6,9,9,1,9,7,3,8,6,1,8,9,10,7,5,7,1
1,33,33,4,6,0,1,1,4,4,2,16,133322.0,1061,22509.0,8,8,20,27,10,59,6,4,2,10,6,3,4,8,4,8,2,5,10,8,2,4,8,9,2,2,2,7,10,4,0
1,30,19,1,1,1,3,4,1,6,17,14,108557.0,959,20875.0,3,7,63,32,5,4,66,68,10,9,2,5,5,5,3,3,10,10,10,10,8,8,1,8,10,10,7,7,3,10,0
0,20,28,4,2,0,5,4,5,1,8,2,85392.0,886,44551.0,6,5,19,4,21,15,64,25,1,9,6,4,2,10,6,3,1,1,2,9,2,5,3,8,6,5,5,8,8,6,0
0,33,43,6,3,0,10,3,2,3,4,7,110859.0,1251,46075.0,1,7,96,78,93,46,49,28,5,2,7,7,4,4,7,8,6,10,5,2,8,8,9,8,3,9,9,8,6,8,0
1,26,42,4,1,0,5,2,3,7,14,1,99045.0,1203,37070.0,9,6,21,47,82,38,95,32,6,2,7,8,1,10,4,2,8,8,1,1,1,9,9,5,6,4,1,3,6,5,0
1,31,22,5,2,0,2,4,1,1,2,11,97198.0,1372,12752.0,5,1,95,62,82,11,9,4,3,5,9,7,1,4,1,7,5,6,10,4,6,9,9,2,6,4,7,7,3,8,0
0,30,22,4,1,0,1,3,2,7,7,9,75070.0,919,30458.0,10,5,35,4,37,57,33,31,3,7,6,5,1,9,2,10,7,7,8,7,3,1,1,8,9,10,6,2,10,6,0
1,38,38,1,5,0,5,5,1,7,11,5,49576.0,1403,47604.0,4,5,6,88,25,96,58,94,1,8,10,9,6,9,1,6,2,8,10,1,1,8,10,1,2,6,2,1,7,2,0
0,42,23,4,2,0,1,3,4,6,15,14,83983.0,896,23023.0,10,6,46,80,70,96,55,53,6,10,2,8,10,3,4,10,5,9,2,6,1,6,8,2,4,6,10,4,1,4,0
1,24,19,4,3,0,10,3,7,1,2,10,114214.0,1306,12502.4,5,1,22,49,70,96,52,28,5,10,3,5,3,9,7,6,9,3,1,6,8,7,4,1,2,2,6,6,8,4,1
0,32,23,3,2,0,2,2,4,6,8,3,132391.0,974,57566.3,7,4,43,53,25,11,5,96,10,9,8,9,9,7,7,7,9,3,7,5,4,3,1,10,7,10,4,3,4,4,1
0,24,31,1,5,0,9,1,1,5,5,3,140620.0,1380,20015.0,3,4,34,75,95,86,36,66,2,7,8,5,10,4,10,6,2,4,4,8,3,2,3,1,5,2,5,9,4,1,0
0,23,28,1,2,0,9,1,6,6,8,8,88593.0,1415,24725.0,8,2,37,88,36,92,19,40,6,9,1,3,10,5,8,6,7,3,8,4,10,5,5,1,6,10,3,8,6,5,0
1,19,21,3,4,0,4,2,2,6,15,2,63708.0,1292,27876.0,7,2,77,18,17,15,7,76,7,4,10,3,7,9,3,2,5,9,10,7,5,2,3,9,2,5,5,8,2,9,0
1,26,41,5,5,1,2,1,5,6,15,16,116907.0,1171,31641.0,8,6,71,48,82,58,95,10,10,6,5,1,9,9,10,5,8,7,1,3,6,10,6,2,6,2,4,1,10,10,0
0,39,43,5,6,0,7,1,7,1,8,17,27174.0,1532,12502.4,3,1,96,9,65,55,65,18,2,10,1,4,7,4,4,9,7,10,2,6,1,5,9,6,1,7,4,6,8,4,0
1,41,42,3,1,0,3,3,5,5,18,3,26252.95,949,39015.0,1,9,44,74,39,4,5,82,9,1,1,1,1,5,6,7,5,9,7,9,3,10,6,2,1,8,5,9,9,3,0
0,34,26,2,4,0,4,4,2,7,4,5,64485.0,1522,57566.3,5,2,28,74,46,25,84,96,9,1,2,7,7,10,10,10,6,2,10,8,4,4,2,7,1,5,4,10,4,10,0
0,22,41,4,6,0,6,1,6,7,16,7,130303.0,918,33115.0,9,2,84,50,64,96,10,45,7,2,10,3,2,3,5,8,5,7,3,3,1,4,10,5,7,1,1,4,9,5,0
1,29,20,5,1,0,7,1,1,5,5,17,66420.0,988,37350.0,1,3,96,12,71,96,68,9,10,10,6,8,4,1,7,5,10,6,1,8,10,1,10,9,8,4,2,10,9,5,0
1,19,43,1,6,0,4,3,1,6,7,8,97662.0,1519,30866.0,6,5,93,79,91,27,59,9,4,10,7,9,8,9,5,8,2,5,3,7,2,6,1,2,5,9,6,3,9,3,0
0,27,33,1,4,0,9,5,5,5,10,7,71775.0,946,34964.0,9,1,34,73,4,96,30,9,7,7,2,2,5,10,3,4,7,5,1,7,2,6,6,6,5,2,10,2,6,5,1
1,28,28,3,4,0,5,3,4,4,3,11,59074.0,1192,57566.3,8,5,73,15,69,31,9,70,4,1,10,2,5,2,4,1,3,10,3,3,9,2,5,1,10,1,1,5,7,9,1
1,33,43,2,1,0,10,6,7,5,10,11,82050.0,1522,29325.0,1,6,9,55,16,86,61,79,3,6,7,10,6,3,1,2,9,6,1,2,6,8,6,9,10,8,6,4,5,9,0
0,31,21,6,6,1,4,2,5,4,11,4,74393.0,1244,56905.0,10,7,96,26,96,59,28,93,2,10,9,9,4,3,8,3,8,1,6,5,2,3,7,10,4,5,3,9,1,8,0
0,25,19,4,2,0,8,3,5,7,12,14,133246.0,1344,35807.0,7,3,17,13,74,48,55,62,5,3,6,5,5,8,1,7,6,5,7,4,3,3,10,4,2,8,3,6,2,9,0
1,41,42,3,2,0,6,2,5,4,6,16,91160.0,1085,17998.0,4,9,79,95,71,24,46,86,1,1,7,4,3,6,3,3,1,1,10,6,4,2,2,4,8,1,7,5,7,5,1
0,34,38,6,5,0,7,3,3,3,12,1,73421.0,863,12502.4,1,7,33,11,83,37,58,96,9,2,1,4,9,6,6,7,9,9,1,10,6,7,7,7,4,4,8,7,4,5,0
0,42,39,3,4,0,5,1,2,6,2,12,26252.95,1202,19968.0,8,3,67,43,17,61,95,7,9,4,8,10,5,4,2,4,8,1,10,2,8,7,10,10,6,2,6,7,9,8,0
1,35,33,5,6,0,6,1,3,6,6,5,93746.0,1294,37582.0,5,4,5,62,94,90,92,19,2,8,8,4,8,1,9,5,6,5,7,8,7,6,1,5,5,6,5,6,1,5,0
0,29,36,6,4,0,4,5,1,4,18,14,103877.0,1399,44768.0,5,4,37,90,18,76,92,21,10,10,6,4,5,9,5,4,8,6,6,1,6,1,1,9,3,3,2,9,5,8,0
0,42,33,2,5,0,1,6,5,2,8,6,125099.0,937,15139.0,1,4,38,86,74,96,18,54,2,1,5,9,3,8,6,7,2,1,4,3,3,8,2,5,5,5,2,4,4,1,0
1,34,28,3,1,0,2,6,6,5,8,13,37222.0,1324,12502.4,2,1,66,56,63,6,7,51,4,9,9,6,7,7,4,3,7,1,8,2,5,2,7,5,10,1,4,6,1,10,1
1,43,43,5,6,0,10,2,3,1,9,1,116776.0,1306,29584.0,4,9,77,54,23,22,70,71,1,10,10,3,8,10,2,5,1,9,8,5,1,3,2,7,2,2,3,8,4,7,0
0,31,25,2,2,1,4,2,5,4,15,8,71785.0,871,50226.0,5,3,90,84,68,71,94,46,10,2,2,4,9,10,8,10,6,10,6,4,10,9,3,7,6,7,5,9,2,4,0
0,33,40,4,6,0,8,2,6,3,6,14,48036.0,1559,37149.0,5,7,74,19,35,32,5,77,4,4,8,4,9,6,9,8,7,9,4,9,8,4,9,7,2,5,8,9,7,1,0
1,31,19,2,1,0,8,3,6,2,14,17,105908.0,1450,35480.0,5,4,56,4,58,87,73,86,3,8,1,4,9,6,10,10,1,9,5,6,8,2,6,5,3,2,2,6,3,7,0
1,26,43,4,2,0,1,1,7,3,1,9,60295.0,1133,20408.0,6,1,41,63,82,29,69,36,5,8,4,2,4,9,5,7,9,9,6,8,7,9,6,5,4,5,9,8,8,9,0
1,21,38,4,3,0,4,1,4,7,7,10,89067.0,1338,53950.0,4,1,55,55,87,64,25,76,3,1,3,7,7,2,1,5,1,2,5,6,9,3,8,5,6,9,7,7,6,5,0
1,42,43,2,5,0,9,2,1,5,5,16,93452.0,1164,27397.0,6,8,89,15,4,4,40,58,9,9,5,9,7,2,9,1,3,2,4,2,10,6,5,9,3,4,5,9,4,4,0
0,40,26,6,1,0,3,6,5,3,17,2,113963.0,983,30546.0,3,4,4,4,35,46,34,63,5,9,5,7,9,9,4,5,3,3,6,3,2,3,6,2,10,4,1,9,8,6,0
1,28,43,2,6,0,6,4,2,6,3,8,129949.0,887,36766.0,8,5,36,83,96,42,58,42,2,3,4,6,10,8,6,3,7,6,9,3,6,5,6,9,8,2,1,9,3,1,1
1,23,29,6,1,0,5,2,4,4,15,7,143471.34999999998,1540,55364.0,5,5,84,45,64,11,31,7,2,6,8,4,8,2,6,9,7,5,5,4,5,1,7,6,2,9,8,2,4,10,0
0,32,39,2,4,0,10,5,2,3,11,11,26252.95,1402,37397.0,8,9,19,37,44,39,52,89,9,6,8,1,4,10,8,8,7,5,4,4,2,2,10,10,2,1,8,2,10,1,0
1,22,25,2,1,0,8,4,6,1,14,11,124186.0,1051,35812.0,7,8,40,66,9,68,56,9,1,9,7,1,8,8,1,5,9,1,10,5,6,1,3,1,8,10,7,5,3,7,0
0,28,43,1,1,1,1,3,7,7,16,5,31652.0,1158,37906.0,5,9,4,19,9,93,31,16,6,8,1,7,7,4,4,5,6,5,6,1,5,9,2,1,8,1,3,10,10,6,0
1,42,34,1,3,0,5,6,1,7,18,1,123071.0,1115,50452.0,10,5,61,32,43,34,43,79,10,2,8,4,10,9,1,2,4,4,3,5,1,2,2,3,8,8,2,1,3,4,0
1,35,27,1,5,0,9,3,3,4,6,14,96710.0,1042,20085.0,5,6,40,69,15,6,16,27,10,1,3,2,2,2,9,2,8,1,5,9,7,5,6,9,8,9,4,1,9,9,0
1,30,43,1,3,0,1,3,6,7,9,17,98752.0,1181,36264.0,1,3,62,28,57,40,27,9,8,4,4,6,5,5,9,4,6,4,7,1,9,7,4,7,10,2,5,8,7,6,0
0,28,24,3,4,0,7,3,5,2,4,17,104888.0,1077,40949.0,6,7,50,32,73,94,59,23,3,9,2,2,10,7,10,5,6,1,8,2,5,2,9,8,1,8,8,5,1,8,0
0,31,36,3,5,0,6,6,2,7,7,8,35511.0,1070,19753.0,6,2,71,55,68,68,58,53,9,8,10,5,10,6,6,1,4,3,6,10,6,7,7,10,2,8,7,7,2,8,1
1,35,42,4,6,0,10,2,2,7,14,9,60708.0,1077,49084.0,3,8,83,11,25,56,26,91,8,2,6,2,1,2,8,9,9,3,9,2,7,9,4,10,7,2,4,4,4,7,0
0,43,23,4,2,0,2,1,6,2,14,11,28178.0,1166,15521.0,7,5,33,92,65,29,49,28,6,7,5,7,4,2,1,7,10,2,4,8,2,4,1,3,1,3,5,8,10,3,0
0,42,38,5,1,0,6,5,4,7,17,5,65730.0,1186,26334.0,3,2,73,42,55,7,84,96,8,10,4,4,8,2,7,5,9,4,6,7,1,4,2,1,7,5,1,2,9,1,1
0,36,41,1,6,0,9,6,3,4,10,14,141286.0,1037,46216.0,5,1,28,18,14,82,8,12,5,6,8,3,7,10,2,8,3,5,9,1,1,3,4,1,3,7,9,7,6,5,0
0,41,41,3,1,0,9,4,5,7,14,1,47269.0,1532,51873.0,7,9,69,7,71,6,68,29,5,8,6,2,8,8,2,2,7,2,2,5,3,1,5,5,6,9,6,8,1,4,0
0,43,36,4,6,0,3,5,5,6,16,15,26252.95,1559,19858.0,9,2,95,7,23,70,66,13,4,8,2,7,8,9,1,4,4,3,7,2,2,10,4,9,5,4,5,10,6,8,1
0,32,35,2,3,0,9,1,2,3,10,7,52778.0,1277,24759.0,6,7,26,86,45,16,38,28,10,4,4,3,4,6,10,4,6,1,10,10,9,4,4,8,3,1,8,7,1,9,0
1,26,32,5,3,0,5,4,1,7,11,6,38151.0,1497,39084.0,10,6,96,64,68,11,30,53,10,9,9,3,3,7,4,8,2,5,3,10,7,8,5,7,2,6,2,10,4,7,0
1,25,19,1,4,0,4,1,6,6,10,13,130167.0,1170,46375.0,3,2,6,77,93,32,84,73,10,8,7,4,7,6,6,6,7,8,3,2,4,4,6,2,9,4,3,6,9,1,0
0,37,31,2,5,0,5,2,4,6,10,17,82293.0,1447,34512.0,5,2,42,81,89,4,46,28,7,9,2,8,3,4,4,9,2,7,10,8,2,1,8,5,10,6,6,10,6,2,1
1,19,38,5,4,0,10,1,7,6,3,7,70187.0,1107,51448.0,3,3,5,40,6,75,12,38,3,1,8,3,8,4,9,1,4,6,7,9,9,5,10,1,5,4,10,2,10,6,0
1,21,27,1,4,0,1,2,4,6,12,10,65436.0,1499,25930.0,2,4,4,29,72,28,77,88,4,7,9,10,6,5,3,6,6,1,7,3,9,2,2,4,10,2,1,5,10,1,1
1,31,33,1,5,0,5,1,7,6,8,11,40556.0,837,41450.0,5,1,45,40,24,85,15,28,3,1,3,3,1,9,6,2,6,10,4,10,8,5,7,5,5,5,7,8,6,3,0
1,42,24,3,4,0,6,4,1,3,17,15,26252.95,839,20572.0,8,8,30,12,28,70,44,96,8,2,3,6,2,7,7,6,7,8,8,6,8,4,7,5,9,8,8,7,8,1,0
0,19,25,4,4,1,9,2,5,4,13,1,26252.95,1253,30154.0,6,7,44,87,33,41,78,4,3,8,5,4,4,8,1,3,5,7,8,1,2,10,10,7,4,1,2,7,4,1,0
1,33,27,1,2,0,7,2,5,1,10,8,87260.0,1238,37931.0,7,7,27,50,80,53,95,80,5,1,5,9,1,3,5,7,5,1,6,1,3,10,8,1,3,10,8,4,7,3,0
1,20,32,5,3,0,10,6,1,6,2,6,57868.0,1139,26560.0,7,7,96,4,45,83,37,56,9,1,1,7,1,1,9,8,5,7,8,8,4,9,9,10,3,1,3,3,1,6,1
0,43,25,3,5,0,5,2,7,6,3,1,127762.0,1124,12502.4,6,8,74,30,73,8,79,53,2,8,4,6,8,7,4,5,1,2,3,6,3,1,10,5,1,8,7,9,10,10,0
0,25,30,2,6,0,9,6,1,4,4,11,45724.0,1559,24752.0,1,9,11,92,73,16,92,61,2,1,10,8,1,5,7,7,6,7,10,1,2,2,9,8,8,1,8,3,4,4,1
1,23,29,4,1,0,3,3,2,2,4,4,79560.0,837,55030.0,4,5,29,46,4,4,56,66,5,1,8,3,7,6,2,9,1,1,10,7,6,8,7,10,2,5,4,6,4,4,0
1,33,25,6,6,1,7,6,1,5,15,14,89629.0,1423,13221.0,10,8,5,25,15,36,32,89,9,1,1,6,9,2,6,8,5,8,5,5,3,2,7,8,1,6,2,4,5,5,0
1,41,32,5,1,0,6,4,4,4,14,14,63430.0,1240,37751.0,9,3,64,6,34,14,13,85,4,10,10,10,1,5,2,1,7,8,8,9,3,3,5,7,2,4,3,9,1,7,0
1,33,43,6,6,1,2,3,7,7,1,4,26252.95,931,12502.4,4,2,91,75,24,57,85,26,6,8,7,7,3,8,6,4,2,1,10,1,1,5,4,3,1,10,6,2,4,8,0
1,24,29,6,1,0,1,3,1,3,11,15,44132.0,1324,40986.0,6,9,76,58,53,77,86,95,9,6,10,4,7,8,7,10,6,10,10,9,5,2,6,9,2,7,3,9,6,1,0
1,30,28,2,5,0,8,2,7,7,16,13,133871.0,1238,18966.0,4,9,61,6,5,16,5,76,7,5,10,5,10,10,2,10,10,1,3,8,3,9,9,7,8,9,3,5,2,7,0
0,30,36,5,4,0,8,4,7,5,17,16,110746.0,1190,35081.0,5,2,96,4,21,38,20,88,1,7,6,5,1,3,7,4,5,4,4,3,1,4,5,4,9,1,7,7,1,8,0
1,22,31,3,2,0,8,2,1,2,1,8,95842.0,837,26168.0,5,3,75,25,88,88,9,47,7,3,8,10,6,5,10,2,3,2,9,9,6,4,1,1,9,9,2,3,7,9,0
1,42,43,6,3,0,2,2,2,4,15,7,26252.95,1038,51831.0,3,1,96,82,4,41,16,94,3,3,4,4,7,3,8,9,10,1,5,10,7,3,10,3,6,3,2,1,4,4,0
0,37,35,3,3,1,5,6,5,2,9,12,143471.34999999998,837,55276.0,2,4,40,61,96,53,57,56,4,10,6,8,8,3,4,4,8,3,9,8,8,5,8,7,7,10,4,1,5,8,0
0,39,30,3,3,1,1,5,7,6,1,15,49907.0,875,57566.3,7,7,75,70,96,54,30,73,10,3,8,6,5,1,7,7,9,1,7,9,6,9,8,9,9,4,6,6,1,5,0
0,35,21,2,5,0,9,6,1,7,7,4,41194.0,1430,24036.0,3,1,5,78,17,4,5,13,1,2,10,7,2,7,1,4,2,2,8,5,4,1,8,1,6,1,1,10,3,7,0
0,32,34,6,3,0,7,3,3,6,10,12,102823.0,956,12502.4,6,1,27,71,71,59,39,7,8,7,9,9,5,3,7,7,4,10,6,7,7,3,4,5,9,3,10,9,9,3,0
1,35,36,2,3,0,5,1,5,2,17,14,118197.0,949,51395.0,6,8,40,9,41,4,17,84,4,6,2,7,1,7,10,6,3,8,10,7,10,6,9,7,6,5,5,5,7,4,0
1,19,43,1,3,0,8,5,5,4,2,5,90257.0,1166,31205.0,2,2,31,22,8,12,94,95,4,6,10,1,9,1,2,1,9,2,1,4,8,9,6,5,5,1,1,8,2,9,0
1,27,26,1,4,0,10,5,4,7,2,14,120206.0,1076,54965.0,4,5,25,6,85,16,95,70,7,4,10,9,6,4,7,5,3,10,10,9,8,3,3,10,3,1,7,1,8,5,1
1,40,40,2,1,0,4,5,1,1,7,13,74765.0,1415,45300.0,9,9,4,73,92,23,49,65,6,5,3,6,10,5,1,10,2,7,10,9,1,4,7,3,7,2,4,1,7,2,0
1,30,24,3,6,0,2,3,4,7,6,6,143471.34999999998,1189,13543.0,5,1,14,31,34,54,77,72,8,7,3,5,10,2,8,7,1,9,3,3,7,2,3,7,10,8,10,4,4,5,1
1,35,19,2,2,1,1,6,7,6,17,16,81577.0,1290,54091.0,5,1,15,54,65,71,5,6,1,5,10,7,4,3,10,1,9,1,7,10,1,5,8,2,6,10,3,1,8,1,0
0,32,24,1,1,1,3,1,5,7,6,12,132628.0,894,43427.0,1,5,96,7,96,68,93,62,1,9,10,4,6,7,4,5,1,10,5,7,4,4,6,4,2,3,5,8,8,1,0
1,29,43,1,1,1,1,3,5,2,11,3,42911.0,1078,23688.0,5,8,62,63,64,92,60,46,4,2,4,3,8,8,10,6,7,2,6,1,3,8,3,10,2,1,3,1,2,10,0
0,32,24,1,2,0,9,5,3,1,17,16,62491.0,874,39148.0,8,4,8,35,75,36,51,55,10,5,8,5,7,7,7,7,5,3,5,2,2,8,10,4,10,7,8,2,7,3,0
0,30,37,6,6,1,1,1,2,3,13,11,122081.0,1509,14558.0,10,8,85,52,94,30,22,61,6,4,6,1,5,4,6,10,2,5,2,1,2,9,3,6,3,9,6,9,3,8,0
1,35,24,4,5,0,6,6,2,5,10,13,98787.0,1415,16569.0,4,5,4,53,96,20,34,76,2,6,8,2,9,8,4,8,4,2,9,4,6,5,2,1,3,1,9,7,9,9,0
0,32,25,5,3,0,6,1,3,4,3,15,55069.0,1003,47298.0,2,4,16,63,7,4,53,43,1,2,4,1,7,5,9,8,1,10,6,2,7,6,8,3,5,4,3,10,10,8,0
1,42,33,3,6,0,6,4,1,6,1,11,93285.0,1316,14737.0,1,1,11,63,11,44,40,71,6,4,10,1,7,9,6,7,8,2,10,2,5,5,7,3,4,10,7,4,8,1,0
0,40,20,6,3,0,4,6,1,6,4,10,143471.34999999998,1520,38401.0,2,9,5,13,25,96,5,7,3,7,9,4,1,6,2,8,1,6,5,3,3,9,9,3,9,4,8,3,6,6,0
1,28,30,3,2,0,8,1,2,7,14,17,45267.0,1511,16949.0,5,7,63,69,55,63,70,67,8,2,10,5,9,10,3,10,10,5,8,6,3,8,4,1,10,8,2,10,5,5,0
0,36,27,2,4,0,3,1,1,5,15,16,96762.0,1559,28210.0,3,3,23,8,83,10,16,96,10,4,2,3,9,8,2,8,2,9,10,5,5,8,9,1,2,3,8,8,7,1,0
1,20,35,2,6,0,1,5,7,7,6,17,30899.0,966,21018.0,6,4,75,59,94,19,95,84,3,5,5,7,2,7,7,6,6,8,10,9,1,9,6,6,8,8,3,10,1,4,0
1,24,24,1,3,0,7,5,6,1,7,11,72976.0,1391,35233.0,7,1,21,94,96,72,80,96,2,8,9,8,1,4,7,9,8,2,5,8,6,2,5,1,2,3,9,5,5,6,0
1,38,38,4,1,0,5,3,4,5,13,12,143471.34999999998,1166,40083.0,9,2,64,25,63,11,6,4,4,7,10,8,7,9,9,10,1,9,7,10,8,10,8,2,10,9,7,2,7,3,0
1,43,38,3,3,1,1,3,2,4,5,4,62596.0,1451,15984.0,3,8,12,79,18,96,42,81,4,3,10,4,3,3,9,9,5,9,6,9,4,1,5,9,10,4,4,7,8,5,1
1,31,22,4,2,0,10,1,6,1,1,5,95551.0,960,50674.0,8,6,56,69,66,60,53,48,7,5,9,2,5,5,3,3,3,7,5,8,8,2,10,5,10,2,5,8,10,4,0
0,31,40,3,2,0,6,2,7,4,4,9,125146.0,1238,12502.4,6,7,10,6,12,14,95,81,1,3,10,2,9,6,10,5,3,5,10,10,6,5,7,7,8,6,3,6,8,5,0
0,39,42,1,1,1,8,3,7,1,15,6,65964.0,1371,25763.0,8,1,33,61,45,75,53,29,7,10,9,10,10,8,3,4,10,6,4,6,4,1,7,5,3,3,10,7,1,7,0
0,30,43,5,1,0,9,6,7,6,7,1,65132.0,1083,21993.0,1,6,29,67,7,41,77,39,5,10,1,8,6,5,3,10,6,2,8,6,6,8,6,6,5,5,5,2,1,6,0
1,29,41,3,2,0,5,6,2,2,17,7,137756.0,1388,42027.0,9,4,93,26,88,40,39,33,7,4,5,3,7,2,9,4,4,4,6,3,5,9,6,2,10,2,6,4,4,3,0
0,41,39,2,3,0,8,4,1,6,15,2,124066.0,1078,45581.0,2,5,4,36,44,13,72,86,9,5,3,9,1,4,6,9,6,10,6,6,9,4,6,4,2,6,8,1,5,5,0
1,26,24,4,1,0,1,4,1,1,8,9,68839.0,1038,57566.3,3,6,64,71,96,16,61,4,5,4,1,4,10,2,3,10,1,1,7,1,10,9,1,4,6,7,7,4,5,6,0
1,19,42,3,2,0,8,6,7,1,7,10,108024.0,906,23370.0,5,4,78,19,10,67,11,10,6,1,2,8,6,10,8,8,7,9,4,5,7,6,9,10,10,7,1,4,7,10,0
0,36,43,3,2,0,5,2,2,7,12,9,109813.0,1464,12502.4,7,8,28,5,34,92,5,4,1,10,1,8,3,3,1,3,4,4,10,5,10,3,10,5,7,10,8,10,7,1,0
0,28,39,5,3,0,2,6,6,6,9,3,51460.0,1392,57566.3,1,7,60,47,60,67,61,53,4,5,7,5,6,9,8,9,10,7,3,7,8,5,3,2,4,3,6,7,8,2,0
1,40,34,6,3,0,10,2,6,6,8,15,27829.0,1130,27854.0,4,2,38,86,4,96,5,18,6,7,8,7,7,3,10,3,10,5,9,9,9,5,6,5,6,7,10,5,10,6,1
0,39,21,2,2,1,3,6,7,1,10,17,87264.0,1050,45501.0,7,8,35,7,73,96,31,88,1,2,5,7,10,3,3,7,2,7,10,2,3,9,9,5,10,2,2,7,7,4,0
1,40,41,6,2,0,9,1,4,2,18,8,93665.0,837,22739.0,8,1,18,68,10,57,37,72,10,8,5,8,4,9,9,2,4,5,2,8,1,5,6,3,8,10,6,8,2,2,0
1,41,40,5,3,0,7,5,7,2,18,4,129852.0,1559,17487.0,5,7,74,95,14,57,68,88,7,3,6,10,3,4,10,6,3,7,10,8,9,7,5,1,2,5,10,5,5,3,0
1,39,33,2,3,0,6,3,2,7,1,10,57349.0,1081,13111.0,10,8,7,20,85,84,7,14,10,5,2,3,5,2,6,5,1,8,5,8,7,7,1,1,2,6,4,4,5,7,0
1,36,36,1,4,0,7,2,3,7,7,7,109290.0,1322,38187.0,4,3,4,71,94,60,31,9,9,3,5,4,6,4,8,6,8,2,1,1,8,6,9,1,9,6,8,9,2,2,0
1,35,27,4,2,0,3,3,4,1,7,13,42921.0,1260,31955.0,5,9,8,50,56,25,28,7,10,2,7,3,8,9,6,1,9,8,1,2,7,2,1,4,8,5,10,9,8,5,0
0,29,20,2,1,0,8,2,4,4,7,9,65074.0,1038,17135.0,5,9,21,16,73,17,78,9,8,6,3,10,6,8,10,2,6,3,9,2,10,1,8,1,4,5,6,1,10,4,0
0,40,43,2,1,0,3,1,2,7,6,6,123803.0,837,45042.0,7,4,6,12,69,96,70,96,5,8,4,9,2,5,6,7,2,2,7,3,3,6,4,8,2,3,1,10,7,1,0
1,43,20,6,1,0,7,5,3,6,3,6,64669.0,1279,16126.0,7,9,92,12,76,84,69,4,4,4,1,3,3,8,5,1,9,4,6,1,4,9,1,8,2,5,6,6,3,4,1
1,19,34,1,3,0,6,5,2,6,9,4,45452.0,1552,55321.0,8,6,26,87,89,47,21,5,3,8,8,5,6,3,2,8,3,9,7,3,4,5,5,9,8,2,6,5,1,7,1
0,36,27,4,4,1,2,3,5,4,13,12,143471.34999999998,981,20380.0,1,7,90,25,21,91,9,88,1,5,7,10,5,10,7,3,10,6,4,7,10,10,3,3,2,3,2,5,9,4,0
0,43,34,5,1,0,9,3,3,7,18,9,119459.0,1091,25755.0,10,1,30,94,82,96,95,80,10,8,6,4,10,1,4,3,2,4,8,5,5,3,1,3,8,10,9,1,7,2,1
1,37,39,1,1,1,9,5,1,3,15,10,64471.0,1319,37162.0,3,2,24,32,9,36,5,26,8,9,3,4,2,7,4,10,5,9,9,3,7,10,3,3,7,7,2,7,5,5,0
0,34,34,2,6,0,1,6,7,3,16,7,136859.0,1196,28096.0,10,7,78,16,28,58,16,67,9,8,6,7,2,1,10,4,7,3,8,6,7,6,6,3,9,4,7,6,1,10,0
1,22,38,6,3,0,8,6,2,7,4,14,84128.0,1398,15359.0,7,8,21,32,4,33,78,83,1,7,6,10,7,2,9,10,2,9,3,10,9,2,7,2,5,6,9,5,6,3,0
0,43,21,3,6,0,8,3,4,3,9,1,79882.0,1448,40358.0,1,7,13,4,6,56,7,64,6,6,9,10,8,4,4,9,3,6,1,5,2,5,2,7,9,2,3,3,2,2,1
1,20,38,5,2,0,6,4,2,1,14,13,134280.0,1559,35830.0,3,7,89,28,96,94,67,50,5,5,6,10,7,9,9,5,10,5,10,1,5,8,10,6,4,9,8,10,2,10,0
0,19,40,6,5,0,4,1,7,4,7,13,139481.0,959,29274.0,8,8,66,60,81,18,75,21,5,6,4,5,9,8,5,3,4,5,6,5,9,3,8,6,8,5,1,9,3,6,1
1,20,23,6,2,0,10,2,6,5,17,13,91677.0,934,21729.0,4,9,27,45,28,90,36,36,7,2,3,9,4,8,10,9,5,5,5,8,4,2,7,3,1,10,9,8,1,5,0
0,25,29,1,5,0,7,6,2,4,5,12,93732.0,1554,55197.0,9,4,13,62,15,25,16,76,9,4,2,9,6,7,2,2,10,4,9,1,8,7,8,4,7,8,5,10,7,4,1
0,33,42,3,2,0,1,3,7,5,14,9,83355.0,1463,22502.0,8,5,36,21,89,85,78,56,6,5,8,10,6,10,4,10,7,8,10,3,9,7,8,10,7,3,1,1,2,4,0
1,23,39,6,4,0,2,2,3,3,16,14,39507.0,841,16293.0,1,4,86,22,43,79,5,24,10,1,1,3,3,9,1,1,5,4,4,3,6,9,1,10,2,1,5,3,7,5,0
0,30,42,3,4,0,5,6,3,7,12,1,32779.0,1182,23377.0,8,9,61,10,43,19,54,4,7,5,10,1,4,4,3,2,7,3,3,9,3,1,1,9,9,4,10,8,4,2,0
1,40,37,1,2,0,5,3,2,6,12,3,131964.0,1392,35262.0,7,6,32,95,21,16,32,92,3,3,7,4,2,9,9,8,5,5,6,2,10,3,10,1,1,5,7,7,8,3,0
0,39,34,3,4,0,7,4,3,3,5,13,52609.0,1559,49033.0,3,5,34,24,68,74,20,4,2,3,10,8,10,5,7,8,9,6,7,6,4,10,8,8,1,8,4,5,10,10,0
1,39,34,3,6,0,10,1,4,7,11,3,84418.0,837,42881.0,7,3,16,85,4,33,57,4,7,2,5,9,9,6,9,2,3,8,5,2,9,8,6,6,7,5,2,8,5,7,0
0,33,27,4,3,0,5,2,6,5,7,13,49347.0,1435,29383.0,5,9,75,78,81,37,8,22,5,3,5,7,5,6,1,5,2,7,2,5,7,1,3,8,5,7,5,5,10,10,0
1,33,24,4,3,0,2,4,1,7,5,7,97707.0,923,21872.0,10,8,60,47,60,7,37,85,6,1,2,3,10,8,4,3,10,6,4,6,7,1,4,3,8,1,6,3,6,5,0
0,20,33,1,3,0,10,4,3,3,6,12,101563.0,1295,12502.4,6,6,23,68,96,28,41,17,5,5,2,10,7,6,9,5,7,7,10,1,3,8,10,10,1,7,10,2,2,1,0
1,30,30,6,1,0,10,4,6,4,14,2,35847.0,837,36932.0,10,9,84,28,47,74,50,96,7,5,7,6,4,10,7,7,6,5,10,5,5,1,4,1,8,10,2,7,9,8,0
0,31,20,3,3,1,1,6,1,4,4,10,80420.0,837,17384.0,9,4,94,10,64,26,62,69,9,10,3,6,1,2,2,4,9,10,5,7,6,7,6,1,9,8,2,10,2,1,0
1,25,19,2,2,1,3,5,3,5,18,8,60409.0,1459,41052.0,7,2,6,69,96,93,60,29,9,3,3,2,2,10,2,9,10,5,8,9,10,9,1,2,1,2,1,5,3,7,1
1,29,33,3,4,0,9,3,1,1,13,7,121902.0,1471,29135.0,9,7,53,42,86,4,21,62,1,2,10,3,9,8,5,3,10,10,7,9,8,10,9,2,9,3,8,9,10,1,0
1,40,23,2,3,0,1,1,5,2,16,11,132721.0,1306,34490.0,9,9,84,24,88,42,95,47,8,6,1,3,5,8,7,4,2,2,5,1,1,9,10,9,7,2,8,8,10,9,0
0,40,23,4,4,1,3,1,3,5,2,12,54252.0,1530,40241.0,1,8,24,25,28,32,93,42,5,3,1,1,3,8,2,9,10,1,6,9,3,5,9,8,8,8,3,4,9,10,0
1,39,30,3,1,0,6,6,4,3,15,16,97153.0,1011,12502.4,10,8,93,6,59,5,77,6,5,8,5,5,1,9,8,3,1,1,6,3,4,10,1,2,6,1,6,5,3,9,0
0,38,24,6,5,0,1,6,1,3,18,16,137887.0,837,31393.0,1,1,96,41,68,70,34,21,3,5,10,10,4,1,6,1,2,4,6,5,3,8,6,9,9,3,8,1,4,1,0
1,43,22,6,3,0,4,2,2,4,5,9,94373.0,1107,14512.0,1,4,31,4,30,87,29,44,4,4,4,2,10,8,1,4,8,9,8,8,4,4,1,1,5,8,3,10,6,6,1
0,25,41,6,5,0,5,3,6,3,8,13,88450.0,1132,47922.0,4,7,77,75,35,62,16,29,5,2,6,3,7,2,3,8,9,8,6,9,10,7,9,6,10,2,3,10,1,6,0
1,38,24,1,4,0,6,6,5,1,17,16,94917.0,1403,44795.0,10,3,51,8,34,58,67,31,9,10,10,5,9,2,9,10,1,8,8,10,3,2,10,10,4,7,7,10,1,10,0
0,42,19,5,5,1,2,6,5,7,13,13,87332.0,848,42473.0,4,7,71,5,52,96,84,49,5,1,6,8,10,7,5,8,9,8,4,7,4,8,3,6,2,5,3,9,4,9,0
0,26,34,2,6,0,6,1,6,5,10,2,63055.0,1412,26236.0,7,3,20,76,94,96,19,60,4,10,2,6,7,6,9,2,8,5,3,10,6,1,6,4,8,3,5,8,2,3,0
1,19,30,4,1,0,2,6,7,1,16,11,62733.0,1341,56812.0,3,1,96,95,48,96,69,24,8,6,3,10,8,6,6,5,9,4,1,6,3,6,10,1,9,2,3,9,5,4,0
0,23,42,3,1,0,1,1,6,4,13,1,94851.0,1060,40818.0,2,2,61,58,43,64,10,87,4,3,2,6,2,3,2,4,5,10,9,7,7,3,2,5,7,5,8,6,3,1,0
0,40,38,4,5,0,4,4,6,5,7,12,143338.0,1056,12502.4,4,5,44,75,67,52,72,17,5,6,1,1,8,9,9,1,7,6,7,9,9,2,1,9,1,5,1,2,2,6,0
1,36,43,4,2,0,3,1,1,2,16,15,126747.0,958,36844.0,8,8,85,78,35,10,5,91,6,2,3,2,7,9,2,7,9,2,7,8,1,10,6,1,3,7,7,5,6,7,1
0,40,38,5,3,0,8,5,3,3,3,17,118771.0,1354,43661.0,9,6,34,41,11,88,68,61,10,7,4,7,8,9,6,10,9,6,9,5,8,2,9,8,1,9,1,1,2,6,0
0,28,33,5,2,0,2,1,1,6,10,12,37077.0,985,45744.0,1,4,90,93,50,55,70,21,5,2,9,9,4,4,8,9,4,10,1,2,6,9,8,5,3,9,1,9,6,4,0
0,28,43,1,6,0,10,4,4,6,8,10,109582.0,982,38343.0,3,3,61,90,71,48,31,22,3,2,4,9,6,4,3,5,7,8,5,1,10,3,7,9,8,10,7,7,4,10,0
1,40,37,4,3,0,8,3,3,1,12,12,126832.0,998,34024.0,3,5,84,49,19,70,5,66,3,5,4,7,6,9,9,10,7,6,3,4,9,10,5,7,7,6,9,7,4,3,0
0,30,19,3,4,0,7,4,5,7,10,9,111514.0,1469,56512.0,10,1,95,46,52,36,28,90,9,5,7,2,1,2,2,6,1,1,4,3,6,10,8,7,4,2,8,5,1,5,0
1,28,22,5,6,0,8,6,7,3,3,2,107206.0,885,27347.0,4,4,85,68,16,58,42,20,8,5,10,9,7,7,3,3,5,1,5,10,7,5,2,10,2,3,8,7,5,7,0
0,35,35,3,3,1,8,5,2,3,12,10,139219.0,973,15106.0,8,6,79,42,16,4,84,42,9,6,3,3,9,3,2,9,9,2,3,6,4,5,6,10,7,8,6,9,9,5,0
0,40,24,1,2,0,9,5,2,7,17,4,85858.0,1109,28772.0,3,6,74,53,49,52,80,44,3,4,7,10,7,10,4,4,2,6,4,3,5,2,9,1,6,7,2,4,1,7,0
0,32,28,2,1,0,7,3,6,6,15,6,142320.0,1178,46564.0,1,9,4,34,43,16,6,95,2,3,7,10,4,4,7,4,4,10,9,2,9,9,3,5,4,9,5,2,4,7,0
1,19,42,6,5,0,9,1,3,5,4,3,64017.0,1559,44836.0,4,3,86,87,15,92,45,38,8,5,5,7,3,10,2,9,1,6,7,1,2,5,9,6,8,5,3,4,10,8,0
0,38,42,1,5,0,6,1,7,3,11,6,118286.0,951,13806.0,2,2,5,36,35,53,60,8,7,7,8,8,5,7,10,9,8,7,7,4,4,7,3,7,6,4,3,7,2,1,0
0,42,28,3,2,0,6,2,4,7,6,5,114503.0,1278,21722.0,4,1,38,74,26,70,83,7,5,5,10,1,3,9,3,9,6,6,4,5,3,6,4,9,2,1,9,6,10,2,0
1,24,39,3,6,0,3,5,4,6,12,7,56389.0,1344,33548.0,6,2,96,87,68,52,61,34,7,3,10,7,7,5,6,7,2,5,6,8,9,9,9,2,10,6,5,3,7,4,0
0,40,34,3,4,0,2,3,2,4,5,2,143409.0,1417,16023.0,8,6,55,37,13,31,5,83,1,6,3,3,10,3,1,3,3,1,5,3,8,4,2,8,1,2,7,6,8,6,0
1,43,33,6,5,0,6,4,6,5,10,13,143471.34999999998,871,48731.0,4,7,42,47,11,15,16,40,1,2,6,6,6,9,2,8,9,9,5,7,3,4,9,1,2,8,6,2,5,10,1
1,30,30,1,3,0,1,2,6,7,6,15,116056.0,837,53847.0,10,4,4,16,80,43,52,56,6,5,3,4,9,3,4,8,5,8,2,7,10,9,4,5,1,10,8,9,7,4,0
0,29,39,5,5,1,4,6,1,4,7,8,84028.0,969,33200.0,6,9,29,95,66,23,47,28,3,8,10,2,2,3,7,5,4,2,9,8,10,8,9,3,6,9,4,5,10,6,0
1,35,22,6,1,0,7,5,5,6,18,16,71095.0,869,36486.0,8,7,45,44,91,54,10,39,3,4,4,10,5,6,7,2,6,2,7,3,3,1,6,7,1,5,4,4,1,9,0
0,41,37,1,1,1,7,4,3,7,15,11,70321.0,1032,28464.0,7,1,38,55,37,31,35,43,1,10,6,3,2,8,5,1,3,7,4,1,5,8,6,4,2,7,3,1,2,6,0
1,36,33,4,6,0,10,4,2,3,11,2,101581.0,1149,51938.0,7,3,60,12,46,5,19,22,6,5,6,10,9,9,5,4,9,2,1,6,9,4,5,6,6,6,7,3,1,9,0
1,32,39,5,6,0,9,1,3,1,1,6,93712.0,1559,39789.0,2,9,49,73,34,25,88,57,9,4,2,5,9,5,6,10,5,4,9,6,2,8,9,3,2,4,7,5,6,8,1
0,25,39,5,1,0,3,1,4,3,6,16,133720.0,1551,54405.0,7,3,12,52,45,32,40,73,2,9,2,4,10,6,2,4,2,10,10,4,5,4,6,5,2,1,8,9,2,8,1
1,36,33,4,1,0,9,6,7,1,16,12,67931.0,954,48398.0,6,2,43,95,4,70,29,10,9,5,1,6,6,6,5,8,6,6,9,1,8,6,6,7,2,9,8,8,7,7,0
1,27,33,5,3,0,4,5,6,7,1,5,143471.34999999998,1326,12701.0,5,6,11,76,90,59,81,96,9,9,9,1,1,4,10,8,5,3,5,2,8,3,10,6,9,5,2,3,7,4,0
1,24,31,3,1,0,1,3,5,6,18,5,35080.0,1533,47091.0,6,2,9,72,45,53,69,54,4,1,7,3,9,4,1,6,1,7,4,5,3,2,8,4,7,3,1,9,4,1,0
1,35,23,6,4,0,3,6,5,3,12,14,26252.95,1272,19785.0,8,9,87,53,85,70,83,39,10,8,6,6,8,2,3,5,10,6,1,5,1,6,8,4,6,1,8,3,6,7,0
1,33,19,3,3,1,2,2,1,1,3,13,30723.0,868,19696.0,4,6,35,57,58,60,70,96,8,9,3,3,4,6,10,5,2,10,7,6,10,7,10,6,6,8,7,3,2,10,0
0,37,31,6,1,0,4,2,2,3,6,14,44338.0,1520,31824.0,9,8,4,40,21,70,5,92,5,1,1,3,7,3,7,7,5,6,1,1,2,7,10,4,2,5,5,1,4,9,0
1,43,33,6,2,0,10,6,4,6,5,7,27659.0,1245,53159.0,2,8,50,44,88,88,88,89,9,5,9,5,8,7,1,2,5,1,5,1,3,9,2,3,10,10,3,10,5,8,0
0,23,40,4,4,1,1,1,7,2,11,6,84617.0,1419,28631.0,9,2,33,53,76,18,92,48,10,4,8,6,2,8,4,8,8,2,7,8,1,5,7,10,6,7,7,5,1,6,0
1,43,37,3,3,1,2,6,3,6,3,12,33902.0,838,54876.0,1,3,46,70,78,43,95,24,5,5,1,6,8,5,1,10,10,6,6,8,10,9,8,7,6,5,1,8,9,3,0
0,26,30,6,3,0,4,1,1,6,9,16,79616.0,1511,16452.0,5,2,38,37,34,23,85,57,7,3,5,6,5,5,10,3,8,1,10,1,7,1,10,4,2,7,7,1,5,5,0
0,38,32,4,6,0,10,1,4,4,7,8,87196.0,989,46246.0,8,9,94,54,53,31,73,80,8,5,2,9,2,1,8,5,10,4,9,1,4,10,4,8,5,6,9,10,10,9,0
1,30,29,4,3,0,3,1,7,6,3,9,128539.0,1559,54772.0,4,4,73,69,14,94,80,40,2,7,2,8,6,1,3,7,2,6,1,6,4,7,7,2,10,8,9,8,1,8,0
1,42,26,2,3,0,7,1,7,2,2,1,110677.0,1206,45953.0,8,2,8,4,85,73,70,86,5,3,1,4,10,7,6,8,7,6,4,8,5,10,8,4,10,8,10,9,3,3,0
1,38,43,3,4,0,2,5,3,1,8,14,94921.0,1133,52964.0,5,4,81,39,25,50,67,12,9,7,1,8,6,7,10,5,8,9,10,5,2,4,3,5,10,2,1,2,6,6,0
0,43,35,4,4,1,6,5,1,5,6,17,59639.0,1292,24934.0,9,9,75,93,76,83,12,40,10,7,1,7,3,10,6,5,8,2,7,2,10,8,3,2,4,3,5,2,10,4,0
1,25,38,2,1,0,9,5,3,4,5,17,51923.0,1184,56759.0,10,4,23,60,29,51,60,79,1,6,6,5,4,6,9,10,10,6,8,4,6,4,4,9,1,2,1,6,7,2,0
0,33,31,3,6,0,5,5,6,7,18,5,129305.0,1036,12765.0,7,3,4,45,89,92,15,50,5,3,9,4,10,5,10,7,3,10,7,7,5,9,7,4,1,8,3,10,4,5,1
0,30,37,3,5,0,7,3,5,2,4,14,140806.0,1143,44678.0,2,7,28,68,23,47,23,57,4,2,2,8,10,9,1,4,9,7,10,4,1,7,1,10,7,7,6,6,5,6,0
0,30,42,3,4,0,7,1,7,5,9,8,26252.95,1428,12502.4,9,7,5,20,31,72,41,31,1,2,8,8,10,5,1,8,1,6,6,1,2,5,6,10,1,7,6,2,2,7,1
1,34,21,1,3,0,9,1,1,7,13,13,30296.0,913,55705.0,9,1,57,79,12,62,73,30,8,4,6,5,2,4,1,1,7,4,8,6,5,5,9,1,8,4,3,3,1,6,0
1,40,25,5,1,0,1,2,5,6,17,6,32254.0,837,13295.0,4,3,59,82,4,93,73,21,8,6,2,3,9,8,7,6,6,8,10,6,6,9,8,4,1,4,10,4,6,9,0
0,37,25,3,6,0,9,5,6,5,13,3,108307.0,1536,53098.0,1,6,8,53,83,19,84,45,4,6,10,6,6,1,3,6,10,5,8,6,3,1,9,10,9,3,3,2,3,9,0
0,22,39,3,5,0,7,6,1,7,12,12,116705.0,1470,27136.0,2,9,20,25,47,20,8,84,5,1,4,3,9,9,5,10,4,9,7,2,5,10,5,8,4,1,1,8,3,2,1
1,39,39,6,5,0,7,6,3,1,9,10,43471.0,1507,36741.0,8,2,77,42,19,85,21,76,3,2,2,4,1,10,3,8,1,7,6,8,8,2,4,1,3,4,4,3,8,6,0
0,38,33,5,1,0,5,3,2,7,1,2,137748.0,1432,20189.0,10,6,91,4,79,76,8,18,4,8,4,5,5,3,10,8,4,5,5,6,1,9,3,1,9,3,9,4,2,9,1
1,34,43,6,6,1,5,3,1,5,18,6,33408.0,1377,28260.0,10,6,14,37,83,4,79,4,2,9,6,4,10,7,9,8,3,2,3,1,6,4,2,8,9,2,7,2,8,10,0
0,26,41,1,3,0,2,6,1,6,9,4,127802.0,855,52381.0,1,4,4,52,75,84,15,36,10,7,1,1,2,7,7,8,2,2,3,2,7,8,8,5,6,3,10,7,9,2,0
1,19,27,1,1,1,2,4,4,1,6,2,38973.0,1003,35606.0,7,5,48,43,64,9,11,40,10,3,7,4,2,6,9,9,2,3,4,9,3,10,5,7,10,3,8,1,5,7,0
0,42,42,3,2,0,7,2,2,4,3,14,70588.0,1285,43637.0,6,3,47,37,8,96,80,31,3,5,7,3,3,8,8,10,10,4,3,7,7,5,2,5,2,5,4,10,7,2,0
1,43,38,4,2,0,3,1,2,5,6,15,78670.0,1088,18005.0,5,6,58,21,54,15,5,15,3,6,9,3,7,2,4,1,4,5,2,2,3,2,10,10,1,8,1,4,3,6,0
0,35,43,4,6,0,8,6,7,1,16,6,109446.0,1297,16866.0,9,2,56,35,13,55,78,42,8,10,5,2,4,10,7,10,8,10,4,7,5,1,2,9,2,3,7,6,5,9,0
1,26,34,1,1,1,9,5,7,6,7,15,69798.0,913,55589.0,4,2,22,65,42,57,52,42,10,6,2,3,3,5,5,5,8,1,7,3,8,10,7,4,1,1,2,8,2,3,0
1,23,19,6,2,0,7,4,6,5,14,6,88126.0,969,14683.0,3,1,30,24,70,35,31,13,6,9,5,8,7,4,3,1,6,8,8,6,3,3,1,3,10,1,10,1,8,7,1
0,28,35,3,3,1,2,6,6,2,2,10,49465.0,1461,44076.0,2,2,31,68,20,4,55,72,5,7,2,5,5,4,7,5,3,8,3,5,5,4,4,1,5,2,1,9,4,5,0
0,42,27,5,5,1,1,3,7,1,15,5,37506.0,1438,17498.0,5,7,15,74,84,85,79,12,8,5,2,9,3,5,3,9,2,10,1,5,9,7,4,2,5,7,9,2,9,2,0
1,23,43,1,1,1,10,6,3,3,12,8,133554.0,1011,51528.0,4,5,16,33,49,45,46,4,8,2,4,6,7,1,5,8,6,5,2,10,6,3,7,4,5,5,9,1,1,7,1
0,23,38,2,4,0,3,4,2,5,15,11,128706.0,1016,25799.0,3,2,38,84,31,81,30,96,7,9,5,2,3,1,4,2,9,10,6,8,2,6,3,6,4,3,5,1,2,2,0
1,30,21,2,1,0,5,5,3,6,6,1,36960.0,1254,22616.0,1,2,35,59,96,11,42,13,3,8,3,2,9,8,4,8,6,9,5,3,5,2,4,1,8,1,1,7,5,2,0
0,28,19,2,3,0,8,6,6,5,6,10,73138.0,930,27566.0,10,2,37,4,84,96,5,60,7,2,9,2,10,7,6,7,1,7,10,6,8,7,3,8,10,8,1,3,10,3,1
1,31,21,1,2,0,1,2,6,2,3,17,101246.0,878,26585.0,6,9,96,39,42,76,23,55,1,1,6,7,6,5,5,5,1,4,3,7,5,1,1,1,9,4,2,1,1,3,0
1,19,21,6,5,0,2,2,3,6,2,10,31238.0,1132,44817.0,3,6,96,60,87,19,63,57,3,8,10,8,4,2,3,5,4,9,1,3,5,10,4,10,5,10,8,10,8,10,0
1,25,43,5,6,0,1,1,7,2,5,7,76193.0,862,19355.0,3,8,33,75,30,80,16,25,3,3,9,7,8,9,6,8,3,6,8,7,3,10,4,7,4,3,7,9,1,6,0
1,20,21,2,5,0,4,1,5,7,18,13,143471.34999999998,866,22942.0,9,1,58,24,15,79,91,96,1,9,4,9,10,4,7,7,8,4,10,7,6,7,8,8,4,4,6,10,8,2,0
1,40,34,6,3,0,2,5,3,7,7,15,51116.0,1557,29686.0,2,6,91,87,95,22,91,11,6,9,8,8,10,3,4,5,7,10,2,3,6,10,7,5,2,9,8,5,3,7,0
1,38,26,5,6,0,6,1,4,4,2,7,106973.0,1179,51926.0,1,6,88,4,20,45,23,19,5,6,3,10,2,7,2,3,10,10,2,4,6,6,3,6,6,5,5,8,2,9,0
0,20,36,4,1,0,1,5,5,6,3,14,140361.0,1043,44373.0,3,6,74,41,93,50,83,63,5,6,9,4,4,7,9,8,9,1,4,6,4,2,1,2,2,5,3,7,9,4,0
0,19,30,6,5,0,8,2,4,2,5,8,58994.0,890,27065.0,9,6,55,70,81,4,42,31,7,9,2,10,10,1,2,9,8,9,9,1,9,8,8,5,4,1,6,9,9,3,0
0,41,21,3,1,0,3,5,4,5,13,17,123383.0,1320,14625.0,10,1,26,4,64,20,42,43,7,5,5,7,5,2,6,9,2,10,1,9,9,5,3,5,2,6,2,6,1,4,0
1,36,22,5,5,1,2,6,2,2,5,6,85090.0,1082,49170.0,4,2,30,61,38,42,5,7,1,1,7,5,9,9,8,4,8,8,5,5,4,5,3,6,10,10,4,7,1,2,0
1,35,30,2,4,0,3,3,6,2,18,11,87801.0,837,19021.0,7,1,18,93,83,18,19,47,7,9,7,10,10,3,3,8,3,9,9,1,6,10,9,9,6,4,9,8,5,8,0
1,34,40,6,4,0,3,5,5,4,1,6,109414.0,1497,53397.0,3,8,81,75,56,24,37,46,10,10,8,5,3,8,10,2,10,9,7,7,1,4,10,8,9,7,2,4,5,7,1
1,37,33,1,3,0,9,4,5,4,14,14,137874.0,1009,33601.0,3,3,25,71,56,88,47,39,9,7,8,2,4,10,9,4,9,3,7,10,6,2,8,8,5,4,6,10,3,2,0
0,41,39,1,5,0,10,6,5,4,10,2,26252.95,1269,40193.0,7,9,5,17,35,79,30,44,5,10,8,10,7,8,6,2,5,2,6,4,7,1,6,6,4,10,8,7,2,9,0
0,30,22,2,1,0,9,6,4,4,15,16,108767.0,1295,51627.0,3,7,32,87,56,58,48,41,6,2,8,4,3,2,10,2,4,8,5,4,1,2,2,5,2,4,10,7,7,2,0
1,20,25,4,6,0,6,2,4,5,5,9,26438.0,1170,30490.0,8,2,66,36,34,15,37,95,1,1,3,7,10,6,8,8,2,8,9,1,4,9,9,3,2,2,7,5,7,6,0
0,19,33,6,5,0,4,4,3,6,2,17,143471.34999999998,1559,45591.0,9,5,91,5,34,65,5,78,2,2,3,2,7,10,2,7,9,4,1,6,5,2,10,10,6,10,9,4,10,4,0
0,21,19,2,5,0,1,1,3,1,9,2,104084.0,1236,50426.0,1,4,16,12,96,84,86,15,5,3,1,1,3,2,7,6,5,8,5,8,5,9,2,9,5,3,3,9,3,10,0
1,42,40,1,2,0,9,6,1,2,9,11,95566.0,1045,24585.0,1,6,31,45,25,84,76,65,3,4,6,6,9,5,8,5,8,9,8,10,5,6,2,9,3,7,5,1,1,7,0
0,30,23,6,1,0,1,4,4,5,16,2,74132.0,1210,20537.0,6,1,58,35,80,86,55,25,8,3,7,7,5,2,8,7,10,6,7,1,7,9,6,10,6,9,9,9,1,5,0
1,34,28,2,5,0,5,6,7,3,6,1,63510.0,1559,50289.0,1,9,15,10,19,96,93,68,4,2,8,7,6,8,5,4,7,4,3,7,5,2,10,3,5,7,4,2,2,9,0
0,28,33,6,6,1,6,2,5,3,15,5,33163.0,1087,15633.0,5,8,8,6,73,80,53,90,6,10,7,4,2,4,8,5,5,6,4,10,3,3,10,4,4,4,6,7,8,3,0
1,19,22,2,6,0,5,1,2,7,14,17,48531.0,840,12502.4,9,3,59,53,90,72,49,53,8,5,2,1,6,3,6,10,9,6,1,7,10,7,4,6,8,7,9,3,6,10,0
1,42,33,6,2,0,2,3,3,7,1,7,84527.0,1119,45678.0,8,1,72,63,68,58,55,88,7,6,4,1,1,2,2,10,6,5,3,1,2,3,7,2,2,5,6,7,10,1,0
1,33,24,3,2,0,8,6,2,6,2,5,104815.0,1026,42192.0,4,6,7,16,58,64,66,42,2,5,9,4,6,7,1,9,7,2,2,3,2,3,3,10,1,1,9,7,3,10,0
1,19,36,3,3,1,2,6,6,4,12,11,74209.0,948,36773.0,5,7,68,8,24,21,51,37,7,10,4,10,7,5,8,5,5,9,3,4,4,5,8,6,2,9,1,10,10,9,0
0,36,19,4,4,1,9,1,3,4,5,9,84250.0,925,49788.0,4,9,29,44,40,19,37,49,9,10,4,4,3,2,7,7,2,3,4,4,2,6,4,6,10,5,10,10,10,8,0
1,40,26,6,4,0,2,4,1,6,12,2,26252.95,1061,20196.0,7,2,76,87,59,5,5,40,3,10,6,3,9,5,2,1,4,4,1,7,1,7,5,1,5,5,10,2,6,9,0
1,36,35,2,5,0,10,2,1,2,8,7,96948.0,837,57527.0,3,8,46,8,75,42,28,9,5,9,7,3,5,1,8,4,6,4,9,9,1,5,8,3,10,1,7,8,8,5,0
1,42,30,2,1,0,2,4,2,5,16,1,72266.0,918,52547.0,10,8,45,4,96,57,95,58,8,3,6,8,9,9,2,7,4,10,9,3,5,8,6,9,9,9,4,9,2,3,0
0,33,43,3,1,0,1,5,5,1,14,4,56597.0,1229,50942.0,2,7,90,85,25,52,85,53,2,3,1,7,8,10,3,10,6,6,4,1,6,8,10,7,7,3,2,6,6,2,0
1,39,32,6,3,0,6,6,2,7,12,8,93902.0,1421,21970.0,4,1,36,64,30,96,76,85,10,7,1,3,4,3,3,5,10,5,2,2,4,7,10,6,4,7,5,1,9,10,0
0,36,20,3,4,0,7,6,2,3,16,10,101190.0,1388,28710.0,7,9,4,46,85,96,9,73,4,4,7,3,8,9,4,2,7,9,7,10,4,10,5,10,7,6,9,6,2,6,0
1,26,41,1,2,0,2,6,2,3,9,7,119807.0,849,53270.0,9,7,31,71,93,36,12,72,7,8,5,1,10,6,3,9,3,8,9,10,4,7,8,8,10,4,9,4,5,2,0
0,19,27,5,1,0,8,6,3,4,7,17,130038.0,933,12502.4,6,1,69,4,26,73,57,96,3,7,1,3,10,2,7,2,1,1,4,2,3,5,6,1,9,3,10,2,1,3,0
0,27,26,6,6,1,3,6,7,6,11,7,99267.0,1252,38144.0,9,3,8,10,77,66,65,80,6,1,4,6,4,4,9,3,8,5,2,9,1,7,3,8,7,4,5,5,10,8,0
1,36,30,6,1,0,10,1,4,4,2,13,87306.0,1011,52727.0,7,8,96,26,23,11,90,23,4,2,7,3,3,8,7,8,5,4,4,2,8,8,2,8,5,8,7,1,2,4,1
0,19,33,2,4,0,4,2,4,1,12,15,26252.95,1342,56605.0,6,8,35,95,82,75,68,36,7,4,3,10,2,4,5,10,2,6,10,2,10,1,7,4,10,9,9,8,9,3,0
1,19,20,3,5,0,1,3,3,3,16,12,99883.0,873,39385.0,3,9,4,92,63,77,78,65,1,5,2,10,3,2,3,1,8,4,1,5,10,10,1,5,1,3,2,1,5,10,0
1,33,39,6,1,0,10,5,3,1,4,7,134753.0,837,50420.0,3,4,80,30,49,68,8,6,2,4,6,5,1,4,1,3,1,10,7,5,7,7,2,10,7,7,4,2,1,6,0
1,29,40,2,6,0,9,4,4,4,14,16,101045.0,981,18311.0,1,9,55,92,86,60,49,67,3,2,1,4,10,6,10,3,8,6,3,6,3,2,5,6,7,10,3,5,1,9,0
0,25,32,2,5,0,6,1,3,7,10,7,89104.0,1318,53997.0,1,4,52,65,49,92,9,79,7,4,4,9,8,4,6,10,4,3,8,2,3,3,6,8,7,6,8,4,6,3,0
0,40,34,5,2,0,9,1,2,6,8,7,41986.0,1248,50751.0,6,7,13,32,52,59,93,82,1,6,5,8,5,9,10,3,4,4,5,7,3,10,8,7,6,8,3,7,4,10,0
1,35,31,2,5,0,3,2,5,2,7,13,63728.0,988,35773.0,6,3,49,4,27,67,74,25,2,3,3,6,8,10,8,10,2,2,5,2,3,1,9,1,6,2,5,5,7,10,0
1,19,24,3,4,0,3,2,4,2,13,13,77427.0,873,38982.0,6,6,4,56,72,73,21,22,4,9,1,9,1,5,9,1,4,6,2,8,9,9,7,5,7,10,3,3,10,5,0
0,42,37,5,6,0,4,2,1,2,5,14,111841.0,1507,22660.0,5,3,29,25,41,76,18,34,2,4,1,9,10,8,8,6,6,3,9,7,3,5,3,9,3,3,9,8,4,5,0
1,30,33,4,1,0,5,3,2,5,18,6,92750.0,1080,23564.0,3,8,44,4,55,44,85,75,8,8,2,4,2,3,3,4,8,8,1,4,3,5,5,5,2,1,5,8,8,3,0
1,23,38,5,4,0,8,5,5,2,1,15,141764.0,976,34471.0,9,3,86,67,39,66,5,95,2,1,1,10,6,8,9,9,9,2,5,6,2,1,1,8,7,5,10,1,8,6,0
1,38,25,5,2,0,6,2,3,7,8,6,126457.0,1006,55101.0,1,2,96,32,27,96,69,37,2,4,5,7,7,1,6,10,2,4,4,3,10,6,9,5,5,1,9,2,10,10,1
0,43,21,4,2,0,4,1,7,7,16,11,138859.0,837,31953.0,7,9,9,32,94,28,38,35,1,6,4,10,4,10,6,3,8,10,8,8,4,2,7,10,8,7,2,8,1,6,0
0,23,37,3,2,0,10,1,7,2,3,17,77203.0,1048,41261.0,3,1,27,4,39,7,52,63,6,5,4,3,8,2,1,5,9,1,5,1,2,3,6,2,4,9,6,10,4,10,0
0,26,41,6,3,0,2,5,2,3,7,12,67371.0,1298,57566.3,5,1,63,57,24,93,26,19,3,6,5,1,9,4,9,7,9,4,7,10,4,8,5,3,6,5,5,1,9,10,0
1,33,32,6,5,0,7,5,6,7,5,16,137011.0,1159,42933.0,9,1,92,27,36,26,9,96,3,2,10,4,3,3,6,1,8,2,8,1,2,4,4,4,8,6,4,8,3,4,0
1,28,22,2,5,0,5,3,7,1,6,5,88069.0,971,44318.0,1,5,35,78,35,39,70,44,7,3,4,9,5,7,1,3,10,8,9,9,5,8,10,1,7,5,2,10,3,3,0
1,24,30,1,3,0,6,6,3,2,5,14,91039.0,967,55037.0,2,2,72,66,44,37,81,92,1,10,9,8,5,4,10,9,6,1,9,5,3,7,10,4,8,3,7,7,7,8,0
0,27,23,2,6,0,9,3,7,5,13,7,132093.0,1005,37877.0,10,6,63,21,92,45,13,87,1,2,4,6,9,2,5,10,5,10,4,3,4,5,10,4,8,8,7,6,6,3,0
1,27,43,2,2,1,4,4,2,6,3,4,119505.0,876,46200.0,9,4,61,93,49,14,8,70,8,5,3,6,5,2,9,3,7,2,8,6,1,2,9,3,2,9,1,6,8,10,0
1,42,22,2,4,0,7,5,4,4,9,12,127748.0,1552,20293.0,2,7,42,26,80,90,6,89,5,1,1,4,5,3,1,2,10,5,10,7,3,5,7,8,9,5,2,8,5,6,0
1,37,34,6,1,0,9,3,3,5,3,9,36536.0,1410,21176.0,7,9,4,77,65,29,65,69,2,10,4,2,7,10,2,1,6,10,3,7,8,9,10,3,7,6,10,3,9,5,0
1,35,24,1,2,0,10,6,2,5,8,3,26252.95,1203,17550.0,10,1,78,55,6,88,5,8,3,4,10,8,9,9,2,5,6,1,8,8,7,8,8,6,3,10,7,10,4,1,0
0,41,23,2,2,1,7,2,1,3,14,9,39192.0,1120,47372.0,1,2,52,21,87,66,30,44,4,4,3,3,3,3,7,3,5,5,2,5,9,10,9,6,4,3,10,9,2,9,0
0,37,19,1,1,1,4,4,4,7,9,7,65827.0,1029,20993.0,4,3,51,50,39,81,39,53,10,1,5,6,10,10,1,8,2,1,4,9,5,4,10,6,7,6,8,6,3,10,0
1,26,28,2,6,0,1,5,4,6,14,16,70697.0,911,45126.0,6,3,55,95,73,39,58,61,1,7,1,8,3,3,5,3,10,5,3,6,5,8,1,4,9,8,9,8,2,7,0
0,32,24,3,5,0,7,3,1,3,13,7,78527.0,1165,21449.0,1,2,96,44,96,9,69,46,4,8,1,8,4,9,4,8,6,4,6,5,7,6,6,5,7,2,4,3,5,7,0
0,21,39,2,1,0,10,5,5,5,13,12,72499.0,1256,43287.0,5,4,10,44,28,37,19,21,10,8,2,8,2,1,8,6,3,7,4,8,6,9,9,8,2,9,10,8,5,7,0
1,25,38,1,5,0,7,3,1,6,13,11,26252.95,1123,33607.0,2,6,46,11,8,66,69,93,6,1,4,7,1,3,2,9,9,10,6,10,3,9,3,8,2,1,4,1,6,9,0
1,26,25,3,6,0,7,1,3,4,2,15,112250.0,1008,46714.0,5,7,71,82,34,61,54,59,10,2,6,9,9,3,5,7,3,3,4,5,6,1,7,8,3,6,8,8,6,4,0
0,30,22,5,4,0,2,5,1,1,17,6,130393.0,837,28809.0,5,9,4,32,86,9,17,83,2,1,9,10,6,3,2,7,10,3,2,7,8,6,8,8,8,6,7,9,4,10,0
1,26,43,2,3,0,5,4,7,6,13,10,68248.0,1118,40751.0,5,3,68,44,59,92,93,96,4,1,4,6,5,10,3,1,6,3,2,5,2,6,3,3,10,4,3,7,8,7,0
0,43,35,4,2,0,7,1,7,4,11,16,113081.0,1559,28088.0,3,2,25,95,46,31,38,29,1,4,3,6,1,9,2,8,5,8,4,1,9,5,9,3,6,3,3,3,9,3,0
1,21,39,1,3,0,2,5,5,1,8,17,130674.0,1427,25315.0,6,4,78,8,18,73,10,41,9,7,4,1,1,5,6,5,9,8,5,1,10,10,4,4,6,7,1,1,10,8,0
0,34,33,5,3,0,10,5,7,6,17,5,26252.95,1527,36849.0,7,1,32,20,76,62,5,28,1,6,1,10,1,2,6,6,5,6,10,7,4,7,4,8,6,2,8,4,7,9,0
1,33,31,5,4,0,9,2,6,5,3,10,132628.0,837,54988.0,8,6,17,92,46,62,95,23,6,5,4,4,1,3,5,4,2,3,2,10,3,2,10,9,6,10,10,10,1,3,1
0,32,29,4,6,0,3,4,6,6,17,8,143471.34999999998,1082,50923.0,2,6,22,21,63,80,50,10,2,3,8,6,4,1,8,9,3,8,9,3,7,9,6,2,6,3,9,10,7,8,0
0,20,34,3,5,0,1,4,3,2,4,16,66179.0,1222,28891.0,5,3,4,65,52,68,66,67,6,10,5,5,10,10,3,1,8,4,5,9,10,2,1,5,8,7,7,6,9,5,0
0,42,22,5,3,0,9,5,5,5,18,10,75596.0,963,31428.0,6,8,21,12,81,9,33,70,8,10,4,6,5,5,5,3,3,10,8,4,4,3,8,1,10,10,6,6,7,8,0
1,37,31,6,5,0,8,5,4,1,4,15,136256.0,1249,56022.0,7,7,90,14,55,94,39,12,8,4,2,2,8,6,7,6,9,4,9,8,7,1,6,10,4,8,10,10,8,5,0
0,22,23,5,5,1,9,5,2,1,14,14,143471.34999999998,1098,34888.0,4,1,70,93,4,67,43,13,7,7,1,6,2,5,4,1,3,4,3,5,1,4,2,3,4,5,1,8,4,1,0
0,40,32,2,1,0,4,4,2,6,6,12,50648.0,1452,22225.0,2,1,21,91,11,52,40,69,2,4,9,7,7,7,2,8,1,8,9,7,10,1,5,6,8,7,2,6,10,2,0
1,22,24,1,1,1,7,5,7,6,2,16,69662.0,1247,26723.0,2,2,39,34,34,37,86,44,2,8,10,5,3,3,10,10,5,4,9,4,2,4,4,2,9,9,7,5,2,6,0
1,37,31,6,4,0,3,1,4,7,8,1,37834.0,921,22301.0,9,3,31,59,54,79,95,20,5,1,7,1,8,3,10,7,7,1,2,4,3,6,7,1,8,7,3,9,3,7,0
0,32,35,1,4,0,3,3,1,2,13,11,90582.0,1462,18334.0,3,8,16,31,4,92,5,67,4,2,10,10,3,1,1,9,7,7,2,10,9,9,6,8,7,6,4,9,8,9,0
0,35,19,1,2,0,2,2,5,6,13,8,90154.0,837,29115.0,10,1,6,13,79,83,50,38,10,7,4,6,10,1,1,5,1,8,7,3,6,4,3,6,3,2,2,8,8,10,1
1,32,23,3,5,0,9,2,7,5,17,4,29491.0,1123,20327.0,2,3,89,4,83,46,95,87,5,1,5,5,10,9,2,9,8,7,5,8,2,5,2,9,4,10,9,1,9,10,0
1,19,20,6,4,0,8,1,5,1,14,6,97409.0,965,50497.0,4,8,92,49,64,96,91,77,8,10,9,10,5,4,5,9,9,3,7,7,7,8,4,8,7,9,4,1,4,6,0
1,30,22,1,6,0,9,5,6,7,12,7,26252.95,1523,27267.0,1,6,85,87,50,8,85,12,5,1,3,2,10,2,5,8,8,1,3,7,9,6,2,6,6,6,2,1,10,5,0
1,21,29,4,6,0,3,4,2,7,12,7,143471.34999999998,1559,42293.0,4,9,76,18,4,92,15,15,5,6,2,7,2,8,2,8,4,4,6,1,7,7,1,3,10,5,3,1,4,6,0
1,27,28,1,5,0,2,4,2,2,4,17,107332.0,1280,24497.0,5,6,16,69,74,75,95,32,1,9,9,5,7,2,1,4,3,9,2,3,2,2,1,9,3,10,10,1,7,6,0
0,30,30,3,5,0,7,6,7,6,4,1,141016.0,1334,37905.0,2,8,4,10,42,33,33,38,2,3,3,2,3,9,7,6,10,6,8,7,2,4,7,2,8,9,1,2,4,8,0
1,27,33,6,1,0,9,1,5,1,4,1,60963.0,837,39094.0,1,7,38,41,38,30,55,16,4,3,7,9,2,2,2,10,9,4,5,8,7,10,8,5,8,7,7,9,3,1,0
0,26,35,4,2,0,5,6,2,3,1,5,136557.0,1000,14074.0,7,4,35,4,45,88,63,84,9,2,10,1,10,4,4,4,4,8,5,3,6,1,1,9,3,7,1,1,9,6,0
0,25,34,5,2,0,1,3,6,5,18,9,81325.0,1310,46073.0,10,7,80,39,65,31,34,70,10,6,5,4,2,1,9,7,7,1,4,4,5,7,4,4,5,1,9,1,9,10,1
0,20,34,3,2,0,4,6,4,5,3,2,27595.0,944,14136.0,8,1,48,85,56,81,95,84,4,10,2,3,8,1,4,2,4,4,3,7,5,7,8,9,5,7,2,4,8,7,0
1,33,28,1,4,0,7,2,3,7,7,5,143471.34999999998,1559,12502.4,1,7,4,25,6,27,17,7,8,1,1,5,3,4,1,10,1,2,6,3,7,9,5,4,10,1,6,4,3,7,0
0,31,37,3,1,0,8,2,6,2,10,17,82985.0,837,12502.4,5,7,29,87,49,41,32,72,2,10,3,7,9,5,4,5,10,4,6,6,2,2,1,9,10,10,2,6,5,4,0
0,26,27,2,5,0,1,3,2,7,17,17,43798.0,1195,16873.0,7,6,73,4,12,76,75,26,5,10,10,8,5,4,2,3,3,3,9,10,1,2,1,7,1,2,1,1,6,6,1
1,38,33,1,6,0,10,3,4,5,15,12,26252.95,1559,21863.0,9,4,26,10,26,73,81,52,7,7,3,9,1,6,10,4,4,2,10,7,6,1,4,7,3,4,10,3,7,4,0
0,28,19,5,6,0,8,3,7,5,7,9,143471.34999999998,1305,41591.0,10,9,95,61,34,96,20,92,7,1,10,4,1,7,3,10,9,7,1,2,1,1,4,3,3,3,10,3,3,7,0
0,20,34,2,1,0,3,1,6,7,10,1,28177.0,1295,38315.0,9,5,85,5,15,50,16,74,8,4,9,4,1,3,9,5,1,10,2,10,9,5,5,5,8,9,4,4,6,6,0
1,22,39,4,4,1,3,1,1,7,3,7,44443.0,1415,21482.0,8,7,39,61,47,7,43,76,1,9,8,1,7,9,2,3,4,1,6,1,1,2,4,1,7,3,1,10,7,9,0
0,27,37,4,3,0,1,5,2,7,2,12,58924.0,1529,32773.0,5,7,79,46,39,27,72,4,6,7,7,10,7,1,6,9,10,5,3,4,6,10,10,6,5,5,5,4,9,9,0
0,30,27,3,4,0,2,6,7,1,17,4,48654.0,1559,15296.0,9,2,66,45,4,75,40,70,2,7,3,8,9,9,2,4,3,8,6,8,4,8,1,5,9,8,8,10,2,10,0
0,21,30,1,3,0,6,1,3,3,4,16,143471.34999999998,1551,29958.0,9,6,58,79,76,84,32,8,10,2,8,3,10,6,1,1,9,7,4,5,8,7,2,9,4,2,4,4,5,6,0
1,41,29,2,2,1,8,3,2,6,12,17,124803.0,1107,22308.0,7,7,17,92,38,84,87,96,1,2,3,7,5,4,10,3,8,9,7,6,9,5,4,6,9,9,3,9,7,3,0
1,30,32,5,5,1,5,5,6,1,9,2,99062.0,1349,36450.0,7,8,47,29,56,76,79,74,2,6,9,7,10,7,3,2,1,4,1,8,8,8,4,1,6,9,6,6,4,4,0
1,29,24,5,5,1,1,2,6,1,2,12,72675.0,1054,13467.0,8,9,91,95,96,27,56,66,7,7,10,4,2,8,1,10,1,1,8,10,10,6,6,2,6,4,1,6,4,9,0
0,22,43,5,2,0,4,1,2,3,18,7,45569.0,837,42355.0,4,9,67,93,49,56,67,57,9,4,2,4,1,6,2,9,6,6,4,7,10,9,7,9,1,1,7,7,6,1,0
0,27,39,4,3,0,8,4,5,3,7,6,126994.0,1151,44601.0,8,9,20,19,62,53,6,84,6,3,4,10,4,2,8,8,3,1,7,9,8,10,10,1,4,4,1,10,6,1,1
1,41,38,5,4,0,1,1,4,2,13,2,119846.0,1484,16481.0,10,5,16,4,20,75,52,25,7,2,8,3,10,1,3,10,1,4,2,10,10,8,4,1,1,10,5,7,3,2,0
0,26,43,2,6,0,7,2,6,4,8,15,125422.0,1460,45921.0,10,5,67,91,56,85,78,90,5,2,1,6,1,4,8,7,3,9,10,6,3,10,5,7,8,4,5,5,9,10,0
0,37,30,2,2,1,5,3,6,6,16,15,97788.0,1014,41362.0,8,4,46,78,54,43,21,96,10,6,3,4,7,4,9,4,8,10,7,6,10,1,8,10,3,3,3,8,1,7,0
1,24,29,5,5,1,2,6,1,5,1,15,30391.0,1550,14276.0,2,1,33,47,96,37,38,22,5,8,8,5,8,2,8,4,8,7,1,4,3,10,7,9,4,1,1,1,1,2,1
1,19,29,6,5,0,8,3,5,4,1,7,29435.0,1312,12502.4,6,4,57,95,85,33,52,28,8,2,8,4,7,1,7,7,4,10,7,5,10,9,6,6,9,8,4,8,8,9,0
0,39,19,6,3,0,7,1,3,5,11,12,126975.0,1290,35665.0,4,9,92,41,62,77,5,12,5,8,4,6,7,5,1,8,4,1,6,5,8,5,1,4,4,8,9,6,10,3,1
0,41,22,5,1,0,10,4,3,3,11,8,44045.0,1122,26549.0,7,1,9,34,47,67,83,71,4,10,8,4,8,2,10,9,2,8,8,9,10,8,3,4,4,5,7,7,3,3,0
0,40,42,6,5,0,6,3,6,1,2,13,69893.0,1393,29896.0,5,3,80,81,64,54,5,26,4,2,7,7,2,4,3,5,7,6,3,6,3,10,7,2,7,4,8,4,6,4,0
1,24,42,2,3,0,3,1,2,2,2,4,44676.0,1486,50919.0,6,1,4,7,4,66,60,44,1,7,3,7,8,2,5,6,6,1,6,6,6,9,5,8,2,5,5,3,9,3,1
1,25,19,5,6,0,6,3,1,7,18,7,77324.0,930,35300.0,5,6,38,27,84,50,22,57,3,10,3,1,9,7,7,5,2,5,1,2,7,1,5,7,10,2,10,3,9,10,0
1,24,40,1,6,0,9,2,4,1,4,11,59689.0,1041,48157.0,2,3,73,37,96,31,42,6,8,9,10,5,1,8,1,9,1,4,10,3,4,10,9,10,8,2,3,9,8,9,0
1,38,43,5,6,0,5,6,1,2,18,2,75946.0,1410,40113.0,9,3,43,74,53,51,43,26,1,10,8,8,1,2,7,8,2,2,4,8,8,4,7,5,8,10,1,2,1,6,1
0,40,37,3,5,0,4,3,5,3,8,3,43063.0,1462,46998.0,7,7,11,85,47,78,31,47,3,10,5,5,2,9,7,4,10,9,10,10,9,7,1,10,5,7,4,7,2,4,1
1,31,30,1,1,1,10,4,1,4,17,2,118338.0,1537,46874.0,1,1,41,40,74,42,5,44,5,1,4,7,9,8,2,6,3,6,2,1,5,1,4,6,5,6,2,9,10,4,0
1,43,20,4,5,0,6,2,2,1,18,10,88520.0,1176,42680.0,8,1,91,24,16,4,47,32,1,6,8,8,8,4,10,5,1,6,1,10,4,5,10,5,8,6,8,6,3,1,0
1,36,28,2,2,1,3,2,3,6,11,6,102230.0,1398,25937.0,9,8,68,59,54,43,29,9,3,9,4,6,5,6,6,2,5,3,1,3,4,6,10,4,5,8,8,7,7,1,0
1,22,33,5,6,0,5,4,5,3,17,17,35501.0,1162,38674.0,9,8,96,67,89,20,5,15,9,6,5,4,5,10,7,4,2,8,4,8,1,10,8,4,5,10,10,6,4,5,0
1,40,19,5,4,0,1,4,6,6,10,2,32481.0,1197,13485.0,8,2,21,22,96,39,29,35,3,7,10,8,7,7,9,7,6,10,6,8,4,4,5,10,1,5,8,7,1,8,1
0,42,36,6,1,0,9,1,1,1,18,2,110509.0,1274,18062.0,2,3,82,8,22,50,44,59,4,10,6,8,5,1,1,6,9,1,5,9,2,7,10,5,3,6,1,5,3,3,0
0,35,28,6,3,0,5,4,4,7,4,12,114660.0,841,26871.0,1,1,89,52,37,53,68,13,7,4,9,6,4,4,3,1,2,10,9,8,1,6,3,4,8,9,2,1,4,2,0
1,37,26,4,1,0,2,4,2,1,11,3,49770.0,1411,17664.0,1,9,29,10,15,24,5,37,5,10,9,10,5,7,6,3,5,8,3,9,6,8,3,5,2,6,6,6,7,8,0
0,29,31,2,3,0,10,4,1,7,1,8,26252.95,1470,20601.0,6,6,66,63,47,33,57,51,1,6,8,7,2,5,4,6,9,3,4,5,1,6,2,9,10,8,3,4,9,1,0
1,40,26,6,5,0,3,3,1,4,1,3,37649.0,1307,55832.0,8,9,54,48,96,96,48,77,10,6,9,2,4,1,4,3,4,5,9,9,5,7,2,10,1,5,6,5,9,4,0
1,34,24,6,5,0,5,4,6,3,17,14,143471.34999999998,1052,53726.0,8,8,35,94,63,18,75,95,9,7,9,6,6,1,2,6,5,3,8,4,7,7,8,7,6,6,2,1,9,8,0
0,30,33,5,5,1,8,6,5,7,7,8,50140.0,1218,32975.0,3,3,42,85,62,96,82,82,4,1,10,10,9,9,7,9,9,10,1,6,4,2,4,8,9,7,1,4,2,3,0
0,19,20,6,1,0,3,6,5,2,17,6,121519.0,1320,14342.0,3,7,83,55,54,16,86,46,10,6,9,5,7,9,5,6,7,6,10,1,10,6,8,1,9,1,9,8,6,10,0
1,42,36,4,2,0,10,2,3,4,15,7,91326.0,1006,25510.0,10,3,81,47,22,74,72,29,7,7,3,3,7,1,3,3,2,7,1,3,2,4,7,1,3,5,2,9,6,2,0
1,30,21,3,2,0,4,1,5,3,6,16,56481.0,1319,27746.0,1,9,10,22,7,4,32,41,4,5,10,6,5,6,2,10,9,2,7,3,7,1,5,4,5,6,9,6,8,8,1
1,43,24,5,1,0,7,5,2,7,18,1,86408.0,1020,35881.0,3,3,30,72,4,6,25,37,1,10,2,9,2,7,1,7,10,2,4,2,1,2,2,2,7,1,7,8,1,8,0
0,24,40,6,3,0,8,1,4,2,3,4,106703.0,1260,26630.0,3,2,57,49,40,70,64,67,10,4,6,9,7,7,6,5,10,8,3,5,7,1,9,7,10,9,1,9,7,6,0
1,27,29,3,5,0,5,4,5,5,16,9,124558.0,1337,20087.0,7,2,6,75,15,16,62,59,4,5,4,2,10,5,5,6,1,3,1,7,8,9,8,9,8,1,1,7,5,8,0
1,40,35,1,3,0,7,4,7,2,5,15,82652.0,902,29128.0,3,1,51,79,88,89,95,4,5,2,10,8,2,5,2,1,3,9,10,9,3,1,4,10,6,10,7,3,7,2,0
1,23,22,4,4,1,9,2,7,1,7,8,90521.0,1559,39298.0,1,2,96,76,36,66,43,55,4,8,2,3,6,4,5,7,7,3,3,6,1,2,9,2,9,6,1,8,9,9,0
0,20,40,6,6,1,2,2,6,4,18,11,77044.0,862,14871.0,7,3,24,74,39,88,51,90,1,5,6,8,6,2,8,6,6,1,10,4,5,3,1,2,2,8,8,3,10,4,0
1,43,40,5,3,0,3,1,4,2,17,17,51300.0,1025,25760.0,4,2,95,88,36,67,77,9,10,5,7,3,7,7,2,9,8,1,7,1,2,7,2,5,2,5,6,1,9,3,0
1,20,39,1,5,0,10,3,2,3,10,5,127120.0,1173,48191.0,4,8,96,33,22,31,5,72,1,9,8,7,1,5,4,8,2,2,8,6,3,3,1,2,3,7,9,3,3,6,0
0,35,43,4,2,0,5,6,6,5,14,1,58533.0,1038,27611.0,7,9,23,70,65,85,40,89,7,8,2,10,6,4,7,7,4,3,5,4,5,9,8,8,10,9,2,10,5,3,1
1,28,27,3,6,0,5,1,7,5,3,8,142370.0,837,36721.0,1,4,31,69,16,30,12,15,8,3,3,2,8,5,4,10,4,5,2,6,4,3,5,8,7,2,8,7,9,3,1
1,39,29,2,1,0,8,5,3,2,6,13,104545.0,910,26174.0,1,8,73,23,86,21,61,78,7,9,5,5,2,10,3,5,7,4,5,2,8,8,8,1,10,6,8,7,8,10,0
0,37,25,5,2,0,6,4,2,5,13,17,108902.0,943,45833.0,8,2,17,52,12,73,19,70,4,3,5,8,5,8,9,7,6,7,6,7,6,1,7,3,5,7,10,5,10,7,1
1,22,36,4,6,0,5,5,6,1,6,9,96424.0,1420,23004.0,3,6,57,62,67,4,90,9,6,4,4,8,7,7,3,2,7,7,2,4,6,4,3,7,8,2,7,5,6,9,0
0,36,32,6,1,0,9,3,6,6,8,9,143471.34999999998,837,22187.0,8,4,20,15,51,52,68,4,10,3,3,7,3,8,3,8,6,2,1,6,7,10,10,3,10,3,10,2,10,1,1
0,39,19,6,6,1,3,2,2,3,17,2,134857.0,958,57566.3,4,3,93,8,77,79,22,4,10,10,6,10,3,9,3,10,5,9,6,1,6,10,6,9,3,5,3,8,8,4,0
1,43,20,2,6,0,7,4,2,3,5,7,41985.0,1057,12502.4,2,2,70,65,12,70,94,52,6,1,1,9,4,9,6,6,8,9,6,2,9,6,9,5,10,9,7,6,9,3,0
1,36,43,2,4,0,7,4,4,2,8,9,79131.0,1351,40141.0,8,4,35,17,22,72,28,72,10,9,5,7,6,4,4,6,7,4,3,8,7,5,3,10,4,1,7,5,10,2,0
1,32,35,2,5,0,8,1,2,2,7,11,52252.0,1301,13142.0,6,9,7,28,56,55,8,22,8,10,8,10,7,4,2,7,4,6,2,9,4,7,10,8,6,3,4,9,5,7,0
1,33,35,1,6,0,1,3,1,4,7,1,40468.0,1287,12502.4,4,9,4,76,42,59,71,96,10,2,1,3,7,3,2,2,10,8,10,4,8,5,6,6,2,2,1,3,5,7,0
0,41,19,4,1,0,6,4,2,2,17,4,44345.0,1285,40455.0,9,1,96,79,12,31,10,86,6,10,1,6,1,7,4,3,1,1,4,4,5,8,9,6,2,5,4,3,9,9,0
1,26,22,2,1,0,1,2,6,5,5,17,40758.0,1147,41350.0,4,2,60,24,44,8,95,67,4,7,8,1,5,7,3,2,10,8,9,2,2,4,1,4,9,7,2,7,10,7,0
0,21,19,2,5,0,7,5,7,7,9,16,132524.0,1542,33367.0,2,3,25,55,55,33,58,46,9,10,6,7,2,7,5,4,1,5,4,4,9,9,10,8,3,4,10,1,4,8,0
1,32,27,4,3,0,2,1,3,5,1,17,113695.0,1156,49843.0,9,1,64,68,52,84,56,9,1,9,2,1,1,9,10,4,3,9,3,10,5,1,9,3,5,3,3,4,10,6,0
1,42,37,5,3,0,6,4,5,5,1,10,78658.0,1161,40315.0,4,2,70,21,47,24,92,7,9,1,6,5,6,5,3,4,3,5,2,6,9,1,4,2,7,3,1,9,8,8,0
1,29,27,1,1,1,8,1,6,2,18,17,133101.0,855,53487.0,4,1,79,41,76,4,71,85,7,10,2,4,5,4,6,9,7,5,3,5,9,7,10,9,8,9,5,5,10,9,0
0,40,22,3,1,0,8,3,6,3,16,12,61297.0,1267,27985.0,8,1,46,86,51,84,32,13,6,2,7,3,1,6,5,2,7,6,1,8,5,1,5,1,4,2,10,4,4,8,0
1,20,35,6,5,0,7,3,2,1,4,1,76183.0,1455,57566.3,10,7,71,54,74,56,5,33,5,2,8,5,10,1,2,7,5,8,2,6,5,4,5,9,3,2,7,9,10,3,0
1,40,38,3,5,0,5,3,4,5,14,11,143471.34999999998,1317,21057.0,2,1,31,32,79,33,65,40,2,5,7,1,8,5,10,2,10,9,1,8,4,9,1,5,9,10,9,10,1,5,0
1,31,43,1,1,1,4,1,6,1,2,1,143471.34999999998,1300,35488.0,7,5,86,66,83,24,14,60,4,3,10,5,6,9,7,7,4,4,7,4,7,3,2,1,6,2,6,2,10,3,0
1,34,32,5,6,0,10,1,4,1,18,1,115820.0,1370,20324.0,7,1,40,50,66,16,9,16,10,8,6,1,3,9,5,5,7,7,9,4,8,3,2,2,5,5,3,6,2,1,0
0,36,37,2,3,0,5,6,2,7,4,10,86966.0,1084,44445.0,2,6,23,37,48,72,95,81,10,4,7,5,7,7,3,8,10,9,1,8,6,1,3,1,7,3,1,5,8,8,0
1,23,25,2,3,0,10,3,6,4,17,16,44727.0,1156,12502.4,8,9,85,20,64,12,42,4,8,2,1,2,5,6,6,7,6,2,10,7,3,7,6,8,9,4,1,5,1,8,0
0,21,34,1,6,0,9,6,7,1,17,8,87070.0,1520,49995.0,5,7,95,4,17,68,33,17,2,3,10,6,7,1,8,6,2,2,3,2,3,6,7,10,3,3,3,6,2,7,0
0,24,29,2,2,1,1,1,4,4,3,5,49743.0,837,50749.0,7,7,24,77,55,96,88,10,10,5,8,2,5,10,7,5,4,5,8,2,2,10,5,9,3,7,1,6,4,2,1
0,36,38,2,5,0,6,6,4,1,6,5,76999.0,848,14226.0,4,6,96,9,61,87,63,66,3,5,3,2,9,1,10,7,8,2,7,10,7,6,2,5,1,2,7,2,5,3,0
0,34,43,5,6,0,2,3,2,3,3,3,53807.0,1530,12502.4,8,1,72,95,87,7,51,5,4,4,1,6,2,8,7,8,5,7,9,1,1,9,10,9,8,7,1,6,8,10,0
0,42,29,4,5,0,1,6,2,4,2,16,118130.0,1127,33746.0,3,7,15,72,8,34,58,54,8,5,6,1,2,3,9,7,3,5,5,10,8,2,8,5,9,8,3,1,4,1,1
0,33,43,6,3,0,5,5,6,4,6,12,69278.0,1295,38095.0,8,8,92,70,30,28,10,90,6,3,5,7,7,5,3,1,4,5,3,9,9,10,6,2,8,10,9,7,2,7,0
1,32,19,6,4,0,10,5,7,6,12,3,43184.0,940,45341.0,3,3,66,18,88,5,20,62,8,10,6,8,10,5,1,2,9,8,3,5,5,6,9,5,10,1,5,3,9,7,0
0,39,43,3,6,0,9,6,2,1,3,15,143471.34999999998,1331,43490.0,2,1,60,4,42,78,80,25,2,5,5,9,5,10,6,1,7,6,2,7,7,7,9,8,6,4,7,4,9,10,0
0,25,43,3,1,0,9,4,3,3,7,16,77782.0,1559,15680.0,5,5,43,41,74,96,55,19,5,6,3,4,3,10,5,2,2,8,2,5,7,9,5,6,1,1,1,10,10,9,0
0,36,21,1,6,0,2,4,2,4,4,2,62973.0,855,47542.0,1,7,14,54,60,59,37,53,3,6,10,8,10,1,7,5,1,6,3,1,9,9,3,2,10,4,8,4,10,1,0
1,25,25,1,3,0,6,4,7,4,4,13,79688.0,1521,36931.0,1,3,40,51,58,84,5,89,4,2,1,4,1,6,2,7,7,7,9,3,10,5,5,7,2,7,3,6,7,2,0
1,35,19,1,3,0,5,3,7,6,4,6,74641.0,929,24132.0,8,3,59,40,45,43,39,51,3,5,3,5,6,8,10,10,5,7,3,4,4,3,1,3,7,7,6,5,6,1,0
0,33,43,5,1,0,5,2,7,1,15,5,83761.0,837,12502.4,6,2,4,43,52,88,20,77,4,1,6,4,9,5,3,3,6,10,5,1,6,8,4,9,4,5,7,6,10,1,0
1,37,32,1,1,1,5,6,7,1,6,3,101114.0,1065,12764.0,4,7,40,86,29,96,10,37,9,6,1,5,2,7,7,2,4,8,5,3,8,7,4,8,3,1,8,7,8,6,0
0,36,35,6,5,0,6,6,1,6,7,15,83575.0,1542,22267.0,2,1,25,75,8,5,49,86,5,8,4,9,10,3,7,6,10,10,8,5,3,3,7,7,1,9,8,3,4,10,0
0,27,19,1,2,0,10,4,1,3,3,13,49416.0,1073,57566.3,3,4,16,13,7,74,5,4,5,8,7,9,1,7,3,4,6,9,7,9,5,9,9,1,8,8,7,8,2,10,0
1,34,28,2,1,0,4,1,6,5,4,10,90525.0,1090,44733.0,1,9,75,58,94,37,93,37,10,9,8,9,7,7,6,9,6,8,9,3,10,1,7,4,1,8,8,4,3,1,0
0,30,40,1,2,0,4,2,4,3,2,17,106995.0,1135,57388.0,6,9,91,81,22,40,60,84,10,1,6,1,5,4,6,3,7,10,10,4,6,6,7,8,1,5,9,7,1,10,0
1,30,19,6,2,0,9,2,4,5,11,15,63524.0,1458,37086.0,10,1,60,85,13,11,7,4,10,8,3,7,2,1,6,2,3,4,3,2,3,9,2,8,2,7,6,8,6,10,0
1,24,19,2,4,0,3,4,7,6,7,11,86322.0,1291,15650.0,9,8,4,70,32,81,69,24,10,6,1,9,4,4,8,9,10,3,6,9,5,5,3,9,8,7,4,7,6,9,0
0,43,29,4,2,0,4,6,7,2,10,16,143471.34999999998,837,34542.0,7,8,94,48,17,15,51,23,1,2,7,1,3,1,6,9,7,10,10,8,2,3,6,6,4,5,8,3,3,5,1
0,27,33,5,2,0,4,6,6,4,9,16,106074.0,890,12502.4,5,5,29,35,5,84,21,42,2,10,10,9,8,3,7,5,6,2,8,4,2,1,1,4,3,10,5,3,10,10,0
1,19,39,4,3,0,7,4,5,5,5,2,35342.0,1432,40370.0,10,8,53,4,32,62,35,96,5,8,9,9,9,2,4,5,9,8,3,8,6,4,7,6,10,2,7,8,4,4,0
0,21,39,5,2,0,1,2,7,6,3,14,78830.0,1559,49099.0,5,7,96,78,82,67,5,14,3,6,10,4,3,5,10,3,1,7,2,5,5,9,5,10,4,5,3,10,3,7,1
0,42,27,1,3,0,7,1,7,1,17,6,26252.95,1532,23249.0,6,8,84,4,54,18,92,85,3,10,8,1,7,8,1,3,5,9,5,9,9,4,5,9,6,3,8,6,8,3,0
0,23,35,6,3,0,2,2,5,5,14,16,71205.0,1315,15971.0,9,3,90,95,13,32,85,21,1,4,10,10,9,4,8,9,7,2,1,4,1,5,7,4,9,4,9,5,4,1,0
1,41,32,4,6,0,7,5,1,1,2,5,105579.0,1378,55516.0,10,5,74,82,96,96,9,12,3,5,2,5,2,2,7,2,9,4,10,4,5,3,7,8,1,5,5,10,5,7,0
1,35,34,2,6,0,6,2,1,6,18,3,124633.0,1010,49476.0,1,9,4,4,33,71,18,47,3,7,1,6,6,5,10,7,3,5,5,2,5,10,2,10,1,1,4,4,2,2,1
0,40,27,3,2,0,2,5,4,4,6,11,36697.0,1053,40468.0,3,4,52,22,96,22,48,66,9,10,8,5,1,5,7,7,1,4,2,10,2,8,1,9,5,7,6,1,2,2,1
1,23,20,3,3,1,3,1,6,6,14,1,43820.0,908,28611.0,7,1,76,16,26,15,91,96,8,1,2,4,6,2,4,5,6,1,6,8,10,3,10,1,5,2,6,3,9,7,0
1,42,43,2,6,0,6,5,2,2,8,5,120166.0,1218,57566.3,4,6,67,42,55,38,39,39,9,9,4,7,7,6,8,3,2,8,1,9,1,5,8,2,3,9,1,5,7,9,0
1,40,38,4,3,0,1,4,6,6,14,2,86363.0,1317,33903.0,9,6,96,78,34,89,56,96,10,9,4,8,3,8,9,4,9,7,10,2,4,8,8,5,4,9,5,6,8,2,1
1,34,33,4,4,1,7,4,3,4,13,10,58205.0,976,24190.0,8,9,93,30,4,49,5,78,7,4,3,8,5,2,8,7,1,8,6,6,3,6,4,5,2,3,5,3,8,9,0
1,31,23,3,2,0,4,2,4,1,1,16,143471.34999999998,985,35054.0,10,6,77,95,24,85,70,4,1,2,8,1,3,1,2,3,4,7,6,10,8,8,3,7,6,5,6,6,8,8,0
0,41,20,3,1,0,8,2,7,6,13,9,83202.0,866,16458.0,4,9,93,16,25,9,49,33,8,1,6,4,6,7,4,1,9,4,6,1,7,10,9,6,8,3,6,8,4,3,0
0,28,26,2,3,0,2,2,2,6,10,12,44018.0,1405,39231.0,4,7,94,55,79,44,20,81,10,9,4,1,8,9,7,10,3,6,2,7,2,3,2,2,1,8,9,8,5,3,0
0,43,28,5,5,1,1,5,3,1,6,3,84924.0,1249,34312.0,4,8,11,44,16,80,82,68,1,6,9,9,7,2,9,8,10,2,9,9,6,1,6,5,10,4,4,6,9,7,0
1,36,38,1,3,0,3,1,4,7,3,4,50226.0,1053,24591.0,6,3,28,49,52,96,24,25,6,2,3,1,3,8,5,1,1,4,7,1,6,7,8,7,1,4,9,4,4,1,0
1,19,30,2,6,0,7,1,6,4,13,13,69058.0,1001,24189.0,4,2,31,70,29,18,46,54,10,6,8,2,6,6,7,6,1,9,7,5,9,1,1,8,9,8,10,2,10,10,0
0,20,35,6,1,0,10,6,4,4,6,1,77839.0,980,57566.3,5,2,42,74,96,67,36,4,2,10,6,1,1,2,9,2,4,5,2,3,1,9,1,2,10,5,2,8,4,4,0
1,28,43,5,3,0,9,2,3,7,13,12,124316.0,1300,40060.0,4,7,61,76,35,61,79,43,10,10,5,3,7,8,7,3,5,10,2,3,4,6,4,10,1,10,9,9,8,4,0
0,23,39,3,1,0,2,2,7,2,8,8,76024.0,972,43368.0,5,8,79,95,52,96,95,46,3,6,8,9,6,8,1,5,7,10,5,9,8,9,1,6,2,3,8,10,1,7,0
0,31,41,6,1,0,2,1,5,2,14,8,108285.0,1054,26598.0,9,7,91,90,4,16,89,71,1,6,9,8,5,2,2,6,4,2,2,9,3,9,3,4,4,7,8,6,10,8,0
0,36,43,5,2,0,8,4,1,5,9,17,26252.95,1247,12502.4,10,6,63,43,32,4,31,84,1,9,6,5,4,3,7,3,4,4,3,4,9,3,3,5,7,4,10,1,8,5,0
1,43,39,1,4,0,8,2,5,5,16,12,132799.0,1083,12502.4,2,9,34,50,31,40,84,56,1,8,8,3,8,10,1,8,2,9,4,5,2,2,9,10,3,2,8,8,3,7,0
1,33,21,2,3,0,8,4,7,7,17,4,100944.0,1559,12502.4,2,8,69,11,76,52,10,28,2,8,6,8,5,10,6,9,10,5,2,9,3,4,9,2,1,5,6,1,10,6,0
0,38,39,5,6,0,6,5,2,4,13,13,138846.0,1559,46196.0,1,1,68,83,35,56,24,55,9,4,10,2,10,1,6,2,2,4,2,2,5,9,3,10,8,3,10,8,6,8,1
0,39,41,2,3,0,1,6,7,3,11,6,106674.0,1305,33684.0,1,8,31,23,6,43,76,63,4,10,6,2,8,6,10,8,6,7,7,2,10,10,8,8,9,6,9,4,5,2,0
0,41,25,3,1,0,6,5,7,5,11,14,50774.0,1521,17948.0,6,1,22,50,96,4,5,38,5,1,6,10,10,2,6,10,1,7,10,6,9,4,10,5,1,8,9,2,5,3,0
0,24,30,6,4,0,7,6,4,1,9,16,78467.0,1004,56908.0,10,3,26,92,96,79,49,85,6,10,5,2,3,3,10,4,1,8,10,9,8,2,3,4,2,2,3,3,8,1,1
1,43,27,4,6,0,10,6,2,1,13,11,143471.34999999998,1349,13323.0,5,8,73,13,81,63,34,19,3,1,9,8,4,5,2,3,6,6,4,2,1,10,7,6,3,1,5,6,5,10,0
1,25,19,6,1,0,4,6,6,2,1,10,90451.0,1213,41935.0,5,3,62,35,21,19,5,49,5,5,10,5,5,1,9,9,3,6,9,1,8,5,6,9,4,6,8,5,8,1,0
0,36,25,1,1,1,8,2,4,4,8,4,125836.0,1392,14753.0,6,6,29,86,53,4,35,34,8,6,10,10,2,4,5,8,9,1,4,9,8,8,2,3,3,6,7,8,3,9,0
0,37,23,6,6,1,4,5,4,5,8,3,30868.0,1433,32170.0,8,8,6,72,58,7,45,44,3,10,2,3,1,2,5,8,6,4,6,8,5,4,2,5,10,1,10,7,8,7,0
1,33,33,2,6,0,7,2,3,5,3,8,140420.0,1341,29703.0,1,6,92,11,76,75,72,37,9,9,7,8,6,5,5,7,4,6,3,8,9,10,1,1,2,5,9,4,6,9,0
1,39,35,6,2,0,8,2,6,2,9,10,26252.95,837,19691.0,3,9,96,4,46,37,9,29,4,3,8,1,10,10,4,1,1,5,5,2,10,2,8,9,8,6,2,8,1,9,0
0,43,34,1,2,0,4,5,7,6,17,9,64009.0,1559,57566.3,4,4,11,39,5,19,83,70,4,4,7,3,6,1,2,1,6,3,10,7,4,2,8,3,4,4,4,6,1,1,0
0,24,23,5,2,0,9,2,4,4,12,12,38762.0,1353,46673.0,6,3,45,57,54,44,46,30,10,7,4,8,4,4,1,9,6,8,9,10,1,2,6,6,6,10,6,1,8,10,0
0,26,30,4,5,0,1,4,1,6,15,7,71866.0,1540,45727.0,4,1,95,27,28,11,45,78,8,5,10,2,7,5,5,7,9,1,5,8,2,10,8,10,8,2,9,4,3,5,0
1,30,40,4,3,0,9,4,4,3,11,6,72862.0,1063,57438.0,9,4,23,5,47,17,15,74,8,6,4,10,10,9,5,9,4,9,8,2,1,2,5,1,4,7,9,6,8,9,0
1,19,31,4,1,0,7,3,5,6,7,15,29030.0,1412,12502.4,2,2,96,37,53,89,5,58,3,7,3,6,3,3,8,9,7,5,4,6,3,1,3,7,4,10,1,10,5,3,1
1,25,43,6,2,0,3,3,3,4,7,1,59242.0,1256,13603.0,10,2,79,56,16,37,32,90,6,1,4,10,6,10,8,5,2,7,8,3,5,2,3,5,2,3,9,1,10,6,1
0,41,38,6,3,0,1,6,5,4,11,11,45084.0,837,56553.0,7,3,75,81,11,36,45,78,7,8,8,8,10,4,5,8,10,2,5,5,6,9,10,5,9,4,1,10,4,1,1
0,39,27,2,2,1,6,5,6,2,8,16,68965.0,941,46245.0,8,7,33,19,83,53,43,93,1,1,8,3,1,3,2,3,10,7,3,10,9,1,5,5,1,8,8,5,8,6,0
1,21,41,5,6,0,5,1,5,6,15,11,66839.0,1200,44861.0,6,1,35,95,35,61,33,81,9,8,10,2,7,7,10,2,8,10,8,4,10,3,2,9,5,8,10,5,9,2,0
1,20,28,3,4,0,8,2,3,2,13,6,33685.0,1022,15914.0,4,9,12,17,26,15,31,78,2,8,1,1,10,6,5,7,3,5,5,1,8,7,7,5,5,2,3,2,5,1,0
0,43,30,5,2,0,5,4,7,5,8,15,110021.0,855,45351.0,6,2,77,55,42,71,34,31,3,10,1,2,7,8,5,9,6,9,8,4,2,6,6,5,9,10,6,1,8,4,1
1,20,29,5,5,1,7,3,7,1,9,1,133891.0,1457,30918.0,1,4,79,27,53,56,25,34,1,4,8,2,6,1,10,1,5,7,5,8,10,6,7,3,7,1,8,3,5,6,0
1,39,26,3,4,0,8,1,5,4,12,13,43523.0,1191,17107.0,1,3,5,65,72,76,12,43,4,4,7,10,1,3,9,7,3,5,3,7,1,7,9,6,2,3,3,6,10,2,0
0,30,21,6,2,0,1,5,4,7,9,13,78440.0,885,13462.0,7,6,4,4,84,36,93,70,1,6,5,3,9,10,8,1,6,2,1,3,6,1,10,4,7,3,2,8,7,10,0
1,25,24,4,6,0,10,5,5,6,9,3,127285.0,946,46648.0,8,1,66,13,77,43,46,58,4,3,1,6,5,5,6,8,7,7,8,4,9,3,6,1,1,2,7,8,3,9,0
0,24,41,3,4,0,5,3,7,4,15,6,77811.0,1284,40121.0,8,6,57,53,54,9,5,91,5,2,8,3,9,4,6,6,10,5,2,8,5,6,3,10,4,3,4,10,6,1,0
0,43,39,4,6,0,7,1,3,3,11,1,131588.0,837,37597.0,9,9,82,72,39,16,95,72,10,8,9,8,4,6,6,9,8,2,7,7,5,2,3,9,6,9,4,8,1,8,0
0,19,19,5,1,0,6,5,1,2,7,16,39801.0,1383,40403.0,5,5,67,73,72,77,72,94,7,6,4,9,10,9,5,8,3,5,10,10,5,5,5,3,9,4,3,6,2,8,1
0,43,24,6,3,0,5,1,4,6,11,17,123954.0,837,27856.0,4,8,90,80,63,33,18,53,1,2,6,5,2,7,2,2,10,5,4,5,1,2,6,8,7,3,5,7,6,7,0
0,33,26,1,2,0,1,1,5,3,15,17,123660.0,844,12502.4,10,7,54,40,4,57,86,58,1,8,8,9,10,3,9,7,7,8,2,6,9,7,3,6,5,6,5,8,9,2,0
0,23,22,6,4,0,10,2,4,3,9,12,57055.0,1412,57566.3,9,1,77,33,53,45,10,58,3,4,9,1,4,5,3,5,8,2,1,1,1,7,9,9,7,5,7,7,5,7,0
0,24,32,4,2,0,1,1,4,6,5,10,53579.0,1472,14057.0,6,4,26,73,4,60,7,67,7,3,1,5,3,3,2,10,7,9,2,8,6,1,10,7,9,1,3,9,1,10,0
1,29,35,5,2,0,6,2,4,4,2,14,63528.0,1124,12502.4,9,3,31,84,45,85,38,96,7,4,8,10,5,1,7,7,2,5,5,4,8,5,9,5,3,2,2,9,6,9,0
0,40,21,3,4,0,3,4,1,7,18,4,51447.0,1385,53859.0,8,2,40,85,27,66,71,60,3,1,4,3,4,6,7,1,5,7,9,1,9,5,8,1,3,3,7,6,2,1,0
0,26,36,3,5,0,2,3,1,6,11,1,119553.0,1152,31150.0,6,5,73,64,47,80,56,69,2,2,5,2,1,5,4,2,7,4,7,6,5,5,4,1,5,8,10,4,6,4,0
1,43,37,1,5,0,10,4,4,2,3,12,113848.0,1313,34677.0,10,3,93,45,31,90,72,79,10,4,5,5,9,6,4,10,3,7,5,2,2,8,5,1,1,8,1,10,9,6,0
1,28,43,4,4,1,8,1,4,3,5,11,59685.0,866,57566.3,8,2,55,61,74,5,23,10,1,2,4,5,10,2,4,6,3,6,8,2,5,2,4,8,6,5,10,2,5,1,0
1,27,24,1,6,0,8,1,1,6,13,16,30656.0,1028,55857.0,4,3,44,59,42,71,12,52,9,6,2,10,6,4,7,4,9,7,2,4,4,7,1,6,2,8,4,8,3,1,0
0,38,43,5,2,0,6,5,2,3,9,4,26252.95,1559,18396.0,9,1,53,50,86,84,65,56,5,5,5,3,6,9,7,4,8,2,3,6,7,6,3,10,1,7,10,4,5,9,1
1,19,25,6,2,0,2,5,1,1,16,17,26252.95,1037,16056.0,8,5,74,87,50,24,60,64,1,9,3,2,10,3,7,6,2,4,3,4,2,8,10,6,4,4,5,3,3,1,0
0,35,34,3,3,1,2,4,4,3,12,3,60189.0,1495,28632.0,4,6,96,60,47,42,89,60,1,10,9,3,4,4,1,7,1,10,3,7,2,10,1,10,1,10,5,3,8,2,0
0,21,30,1,2,0,10,3,3,7,6,4,43505.0,1112,31609.0,7,2,86,70,53,95,14,83,5,10,6,2,4,5,1,6,4,7,4,3,4,6,4,10,4,10,3,2,5,9,1
0,22,41,2,6,0,6,5,2,6,11,5,42583.0,837,26718.0,7,3,35,41,86,6,48,21,2,9,4,4,2,7,5,5,6,7,2,9,3,4,2,3,5,6,10,7,1,9,1
0,26,38,4,3,0,3,3,4,3,14,10,82304.0,998,26823.0,2,8,46,27,48,64,25,55,7,6,7,6,9,1,8,10,9,8,7,6,1,9,5,2,6,2,5,6,3,2,0
1,43,40,2,1,0,9,4,6,6,18,8,119927.0,1477,13479.0,7,2,50,68,55,27,49,67,3,4,8,10,4,2,10,1,3,6,10,3,10,2,9,10,10,5,2,7,2,3,0
1,34,28,5,3,0,8,3,1,5,2,1,89150.0,838,12502.4,1,2,71,16,24,39,57,18,5,9,3,1,7,2,1,6,9,6,7,5,1,9,1,9,9,7,4,8,6,10,1
0,20,43,6,1,0,10,2,5,3,16,5,82697.0,1559,32078.0,9,8,54,77,96,65,68,29,7,10,1,1,2,3,1,7,10,4,5,8,1,6,5,8,4,7,3,9,8,3,0
0,33,19,2,3,0,4,2,7,2,18,10,77833.0,1559,49096.0,8,8,88,91,62,96,92,23,4,3,5,1,4,9,5,5,5,7,9,5,8,6,10,7,2,1,9,4,8,7,0
0,22,19,4,3,0,4,5,4,7,11,15,73150.0,1524,24502.0,9,6,96,15,52,93,64,89,6,4,8,5,10,3,6,5,4,8,1,5,6,7,8,9,6,7,10,3,1,10,0
1,33,34,1,3,0,3,1,1,7,16,15,110213.0,1130,49934.0,5,8,29,22,62,54,67,39,9,8,8,2,3,2,2,9,5,6,1,1,10,10,8,8,9,8,4,1,2,5,0
0,20,22,3,3,1,8,3,3,5,16,17,114058.0,1531,34628.0,8,7,20,68,73,14,57,95,7,6,10,5,3,4,9,7,7,3,10,8,7,2,10,1,6,8,5,1,4,7,0
0,37,23,2,5,0,6,5,7,2,17,6,141392.0,1182,30706.0,3,2,91,35,42,57,45,35,1,9,4,2,2,2,7,7,9,7,3,9,10,6,6,10,2,5,8,5,7,7,0
1,32,43,5,2,0,4,3,7,2,6,2,120393.0,1202,57566.3,4,3,59,44,68,20,11,44,10,4,7,6,9,4,3,8,5,9,2,6,5,7,8,3,4,2,1,8,4,9,1
1,20,42,2,4,0,8,2,4,2,9,4,127094.0,1528,56343.0,3,6,21,30,81,41,95,31,4,7,4,3,8,10,1,10,2,4,5,5,2,10,6,8,9,10,9,2,3,1,1
0,37,41,6,1,0,2,3,2,4,17,11,47150.0,921,48900.0,6,4,18,68,95,71,40,70,9,10,1,2,2,10,10,4,6,4,7,1,4,4,8,7,7,2,5,8,1,6,0
1,31,24,4,2,0,4,3,5,2,15,16,131850.0,842,45365.0,4,6,18,40,11,16,12,53,6,10,2,8,2,7,3,9,10,6,2,8,1,3,7,7,7,6,9,5,9,5,0
1,33,38,3,1,0,10,6,4,7,2,12,129255.0,1433,33747.0,6,7,38,53,12,34,91,53,3,8,3,10,4,3,4,9,9,5,6,5,4,5,6,3,4,1,2,2,10,4,1
0,34,32,2,6,0,9,4,5,5,8,10,89489.0,1345,18732.0,3,7,61,67,15,57,18,95,2,6,8,2,6,6,8,10,3,3,3,3,2,8,6,4,5,3,1,4,10,6,1
1,41,36,3,4,0,7,6,2,5,4,8,142033.0,1388,56652.0,8,9,35,11,4,6,16,41,3,6,7,5,3,1,4,3,4,5,7,1,1,9,7,3,4,10,2,1,2,6,0
0,37,33,2,6,0,10,5,5,4,6,1,71774.0,1034,13501.0,7,7,35,54,96,91,20,72,9,8,7,4,4,5,4,2,9,3,2,2,4,4,6,9,1,9,10,2,7,8,0
1,40,42,1,4,0,4,6,7,6,15,16,97084.0,904,19228.0,3,9,7,83,79,26,16,24,6,2,3,6,3,9,9,9,9,9,5,4,6,10,1,8,6,1,2,9,4,8,0
0,35,30,4,4,1,7,3,1,1,4,16,49834.0,1115,50768.0,7,9,74,57,59,92,64,4,7,5,2,1,5,7,10,2,5,1,3,10,10,6,8,8,5,9,6,9,7,1,1
0,35,22,6,6,1,8,1,5,7,18,10,121252.0,1098,40303.0,9,1,42,62,96,28,18,51,4,6,7,8,5,3,9,9,10,7,2,6,5,3,2,9,10,9,4,5,9,1,0
0,39,20,5,6,0,6,6,4,1,18,11,39810.0,1559,15675.0,5,3,9,36,90,4,49,77,4,6,3,10,9,1,3,9,1,4,2,7,3,6,9,1,9,10,6,3,6,3,0
1,31,20,6,1,0,6,3,6,5,8,17,53822.0,1033,37266.0,3,8,47,88,27,29,56,4,9,1,8,4,9,7,8,5,9,2,7,6,10,1,3,10,6,4,8,4,1,8,1
0,35,36,6,4,0,2,2,3,4,18,10,33061.0,1559,27729.0,10,3,18,16,8,68,43,36,7,10,2,6,9,6,9,9,6,2,10,10,4,2,4,7,3,10,2,1,3,1,0
1,32,31,1,3,0,1,5,2,4,8,10,31771.0,1029,33793.0,8,8,76,29,30,23,11,11,7,3,10,2,10,6,6,4,1,10,7,7,4,9,2,4,4,7,5,3,2,4,0
0,32,33,3,4,0,2,5,3,1,10,12,30683.0,1551,32993.0,2,9,74,93,49,92,95,96,9,8,10,4,4,7,1,2,6,2,9,2,9,8,7,10,10,1,2,2,9,8,0
0,23,39,3,4,0,5,3,1,1,11,4,60101.0,1338,44726.0,6,9,92,81,75,32,37,85,7,2,1,8,6,7,4,3,3,3,9,4,1,7,1,9,7,5,3,9,3,5,0
1,43,34,6,1,0,6,5,6,4,1,9,123896.0,1530,31248.0,8,5,4,62,80,42,75,84,10,7,6,10,8,7,9,3,3,3,8,5,4,9,5,2,6,1,10,6,5,8,0
0,32,43,1,3,0,7,1,7,5,12,10,63322.0,1075,57566.3,2,5,41,85,79,72,48,58,4,8,10,10,8,3,10,4,1,10,3,2,5,5,4,2,3,3,1,5,5,3,0
0,35,21,3,3,1,3,6,5,1,4,15,26252.95,1530,19478.0,7,3,38,85,61,57,44,26,2,2,8,6,9,3,8,5,1,1,4,2,7,9,9,7,1,7,1,3,8,4,0
1,21,30,3,5,0,10,4,1,4,1,4,98813.0,908,49321.0,2,1,81,56,71,96,45,13,3,4,9,7,4,8,8,9,10,10,7,2,7,5,9,9,2,10,6,2,8,7,0
0,40,25,3,5,0,1,3,3,2,8,9,68066.0,864,46617.0,8,8,37,7,44,4,95,96,3,8,1,9,9,10,8,10,3,2,3,5,4,8,10,9,5,9,2,3,7,10,0
0,25,36,3,5,0,4,5,5,5,18,10,143471.34999999998,1225,37754.0,6,2,96,46,60,4,35,91,5,2,10,1,9,9,3,4,4,1,3,7,2,3,1,1,6,5,10,7,8,6,0
0,32,22,3,4,0,8,2,1,6,6,3,104975.0,1559,54012.0,3,3,72,16,66,63,80,86,9,5,1,4,3,2,8,10,5,10,6,10,3,4,5,6,4,5,1,7,6,10,0
0,20,19,1,2,0,8,2,4,3,12,16,119398.0,981,48742.0,4,4,38,20,45,49,95,31,9,5,4,3,3,10,9,3,10,2,8,6,6,4,4,9,9,7,6,6,10,4,0
1,32,32,2,3,0,2,4,6,5,15,10,74137.0,1342,57566.3,8,7,57,48,86,29,48,41,3,6,1,8,7,6,8,9,3,10,3,8,4,2,1,10,6,3,5,4,7,6,0
1,30,19,2,4,0,4,5,7,3,9,17,72243.0,1159,35178.0,6,2,74,78,47,93,10,48,2,7,2,5,6,7,9,4,8,5,6,5,7,3,9,3,9,10,2,8,4,1,0
0,26,28,6,3,0,7,1,2,5,8,3,117156.0,1551,48779.0,4,7,44,4,20,27,34,62,8,7,8,2,5,7,4,1,4,6,1,8,1,9,9,1,9,1,1,10,10,1,0
1,19,30,6,1,0,7,1,5,1,7,11,107843.0,1078,32676.0,5,7,58,8,4,12,90,64,9,6,1,7,3,10,3,10,8,3,10,2,6,3,8,2,6,1,4,8,7,7,0
0,41,40,1,2,0,8,6,5,3,6,6,65053.0,1494,53354.0,6,4,92,4,29,90,42,30,5,1,2,2,1,4,5,8,1,10,5,10,9,3,2,10,5,1,1,8,7,10,0
1,25,27,3,2,0,4,6,4,6,18,10,26252.95,1306,47074.0,1,5,95,74,9,8,7,67,3,5,4,1,4,8,2,2,10,6,8,8,9,10,5,8,10,8,10,8,6,7,0
0,37,20,5,5,1,1,5,3,4,10,1,93798.0,1014,57377.0,10,2,8,59,69,46,7,67,3,4,7,3,5,8,8,4,9,1,4,5,5,9,3,7,7,10,8,5,4,7,0
0,34,22,4,5,0,8,2,2,7,10,5,139542.0,1371,23102.0,1,7,4,50,4,13,52,41,7,6,7,5,4,5,7,4,9,4,2,2,10,5,4,10,8,2,3,2,2,3,0
0,30,20,1,6,0,9,3,1,2,11,9,62754.0,1334,21475.0,7,6,87,59,72,43,64,96,4,6,10,6,9,10,8,9,3,7,4,5,9,3,9,4,5,3,4,10,6,9,0
0,19,23,5,1,0,3,3,1,1,11,2,26252.95,1559,40729.0,2,5,63,45,49,10,63,93,8,1,9,5,9,1,6,7,4,8,10,1,8,7,2,7,10,2,10,9,9,8,0
0,19,30,3,5,0,6,4,4,6,1,16,47654.0,1106,29154.0,6,7,40,93,14,76,74,78,5,10,6,7,5,6,8,1,3,9,6,1,4,6,10,1,2,9,8,7,10,10,0
0,32,27,3,1,0,2,1,1,6,7,8,53546.0,1439,18649.0,8,3,6,37,4,4,63,96,4,5,10,10,8,8,10,5,2,10,6,5,2,6,5,8,2,10,4,9,5,10,0
1,29,36,2,6,0,7,3,6,4,9,17,40615.0,1411,20110.0,1,2,92,44,65,78,75,83,1,4,7,2,5,4,10,1,7,3,4,8,2,10,5,1,4,7,5,6,9,8,0
0,31,25,2,5,0,7,1,5,5,16,7,142612.0,1406,22534.0,8,3,8,7,68,27,46,8,5,8,3,10,8,7,2,1,9,3,4,1,9,3,3,8,8,1,9,6,1,7,0
1,42,35,4,6,0,3,6,3,2,13,6,129338.0,1425,27892.0,3,1,80,41,46,13,82,67,2,5,2,10,4,7,3,3,5,4,4,9,8,7,6,4,2,10,5,5,5,2,0
0,19,20,3,1,0,8,2,6,2,9,17,59904.0,837,13097.0,2,4,71,64,88,30,25,96,8,3,10,8,7,7,2,9,6,4,8,4,3,6,3,9,2,7,6,10,1,3,0
1,35,41,3,4,0,5,2,6,1,18,2,132761.0,1168,15161.0,4,2,80,4,15,39,6,20,3,1,8,9,6,7,8,5,4,7,6,6,9,5,4,2,7,6,4,10,4,2,0
1,39,41,6,2,0,3,3,1,5,14,8,101872.0,838,39034.0,7,3,4,29,27,66,19,30,10,7,3,1,4,2,4,8,3,10,9,5,9,5,8,7,10,3,2,3,4,4,0
1,24,34,1,4,0,5,6,5,5,11,12,28638.0,837,21362.0,6,9,25,32,13,26,12,4,4,3,9,9,3,1,7,1,5,5,7,9,1,2,2,7,2,7,4,6,3,3,0
0,40,25,2,6,0,3,6,2,6,7,1,109335.0,1258,18446.0,10,9,85,33,55,73,83,41,5,2,4,2,6,3,2,3,1,5,7,6,2,1,5,2,3,10,5,7,3,3,0
0,42,27,5,2,0,1,4,3,5,15,12,26252.95,892,43031.0,2,4,93,17,31,38,67,81,8,5,8,8,6,4,8,9,9,3,1,3,9,7,8,9,3,3,3,10,8,10,0
1,23,19,1,1,1,1,4,1,7,2,8,26252.95,1539,32704.0,8,4,65,17,50,96,22,53,6,9,10,9,2,2,8,8,6,7,7,6,6,8,3,5,2,8,3,2,7,8,0
0,31,29,6,1,0,1,2,6,1,1,6,90811.0,1275,20260.0,6,2,59,5,4,83,12,17,8,4,1,2,3,10,9,2,1,1,10,10,3,10,2,8,8,4,3,3,8,9,0
1,25,40,1,2,0,2,1,5,4,1,9,28464.0,1234,57172.0,7,3,44,5,66,20,87,54,10,2,4,2,10,1,3,10,7,4,10,3,4,7,2,8,1,10,9,8,9,6,0
0,43,23,3,1,0,1,3,6,3,17,16,75215.0,1008,48310.0,1,7,38,25,48,42,49,29,10,3,7,4,6,2,2,8,3,5,10,1,8,4,4,5,3,4,7,7,9,2,0
1,39,19,4,3,0,2,6,4,1,14,6,33176.0,1491,12727.0,9,2,41,64,36,4,21,94,1,3,3,5,8,2,2,2,7,3,6,4,6,3,3,5,5,1,7,9,7,6,1
1,19,38,2,2,1,9,6,2,1,8,11,55656.0,1274,47018.0,6,2,96,66,68,4,45,28,7,4,3,2,8,10,9,4,5,9,4,4,6,10,4,3,2,8,9,8,3,1,1
0,34,40,4,4,1,8,1,2,2,17,11,29656.0,1499,17336.0,1,5,36,35,74,64,5,4,4,5,7,10,10,2,6,1,8,8,6,4,3,6,9,4,8,2,5,4,2,10,0
1,22,41,4,4,1,4,3,5,7,10,15,69193.0,837,41786.0,5,9,13,42,69,68,64,65,8,4,2,4,3,3,1,10,10,5,10,9,9,3,4,3,4,6,7,10,6,2,0
0,31,20,1,3,0,5,4,5,2,9,4,75154.0,1551,12502.4,1,1,6,21,32,69,52,11,4,8,2,5,10,1,4,2,5,7,10,6,6,8,5,2,8,1,1,10,5,6,0
1,42,34,4,3,0,9,3,4,6,6,6,114253.0,843,56985.0,4,5,18,16,44,96,50,45,6,4,4,4,3,3,10,6,4,5,4,4,6,8,9,10,6,3,1,1,9,3,0
1,41,24,1,3,0,10,4,1,4,2,7,34845.0,1004,41950.0,6,8,40,54,16,31,43,33,9,4,4,10,6,4,3,7,8,8,5,5,4,9,4,8,6,10,10,4,2,2,0
0,37,38,4,1,0,7,1,6,2,11,2,106724.0,964,46147.0,2,7,30,12,28,10,58,4,5,9,10,7,4,8,8,3,9,9,9,8,1,8,8,1,10,6,6,2,3,6,0
0,38,22,1,1,1,10,1,6,3,1,7,63988.0,1278,21093.0,3,9,66,9,21,87,77,64,9,4,5,2,5,5,10,9,8,1,4,4,1,10,10,3,8,7,1,2,9,8,0
0,38,40,6,3,0,7,6,4,4,9,5,71832.0,1131,36259.0,1,4,4,24,75,75,11,24,2,3,4,5,8,2,8,5,2,6,10,9,9,6,3,9,3,6,4,4,6,3,0
1,39,19,2,6,0,8,2,1,7,14,8,42228.0,1324,32047.0,3,5,46,52,73,37,76,84,3,5,10,5,1,3,3,5,5,3,8,5,7,4,7,2,10,2,10,10,6,1,0
0,20,25,4,6,0,9,4,4,4,18,17,57417.0,1107,33265.0,4,1,42,13,4,73,65,90,9,1,2,6,3,10,3,4,8,9,8,5,10,4,7,7,7,5,6,2,7,6,0
1,22,29,1,2,0,5,6,2,5,3,2,26252.95,1225,30499.0,5,3,19,80,33,94,33,83,7,10,5,4,1,10,3,3,2,8,3,10,8,1,10,5,9,2,4,6,8,2,1
1,33,31,3,5,0,3,5,6,6,9,16,39225.0,899,31704.0,7,8,74,36,66,41,30,74,6,3,10,4,2,5,8,7,3,9,7,5,9,9,9,10,8,8,9,2,6,7,0
0,35,33,6,5,0,1,6,2,1,18,4,110508.0,1336,27266.0,10,2,16,35,10,18,76,81,7,1,8,8,9,8,7,10,8,1,6,1,5,8,5,6,3,10,4,6,7,2,0
0,43,27,4,1,0,10,3,6,6,1,3,127880.0,931,41960.0,7,9,76,31,56,58,72,28,9,5,1,5,5,8,5,8,10,9,3,8,8,8,8,2,1,1,4,5,1,3,1
1,34,32,1,2,0,6,3,1,2,1,8,107516.0,1401,34240.0,10,6,71,18,87,72,91,75,8,9,3,1,6,1,8,4,6,2,10,5,1,7,8,6,10,3,7,4,3,8,0
1,28,38,4,3,0,3,1,7,4,16,16,93684.0,1521,28266.0,3,7,39,5,52,17,64,55,1,9,7,1,10,4,9,8,9,8,9,7,3,9,3,3,5,6,9,9,5,9,0
0,34,41,3,5,0,5,5,4,6,1,6,118133.0,1107,14806.0,3,9,76,95,96,78,5,62,8,8,2,8,3,4,9,10,3,4,5,6,7,1,8,4,4,8,2,10,7,3,0
0,33,43,3,6,0,4,4,2,7,3,7,141421.0,837,45489.0,8,2,4,78,49,49,15,36,8,5,6,6,5,4,8,3,7,1,9,2,5,2,3,4,9,10,5,9,4,7,0
0,43,32,2,6,0,2,4,4,2,11,10,129581.0,910,13550.0,1,7,76,68,93,66,51,44,7,1,1,2,7,6,3,6,5,10,10,10,8,8,4,7,4,7,1,4,7,6,0
0,40,27,6,3,0,7,4,5,4,10,2,38273.0,1454,44657.0,5,6,28,13,21,43,67,46,5,10,1,10,8,4,1,4,10,4,4,2,8,1,3,2,6,3,10,3,8,2,1
0,19,38,5,5,1,9,5,6,7,13,13,47072.0,1222,57566.3,9,8,7,42,16,17,18,80,9,2,7,7,9,3,8,6,2,5,7,6,9,7,9,2,1,2,1,4,6,4,0
1,21,24,4,5,0,2,6,7,2,5,7,62425.0,1489,55610.0,8,2,22,27,45,65,95,96,1,4,7,1,7,6,6,8,4,1,1,6,3,6,7,1,5,5,5,8,1,6,0
1,38,43,3,1,0,10,6,3,7,8,8,78185.0,970,36753.0,3,1,85,30,69,76,67,4,9,6,1,10,3,8,6,5,6,8,7,5,8,1,8,4,4,3,4,6,4,2,0
1,24,20,1,3,0,1,3,4,5,1,2,30626.0,1409,38710.0,9,6,35,30,4,24,53,62,5,7,5,8,2,5,10,2,10,3,4,10,6,2,9,1,10,10,9,8,10,8,0
1,19,19,3,1,0,9,3,5,4,10,14,91644.0,1229,29812.0,7,1,94,87,63,8,24,33,10,3,10,9,5,2,9,4,5,9,7,1,4,10,5,4,8,3,6,1,1,1,0
0,23,23,1,6,0,5,4,3,4,16,7,112582.0,1284,23820.0,10,5,9,56,90,23,47,55,7,8,4,6,3,9,3,4,8,7,2,2,3,9,9,2,10,3,4,6,1,3,0
0,34,38,5,6,0,9,1,6,2,6,13,135878.0,1374,25306.0,1,2,59,95,5,77,78,4,1,8,2,4,3,10,8,6,4,5,7,5,8,4,7,6,8,10,10,5,3,1,0
0,24,26,2,1,0,1,4,4,7,6,9,29219.0,1447,23463.0,9,8,49,77,83,44,59,34,10,7,3,9,7,7,7,4,10,10,5,1,2,10,6,6,3,3,7,4,1,9,0
1,42,27,3,3,1,3,5,4,5,12,15,91901.0,1041,37883.0,3,1,51,29,94,96,51,96,7,1,3,9,3,7,10,7,10,3,9,8,2,8,10,4,8,9,4,5,1,5,0
1,22,21,5,3,0,5,1,1,3,16,16,26252.95,1078,22010.0,4,2,40,51,70,96,5,90,7,5,5,9,3,2,10,3,4,7,7,3,4,5,9,7,5,3,1,2,4,4,0
0,22,43,3,1,0,6,2,3,4,5,1,109435.0,870,57566.3,9,2,22,48,36,56,89,78,6,8,2,2,3,7,7,5,10,10,5,1,5,9,2,5,3,6,7,3,5,6,1
0,37,20,1,3,0,9,3,2,3,4,10,30579.0,1533,28539.0,2,7,69,53,36,10,35,45,1,1,5,7,10,9,7,7,7,5,9,6,5,8,5,3,10,7,2,6,2,7,1
1,33,26,5,4,0,10,6,3,3,2,1,67031.0,1219,12502.4,2,5,13,4,31,24,45,92,1,1,7,6,3,8,1,9,5,3,9,2,8,9,6,6,10,6,8,3,8,2,1
1,36,41,3,2,0,2,3,7,7,5,15,114363.0,938,52299.0,3,5,10,89,83,14,76,15,10,9,8,1,5,7,8,7,3,4,4,9,6,7,2,10,5,6,1,5,5,2,1
0,26,39,5,1,0,1,4,4,5,13,14,51491.0,1341,18459.0,5,8,92,38,13,86,49,63,10,5,3,1,4,9,2,4,4,4,2,1,3,8,6,9,2,10,10,4,6,9,0
0,22,34,3,2,0,1,4,1,5,13,15,32097.0,1472,41198.0,1,9,73,62,78,7,5,96,9,8,5,10,8,3,10,2,10,4,5,1,1,4,8,2,2,7,6,9,1,4,0
1,25,31,5,3,0,7,4,4,7,9,10,48171.0,1516,53216.0,5,6,81,37,13,13,77,96,7,8,5,9,3,7,5,1,4,9,6,8,5,4,9,3,5,3,8,9,1,7,0
0,26,27,4,3,0,1,1,6,3,9,5,112923.0,1148,28007.0,5,9,4,21,80,4,31,45,7,1,3,7,3,3,3,2,2,2,6,3,5,3,3,9,8,7,7,9,3,8,0
0,22,30,3,2,0,5,2,4,1,3,7,40752.0,837,29680.0,1,5,72,64,36,70,11,54,3,3,4,7,4,5,8,10,7,1,5,9,4,10,6,8,1,4,3,3,5,10,0
0,27,29,4,4,1,6,2,3,1,11,7,126062.0,1090,33583.0,1,3,15,9,72,24,52,93,1,9,8,1,7,3,10,4,9,4,7,6,1,5,8,7,7,6,10,8,6,9,0
1,42,43,4,4,1,1,5,2,3,15,13,99283.0,931,14549.0,1,8,66,85,17,31,65,33,1,2,10,3,5,8,5,10,6,4,9,9,3,5,1,4,5,1,1,4,4,3,0
1,19,19,6,5,0,10,1,4,6,7,13,49119.0,1246,37413.0,7,8,85,95,62,84,67,11,5,2,9,8,2,3,1,3,6,1,7,7,7,9,7,7,4,6,3,8,5,6,0
1,26,39,1,3,0,8,4,5,2,16,2,104126.0,1413,32832.0,9,7,48,40,52,81,18,24,2,2,2,8,6,9,8,7,4,7,8,3,10,6,3,1,5,6,10,4,2,10,0
1,28,36,6,6,1,6,1,2,3,17,14,63783.0,1047,26817.0,4,4,56,71,15,36,55,52,5,4,3,7,7,8,4,6,10,9,9,10,8,9,4,4,1,8,3,1,9,1,0
1,21,36,4,5,0,5,5,4,4,1,17,75252.0,1424,45447.0,3,5,23,56,96,4,22,96,1,10,5,6,6,8,6,4,3,9,9,6,3,7,5,2,6,3,9,6,3,8,0
1,39,23,3,5,0,5,6,6,5,5,9,61386.0,882,13465.0,2,7,49,8,77,26,22,89,1,8,1,10,3,8,9,10,9,4,1,3,9,8,6,10,7,6,9,2,8,7,0
1,39,30,5,1,0,10,6,6,3,14,6,107019.0,1397,56962.0,5,7,67,31,85,13,20,67,9,2,4,10,4,10,1,1,7,10,4,10,6,8,3,7,7,8,8,3,5,5,0
0,39,36,3,2,0,8,2,6,4,17,12,27322.0,1133,42724.0,7,5,85,4,27,39,65,75,9,8,7,7,8,10,1,8,6,3,6,7,3,8,5,1,1,9,7,1,7,3,0
0,19,30,3,5,0,3,4,1,6,18,10,27694.0,837,57566.3,3,3,4,50,87,92,83,47,7,4,2,6,4,6,6,2,6,3,1,8,7,5,5,8,1,3,4,6,3,10,0
0,40,43,6,2,0,3,3,3,6,7,1,26908.0,1127,53081.0,1,2,60,26,52,28,95,77,3,5,10,1,9,4,10,3,5,1,10,7,9,3,6,5,8,8,4,3,6,2,0
0,23,43,3,3,1,9,1,6,2,2,8,112323.0,1067,52018.0,6,5,19,81,7,48,9,61,4,8,1,8,3,2,5,1,9,8,9,2,10,2,2,2,6,6,4,1,3,7,0
0,43,39,5,1,0,8,1,3,2,3,2,42176.0,1028,34977.0,7,3,8,32,43,71,44,75,9,6,7,9,3,7,7,9,3,10,2,7,7,7,10,6,10,9,9,3,2,8,0
0,31,38,5,3,0,5,1,2,4,6,6,43320.0,947,42488.0,4,6,68,47,34,81,7,19,3,3,4,6,8,2,10,4,4,4,10,3,10,1,6,1,10,6,10,5,4,6,0
0,19,21,3,2,0,7,2,4,2,6,9,59382.0,1316,22868.0,7,3,30,93,81,46,61,47,5,5,4,4,8,1,1,10,6,6,2,7,1,6,1,8,3,7,6,9,9,4,0
1,35,41,3,4,0,8,1,3,6,8,3,139898.0,987,43077.0,1,2,94,7,4,58,69,30,6,4,1,2,7,8,8,3,8,4,10,2,8,2,8,10,6,2,2,10,7,1,0
1,24,19,5,5,1,5,2,7,5,1,9,94851.0,910,27348.0,4,4,39,46,37,21,85,77,2,9,7,6,3,10,8,4,2,2,3,10,5,9,7,6,4,6,2,2,4,3,0
0,19,32,1,2,0,6,5,2,3,8,9,26252.95,1047,17637.0,2,2,54,92,90,88,22,36,4,10,4,2,9,4,6,10,7,7,9,7,4,4,5,1,6,3,5,9,1,4,0
0,19,29,2,5,0,1,4,3,1,11,7,134240.0,1008,14932.0,1,1,11,4,70,52,14,53,6,10,3,10,10,4,7,5,8,2,5,2,5,8,2,7,9,7,5,7,6,4,1
1,19,43,3,1,0,9,1,3,6,11,16,141582.0,1391,32419.0,9,4,73,85,33,19,5,32,2,10,5,2,4,4,8,5,3,7,10,5,7,1,2,10,7,2,4,3,2,2,0
0,41,24,2,4,0,5,6,4,3,16,6,84899.0,1119,57566.3,10,2,51,81,71,4,24,80,10,1,1,4,7,10,8,9,6,7,10,9,6,9,10,4,2,3,9,3,6,2,1
0,21,37,4,2,0,2,3,1,6,2,10,140570.0,936,47916.0,2,7,77,87,79,94,85,88,1,8,3,2,5,2,8,9,9,2,5,1,10,5,3,4,9,4,1,8,3,9,0
1,21,35,5,6,0,3,1,7,5,17,10,85056.0,1035,22105.0,5,2,29,24,25,89,95,70,1,8,6,1,2,8,9,3,8,2,2,1,4,3,3,5,4,6,4,2,1,8,1
0,35,40,6,3,0,5,2,6,2,15,15,75867.0,1531,24930.0,4,9,67,18,4,21,81,60,2,5,8,3,7,1,6,2,9,7,6,9,2,4,1,6,2,7,10,9,7,3,0
1,43,30,4,3,0,7,4,5,7,18,5,99088.0,1559,47127.0,10,8,85,64,72,89,17,27,2,9,3,10,3,2,10,5,6,3,2,6,5,2,10,10,8,8,7,5,4,10,0
0,28,34,4,2,0,7,4,3,4,4,2,62524.0,1463,46713.0,9,7,92,34,21,32,80,4,2,6,3,1,7,5,4,3,10,4,6,4,8,3,2,4,3,5,10,4,3,3,0
1,43,21,5,2,0,9,2,5,6,17,17,57993.0,1077,32167.0,9,8,29,57,85,74,6,86,9,3,7,4,5,6,3,4,2,5,6,3,7,9,8,5,9,5,2,3,5,1,1
1,19,42,5,2,0,8,4,2,4,18,1,112910.0,982,19713.0,6,4,46,92,85,94,58,65,2,2,8,5,8,5,2,2,6,3,8,1,5,10,10,5,7,6,6,7,10,3,1
1,27,31,6,3,0,10,6,7,1,8,4,99572.0,1299,57274.0,5,8,21,31,30,92,19,12,5,10,5,5,6,7,7,4,9,1,4,5,1,7,7,7,10,7,9,5,4,3,1
0,26,37,4,6,0,1,6,7,4,10,5,57497.0,1116,16965.0,5,4,67,74,19,96,91,86,5,4,7,10,4,3,1,3,2,7,5,1,4,1,9,5,9,8,4,6,6,2,0
1,40,30,1,6,0,5,6,6,2,9,10,101465.0,1011,18208.0,3,4,71,35,95,24,64,32,4,5,9,9,6,9,8,6,9,6,5,4,10,9,8,1,9,3,6,4,3,9,0
0,21,20,1,1,1,9,4,4,2,12,5,57426.0,1357,44766.0,7,3,35,41,30,4,7,34,7,8,1,6,10,1,5,8,6,8,10,4,10,4,9,10,9,4,7,9,4,8,1
0,23,43,1,1,1,5,3,1,7,15,8,31996.0,1108,55414.0,2,4,87,39,7,89,19,96,10,10,1,4,4,2,9,5,2,5,9,1,4,5,6,8,2,10,7,6,9,4,1
0,33,43,2,1,0,3,3,4,3,8,1,49650.0,1330,34333.0,10,4,95,61,59,53,93,50,7,10,3,3,2,8,2,5,6,10,8,2,9,9,2,4,10,8,10,4,10,8,0
0,19,35,6,4,0,4,5,4,6,17,10,139123.0,1268,55173.0,4,7,78,11,69,85,19,22,2,1,2,4,9,6,3,2,6,7,7,3,4,9,3,6,1,9,4,9,4,10,0
1,40,31,6,5,0,2,3,5,3,18,17,106362.0,869,57566.3,4,8,70,18,70,64,9,60,6,10,6,4,2,1,6,5,8,7,6,10,5,6,7,2,10,6,7,6,3,2,0
1,35,32,1,3,0,5,6,5,6,2,8,40353.0,1229,26843.0,4,2,82,95,78,20,68,87,8,6,1,1,3,6,3,2,6,1,4,3,9,10,7,5,5,3,7,10,1,3,1
0,27,20,5,3,0,6,3,2,6,14,8,75638.0,986,39627.0,4,8,53,94,44,41,90,16,5,9,7,5,2,3,2,10,5,3,6,7,1,4,9,8,9,9,7,3,8,7,0
0,41,19,2,5,0,5,1,2,6,15,17,44090.0,1481,15829.0,5,3,4,83,64,54,87,12,10,7,3,4,8,3,3,3,5,6,2,7,7,4,3,8,4,2,5,4,5,4,0
1,41,43,2,1,0,8,5,2,1,10,9,26252.95,1464,55823.0,2,5,4,48,13,73,94,4,1,4,5,9,9,5,4,1,10,9,10,3,9,2,8,2,8,10,9,10,1,2,0
0,34,41,1,3,0,5,2,3,2,4,16,136602.0,1251,43840.0,6,8,4,90,75,82,18,54,8,7,5,2,4,9,7,8,1,2,6,2,3,9,1,10,5,2,1,6,7,5,0
1,30,34,6,5,0,8,2,2,1,6,13,78644.0,1102,24678.0,8,6,10,67,70,37,74,50,2,8,3,8,2,6,6,7,10,5,3,6,10,3,6,8,7,1,3,2,1,2,0
0,41,20,1,3,0,3,1,5,5,1,11,49202.0,1541,38471.0,9,6,4,60,92,4,75,61,9,10,2,5,6,8,10,5,3,4,3,6,1,1,1,9,7,6,8,3,1,1,0
0,35,31,6,6,1,1,1,3,1,10,13,27752.0,1337,42231.0,2,1,46,4,80,55,10,52,9,2,2,4,9,9,1,4,5,8,2,6,1,9,9,4,2,6,8,2,6,5,0
1,39,20,5,4,0,10,6,1,4,7,14,59558.0,1000,26438.0,4,1,58,4,31,67,51,94,4,10,10,8,5,4,4,7,5,3,9,10,10,8,4,9,9,3,9,8,7,7,0
0,30,30,3,2,0,2,5,3,1,7,9,136981.0,1311,33829.0,4,8,40,38,96,23,59,28,9,10,9,9,9,5,2,4,2,3,5,8,6,8,9,7,2,7,9,10,4,7,0
1,34,32,5,1,0,8,1,1,3,1,16,136195.0,1014,48739.0,3,8,96,95,70,79,29,38,2,3,1,4,3,10,5,8,3,6,8,5,1,5,3,2,3,6,7,9,6,9,0
0,22,35,2,2,1,9,3,1,1,16,13,116974.0,1184,21587.0,4,4,73,91,82,94,95,44,7,6,3,4,7,8,7,3,1,2,2,2,7,8,1,10,10,9,10,7,10,5,1
0,28,31,5,4,0,7,1,3,4,12,4,53334.0,1436,56261.0,6,1,11,42,4,60,53,87,2,3,8,6,1,3,1,5,8,4,6,3,5,7,9,1,7,5,2,7,3,3,0
0,24,38,6,6,1,3,3,4,1,12,13,99675.0,884,14034.0,4,9,44,25,16,68,72,79,8,1,1,6,8,2,10,5,1,10,5,2,3,2,2,10,3,3,5,10,8,4,0
1,27,43,3,4,0,3,6,4,6,13,10,94237.0,921,57566.3,1,8,35,63,50,29,16,15,9,7,5,3,9,3,2,4,8,8,10,4,8,4,1,3,9,10,6,3,2,8,0
0,34,20,6,3,0,5,5,7,7,7,7,80826.0,864,16362.0,7,5,4,20,76,63,92,16,9,6,10,7,7,4,6,8,1,1,10,8,8,9,4,10,8,9,4,2,2,2,0
0,32,36,1,5,0,10,6,4,3,18,10,60758.0,1041,38904.0,10,4,64,57,50,45,51,13,2,2,8,7,3,2,6,7,2,7,4,10,4,6,1,3,6,4,8,5,3,4,0
0,35,25,2,1,0,7,2,3,6,2,2,103893.0,837,21764.0,10,9,80,68,37,67,53,28,2,5,6,10,6,10,10,7,7,7,10,10,9,2,5,8,7,1,4,6,4,9,0
0,40,21,6,6,1,10,6,4,6,2,8,131377.0,1550,28788.0,3,9,33,67,86,4,66,12,9,2,3,10,3,5,1,6,8,3,8,1,6,7,2,7,6,2,10,2,8,9,0
1,39,21,6,6,1,5,6,2,2,7,11,69586.0,1319,52277.0,2,3,26,90,29,30,68,69,5,6,10,9,2,4,6,2,5,5,5,9,3,6,7,1,8,4,3,1,8,9,0
1,36,36,3,4,0,10,5,3,6,11,13,56047.0,926,46950.0,1,9,73,28,30,71,90,57,4,9,5,5,7,6,7,8,9,5,2,9,5,9,6,4,3,2,6,9,4,5,0
0,43,28,4,2,0,3,6,5,4,13,13,137327.0,1244,57566.3,6,3,35,44,10,81,41,8,5,6,1,1,7,6,9,9,6,8,3,9,2,1,9,2,8,5,5,1,3,2,0
1,19,19,4,1,0,6,1,7,2,2,14,33194.0,1345,43616.0,2,7,78,46,93,10,95,74,9,7,5,9,6,5,6,3,10,2,3,9,6,8,9,1,9,1,8,8,8,10,0
0,43,25,2,3,0,7,6,4,1,9,9,98480.0,990,23966.0,8,5,74,41,96,80,47,56,7,3,8,6,10,8,3,4,4,1,3,2,10,3,10,3,3,3,1,3,3,10,0
0,21,32,6,6,1,2,2,3,5,15,11,88429.0,1002,54517.0,1,6,72,30,52,37,55,22,3,4,2,9,7,9,7,9,8,6,9,3,4,1,3,2,2,1,4,9,9,5,0
0,20,19,2,5,0,1,5,5,1,6,9,47197.0,1075,45849.0,6,9,90,58,72,74,48,31,1,7,9,8,3,1,10,10,9,4,6,10,4,9,1,7,5,1,8,6,2,1,0
1,24,24,6,6,1,5,3,2,7,1,6,119586.0,1364,54981.0,1,2,92,57,72,27,40,35,8,3,5,3,4,2,2,1,9,4,1,9,8,4,2,7,8,7,9,7,10,9,0
1,41,38,6,2,0,10,2,3,3,12,9,66869.0,1559,13306.0,1,1,96,22,66,70,76,96,6,8,4,10,3,7,1,6,5,1,9,7,9,5,10,1,9,7,7,8,9,8,0
1,35,37,6,6,1,6,2,6,3,10,4,40120.0,985,36917.0,6,1,42,77,48,28,47,69,4,1,5,3,4,2,9,7,7,2,7,1,5,3,2,6,9,10,5,6,6,8,0
1,27,37,5,3,0,1,5,3,2,2,9,46904.0,1280,12502.4,9,6,13,4,67,40,47,50,8,7,5,7,1,1,10,2,8,2,5,2,2,8,8,1,3,5,10,2,10,2,0
1,24,41,6,1,0,4,5,1,3,18,10,125722.0,1435,57566.3,6,3,63,80,35,89,95,19,7,3,3,9,1,1,1,1,6,6,4,5,5,4,6,2,9,8,5,8,6,1,0
1,25,28,4,2,0,4,3,6,6,6,2,48690.0,988,20548.0,8,3,42,26,5,77,5,32,8,7,5,5,10,10,6,4,3,7,1,2,10,10,7,3,8,1,1,1,9,9,0
1,23,43,1,6,0,5,3,5,2,3,13,119649.0,1423,19071.0,6,6,24,54,4,15,68,54,1,7,7,1,2,4,5,6,6,2,10,10,5,8,5,7,9,3,8,7,9,8,0
1,39,31,1,6,0,8,3,6,6,16,16,81738.0,1143,54604.0,2,3,71,13,96,69,41,28,1,1,2,7,10,6,9,7,8,8,3,8,2,3,1,9,9,1,2,4,8,1,0
1,43,39,2,2,1,3,4,1,2,11,14,118089.0,901,43420.0,10,4,39,4,96,38,44,96,1,6,2,10,5,8,3,2,4,1,1,9,5,9,2,5,8,5,6,9,10,5,0
0,19,33,1,3,0,4,1,7,1,18,5,102236.0,1468,43647.0,5,1,59,95,65,47,33,77,6,8,2,9,6,2,1,7,4,4,4,7,7,3,10,8,7,1,9,6,5,3,0
1,21,31,4,5,0,5,3,1,7,9,8,118052.0,1203,19951.0,6,6,71,90,78,19,94,47,8,7,4,8,7,10,10,2,8,6,1,5,3,7,3,9,2,8,4,6,9,5,0
1,31,29,6,2,0,4,3,5,2,11,13,36437.0,1153,35622.0,4,2,4,4,91,64,5,41,7,1,2,7,10,9,10,2,3,4,8,10,6,8,9,3,10,1,8,8,1,1,0
1,34,34,3,3,1,2,2,3,7,12,6,41718.0,878,25148.0,1,9,29,30,67,73,82,45,2,5,1,7,10,10,1,9,10,4,5,2,10,7,10,10,4,9,7,1,8,10,1
1,37,31,4,4,1,7,3,7,3,7,5,42900.0,837,21323.0,6,3,85,91,39,69,25,87,2,4,9,8,6,1,2,10,2,6,2,8,8,10,6,2,8,5,10,3,10,4,0
1,35,27,2,2,1,9,1,5,4,4,11,122770.0,1148,17567.0,2,5,96,23,61,93,86,85,5,3,6,6,5,7,8,3,1,4,9,10,5,2,3,10,1,2,6,4,6,1,0
1,28,41,5,3,0,8,4,1,1,16,14,143471.34999999998,951,54770.0,4,8,73,55,83,86,27,40,4,10,3,2,3,6,8,3,7,9,9,1,8,3,2,6,2,7,8,7,7,4,0
1,38,31,6,1,0,1,6,3,1,1,13,106052.0,1149,38672.0,7,1,68,85,59,71,62,60,4,1,5,1,10,4,4,8,9,7,5,5,6,10,5,7,7,1,6,2,9,4,0
1,43,35,2,3,0,6,5,4,1,14,1,67789.0,1559,57096.0,8,2,32,88,56,78,22,88,6,8,10,4,6,9,9,5,3,8,8,7,4,1,5,7,4,10,9,9,6,8,0
1,31,39,6,1,0,10,5,2,2,4,11,85093.0,1532,37956.0,1,1,58,68,18,62,50,78,7,10,1,1,2,1,1,7,9,9,9,9,7,7,9,7,10,4,9,5,5,7,0
1,26,26,4,2,0,5,3,1,2,2,14,81923.0,1021,44197.0,6,6,87,47,57,81,45,23,6,2,3,10,7,6,10,3,3,7,10,3,1,9,9,10,1,8,4,1,3,3,1
1,43,34,6,5,0,9,4,2,7,16,1,35012.0,1233,23526.0,9,1,4,68,92,85,25,15,7,3,3,4,9,10,7,8,6,2,1,4,6,7,9,1,2,3,7,10,8,3,0
0,32,23,5,6,0,3,2,1,2,17,14,26252.95,1463,19441.0,9,5,54,11,92,43,5,96,2,9,5,1,2,5,7,9,9,1,8,10,9,8,3,10,7,4,5,8,1,7,0
0,29,25,5,1,0,3,3,2,2,12,17,138094.0,1163,57404.0,7,4,87,39,31,45,95,26,10,5,3,4,7,2,2,3,2,6,1,9,5,1,2,4,4,3,3,6,3,9,1
1,27,43,6,1,0,9,3,7,4,3,7,118580.0,1369,34710.0,7,9,53,42,47,9,71,51,9,8,1,7,10,9,8,5,5,7,1,6,9,7,10,3,9,5,6,2,2,4,0
1,36,30,5,4,0,1,4,4,4,4,9,40560.0,837,51850.0,2,6,59,87,74,62,47,55,5,8,9,1,7,6,10,9,6,10,4,1,10,6,2,4,4,5,5,4,1,10,0
0,41,35,4,4,1,6,2,3,6,4,17,142576.0,1072,40037.0,6,8,65,79,29,26,95,31,1,2,1,3,7,6,2,3,4,7,3,10,10,4,2,7,8,9,10,1,8,5,0
1,36,22,1,1,1,5,1,6,5,9,16,35475.0,969,39239.0,1,2,84,66,61,32,31,54,10,10,4,5,9,4,4,7,6,4,5,4,7,10,7,4,5,10,8,10,6,3,0
0,23,23,4,2,0,2,3,7,4,6,5,143471.34999999998,975,51502.0,9,9,53,23,16,94,12,78,10,1,2,8,9,10,7,5,2,10,3,7,7,3,7,1,2,1,5,10,1,4,1
0,37,38,3,6,0,4,1,3,7,14,3,143471.34999999998,1413,31075.0,5,4,43,79,45,63,49,78,9,1,4,4,2,1,10,4,10,1,10,3,7,9,10,3,7,3,4,2,10,7,0
0,41,36,2,5,0,7,6,6,2,2,2,113996.0,1017,40299.0,1,1,20,52,4,75,67,92,7,10,7,8,4,5,9,4,5,7,1,5,10,9,6,10,3,3,7,6,2,5,0
0,43,21,5,3,0,8,6,5,3,10,10,27287.0,1558,29816.0,6,7,56,49,7,21,95,62,2,3,10,10,9,9,4,8,10,7,2,8,4,5,3,9,4,2,7,10,10,6,0
0,23,24,5,1,0,1,6,5,5,11,5,138545.0,1060,20693.0,5,6,84,4,43,58,5,4,9,2,9,8,5,4,10,6,10,5,1,4,7,5,5,7,3,1,10,6,4,10,0
1,25,21,5,6,0,2,2,1,4,10,12,45973.0,1473,55879.0,4,5,4,62,13,4,65,96,3,4,7,4,5,2,3,8,2,6,7,10,5,6,6,6,5,10,6,4,10,8,0
0,19,42,5,5,1,2,5,5,1,4,13,143471.34999999998,1378,28384.0,2,5,19,46,4,59,62,89,8,5,4,8,1,3,7,1,4,5,9,10,7,6,8,7,10,8,4,3,9,5,0
1,39,28,5,3,0,1,1,5,5,11,17,53027.0,1464,50101.0,1,5,6,57,92,96,53,7,9,9,6,6,9,3,9,6,5,9,4,8,6,1,3,6,9,7,5,2,7,2,0
1,34,29,5,2,0,9,5,2,3,17,16,102306.0,1235,12529.0,6,6,4,72,53,6,45,96,9,1,10,4,9,6,7,10,3,3,10,2,1,8,1,9,8,5,4,6,2,9,0
0,34,31,1,6,0,1,2,6,7,1,1,50442.0,1501,49427.0,3,6,24,49,84,39,19,61,1,4,10,3,8,8,9,8,1,8,4,6,10,7,7,3,7,9,4,2,1,5,0
0,41,30,4,2,0,4,6,7,7,10,12,54000.0,1497,56532.0,8,5,12,52,41,21,58,55,9,4,1,5,3,2,1,4,5,10,7,5,6,2,8,6,2,3,5,1,9,7,0
1,32,27,2,2,1,4,5,3,2,17,4,141161.0,1054,47874.0,3,4,87,10,73,26,77,4,1,2,9,5,1,8,9,10,1,4,10,4,9,9,3,1,3,4,4,2,9,8,0
0,24,35,6,4,0,4,6,7,5,6,4,131837.0,991,12502.4,8,5,50,50,4,70,92,4,8,1,3,9,5,7,6,3,9,1,5,4,1,1,1,7,3,1,7,6,10,9,0
0,36,33,2,6,0,5,5,4,2,16,13,26252.95,1559,34824.0,7,1,81,33,43,18,8,21,5,9,2,3,9,2,7,10,3,7,5,3,9,5,6,6,8,5,1,4,1,8,1
1,39,22,1,6,0,8,6,5,1,4,14,111710.0,1523,32898.0,5,9,43,91,25,46,68,92,7,1,10,5,6,5,9,6,3,9,10,8,4,3,2,2,6,6,9,3,1,2,1
1,42,25,2,2,1,5,6,2,7,4,6,137237.0,837,32166.0,3,8,23,90,96,60,45,13,5,9,10,2,5,3,4,9,5,9,8,2,2,5,5,6,9,5,4,3,9,8,0
0,40,31,3,5,0,8,6,5,5,9,7,28562.0,1282,44841.0,3,5,9,50,92,24,78,89,8,6,7,10,10,9,8,6,3,3,10,5,7,8,8,1,1,2,2,3,8,5,0
1,20,22,5,2,0,6,6,1,3,8,2,60462.0,1280,48082.0,4,3,80,26,63,30,11,22,10,8,10,6,2,4,5,8,10,6,3,1,3,8,9,1,5,8,2,10,4,8,0
0,39,43,1,5,0,3,3,7,7,18,7,27963.0,946,17751.0,8,6,81,63,51,49,5,11,6,1,3,6,8,4,9,2,1,6,9,3,1,6,9,5,2,2,3,3,6,9,0
0,28,41,4,4,1,9,3,1,2,12,6,63872.0,1160,34163.0,6,3,76,5,23,31,49,57,10,5,4,7,7,6,7,5,7,3,9,7,6,2,6,2,2,3,3,3,7,2,0
0,37,25,6,2,0,5,5,4,6,7,15,26252.95,1089,29097.0,4,3,28,45,4,14,83,36,6,4,5,9,3,10,5,10,3,9,8,4,5,7,10,7,5,5,3,4,2,3,0
1,36,42,5,3,0,8,2,3,3,16,14,62448.0,1415,53842.0,9,4,24,61,90,72,53,49,3,1,5,3,1,10,4,9,1,4,10,2,8,5,5,8,9,1,4,1,10,5,0
1,26,43,6,2,0,2,5,4,6,9,9,113377.0,1032,29400.0,3,3,41,4,24,82,78,6,9,9,2,1,4,2,3,8,5,4,10,2,8,1,10,1,7,8,1,9,7,1,0
1,27,23,6,2,0,1,3,6,1,1,1,53306.0,1354,12502.4,6,2,86,33,92,45,84,29,10,6,8,9,1,3,3,9,3,9,10,7,7,4,5,7,7,7,4,4,1,5,0
1,19,33,3,1,0,3,3,2,6,12,17,65407.0,1468,47315.0,9,4,72,44,45,77,17,72,8,8,3,4,8,1,4,7,9,3,4,4,9,6,6,1,5,6,7,5,10,1,0
1,19,21,3,4,0,1,4,7,5,15,12,101398.0,859,57566.3,3,9,23,77,28,42,87,17,1,9,1,7,3,6,9,9,5,1,10,8,8,2,8,2,4,5,7,8,6,3,0
0,33,29,4,2,0,5,2,7,5,3,2,114721.0,845,45226.0,3,3,21,85,41,41,89,42,6,6,7,7,8,7,2,10,6,10,8,1,10,5,2,7,5,5,2,6,5,3,1
0,35,28,6,3,0,9,2,7,7,9,14,33419.0,1038,41291.0,8,1,50,29,4,65,66,37,6,2,6,8,7,4,8,8,3,4,5,7,6,2,7,8,6,5,1,7,8,3,0
0,40,20,5,2,0,4,4,7,5,8,17,45433.0,880,12502.4,4,5,75,71,62,59,19,23,7,6,5,7,5,8,7,7,9,10,7,7,1,9,5,9,5,6,3,2,1,2,0
0,43,29,2,5,0,9,3,2,7,15,11,34216.0,874,31235.0,5,4,8,4,79,17,87,4,5,4,2,8,3,1,9,8,6,9,10,9,4,4,2,9,10,6,7,6,2,5,0
1,34,22,5,6,0,1,2,1,6,14,13,31622.0,1326,57566.3,5,9,34,13,63,8,95,62,1,7,6,8,3,7,3,9,10,5,5,1,5,8,4,10,3,3,1,1,5,8,0
0,23,23,6,5,0,9,3,7,1,10,16,131901.0,1172,28783.0,5,3,19,95,89,85,60,41,5,7,4,2,2,8,7,8,10,4,6,10,1,6,5,9,3,10,10,3,2,10,0
1,31,36,2,5,0,2,1,6,3,14,7,72499.0,879,31469.0,10,4,72,78,96,92,95,96,6,1,8,9,4,7,9,7,2,2,2,4,2,7,9,3,8,6,5,3,6,7,0
0,40,35,6,3,0,1,2,4,5,1,15,141959.0,1163,16303.0,1,6,60,64,85,92,83,14,3,2,9,8,3,3,10,5,2,7,9,9,5,6,4,7,5,4,10,6,9,6,1
1,42,33,3,2,0,7,5,7,3,13,9,26252.95,1034,16898.0,1,6,90,57,91,85,38,64,10,6,8,8,2,4,7,3,7,1,1,2,8,6,3,4,3,4,9,2,4,7,0
1,32,40,1,4,0,6,1,1,2,13,10,80409.0,1337,29210.0,7,1,90,4,49,42,84,37,6,7,4,5,10,9,6,1,10,5,1,7,10,9,5,7,10,3,3,2,3,4,0
0,31,28,2,4,0,3,4,3,1,3,11,91711.0,908,32310.0,1,7,55,41,45,15,34,43,10,7,6,9,7,1,4,7,5,7,9,7,6,7,1,8,6,6,9,2,7,7,0
0,41,22,4,6,0,3,6,4,4,13,16,80928.0,911,44899.0,7,2,9,73,51,96,40,69,8,7,5,7,10,9,4,9,6,6,9,3,2,9,10,3,1,1,3,10,1,6,0
0,39,26,6,1,0,2,5,2,6,3,11,35688.0,1505,37393.0,9,4,8,18,20,59,5,4,2,1,3,1,3,5,5,6,6,9,9,7,5,5,5,5,10,6,2,5,8,10,0
0,20,20,4,2,0,2,1,7,6,15,12,34037.0,853,28873.0,9,1,63,40,8,21,69,38,5,4,6,5,3,6,6,2,3,3,9,10,1,5,2,5,7,8,9,5,10,3,0
1,41,25,3,4,0,2,2,4,1,7,2,47899.0,1404,15079.0,7,7,87,51,57,32,20,15,4,5,5,7,5,10,4,6,6,2,9,3,1,7,10,10,6,8,8,3,6,8,0
0,40,23,3,6,0,1,2,6,1,14,12,143363.0,1344,51138.0,1,9,31,51,21,89,78,96,7,4,8,5,3,2,10,8,6,4,3,9,6,9,7,8,10,3,8,4,7,2,1
0,36,21,4,4,1,6,4,3,4,12,7,137475.0,1377,49707.0,7,8,24,90,70,20,5,62,7,2,9,3,7,4,10,10,2,2,10,5,9,6,4,1,5,2,5,3,3,2,0
1,42,29,6,2,0,3,5,2,7,8,7,110623.0,1467,33978.0,5,5,13,83,25,41,10,33,8,9,6,8,9,8,4,5,6,6,4,7,2,3,1,2,10,2,3,7,2,4,0
0,29,29,1,4,0,3,2,4,7,9,3,26949.0,1098,24434.0,4,4,16,40,11,67,11,37,4,4,6,2,2,8,3,8,7,6,8,9,5,2,2,9,3,1,4,8,10,10,0
0,19,42,3,4,0,1,2,4,2,6,2,85943.0,1001,54144.0,6,5,23,94,96,34,90,96,1,5,1,1,4,6,3,8,7,10,6,3,7,8,7,2,8,7,7,1,6,7,0
0,20,38,1,6,0,4,6,2,4,14,6,93646.0,1333,55639.0,4,6,76,31,48,11,95,96,5,4,8,4,10,8,9,7,4,7,8,2,7,10,9,9,1,7,9,5,2,10,0
0,35,33,5,5,1,10,6,3,4,14,13,46923.0,1142,23648.0,2,9,23,43,76,38,14,41,9,5,2,4,7,3,1,10,2,4,6,4,3,10,8,5,7,5,2,9,1,9,0
0,19,27,3,3,1,9,4,6,6,2,17,28407.0,1293,23602.0,9,8,31,4,51,18,82,92,1,10,2,10,1,7,3,1,5,7,3,2,9,10,8,2,7,6,5,10,8,6,0
1,37,39,5,2,0,8,3,5,4,6,4,57840.0,857,43845.0,6,2,69,9,33,93,16,39,7,9,5,4,1,9,1,7,5,5,7,6,3,5,9,1,5,1,9,1,10,10,0
0,38,31,2,3,0,3,1,7,2,18,8,132896.0,1267,16385.0,3,6,64,79,91,59,22,34,6,5,4,5,8,6,2,10,1,10,1,3,10,4,10,7,4,10,4,9,5,5,0
0,23,30,1,2,0,9,4,1,4,12,5,91535.0,837,30730.0,1,3,4,69,52,10,76,65,9,3,6,4,2,8,9,6,4,10,5,5,5,8,9,2,10,9,5,6,9,7,0
0,22,26,1,3,0,8,4,6,3,16,7,143471.34999999998,890,20001.0,10,9,21,21,76,65,48,8,9,8,5,1,8,4,7,9,5,10,1,6,9,7,6,3,2,1,9,6,7,2,0
0,19,24,5,5,1,7,3,2,7,18,10,143471.34999999998,1371,43871.0,8,1,49,19,17,89,72,16,6,1,1,3,2,2,1,8,2,5,5,2,7,8,4,10,3,3,3,3,7,2,0
0,36,29,4,2,0,7,4,1,5,7,4,28383.0,1276,15028.0,6,6,45,78,51,68,94,96,2,10,5,4,3,2,10,5,1,2,4,3,9,2,8,8,3,4,4,9,8,6,0
1,19,22,4,5,0,1,2,5,1,3,16,26252.95,897,42399.0,2,9,91,94,6,79,90,46,4,9,10,7,2,6,6,4,10,8,4,4,4,7,6,1,5,8,6,1,4,4,0
0,43,35,5,1,0,10,3,5,3,16,2,139347.0,1110,17962.0,8,6,67,44,55,21,89,26,9,6,1,9,9,4,7,9,8,5,5,5,7,7,8,10,7,5,5,1,5,6,0
1,38,21,6,3,0,7,4,4,5,6,11,45109.0,911,57566.3,10,5,23,95,79,86,78,66,2,10,5,8,5,9,6,5,8,2,7,6,2,7,6,5,3,5,2,5,10,2,0
1,38,19,6,1,0,8,5,6,2,4,8,104199.0,1273,27624.0,3,5,5,76,96,56,95,72,6,3,1,6,10,7,1,8,4,9,9,9,9,5,1,6,5,7,4,2,7,8,0
0,33,20,1,5,0,2,6,2,7,1,1,50897.0,1378,52386.0,1,4,5,61,26,96,9,88,3,1,10,3,2,4,6,5,3,4,3,6,10,6,5,9,2,3,6,6,4,7,0
0,29,43,5,2,0,2,5,7,3,4,3,58396.0,1279,14646.0,4,3,34,69,35,52,69,38,5,1,7,4,2,1,3,6,4,3,9,6,9,4,3,10,9,4,10,6,4,6,0
0,43,29,5,2,0,5,5,5,3,14,3,119187.0,861,37172.0,6,2,96,22,42,22,95,70,6,6,9,7,6,10,1,4,1,1,1,10,6,2,7,8,5,6,2,6,6,7,0
0,39,20,3,4,0,8,5,5,6,17,7,143471.34999999998,1097,25383.0,3,9,4,54,75,62,54,83,1,4,1,4,8,5,2,3,2,9,7,5,4,4,2,9,9,3,10,2,8,2,0
1,25,21,2,5,0,8,3,1,5,8,8,42347.0,1239,13098.0,4,2,39,21,95,73,65,4,7,7,4,2,10,6,3,5,5,10,9,5,3,3,3,3,9,3,6,7,5,7,0
0,43,23,3,5,0,4,4,5,1,18,11,33347.0,1432,41697.0,4,3,96,95,56,26,59,55,6,9,6,1,1,9,9,8,7,3,6,8,6,3,9,1,3,9,6,5,9,6,0
0,33,29,3,4,0,4,2,7,7,13,2,134213.0,1056,20935.0,4,3,51,20,35,27,26,82,7,4,4,5,7,4,6,9,9,8,2,10,2,5,8,10,8,7,8,5,6,1,1
0,19,36,6,6,1,9,4,7,1,14,8,55134.0,1388,16505.0,8,3,80,48,35,82,37,28,3,2,6,1,1,1,9,10,4,5,8,10,4,10,9,8,10,4,8,1,9,4,0
0,21,27,6,1,0,3,3,2,5,8,16,65937.0,954,17592.0,4,7,48,56,89,94,92,88,1,1,2,1,1,7,3,1,6,4,3,3,1,4,4,10,5,4,7,4,3,7,0
0,27,19,3,5,0,8,1,1,7,6,9,113487.0,974,19350.0,7,9,91,25,20,10,82,92,3,7,4,10,8,5,3,10,1,1,2,1,9,8,10,1,1,4,1,8,9,7,0
0,28,34,2,5,0,7,1,6,4,18,2,139668.0,1478,25233.0,2,3,85,10,20,17,71,8,7,9,7,1,8,5,10,2,9,2,9,10,4,6,3,10,9,2,6,9,1,6,1
1,34,33,5,5,1,9,6,6,2,5,9,34889.0,1299,25818.0,1,7,63,19,48,16,36,38,3,5,2,9,1,1,8,2,5,1,8,6,3,5,6,4,3,5,4,1,3,2,0
1,42,26,4,4,1,9,1,4,6,5,3,84781.0,1398,46424.0,7,2,12,62,31,24,72,71,2,8,4,5,2,10,5,8,7,6,1,2,5,8,1,2,9,5,6,1,10,9,0
0,43,42,2,3,0,10,5,4,4,13,13,52388.0,1131,49643.0,3,7,72,20,89,79,42,86,4,9,3,3,9,3,1,5,9,3,2,3,7,4,5,1,8,3,8,1,4,9,0
0,40,38,2,5,0,7,2,3,2,2,9,68879.0,1491,27891.0,1,8,30,4,17,22,67,26,7,2,1,9,6,3,10,1,4,4,1,1,6,6,5,4,10,6,8,6,9,1,1
0,24,26,1,3,0,6,4,7,1,6,6,99145.0,925,29680.0,2,1,79,4,22,95,93,17,6,4,1,2,7,6,7,3,6,4,10,2,10,4,5,8,6,10,7,7,2,4,0
1,29,43,4,6,0,5,6,5,1,2,1,143113.0,1404,17366.0,5,3,41,81,56,13,77,13,9,7,10,4,2,9,9,9,8,4,3,8,1,7,9,5,5,4,2,8,10,9,0
0,38,40,1,6,0,10,4,7,5,14,11,114444.0,842,39308.0,7,1,96,89,58,84,51,40,10,4,7,5,7,5,7,7,2,4,10,4,9,6,7,4,1,6,2,9,9,9,0
1,24,26,4,1,0,3,3,5,4,15,17,84308.0,938,27837.0,1,2,16,4,24,23,8,21,2,2,7,3,5,9,1,1,9,2,10,4,2,3,9,2,4,2,1,7,7,2,0
0,29,29,5,3,0,5,3,3,6,2,1,88140.0,1320,12502.4,6,3,66,33,8,49,95,91,5,7,9,3,4,8,1,3,6,2,1,7,2,10,2,10,9,8,3,8,5,9,0
0,32,40,3,6,0,1,4,2,4,16,14,124457.0,1460,57566.3,6,7,95,60,79,54,22,12,9,9,4,3,2,7,3,8,6,2,9,2,3,5,6,4,5,3,10,5,7,2,0
0,19,26,3,3,1,8,1,2,6,6,3,48522.0,1172,34603.0,6,9,60,53,45,65,32,76,10,8,10,9,6,5,10,6,10,1,4,1,8,1,9,2,1,6,1,8,3,9,0
0,31,32,5,2,0,2,2,7,6,5,13,81562.0,1524,19030.0,1,5,43,87,86,61,95,61,3,3,3,6,7,8,8,9,7,4,5,5,3,10,3,4,7,6,6,9,2,6,1
1,30,19,1,1,1,3,3,7,3,10,10,63185.0,837,37693.0,4,1,20,36,91,14,88,31,1,10,10,9,6,5,9,4,10,6,10,4,1,4,2,4,6,2,3,9,4,5,1
1,21,28,1,2,0,2,1,2,5,9,4,63458.0,1453,25133.0,7,8,70,36,4,58,72,70,3,6,9,7,4,3,9,4,3,1,4,1,10,8,1,5,7,9,8,2,7,8,0
0,31,28,1,5,0,6,3,1,7,7,11,73018.0,1215,46051.0,2,9,90,33,19,32,88,57,8,3,7,10,1,3,7,7,1,6,6,7,5,7,4,2,2,5,8,6,5,2,0
0,31,25,2,3,0,2,2,3,5,7,14,138063.0,1500,54305.0,1,7,44,76,53,73,81,77,6,2,9,4,8,4,9,6,4,8,5,8,5,9,8,8,6,10,5,10,6,7,1
1,33,40,2,2,1,8,6,6,2,1,7,88869.0,1328,34313.0,7,6,89,80,62,13,92,42,4,2,8,4,4,3,5,7,5,2,7,4,3,8,3,7,5,7,7,6,9,8,0
1,24,23,1,4,0,3,3,3,1,4,10,94452.0,914,27849.0,7,6,26,76,19,50,67,38,8,1,3,8,8,4,9,6,7,9,5,4,4,3,7,6,9,4,9,4,8,5,0
1,36,38,5,1,0,2,4,1,7,16,7,127139.0,941,34164.0,1,6,66,65,37,80,18,54,4,3,7,8,2,3,9,8,8,3,4,5,2,2,10,6,6,10,3,9,1,4,0
1,19,37,4,5,0,3,5,1,5,7,4,72237.0,837,51390.0,2,2,14,26,91,13,86,30,1,2,9,3,6,3,6,10,8,10,5,3,5,1,3,2,2,7,9,1,5,10,0
0,27,24,2,5,0,1,4,3,7,1,13,69937.0,1002,36007.0,4,8,76,8,33,20,7,46,2,4,4,7,5,9,10,6,1,4,8,6,8,6,1,1,2,9,3,5,7,5,0
1,35,20,1,1,1,4,5,7,5,18,14,71193.0,1493,12502.4,9,9,44,85,64,4,19,5,4,6,4,4,5,9,9,3,8,8,2,1,2,8,6,6,2,5,5,6,5,5,0
0,34,25,6,3,0,4,2,3,1,12,3,102647.0,1475,40436.0,2,8,21,77,42,62,33,17,9,9,2,8,9,9,5,2,10,8,6,8,8,8,7,4,6,10,4,1,4,1,0
1,22,35,6,5,0,2,6,4,2,7,8,34827.0,1111,47067.0,6,3,14,69,42,79,94,59,1,10,4,5,6,9,6,2,8,9,5,8,2,4,1,1,10,2,2,3,3,9,0
1,29,34,1,1,1,6,3,6,3,17,6,95104.0,1420,16179.0,2,7,25,70,65,4,62,5,8,10,5,3,5,7,5,1,8,9,9,9,1,5,7,4,3,4,7,7,3,6,0
1,23,28,5,1,0,2,3,6,1,17,11,109005.0,1197,15790.0,7,2,44,54,17,33,30,87,4,9,4,7,7,7,3,5,6,8,10,3,1,5,4,8,6,5,7,3,3,8,0
1,39,19,3,5,0,10,4,3,7,12,8,126784.0,846,29457.0,3,7,85,82,73,19,95,37,6,3,8,6,1,7,5,10,5,6,9,10,8,10,2,3,10,6,7,1,4,7,0
1,26,42,4,4,1,8,6,7,1,17,10,143471.34999999998,1100,29021.0,9,5,65,27,34,96,27,19,4,3,10,3,9,3,3,10,2,8,9,2,2,2,6,9,9,5,4,7,9,4,0
0,37,38,2,3,0,6,5,5,1,9,2,38160.0,999,18814.0,6,2,90,57,73,86,53,85,8,5,5,10,6,7,8,3,1,2,1,6,4,5,7,2,2,4,7,2,7,2,0
0,19,43,2,1,0,7,5,1,3,4,13,65964.0,1021,34747.0,3,8,57,76,83,82,95,51,5,1,6,2,7,6,8,4,3,8,10,10,6,4,5,5,3,1,5,6,1,8,0
1,39,41,6,1,0,6,5,3,6,11,7,80713.0,973,12502.4,7,6,82,64,37,85,7,62,9,7,7,4,6,7,9,8,2,1,10,1,5,9,2,8,6,10,9,7,5,3,0
1,32,36,3,2,0,9,1,3,7,7,1,73951.0,1011,41978.0,10,6,5,46,89,96,41,96,3,6,5,2,8,4,5,7,10,5,3,8,5,4,4,6,8,2,4,7,4,1,0
0,38,24,6,5,0,2,6,7,7,3,4,105151.0,1427,17279.0,6,1,94,39,36,60,19,59,2,8,2,5,10,10,3,7,6,7,10,4,10,7,10,5,1,10,1,7,8,5,0
1,43,35,5,3,0,7,6,3,5,3,17,92035.0,838,50292.0,10,4,12,89,4,52,13,12,5,4,2,3,10,6,8,8,8,6,6,3,9,7,8,5,6,4,9,5,4,4,0
1,23,25,5,5,1,8,3,1,7,7,14,115973.0,1334,32091.0,4,3,71,41,30,47,81,43,2,3,4,10,9,10,1,9,5,1,6,5,5,5,10,7,5,4,3,8,5,3,0
0,36,31,5,4,0,1,5,4,2,8,5,138760.0,1559,32841.0,7,6,44,14,54,96,70,96,10,4,10,9,8,1,8,10,5,5,2,6,9,3,6,4,3,5,8,10,3,4,1
1,35,24,3,5,0,8,1,4,7,2,17,121531.0,1559,57566.3,2,1,14,76,62,71,95,69,3,8,2,4,9,6,9,7,9,5,5,3,10,6,7,4,8,6,5,2,2,7,1
1,23,38,6,5,0,5,1,5,1,13,12,45698.0,837,45169.0,9,3,4,42,63,48,25,90,4,1,1,2,9,1,6,2,9,7,4,5,2,3,9,1,6,4,10,2,4,10,1
0,30,43,3,4,0,9,3,5,4,7,11,42077.0,1362,13229.0,3,3,47,25,39,93,38,81,10,6,8,9,7,8,10,8,2,8,1,3,6,8,5,1,2,1,5,7,1,4,0
0,19,21,2,6,0,7,1,6,7,1,17,113223.0,969,29499.0,7,2,4,47,48,22,44,50,7,4,1,3,6,5,3,6,10,3,4,10,7,9,2,3,5,4,3,1,8,7,0
0,40,34,6,5,0,9,1,1,1,13,5,143471.34999999998,981,54543.0,3,1,43,75,88,96,77,76,4,4,2,2,3,3,2,10,5,10,5,5,4,2,1,4,5,4,1,10,2,10,0
1,40,22,6,6,1,6,4,1,3,14,14,65625.0,1024,36452.0,7,2,67,4,23,40,78,35,6,9,1,3,2,7,9,5,3,8,2,5,6,2,7,7,10,1,5,7,10,2,0
0,43,29,2,1,0,10,1,3,4,7,7,105654.0,1067,24823.0,2,9,25,69,74,24,11,96,6,2,10,6,7,1,3,9,4,1,8,2,9,8,6,7,4,2,6,8,6,7,0
0,30,26,4,4,1,3,5,6,6,3,1,143471.34999999998,1225,56302.0,8,8,68,55,92,10,19,85,4,6,6,7,4,1,1,2,5,1,2,4,5,4,4,9,10,2,5,4,9,4,0
0,24,43,6,1,0,3,4,3,1,18,2,115520.0,1009,17191.0,1,4,95,76,35,49,53,21,7,7,5,4,7,2,1,5,4,5,1,1,2,10,7,8,1,6,5,1,5,1,0
0,32,37,1,1,1,9,5,1,4,13,1,81003.0,1397,37029.0,4,5,33,4,72,17,50,11,2,3,3,7,8,9,7,4,6,8,8,9,6,4,10,2,8,4,1,5,2,9,0
0,29,30,6,3,0,7,1,7,2,3,12,45510.0,1476,43027.0,6,3,32,91,68,66,26,21,10,2,4,9,5,6,2,8,2,5,9,6,9,5,10,9,2,8,6,8,8,5,0
0,43,42,1,6,0,10,1,4,2,18,14,140408.0,1317,19502.0,3,5,40,50,15,52,23,96,7,1,6,6,9,10,1,5,4,3,8,3,1,6,8,3,9,9,9,7,2,1,0
1,43,35,6,1,0,10,2,3,2,9,5,26252.95,1519,24826.0,9,5,61,86,51,65,5,29,3,4,7,4,3,2,2,6,8,3,9,10,7,6,5,1,3,5,6,9,7,10,0
1,19,37,4,1,0,3,1,7,7,2,11,96383.0,1334,17586.0,4,6,14,69,45,61,47,30,7,6,6,10,1,6,2,6,5,8,9,10,7,9,10,10,2,2,7,5,4,6,0
0,32,26,1,2,0,8,5,7,2,18,13,129413.0,1204,21106.0,9,1,15,71,87,86,16,71,2,8,1,6,5,3,4,1,5,1,8,9,3,4,6,1,4,8,4,4,1,9,0
0,21,21,5,4,0,9,5,3,6,13,9,56912.0,1539,12502.4,5,3,41,44,4,83,28,86,9,5,5,10,8,8,3,7,10,6,4,4,10,9,5,1,8,9,4,3,10,6,0
0,30,38,2,5,0,2,3,4,5,6,9,91162.0,1413,57566.3,4,7,36,88,20,87,35,68,2,10,8,7,9,1,3,2,2,6,10,8,7,2,2,10,8,10,9,8,5,5,0
1,40,43,6,1,0,1,3,2,4,16,10,143471.34999999998,942,57566.3,3,2,71,93,77,13,95,52,9,7,5,2,10,2,8,2,6,1,1,3,1,4,9,6,9,4,1,9,5,5,0
1,43,25,5,6,0,2,4,7,2,13,12,139221.0,837,57566.3,2,1,43,76,11,89,53,52,8,1,8,7,9,7,2,9,1,3,1,3,5,4,8,9,1,3,7,2,1,1,0
1,42,19,2,5,0,8,5,4,7,18,10,73716.0,1274,33764.0,7,7,67,4,4,4,30,4,10,3,4,10,6,5,3,6,2,6,3,1,6,5,5,5,7,3,1,1,3,3,0
1,22,34,6,5,0,5,5,4,7,11,13,77150.0,1153,49757.0,10,6,9,37,50,59,10,37,6,5,1,5,1,4,3,6,4,8,10,5,2,10,4,10,4,9,1,8,8,3,0
1,19,42,1,1,1,4,2,4,1,9,17,67306.0,1173,32268.0,6,8,69,57,12,21,17,66,5,8,2,3,9,9,6,4,9,2,4,2,1,1,8,9,2,9,7,4,8,5,1
1,40,26,4,6,0,9,3,3,3,9,10,94367.0,915,37298.0,3,5,6,15,6,82,49,45,2,3,8,8,4,10,1,2,2,1,9,9,4,2,6,5,1,5,3,8,9,3,0
1,43,37,2,3,0,9,3,1,5,4,8,105052.0,1498,52318.0,3,2,72,4,82,33,82,96,9,3,10,1,6,6,6,5,2,8,10,6,7,9,9,7,7,10,7,10,1,10,0
1,19,30,4,3,0,8,6,1,4,6,11,96170.0,1404,12502.4,1,8,51,5,14,57,82,41,2,6,2,3,1,10,1,4,8,2,3,9,3,4,5,9,7,10,10,2,2,2,0
1,33,19,1,6,0,10,2,4,7,12,5,52176.0,1195,38587.0,3,6,19,74,5,85,64,79,1,9,4,7,3,5,4,8,1,8,8,10,10,2,1,4,9,10,8,10,8,8,0
0,40,30,6,6,1,5,3,3,1,16,12,143471.34999999998,1060,18588.0,6,9,30,15,9,89,22,40,9,3,9,10,8,5,1,8,8,4,1,8,1,10,6,8,8,9,1,4,2,4,1
0,23,26,6,1,0,8,6,2,1,10,11,117277.0,837,48600.0,8,4,62,27,18,66,86,27,6,10,9,7,5,9,9,1,4,6,10,1,8,8,9,5,8,2,7,6,6,10,0
0,40,37,4,2,0,6,1,3,3,14,4,26252.95,1493,48956.0,5,2,41,4,76,43,47,28,6,1,7,5,5,1,4,10,4,9,6,9,1,2,8,6,9,6,9,1,5,5,0
0,33,23,2,2,1,9,2,7,4,14,17,30159.0,1286,16553.0,1,6,87,61,61,81,13,90,1,5,2,10,10,6,4,8,3,10,2,1,10,9,9,7,9,4,5,2,6,10,0
1,31,19,2,5,0,1,3,4,3,9,8,115074.0,1205,43433.0,10,8,88,18,39,96,43,84,4,9,6,10,9,3,3,1,2,9,10,2,9,5,4,4,4,4,8,4,2,8,0
1,43,42,2,5,0,9,2,4,1,16,9,81443.0,872,36300.0,8,4,9,18,86,78,84,19,4,3,8,2,8,2,4,4,10,5,1,3,4,4,6,4,4,4,4,3,10,6,0
0,20,22,5,5,1,1,5,2,1,17,8,49142.0,1033,16202.0,8,5,47,71,96,74,19,43,5,4,7,4,2,5,3,1,1,5,7,7,1,3,1,5,9,8,7,2,3,8,0
1,32,20,1,3,0,2,1,1,4,10,14,125239.0,1559,43655.0,9,3,9,14,62,79,31,4,1,10,6,6,1,6,7,4,5,7,8,3,8,5,5,2,1,8,4,8,5,2,0
0,20,21,6,4,0,2,5,7,3,4,5,26252.95,904,43721.0,1,1,53,95,9,85,18,72,10,10,9,7,5,8,2,1,6,9,5,3,5,4,4,8,5,6,6,9,6,2,0
1,40,19,3,1,0,1,1,2,6,4,13,137266.0,946,50112.0,1,1,63,84,20,75,88,29,10,7,3,7,6,2,3,4,7,10,7,10,4,6,4,8,5,4,4,6,7,3,0
0,19,31,6,5,0,5,1,7,5,7,14,72441.0,1093,33089.0,1,6,57,15,28,70,26,26,7,1,6,8,8,10,5,1,5,1,9,8,6,9,1,6,8,8,5,8,10,10,1
1,19,26,1,4,0,1,2,4,6,9,1,103472.0,1407,12502.4,9,3,39,14,81,13,70,4,3,10,3,7,1,8,4,8,8,5,7,9,2,10,5,8,7,3,9,9,8,9,0
1,26,41,1,2,0,10,3,4,3,14,16,27086.0,1105,38732.0,10,4,67,64,13,34,64,63,9,8,4,10,7,8,9,10,5,7,3,1,3,3,3,6,8,2,4,9,6,7,0
0,26,21,2,3,0,10,2,5,7,7,5,64632.0,1171,34951.0,2,3,46,4,86,78,66,83,3,6,8,8,4,5,8,8,2,4,10,6,1,10,6,10,5,7,8,10,4,7,0
1,40,35,5,2,0,2,6,6,1,3,5,140869.0,1209,32630.0,9,7,18,58,13,84,24,8,9,8,2,7,4,3,3,9,10,8,10,7,5,10,5,4,2,8,10,9,5,3,0
0,24,31,3,5,0,10,5,3,6,15,3,94150.0,1233,52021.0,3,3,44,93,26,67,17,40,8,7,3,3,10,10,6,4,2,4,6,7,4,9,9,9,6,8,2,2,10,6,0
0,20,42,3,3,1,6,4,1,6,17,7,40944.0,1559,12502.4,10,3,83,19,32,33,57,50,6,6,10,3,1,2,10,2,1,2,2,8,2,8,3,7,8,4,2,8,8,2,0
0,43,21,5,2,0,8,1,6,6,16,15,141222.0,1023,45208.0,7,6,92,54,79,50,67,13,5,2,5,9,6,6,7,8,2,5,10,4,2,6,9,4,1,6,3,9,6,6,0
0,35,42,4,3,0,7,2,5,5,7,8,30410.0,1373,55748.0,4,6,32,79,12,27,77,94,6,9,2,7,9,7,4,7,9,10,8,2,7,2,8,9,6,9,8,10,1,2,1
1,28,27,5,6,0,6,3,4,1,11,14,99439.0,1016,14040.0,9,2,68,76,28,85,85,75,8,10,4,8,5,7,6,4,4,5,4,9,8,5,5,5,10,7,10,10,2,5,0
1,24,20,2,2,1,4,2,3,2,7,3,120798.0,1559,29424.0,6,1,41,64,84,55,94,96,8,1,8,6,2,8,8,4,7,7,8,6,4,6,6,1,8,4,3,3,4,6,0
1,26,40,2,4,0,2,5,6,6,18,15,27218.0,1138,50477.0,6,1,75,66,38,27,62,7,9,9,9,7,7,2,10,7,1,3,3,2,6,6,1,3,1,6,2,6,5,5,0
0,19,24,3,2,0,3,4,2,4,17,5,93397.0,1309,23805.0,4,9,20,6,39,74,5,70,4,2,10,4,3,4,8,2,10,10,4,6,2,6,3,9,5,5,6,4,2,1,0
1,31,27,1,4,0,4,2,1,3,12,14,99378.0,1329,18960.0,4,6,6,16,10,21,19,4,1,5,1,1,9,9,10,2,6,5,4,7,9,1,6,4,10,8,9,4,9,10,0
0,37,30,4,3,0,5,6,7,3,10,14,37924.0,1135,23836.0,8,9,58,75,28,39,45,44,2,6,2,2,1,5,2,2,6,4,5,2,5,6,8,10,2,2,4,1,5,5,0
1,23,21,1,2,0,5,2,6,2,6,8,81566.0,1028,54476.0,4,9,96,4,44,10,35,65,1,10,2,2,7,1,1,9,10,3,9,4,9,8,10,4,3,7,3,7,9,10,0
1,24,35,5,6,0,1,2,3,2,4,13,133500.0,1390,12502.4,8,5,93,68,85,69,57,53,5,8,7,4,9,9,7,5,1,8,6,1,3,8,6,9,2,1,1,3,10,7,0
1,27,28,5,2,0,7,2,2,2,2,1,142740.0,1135,12502.4,1,2,70,59,10,54,65,13,5,2,5,5,4,1,6,9,3,10,8,4,2,10,1,7,9,6,5,9,10,5,0
0,24,42,5,5,1,5,2,7,7,18,4,71264.0,1019,47022.0,8,7,15,94,4,44,85,84,8,7,10,3,8,2,8,3,7,4,8,10,7,6,7,8,2,3,6,8,7,6,1
1,43,21,2,2,1,4,2,6,2,4,10,119932.0,1263,24413.0,3,8,67,22,48,69,69,12,9,4,2,7,10,3,10,7,3,4,10,6,9,1,7,9,8,2,8,1,4,7,0
1,19,41,3,4,0,2,2,4,3,12,11,90042.0,1371,43408.0,7,1,94,61,41,86,77,68,9,7,9,8,4,6,3,1,1,2,8,8,8,2,7,8,9,8,10,5,7,10,0
0,21,31,3,4,0,9,6,2,7,14,9,96345.0,1383,38074.0,8,4,24,13,89,92,66,10,3,3,5,1,9,2,7,1,10,3,8,9,3,5,6,4,6,3,3,10,3,7,1
1,38,35,4,3,0,7,1,2,2,16,3,40016.0,1328,20508.0,6,1,24,4,4,96,61,32,2,1,7,10,1,3,5,6,10,7,2,9,7,2,1,3,2,9,9,1,6,1,0
0,34,25,5,2,0,1,3,1,4,5,8,29011.0,1446,33781.0,4,7,84,55,92,30,18,87,5,8,6,10,10,7,8,1,4,10,10,8,9,7,10,9,9,2,10,1,5,8,0
1,19,43,6,3,0,8,2,1,7,15,2,96603.0,1345,22919.0,7,6,58,37,54,96,5,44,6,2,7,2,3,10,2,10,1,6,6,7,6,4,6,1,8,4,7,9,2,2,0
0,27,27,5,1,0,1,4,1,3,6,13,43892.0,1127,12888.0,1,8,18,18,21,82,95,55,5,9,8,7,2,5,3,6,2,6,9,7,7,8,1,10,9,3,2,1,10,7,1
0,36,22,5,1,0,7,3,1,3,4,8,68840.0,1559,34701.0,3,6,11,47,8,27,38,12,2,10,6,8,2,9,7,6,9,2,10,3,3,7,8,6,8,9,2,6,9,2,0
1,32,40,2,4,0,8,1,7,7,18,11,66358.0,837,12502.4,10,1,21,32,36,48,83,70,8,5,5,5,6,2,3,5,3,8,6,7,10,8,5,7,2,9,2,5,7,2,0
0,27,24,6,4,0,10,4,6,1,6,5,85922.0,1449,57566.3,4,4,83,53,7,73,14,73,2,5,8,10,1,3,1,1,6,4,2,5,9,9,2,4,3,8,4,9,3,8,0
0,36,29,5,4,0,6,4,1,4,11,13,26252.95,1284,28329.0,3,2,4,95,33,59,95,61,2,4,8,1,7,4,10,7,7,9,7,4,6,4,9,1,10,3,1,10,4,4,0
0,29,42,4,5,0,3,3,6,5,8,15,69691.0,1094,34909.0,10,2,50,95,54,7,59,4,7,8,9,9,1,7,6,3,6,3,10,2,2,5,10,1,10,5,5,3,6,1,0
0,41,20,6,2,0,10,1,1,4,2,15,37917.0,1189,48159.0,10,1,17,7,91,90,20,23,9,9,5,9,5,10,8,3,2,7,10,5,5,8,9,10,6,5,6,10,4,10,0
0,33,43,4,2,0,3,1,6,3,7,3,138992.0,1227,35507.0,5,5,46,33,44,15,80,69,10,1,10,8,7,3,6,6,6,5,1,2,9,6,10,10,4,6,2,5,3,2,0
0,26,21,4,5,0,6,4,5,3,11,17,62561.0,1350,17221.0,1,5,21,33,22,62,47,26,2,1,5,5,9,6,8,4,1,5,7,3,5,8,1,9,2,3,4,8,6,9,0
1,32,27,3,1,0,9,2,3,1,4,4,26933.0,1339,53749.0,6,6,13,78,59,73,83,32,3,10,3,6,10,9,5,7,9,10,10,4,10,1,2,1,2,4,8,9,6,1,0
0,43,21,2,3,0,2,6,6,2,6,3,76594.0,1447,42185.0,10,2,57,14,5,15,84,12,3,2,7,1,3,2,2,5,5,6,4,8,10,1,10,8,6,4,4,6,2,9,0
0,34,32,5,2,0,8,4,1,4,15,3,143471.34999999998,837,24106.0,9,4,62,66,29,40,80,37,6,8,8,2,8,2,1,9,3,2,9,8,7,2,7,2,9,7,7,9,10,7,0
1,31,27,2,1,0,9,6,6,7,16,4,132173.0,1235,16395.0,1,7,16,95,4,16,60,19,6,5,1,5,10,7,10,10,7,5,5,3,7,1,8,7,8,5,7,3,9,1,0
1,43,38,1,4,0,7,1,1,6,5,17,49255.0,1493,47389.0,6,1,95,77,36,37,57,28,10,1,3,3,4,1,2,3,5,2,6,3,3,4,5,5,5,3,8,10,9,6,0
1,35,39,2,5,0,10,3,3,5,11,14,26252.95,1146,57411.0,3,9,85,48,9,46,18,11,6,1,10,5,3,5,8,3,1,3,4,1,8,7,6,4,2,6,2,9,7,2,0
1,43,33,3,4,0,3,6,4,3,6,8,125992.0,1095,27300.0,4,9,75,4,39,17,13,39,9,5,4,4,9,10,7,3,6,9,7,10,3,4,5,7,7,6,8,4,8,3,0
1,19,32,5,4,0,9,6,3,1,15,16,106990.0,1108,56068.0,2,7,93,45,50,65,19,16,2,3,5,8,9,4,9,3,7,9,3,4,6,2,5,9,3,1,6,6,9,7,0
1,21,36,3,4,0,6,4,6,4,12,11,119136.0,837,39724.0,3,1,38,87,25,65,40,47,10,4,6,7,9,3,8,1,4,1,4,7,10,9,4,5,6,8,1,5,3,4,1
1,35,37,3,3,1,10,2,1,4,11,1,111184.0,1240,13697.0,5,9,58,18,13,74,26,61,9,6,1,6,8,2,2,3,8,8,7,8,6,9,10,3,3,7,5,10,2,3,0
0,24,36,5,2,0,6,1,4,7,6,6,143471.34999999998,1318,57566.3,4,1,69,23,84,96,93,93,3,3,4,3,4,6,6,10,10,7,10,1,8,10,9,10,6,7,7,9,7,8,0
0,30,35,6,5,0,3,4,3,5,16,5,130831.0,1174,17877.0,10,1,75,15,55,87,26,80,8,3,7,1,1,6,8,7,10,7,5,7,3,8,10,9,8,4,10,9,5,7,0
1,32,43,5,3,0,7,1,6,4,14,15,48124.0,979,54901.0,1,8,4,59,31,18,95,71,8,6,5,5,8,4,4,8,1,10,8,5,3,6,9,4,7,6,1,1,8,3,0
0,42,29,5,2,0,9,3,6,4,13,7,78561.0,872,57566.3,7,6,48,4,63,15,81,82,6,3,3,7,6,1,4,1,2,8,5,3,3,3,8,10,2,1,5,4,1,10,0
0,40,42,1,1,1,3,5,1,6,2,8,67227.0,984,57566.3,6,9,59,95,96,79,47,91,9,2,4,8,10,10,1,10,3,10,4,1,9,8,9,1,8,3,9,4,5,9,0
0,39,33,4,4,1,9,3,7,7,6,8,57010.0,1559,12502.4,2,9,14,12,63,84,56,45,9,7,6,3,6,9,6,5,8,8,7,1,7,10,3,6,2,4,6,10,1,10,0
1,43,19,6,1,0,6,3,5,7,11,15,28793.0,1015,53276.0,8,3,48,47,11,4,46,39,3,4,8,5,5,7,9,10,2,6,8,3,4,9,10,7,5,10,9,9,7,8,1
1,19,33,2,6,0,5,3,6,1,1,16,81822.0,1084,45161.0,2,3,83,81,25,44,69,58,10,3,5,7,2,3,8,9,6,9,3,7,7,1,1,10,2,3,5,9,3,2,0
0,28,19,5,5,1,9,5,6,3,16,5,42634.0,874,23478.0,8,2,82,67,31,9,69,96,4,3,6,10,4,10,10,9,2,7,10,5,8,10,2,3,10,5,4,7,7,6,1
1,27,41,5,2,0,2,5,6,4,2,8,91756.0,1479,21066.0,8,8,52,83,11,62,5,40,2,4,3,1,1,2,9,1,9,4,4,7,10,6,7,3,2,1,9,7,2,9,0
0,42,32,6,1,0,5,4,3,2,6,17,138918.0,1186,34351.0,6,1,80,45,50,96,87,92,2,5,3,8,3,7,10,8,5,7,4,1,7,10,1,2,4,1,9,7,9,8,0
0,22,24,1,4,0,6,3,6,5,17,16,110936.0,1486,30703.0,9,5,15,56,81,7,11,15,6,2,9,3,4,5,5,9,7,9,5,2,7,2,1,7,4,1,5,10,9,2,0
0,33,19,3,2,0,7,3,4,5,8,15,73189.0,837,43219.0,6,9,69,76,35,45,19,85,8,6,8,2,7,9,3,7,10,2,10,9,4,4,9,8,5,7,5,5,8,7,0
0,28,22,3,1,0,6,6,6,3,10,8,66517.0,1153,24765.0,4,1,54,64,93,73,56,21,2,1,9,3,10,7,7,2,1,5,5,9,1,1,3,4,6,7,2,5,1,4,1
1,38,27,4,3,0,5,2,1,2,2,11,115745.0,1075,36428.0,7,4,4,37,70,73,41,15,3,1,5,3,10,8,1,3,2,8,3,1,7,2,5,6,4,3,9,8,9,4,1
1,23,39,3,4,0,9,4,6,1,13,14,138544.0,1050,41578.0,4,3,71,44,49,38,66,58,1,1,7,6,1,8,4,7,8,2,8,9,1,7,5,5,2,4,5,9,5,3,1
1,26,38,3,3,1,3,4,7,4,12,3,143471.34999999998,1559,25874.0,4,5,96,41,16,89,33,75,5,7,7,10,3,3,4,2,9,7,5,6,5,8,3,7,1,9,9,9,3,7,0
0,30,21,3,6,0,6,3,2,4,9,8,98195.0,1512,14817.0,9,8,40,18,10,12,53,22,6,9,1,7,7,9,7,4,4,5,7,10,2,9,9,10,1,6,7,2,4,5,0
1,41,31,4,1,0,9,2,3,6,12,11,143471.34999999998,1230,50323.0,9,4,44,5,71,67,90,26,8,2,8,1,7,4,4,5,6,6,6,1,4,1,4,1,4,9,9,7,6,5,0
0,25,30,1,5,0,9,3,4,7,10,5,68001.0,1300,29690.0,7,2,67,31,20,15,52,35,1,2,9,2,9,10,5,7,7,1,4,1,8,7,2,7,9,10,10,6,2,8,0
1,31,19,4,1,0,10,1,4,3,16,5,84927.0,937,18194.0,8,1,79,26,61,95,5,4,8,10,6,4,9,6,6,10,5,3,7,6,8,1,8,7,2,10,6,5,1,7,0
0,41,33,3,4,0,3,6,1,7,2,5,26252.95,999,46290.0,10,6,69,25,4,13,60,70,3,3,6,6,10,1,10,2,9,7,1,7,10,9,9,7,2,10,10,6,8,4,0
0,19,40,2,1,0,2,6,7,3,3,10,75548.0,837,23774.0,1,2,55,4,84,40,7,73,3,9,7,5,2,8,8,7,8,4,7,4,9,9,5,3,5,4,7,4,4,1,0
0,34,26,3,5,0,2,1,1,1,14,15,51776.0,922,18840.0,6,7,96,55,20,8,93,4,7,8,2,10,5,5,4,7,6,3,10,4,3,2,9,3,7,8,4,9,2,10,0
1,41,39,3,2,0,10,3,5,3,15,7,94473.0,1022,56757.0,9,3,94,26,23,50,5,65,9,5,10,9,3,6,6,2,5,9,1,1,10,2,8,1,6,3,1,8,4,7,0
1,22,33,6,2,0,7,3,2,4,11,7,26252.95,1238,12502.4,8,1,23,72,96,19,26,68,1,10,1,2,1,1,2,9,1,4,4,3,8,9,10,3,3,7,9,5,8,10,0
1,42,36,5,4,0,3,1,3,4,12,16,143471.34999999998,1161,17097.0,3,9,86,58,88,15,34,94,4,5,8,8,7,5,5,2,2,1,8,6,5,5,8,3,7,5,1,8,8,5,0
1,19,32,3,5,0,3,6,4,5,12,6,54706.0,935,31265.0,5,7,76,75,94,73,85,42,7,10,1,9,1,10,3,2,3,9,3,9,6,6,10,10,5,2,1,3,3,6,0
0,42,43,6,5,0,5,3,4,4,15,11,111279.0,937,18581.0,5,8,24,88,53,94,14,22,1,6,2,4,5,7,10,4,4,9,1,8,9,9,7,10,4,2,3,8,2,10,0
1,41,31,3,5,0,2,1,3,6,12,13,79204.0,939,22442.0,10,9,82,21,29,86,35,79,7,8,1,1,10,9,6,1,4,10,6,9,10,10,2,4,6,5,5,10,4,2,0
1,26,37,3,4,0,8,5,4,5,18,14,36581.0,1535,36783.0,10,7,30,36,9,24,88,17,7,4,2,6,8,5,8,9,1,6,5,9,8,5,9,5,10,10,9,1,4,7,0
0,21,27,4,2,0,10,5,2,3,10,9,49688.0,1298,13982.0,9,7,4,94,92,78,78,29,8,8,5,1,2,5,10,1,10,2,9,9,2,7,5,10,10,5,9,7,5,6,0
0,34,38,5,2,0,9,2,1,7,7,5,90773.0,874,19107.0,10,3,87,86,60,25,65,54,8,7,3,5,5,1,9,4,7,8,8,7,6,8,4,8,1,7,2,2,10,1,0
0,34,29,3,6,0,9,3,7,6,1,5,82050.0,868,15456.0,4,2,4,64,44,92,46,28,9,6,6,9,10,10,5,6,1,2,6,1,7,4,3,2,8,2,2,7,8,3,1
1,38,19,3,4,0,5,1,2,7,4,6,140645.0,1392,32948.0,4,4,92,20,45,92,11,40,2,4,9,3,5,1,6,3,5,10,8,6,6,6,3,10,10,6,10,2,8,4,0
0,35,38,1,5,0,8,4,5,5,8,8,54206.0,939,34710.0,10,8,41,19,5,60,19,10,8,1,7,2,4,9,5,10,9,9,3,5,3,6,7,10,6,6,3,6,7,1,0
0,33,34,6,2,0,5,4,5,7,5,5,141102.0,1387,40632.0,6,5,43,7,8,87,65,26,3,1,3,10,7,8,1,8,7,3,3,3,2,1,3,7,8,6,8,5,6,3,1
0,25,26,3,4,0,5,1,6,5,15,3,143471.34999999998,1086,39695.0,1,6,75,24,76,14,64,35,7,10,6,8,3,8,10,5,7,9,5,6,7,7,1,3,9,8,2,4,6,9,1
1,43,40,5,4,0,1,4,6,2,3,9,102797.0,1559,56966.0,10,1,51,24,66,48,57,82,8,3,5,4,5,1,1,7,6,4,6,10,9,5,1,1,2,3,5,1,4,9,0
0,28,36,5,6,0,4,5,2,1,4,2,35858.0,1392,42553.0,6,7,91,83,41,87,71,49,6,5,2,9,2,3,10,9,3,6,6,3,7,9,1,7,7,6,2,10,1,7,0
1,38,42,3,2,0,6,2,3,2,8,8,126709.0,1249,52910.0,3,7,19,30,88,72,90,37,1,4,9,7,1,4,5,6,3,1,6,2,10,5,8,7,5,1,2,1,7,5,0
1,38,35,4,6,0,5,6,5,3,1,13,143471.34999999998,1016,53370.0,5,9,49,95,77,72,94,22,9,6,10,5,7,10,6,5,10,5,6,5,5,10,2,1,4,9,3,9,7,6,0
0,35,24,3,3,1,7,3,4,4,14,10,26252.95,1491,47311.0,9,4,18,62,4,52,83,69,4,6,5,3,7,4,10,2,9,2,4,10,2,3,7,8,3,4,1,5,8,4,0
0,40,26,3,6,0,2,2,5,7,8,10,101380.0,1141,40254.0,10,9,81,4,10,4,13,11,2,5,7,8,9,8,5,9,1,1,4,3,10,7,4,2,7,6,4,1,8,4,0
1,41,39,4,2,0,9,5,1,5,13,12,73035.0,1088,47321.0,7,1,66,56,73,9,79,41,2,7,4,1,6,10,3,6,10,2,9,9,5,7,1,9,8,6,7,1,4,6,1
0,27,43,3,2,0,4,4,7,7,2,15,42334.0,1046,33729.0,3,1,28,63,68,31,78,57,1,2,6,1,3,10,10,9,1,2,9,1,5,10,5,2,2,10,1,7,1,2,0
0,30,38,6,5,0,10,5,6,1,13,15,117919.0,891,57566.3,8,5,4,42,65,50,5,90,8,1,4,8,2,10,7,3,3,1,2,10,7,5,8,10,6,2,7,2,3,9,1
1,34,29,4,6,0,10,3,6,5,5,14,80618.0,1354,34347.0,3,1,5,38,34,70,44,4,1,1,1,3,1,10,8,8,5,7,2,8,1,3,4,2,6,6,8,5,2,10,0
1,35,24,2,4,0,10,3,2,6,10,9,134886.0,862,55768.0,2,7,96,21,94,27,5,62,5,10,7,7,3,6,4,3,3,6,5,10,10,10,5,3,10,6,6,4,6,2,0
0,27,31,3,3,1,3,5,6,7,15,3,108431.0,1559,33370.0,10,6,63,36,29,54,86,63,4,7,1,2,4,3,3,3,1,7,2,3,8,1,3,2,9,4,6,1,4,5,0
1,33,32,5,1,0,6,3,6,7,16,10,44927.0,1174,57566.3,9,2,92,91,96,87,11,26,2,1,6,3,2,10,8,7,9,5,8,9,3,7,5,3,8,8,7,7,5,1,0
0,37,32,6,4,0,6,3,7,3,12,11,109761.0,837,19020.0,10,2,36,28,57,12,92,47,10,2,8,10,1,10,7,10,5,7,1,6,10,7,5,8,4,7,10,10,1,4,0
0,22,23,2,1,0,1,2,1,2,2,12,131803.0,1160,40348.0,7,1,11,52,80,62,65,96,8,3,6,3,8,6,6,3,7,4,7,1,1,7,9,5,5,2,9,7,10,3,0
0,30,38,3,5,0,6,1,3,2,4,5,84074.0,1303,43146.0,5,2,27,83,4,94,66,81,3,1,8,8,9,10,4,8,1,3,6,1,1,1,10,2,5,8,10,9,3,3,1
1,35,31,2,1,0,7,3,7,2,10,9,105836.0,837,24667.0,10,9,20,54,57,94,73,43,8,2,5,1,10,6,8,4,8,1,3,1,9,6,1,6,5,10,2,9,10,7,0
0,34,19,5,6,0,10,2,2,5,1,5,51061.0,837,50297.0,6,4,96,4,12,5,14,90,10,10,9,4,1,3,7,4,10,9,2,1,3,4,6,6,1,4,1,6,8,7,0
0,26,25,1,5,0,9,3,4,3,12,2,56471.0,1462,57566.3,9,7,48,34,76,84,47,96,5,3,6,8,2,8,8,3,4,3,5,5,2,9,10,1,7,1,4,6,8,10,1
0,31,30,3,5,0,8,1,4,5,15,14,63224.0,1559,51895.0,4,3,16,55,71,92,45,41,3,8,7,3,9,6,10,4,2,4,1,2,7,5,4,5,10,5,3,6,2,1,0
1,34,40,5,5,1,7,5,7,5,11,14,41845.0,1170,16100.0,1,1,96,77,15,82,42,89,1,2,3,7,2,4,9,4,4,3,9,1,3,6,6,4,5,7,2,6,3,1,0
1,21,23,3,5,0,6,1,2,7,7,14,134306.0,959,16174.0,4,8,69,88,94,30,5,36,6,6,8,1,10,6,2,4,5,7,1,10,10,10,9,8,4,3,2,10,5,3,1
1,35,22,5,3,0,7,3,2,2,12,5,114847.0,1181,31452.0,7,9,26,84,25,19,5,7,3,6,3,2,9,2,9,8,5,9,8,6,5,6,3,6,7,5,9,2,6,4,0
1,43,22,5,5,1,3,4,2,1,2,7,141471.0,951,31158.0,3,7,49,9,39,37,85,67,10,5,7,8,8,6,2,1,5,10,1,4,3,4,2,6,9,2,1,8,3,2,0
1,37,42,5,3,0,5,4,5,4,5,5,126567.0,1260,53069.0,9,9,22,30,66,4,40,6,1,4,5,4,6,9,9,5,7,3,4,1,3,9,8,7,1,4,1,3,4,10,0
0,41,19,6,6,1,1,1,6,1,7,1,37667.0,1013,38399.0,6,4,78,11,92,52,59,62,5,7,8,2,5,4,6,5,3,4,2,8,2,10,2,5,6,1,10,8,1,1,0
1,41,26,3,5,0,7,4,1,6,1,3,121195.0,996,22679.0,1,4,24,16,96,96,31,93,2,8,4,4,5,5,3,9,6,6,3,8,10,1,10,10,1,3,5,1,10,2,0
1,32,23,2,6,0,9,1,5,1,1,9,37945.0,1168,22473.0,8,1,63,88,85,45,40,33,1,9,4,7,8,4,2,7,7,9,7,4,9,3,6,9,5,3,8,4,6,10,0
1,28,37,2,5,0,7,1,6,1,3,6,127116.0,1178,45927.0,6,3,19,26,70,4,75,94,8,5,5,7,4,10,5,2,10,6,9,7,10,10,8,9,9,5,5,10,7,8,0
0,29,43,5,2,0,1,6,3,1,3,14,98640.0,1221,32268.0,4,8,37,65,74,83,76,78,3,7,8,2,9,10,4,5,10,3,2,1,8,1,6,9,6,5,2,3,10,2,0
1,26,24,3,4,0,5,2,4,7,5,16,104061.0,1103,56565.0,10,9,22,63,4,96,5,60,1,10,10,8,2,1,4,4,8,2,9,5,9,5,7,7,1,5,1,7,2,9,0
1,30,26,2,3,0,4,1,3,2,12,12,36073.0,1268,47632.0,4,3,62,83,55,34,21,49,7,6,10,10,10,2,4,8,8,5,2,10,4,3,4,10,2,9,4,8,1,4,0
0,32,22,5,1,0,9,5,3,2,4,15,55019.0,1116,46362.0,2,1,50,33,19,41,28,65,7,7,6,10,2,4,4,8,10,2,8,2,2,4,3,8,6,1,3,1,2,6,0
1,43,31,6,6,1,2,1,1,3,1,14,26404.0,1559,12897.0,3,4,23,40,36,18,65,94,2,7,9,3,6,10,1,7,3,9,7,5,5,2,4,8,6,3,4,2,10,1,0
0,32,22,3,1,0,9,2,3,3,9,1,124177.0,1141,32692.0,4,1,7,8,76,12,36,29,6,2,4,10,3,1,9,8,7,6,6,2,1,1,8,8,4,9,4,9,2,9,0
0,22,25,3,4,0,1,5,7,7,15,17,79592.0,998,45469.0,7,7,59,95,40,63,87,58,8,9,6,6,9,4,1,6,2,4,10,3,6,2,6,8,1,6,1,8,8,5,0
0,40,24,5,2,0,1,3,7,6,6,17,62993.0,1126,12502.4,4,4,96,9,70,74,20,43,8,2,6,7,2,9,2,6,7,8,4,7,5,5,1,2,2,7,9,10,3,6,0
0,36,30,5,3,0,5,4,6,1,10,11,72450.0,1512,30353.0,10,5,25,30,50,51,45,92,4,10,4,3,8,8,5,7,10,5,2,6,10,9,2,4,6,5,9,1,2,4,0
0,43,30,4,3,0,4,5,7,2,9,15,120962.0,1498,34359.0,1,9,78,65,20,94,5,42,3,2,10,7,3,1,3,3,9,8,1,10,8,7,4,5,4,6,10,10,6,9,1
1,37,25,5,6,0,10,1,6,2,18,3,35329.0,1039,43381.0,6,5,40,92,53,24,95,24,2,7,6,2,2,5,10,10,5,5,3,1,2,4,2,8,5,3,8,3,9,2,0
0,43,28,4,2,0,1,3,6,7,17,17,143471.34999999998,1015,44773.0,3,1,62,45,31,31,90,80,8,5,8,9,8,3,5,8,8,10,6,2,10,10,4,2,4,3,5,8,7,1,0
0,42,43,2,1,0,2,2,3,2,1,6,32952.0,1038,23061.0,6,3,78,85,13,44,95,53,8,10,4,4,8,10,2,8,2,7,4,2,3,9,5,6,5,3,3,10,6,5,0
1,43,35,4,3,0,4,3,6,4,17,8,61403.0,837,36723.0,8,7,54,8,60,31,75,96,10,10,7,2,7,7,3,1,5,3,2,1,4,6,10,10,7,10,3,6,4,4,0
0,43,42,1,3,0,1,6,3,3,8,9,110740.0,837,16813.0,9,9,53,23,90,48,12,41,1,1,8,8,1,6,10,1,2,8,7,5,6,4,5,3,9,8,5,6,10,4,0
1,31,36,6,6,1,10,2,6,6,18,15,138012.0,1028,36526.0,4,9,18,15,24,29,39,20,2,8,9,10,10,5,4,5,8,2,10,6,1,6,6,2,7,9,9,6,5,6,1
1,34,23,2,1,0,4,4,1,4,2,11,31628.0,1383,54236.0,6,9,68,86,59,4,23,95,6,7,3,1,6,4,3,8,8,1,5,6,9,3,4,4,2,2,5,6,7,4,0
1,35,39,3,4,0,8,1,6,7,6,7,132137.0,1097,57566.3,4,7,83,18,94,4,29,4,6,1,5,7,5,7,10,9,2,7,5,5,2,3,2,5,6,1,5,6,5,8,0
0,38,19,1,3,0,7,6,5,5,16,7,118049.0,837,13606.0,2,1,24,66,38,69,31,43,7,3,2,3,3,6,5,2,6,9,10,10,1,10,6,7,10,4,7,10,7,8,0
0,20,30,1,1,1,3,6,2,6,6,6,143471.34999999998,1226,41135.0,9,8,4,43,85,84,41,20,6,5,2,9,9,3,3,4,10,7,2,2,8,1,9,6,2,8,8,5,9,8,0
0,19,40,3,3,1,6,5,7,4,18,17,143471.34999999998,1537,22602.0,9,5,17,95,85,92,69,48,6,2,7,1,7,10,2,6,7,3,6,6,1,1,10,2,8,3,2,9,1,7,0
1,19,42,3,5,0,8,5,2,3,12,13,118547.0,1212,51493.0,9,5,93,34,65,90,76,88,10,1,9,9,6,6,6,5,10,3,9,7,10,2,9,2,9,6,8,2,8,6,0
0,27,43,4,4,1,9,6,4,4,2,8,115310.0,1066,56180.0,9,5,57,81,31,27,64,32,8,3,8,10,8,8,2,2,7,5,5,1,8,3,9,8,5,9,1,1,5,8,0
0,36,28,3,4,0,1,3,6,4,4,16,88634.0,853,44964.0,7,5,28,55,11,14,38,75,4,9,10,7,7,2,4,4,2,4,8,5,8,1,4,8,1,4,6,5,10,5,0
0,34,19,4,2,0,6,1,2,3,7,15,69400.0,1218,51319.0,1,3,69,68,4,61,39,81,7,9,2,8,7,1,7,1,6,10,3,2,5,1,7,3,1,4,7,8,8,4,0
1,29,41,6,5,0,3,1,1,3,4,3,48159.0,1176,34571.0,2,4,4,31,93,35,9,14,3,5,10,6,5,3,9,9,5,8,4,4,2,7,5,10,2,5,7,7,7,5,0
1,19,19,3,4,0,3,3,3,4,2,16,121504.0,935,29813.0,5,1,44,58,70,78,64,4,6,10,4,6,10,4,3,8,2,2,6,1,10,3,10,1,6,6,8,7,9,1,0
0,29,34,5,1,0,6,1,4,7,15,9,143471.34999999998,1150,21256.0,7,8,29,4,92,80,93,62,3,2,9,5,10,4,3,3,10,3,7,1,8,2,7,8,2,5,3,5,6,1,0
0,34,25,6,4,0,3,3,4,7,17,8,143471.34999999998,1519,15007.0,3,3,81,18,24,14,5,21,8,4,4,5,4,7,10,9,9,10,1,7,2,7,6,9,9,1,5,9,5,7,0
0,41,19,1,5,0,4,1,5,2,18,16,100481.0,987,29766.0,9,6,48,85,57,72,69,56,9,2,6,2,4,5,6,2,9,10,4,8,3,4,9,8,3,9,3,7,10,6,0
0,20,23,4,1,0,2,2,2,7,9,7,100895.0,1300,35942.0,2,6,87,52,76,94,94,48,5,10,8,2,6,7,9,4,7,9,5,2,8,5,2,8,3,5,3,8,1,8,0
1,28,39,3,2,0,2,3,5,2,11,6,74866.0,1082,14713.0,9,5,96,91,11,25,68,13,4,4,4,10,3,5,3,6,1,1,8,3,7,1,7,7,4,10,5,10,1,4,1
1,34,22,4,2,0,9,5,4,6,15,2,49482.0,962,45638.0,4,9,40,60,12,91,95,47,10,6,2,10,1,8,9,5,5,7,9,4,7,8,1,4,2,8,8,10,6,4,0
1,40,33,2,6,0,10,5,6,7,10,10,56263.0,913,42678.0,7,9,62,31,41,6,60,4,7,3,4,4,3,2,10,4,8,5,9,2,4,3,6,6,1,10,2,5,5,10,0
1,43,25,6,3,0,4,1,4,2,8,11,115892.0,1170,18250.0,9,6,4,32,92,48,10,4,3,3,3,7,2,1,7,9,5,5,5,5,6,7,10,1,3,8,9,8,2,10,0
0,20,36,1,6,0,10,6,4,7,9,9,39219.0,1429,26412.0,1,8,48,25,71,58,32,41,1,4,10,6,9,3,9,6,3,2,5,10,3,7,7,7,5,2,5,10,2,2,0
0,25,33,6,2,0,6,1,5,1,2,7,26252.95,1559,18391.0,6,1,92,46,57,43,50,32,9,1,5,7,9,5,4,3,9,2,8,4,8,10,8,5,6,8,3,8,10,8,0
0,37,30,5,1,0,5,3,2,6,10,8,103087.0,1323,55828.0,2,6,16,45,4,13,32,35,8,4,6,5,1,6,3,1,9,9,6,8,7,2,5,4,7,2,2,7,2,2,0
1,21,43,6,5,0,3,5,7,6,17,13,75618.0,1000,54987.0,2,2,78,30,86,4,38,67,2,10,1,5,4,7,3,10,7,9,7,7,10,2,9,5,9,9,5,3,5,9,0
0,38,37,1,4,0,4,3,7,7,15,8,26252.95,1559,13139.0,7,3,65,54,71,92,33,94,1,1,1,1,2,5,2,10,2,3,6,1,2,8,10,9,1,4,7,6,8,7,0
1,39,24,6,4,0,5,4,2,3,1,16,115732.0,837,24550.0,6,7,92,17,20,67,58,61,9,2,6,4,4,3,6,4,6,4,3,8,3,10,4,8,4,3,4,9,4,2,1
1,24,33,3,3,1,1,2,7,4,12,5,141586.0,1147,32361.0,10,6,16,18,49,96,71,96,4,7,4,7,5,9,10,1,3,4,2,1,1,8,1,8,2,6,1,5,2,6,0
0,31,40,2,1,0,8,6,5,4,16,6,29700.0,1326,44491.0,9,5,45,67,49,76,95,95,6,5,7,5,6,8,2,8,4,1,10,4,1,1,4,9,6,8,10,4,9,6,1
0,31,33,3,4,0,1,6,6,3,4,15,58743.0,1352,47622.0,10,4,64,95,11,11,46,84,7,9,4,2,7,7,7,4,3,2,7,4,9,6,3,1,1,8,9,7,2,5,0
0,21,29,5,3,0,9,3,1,5,5,13,134344.0,1155,12502.4,2,2,11,25,13,89,5,28,7,3,10,3,2,5,8,8,6,9,5,9,1,6,1,8,5,8,4,6,2,7,0
1,33,31,5,1,0,10,4,7,6,4,15,26252.95,1321,23366.0,9,7,86,95,27,89,25,60,9,2,4,5,10,7,3,8,8,8,8,5,10,8,3,3,10,6,3,6,3,7,0
0,41,41,2,3,0,7,6,5,6,16,1,127468.0,910,40949.0,4,7,19,53,40,96,67,30,8,4,8,10,10,2,2,4,4,3,9,7,2,5,5,6,4,2,7,9,10,8,0
1,39,35,3,5,0,9,3,2,2,11,14,87328.0,1470,49068.0,10,8,20,77,70,39,34,96,8,8,3,6,7,3,8,2,4,7,10,3,3,5,6,1,3,10,2,4,9,7,0
0,19,43,3,6,0,10,6,2,5,1,3,81067.0,837,30127.0,3,8,23,19,20,84,59,71,7,4,7,9,4,10,6,1,10,6,5,9,4,4,9,5,5,4,10,2,9,2,1
1,34,35,5,2,0,8,2,6,6,17,5,74651.0,979,14804.0,6,9,80,9,49,85,93,46,3,7,10,3,7,1,2,8,7,7,2,1,2,5,9,10,10,4,10,7,8,10,0
1,42,33,4,3,0,8,2,3,1,6,9,115386.0,1557,44212.0,8,6,73,13,87,46,20,12,2,10,6,1,9,3,2,9,2,6,4,3,5,2,8,8,5,4,6,8,4,4,0
0,27,37,1,5,0,3,1,7,2,12,7,77967.0,997,39843.0,5,7,90,31,44,89,47,65,10,6,4,4,9,1,2,4,1,7,10,5,3,8,8,7,6,8,5,1,4,6,0
1,39,33,6,3,0,5,4,2,3,11,2,52378.0,1209,57566.3,10,7,83,75,37,55,95,21,4,1,3,9,1,4,8,6,10,2,3,1,2,3,1,3,10,1,1,10,2,5,0
1,33,30,5,2,0,3,5,3,2,13,5,67686.0,1339,44595.0,10,4,94,35,4,20,84,84,10,5,5,6,1,2,5,9,9,3,3,5,4,10,4,10,7,2,7,8,4,7,0
0,33,43,2,3,0,9,3,7,5,3,6,136210.0,1040,30578.0,2,4,24,83,25,32,88,21,3,3,9,7,3,3,3,4,3,1,9,3,10,2,4,6,4,9,1,6,2,2,0
1,43,26,4,2,0,3,2,6,5,1,14,78465.0,1479,24726.0,10,5,39,27,16,39,68,45,4,3,8,3,6,4,7,4,10,7,5,9,3,2,5,2,9,7,3,8,2,7,0
0,25,43,3,6,0,1,4,4,3,8,7,47604.0,1198,12502.4,3,8,9,43,78,47,65,32,6,7,7,10,7,6,6,7,8,8,10,4,8,3,3,4,1,4,7,7,1,7,0
1,24,26,5,1,0,4,5,3,6,2,17,41225.0,1502,22107.0,2,7,4,33,56,18,80,35,8,7,10,5,6,8,9,3,5,9,8,5,9,3,3,4,8,8,10,6,8,3,0
0,23,30,4,4,1,3,1,4,6,3,17,36805.0,1110,24151.0,7,2,47,60,86,14,20,4,4,5,1,10,2,6,7,2,8,6,3,7,9,5,9,9,10,8,7,2,8,6,0
0,33,21,6,1,0,10,2,5,1,7,5,64147.0,1449,51000.0,1,9,12,54,71,34,95,22,1,9,3,7,8,1,6,2,6,1,10,2,3,3,9,5,6,1,5,8,7,7,1
1,37,26,6,3,0,5,3,7,3,17,3,65040.0,904,33738.0,5,7,64,4,66,4,66,9,7,1,7,2,3,9,5,10,5,9,9,1,1,3,1,9,8,4,1,1,3,9,0
1,33,32,1,2,0,5,4,2,3,1,12,88951.0,1139,12502.4,3,5,26,42,27,73,17,36,6,8,6,9,8,5,3,8,10,3,3,1,4,6,8,1,2,9,6,8,1,6,0
1,24,31,4,4,1,4,6,2,2,14,16,59694.0,837,50021.0,3,2,35,49,87,50,11,66,5,7,2,1,8,3,8,4,5,5,4,9,9,10,9,1,3,9,8,10,5,7,1
1,26,36,5,5,1,2,2,3,3,13,8,101042.0,1094,44162.0,9,4,61,4,76,67,17,70,3,1,5,3,6,1,7,1,4,5,6,8,7,2,7,3,1,4,10,1,10,4,1
1,31,29,1,5,0,4,6,1,2,6,1,86941.0,1356,23064.0,4,9,4,68,19,31,34,20,8,10,6,1,6,8,8,5,8,4,5,5,1,5,8,1,8,2,4,1,7,6,0
0,28,38,5,3,0,1,5,1,3,11,8,50254.0,1271,57566.3,10,4,21,74,45,95,61,63,9,9,3,3,2,4,6,2,1,5,9,3,2,5,4,3,9,10,10,4,5,4,0
1,43,43,6,2,0,7,3,7,6,17,12,128963.0,880,35631.0,6,4,4,48,25,88,79,81,2,4,6,7,2,2,10,7,10,8,5,2,8,7,2,5,10,4,9,8,4,4,0
0,43,42,6,1,0,7,6,4,4,7,6,136496.0,1032,48546.0,9,4,22,30,32,51,16,80,8,5,5,9,4,8,10,1,4,1,5,8,9,10,3,10,5,3,7,10,4,2,0
0,31,23,5,4,0,7,6,1,5,5,9,30570.0,1331,54736.0,5,2,22,34,30,4,42,94,6,6,10,2,1,9,5,2,10,9,1,5,2,3,1,8,10,5,8,5,2,8,0
1,24,20,6,3,0,5,6,5,7,15,9,61448.0,896,29325.0,5,3,41,66,56,69,11,65,10,1,5,1,3,5,9,5,3,5,6,5,6,10,7,4,2,1,10,6,1,5,0
0,19,43,3,3,1,5,6,6,6,9,17,41791.0,1181,16702.0,8,4,4,70,42,52,18,73,5,7,10,4,1,10,9,9,9,7,7,4,8,8,10,5,8,8,5,3,1,9,1
0,43,42,4,1,0,9,2,7,2,18,5,129923.0,1536,36023.0,2,5,88,76,93,16,5,69,9,2,2,7,1,9,5,2,10,5,7,7,7,3,3,8,3,2,1,8,4,10,0
0,42,39,5,3,0,8,1,6,5,7,12,69371.0,1344,38591.0,9,4,50,61,27,41,79,28,8,9,5,4,8,9,4,7,7,2,2,1,4,3,5,4,5,8,3,5,6,9,0
0,30,37,4,5,0,4,1,1,1,15,11,84484.0,1083,12502.4,10,7,8,54,18,56,78,9,9,4,10,10,2,5,10,7,8,4,9,3,7,2,2,6,3,4,3,9,9,4,0
1,37,33,4,6,0,6,4,7,3,15,2,143471.34999999998,1334,37029.0,9,1,38,86,49,60,5,4,4,9,1,10,2,4,9,1,1,6,8,6,6,4,9,5,7,7,1,4,10,3,0
0,20,37,2,1,0,2,1,4,6,8,12,38911.0,1308,30078.0,3,4,8,19,69,87,75,59,10,7,7,10,9,8,4,1,5,9,2,1,10,5,5,6,2,10,1,10,8,7,0
1,37,41,1,1,1,6,5,5,2,3,2,112010.0,1414,30331.0,9,4,33,23,67,96,8,73,8,9,9,9,10,2,3,7,7,1,8,1,6,3,2,4,2,6,5,3,2,1,0
1,21,40,6,1,0,10,1,4,7,2,17,26252.95,1520,45510.0,7,2,45,82,40,89,55,4,1,8,10,1,10,7,1,6,10,5,8,4,3,9,8,9,10,3,5,1,5,2,0
0,43,34,6,6,1,4,3,6,4,12,17,89562.0,1247,44215.0,1,7,76,56,55,79,33,81,9,5,10,6,8,1,10,4,8,4,10,8,1,2,1,8,2,6,3,9,3,9,0
1,28,33,3,2,0,7,6,5,2,15,15,28539.0,1496,31807.0,6,1,4,7,13,71,33,5,3,10,5,7,10,5,10,10,7,4,4,8,10,10,7,7,7,1,5,2,4,6,0
1,19,23,4,1,0,9,3,5,1,7,1,46053.0,1530,39871.0,6,9,68,85,31,96,62,96,2,5,7,7,3,10,4,9,4,5,1,2,2,4,7,1,7,2,2,6,9,7,0
1,31,25,3,1,0,2,5,2,2,11,6,34547.0,1472,15321.0,10,2,67,26,92,46,87,22,1,10,1,6,3,10,5,10,2,1,1,9,9,8,5,7,10,3,1,3,1,2,1
0,29,36,4,4,1,10,4,6,7,14,9,57905.0,1476,21921.0,3,4,59,41,77,34,49,96,4,7,5,5,1,7,8,1,4,9,4,3,6,10,6,10,9,1,10,7,4,3,0
1,34,42,5,3,0,3,3,5,7,15,1,111461.0,1465,33865.0,6,7,95,77,53,23,67,45,6,4,3,7,1,3,3,7,7,5,8,4,6,9,5,4,4,5,10,4,2,4,0
1,29,43,4,4,1,6,4,5,4,10,16,70434.0,1211,44876.0,1,4,12,49,60,82,87,24,6,3,7,10,3,8,5,2,9,6,5,10,1,4,8,6,4,3,4,7,3,6,0
1,43,19,2,2,1,2,2,1,3,12,1,48891.0,1228,14981.0,10,2,10,76,42,14,83,95,10,1,9,2,10,7,3,7,3,10,7,4,1,6,1,5,8,8,2,6,7,3,0
0,29,31,2,6,0,10,5,2,7,14,17,117883.0,1186,12502.4,7,2,90,81,8,55,87,96,4,2,4,2,8,10,6,2,1,8,1,10,8,9,9,5,6,5,4,7,5,7,0
1,19,39,1,2,0,7,4,7,3,18,7,26252.95,1387,37879.0,1,4,20,30,20,42,38,79,2,5,3,6,8,9,5,2,8,7,9,6,10,7,4,1,10,7,9,6,9,5,0
0,30,29,2,1,0,2,2,6,7,18,13,128421.0,1353,56118.0,8,4,43,76,90,37,45,41,3,6,9,3,3,1,4,1,6,5,1,9,3,5,8,5,2,7,9,10,6,8,0
0,31,34,5,4,0,10,3,7,7,15,15,107645.0,1437,29356.0,6,3,40,44,30,68,79,18,1,9,2,10,6,7,4,7,2,6,7,3,10,8,9,8,10,8,2,10,7,6,0
0,41,43,5,4,0,10,5,7,7,8,5,47344.0,1450,55842.0,1,9,94,95,49,30,31,64,4,5,6,1,9,6,5,3,1,10,6,2,10,1,8,2,10,9,10,6,9,5,0
0,19,32,1,4,0,4,6,3,2,3,7,102707.0,1514,57566.3,1,1,82,91,19,56,56,59,1,5,8,6,1,7,10,9,10,1,4,9,8,9,5,2,2,10,3,8,4,3,0
0,29,35,4,2,0,4,1,2,4,8,3,111485.0,939,21622.0,2,7,23,27,94,90,27,91,1,1,8,2,7,2,4,4,5,2,5,8,5,3,1,8,1,3,5,7,5,10,1
0,43,33,4,1,0,9,2,7,3,9,4,65015.0,1017,24698.0,7,7,79,95,55,81,15,81,9,9,1,4,10,9,6,3,10,6,10,9,7,7,2,2,4,7,9,8,5,7,0
1,38,30,4,3,0,1,2,4,2,3,12,99746.0,1334,39985.0,10,8,75,83,72,62,84,74,2,2,5,10,4,1,9,2,1,8,1,10,9,3,1,9,1,1,4,9,10,6,0
0,33,38,1,3,0,7,2,4,3,15,5,116661.0,1210,57566.3,9,3,43,44,33,33,52,17,1,3,7,10,1,3,8,6,6,7,3,2,8,5,2,2,10,6,8,5,2,10,0
1,21,34,4,1,0,10,1,5,6,10,9,113413.0,1480,32976.0,10,9,43,4,81,65,5,88,4,7,4,7,8,8,4,9,6,2,3,2,3,6,5,5,6,1,9,10,4,9,0
1,25,25,5,3,0,10,3,6,3,18,14,98346.0,1323,45642.0,9,7,19,82,13,77,92,21,5,7,7,10,9,5,6,4,7,1,6,6,7,2,6,3,10,1,9,1,1,3,0
0,19,19,5,5,1,10,1,7,6,9,15,105458.0,1400,12502.4,2,3,11,80,96,6,90,6,1,2,7,1,9,1,2,7,1,8,4,7,2,8,7,10,9,10,4,3,7,10,0
1,27,42,3,1,0,1,6,1,1,7,5,134223.0,947,14235.0,1,3,47,4,78,10,58,93,9,1,6,1,1,2,4,1,5,4,4,3,3,1,5,10,3,9,9,5,2,9,0
1,26,43,4,4,1,8,4,1,7,10,15,66848.0,1179,48365.0,7,1,50,95,41,33,59,91,6,1,1,2,9,7,5,3,2,8,4,10,1,7,4,10,5,9,9,2,6,10,1
1,40,43,1,2,0,1,6,3,2,14,1,112172.0,1008,44871.0,2,6,68,18,12,13,80,16,2,8,1,4,10,9,8,9,5,10,4,3,10,6,10,8,5,6,5,7,3,5,0
1,32,20,5,5,1,10,4,5,2,18,9,41896.0,1487,37459.0,9,5,58,95,60,53,94,17,5,5,3,7,2,4,7,5,10,6,4,10,10,1,5,7,9,1,4,10,2,7,0
0,30,33,4,3,0,5,1,7,7,15,14,138773.0,1302,16740.0,6,9,79,28,45,85,81,64,6,9,4,5,8,2,1,7,10,7,2,3,10,8,9,9,4,2,2,6,5,3,0
1,40,19,3,6,0,9,6,4,5,12,13,78643.0,896,26520.0,7,7,94,27,14,39,48,4,10,7,9,8,9,8,10,5,8,5,10,8,2,9,2,3,4,10,2,4,5,9,0
0,34,32,1,6,0,10,2,2,2,1,5,54523.0,1243,48078.0,5,4,96,52,66,55,9,11,1,7,2,2,3,9,6,10,4,9,5,1,5,4,6,4,1,1,7,9,8,8,0
1,33,19,5,1,0,9,6,7,3,18,7,74970.0,1559,39672.0,1,6,29,90,52,23,41,19,1,1,8,3,9,10,3,5,9,8,2,2,10,8,9,8,10,2,8,3,6,2,0
1,19,26,2,4,0,7,6,4,4,14,4,39156.0,1027,43533.0,10,6,70,43,13,60,39,95,8,2,6,2,8,10,7,2,8,8,7,2,10,5,5,7,5,3,8,1,3,8,0
0,37,33,4,2,0,1,2,6,7,14,15,100724.0,1046,56888.0,9,1,56,12,24,96,93,45,9,3,3,1,8,2,3,5,4,8,2,3,4,4,9,10,1,2,7,1,5,6,0
1,37,21,1,5,0,9,5,7,7,12,9,50026.0,1310,12502.4,10,2,48,75,27,60,60,95,8,8,2,7,7,8,1,1,7,3,6,8,4,9,9,4,7,3,10,6,3,3,0
1,43,29,1,4,0,6,4,5,3,4,5,92024.0,844,57566.3,10,5,62,4,64,70,42,93,7,1,5,9,9,8,6,9,2,1,8,3,7,9,8,1,8,7,8,5,2,3,0
1,31,19,6,6,1,5,5,2,6,16,8,138256.0,1159,34100.0,1,5,62,70,32,35,5,28,4,10,3,3,8,5,2,2,10,3,4,9,7,10,3,3,2,6,6,8,6,6,0
0,20,19,6,1,0,9,3,7,4,16,5,131016.0,1128,53393.0,6,7,62,64,39,4,11,52,10,7,7,2,3,6,1,9,9,10,1,10,2,9,4,7,3,2,7,2,3,4,1
1,40,24,1,3,0,10,1,2,2,5,6,139814.0,1376,53993.0,8,9,23,95,28,89,22,69,2,1,6,6,7,2,2,6,5,8,2,10,10,2,5,7,1,7,1,9,2,1,0
0,29,35,2,3,0,1,6,7,7,15,16,114626.0,1559,22314.0,5,4,65,92,16,4,10,48,8,1,1,10,8,9,7,6,5,4,4,6,8,7,8,7,3,5,9,10,8,2,0
1,25,40,3,1,0,10,1,1,3,18,1,140409.0,1079,34192.0,10,6,8,95,92,37,5,8,5,9,10,9,4,1,3,8,6,2,10,2,10,2,10,2,4,7,10,9,7,6,0
0,19,40,1,4,0,10,4,1,5,9,16,105685.0,1155,16909.0,5,8,85,57,19,96,84,95,4,7,3,3,9,9,8,10,3,7,3,3,1,1,9,1,5,1,2,7,8,8,0
0,21,32,5,5,1,10,1,1,2,7,8,134414.0,1497,13837.0,3,1,86,85,41,76,50,61,6,7,9,2,8,8,9,9,3,8,4,1,3,2,5,6,10,2,2,9,9,6,0
1,31,43,6,4,0,1,2,3,6,15,9,34053.0,1307,16883.0,3,3,96,19,39,60,18,4,2,2,6,9,3,6,8,8,6,6,7,4,7,3,8,10,7,1,4,4,4,8,1
1,33,42,3,1,0,5,6,2,3,4,8,45120.0,937,44705.0,2,9,56,47,89,63,63,18,7,9,2,9,9,8,8,1,6,6,5,8,5,7,6,9,7,9,5,2,2,7,0
0,36,30,3,4,0,5,2,2,2,11,4,94669.0,1453,39268.0,3,8,96,20,64,96,5,96,2,5,1,3,8,10,3,1,3,8,1,6,6,2,1,9,10,10,3,9,5,4,0
0,19,33,6,2,0,4,2,5,1,6,4,118013.0,837,45202.0,9,7,71,4,15,22,28,85,9,3,8,9,10,1,8,8,4,8,4,7,6,5,8,9,3,2,10,8,10,5,0
1,29,24,6,3,0,5,1,1,1,14,16,31937.0,854,28168.0,4,3,63,37,87,16,31,96,8,3,8,6,1,4,9,6,2,8,5,5,2,1,2,1,1,4,7,8,7,5,0
0,31,33,2,1,0,2,3,7,2,9,3,75651.0,1090,40333.0,1,7,62,37,12,27,41,76,7,7,5,10,1,8,7,10,10,3,1,5,7,1,8,5,3,2,6,8,3,10,0
1,23,30,6,4,0,5,5,5,2,3,8,26542.0,1330,35064.0,5,3,35,4,31,60,92,26,5,4,4,6,6,7,8,1,1,2,2,4,9,9,3,7,9,8,4,7,8,9,0
1,30,31,5,3,0,5,3,4,4,8,3,49210.0,837,35792.0,7,5,6,63,73,26,34,56,7,8,8,1,3,6,5,2,1,7,9,10,3,3,9,1,5,5,2,3,7,6,0
1,21,34,3,5,0,7,2,4,4,9,9,53703.0,890,49975.0,5,9,94,53,22,50,71,25,10,9,3,8,9,7,9,1,9,1,7,6,7,4,5,9,3,7,6,8,6,1,0
1,39,29,6,5,0,1,2,1,5,15,9,85277.0,1472,12596.0,9,4,71,18,82,38,27,31,6,8,4,2,7,5,7,6,4,9,6,9,3,7,3,1,4,9,5,8,9,4,0
0,35,41,3,5,0,3,2,5,5,12,17,94868.0,1301,57380.0,3,8,96,24,10,81,21,89,1,7,8,9,4,3,6,9,6,2,8,9,7,10,4,4,1,1,1,3,1,7,0
1,29,41,1,2,0,9,2,3,7,10,14,89597.0,1208,52141.0,8,3,78,79,61,36,86,34,7,2,2,6,2,6,7,4,7,6,10,5,8,7,10,9,1,9,7,6,3,6,0
0,37,37,3,4,0,5,6,2,6,1,2,134073.0,1526,26341.0,10,2,86,77,95,12,78,85,10,7,10,1,7,6,7,2,1,10,6,5,5,1,3,4,5,10,5,1,8,10,1
1,43,30,3,3,1,7,5,2,2,14,6,142952.0,1176,26709.0,6,5,15,19,4,71,25,79,9,10,3,4,9,5,1,10,3,8,10,1,10,2,2,9,1,5,8,3,7,7,0
0,39,41,6,2,0,10,4,2,5,11,16,57520.0,1502,18549.0,6,6,43,59,89,71,32,42,6,5,5,10,8,8,5,2,2,10,9,5,2,5,8,6,8,7,4,9,5,10,0
1,38,37,4,1,0,8,5,7,1,13,10,110923.0,1506,45961.0,9,3,82,27,8,51,5,27,7,9,3,3,1,9,6,7,6,3,1,7,9,10,2,7,8,9,8,10,10,2,0
0,36,32,5,3,0,8,6,5,6,7,12,55637.0,973,25203.0,1,3,18,94,93,30,56,7,9,8,4,6,1,5,3,4,7,8,10,4,9,1,7,3,2,5,10,6,7,3,0
0,25,41,4,1,0,6,3,1,5,16,5,103736.0,1520,57566.3,7,7,32,51,74,38,75,7,6,7,9,7,9,1,3,10,9,3,10,4,8,6,9,9,10,5,6,2,1,7,0
1,24,38,1,3,0,10,2,6,2,13,16,33438.0,993,55000.0,6,8,7,79,92,50,67,96,3,6,3,5,10,5,8,10,4,2,7,10,3,8,9,3,1,3,1,6,9,10,0
1,33,21,6,2,0,5,3,7,7,14,16,111092.0,999,15119.0,8,5,17,76,73,66,6,52,5,6,2,9,1,5,8,4,7,9,10,6,1,6,1,4,10,10,5,7,5,5,0
1,36,39,1,6,0,5,3,1,7,5,13,88146.0,837,40684.0,2,2,55,37,30,78,5,16,4,2,9,1,6,2,9,10,8,10,4,8,6,10,5,4,10,8,8,10,5,1,0
1,23,19,5,4,0,3,5,3,1,6,17,45179.0,842,34339.0,3,1,40,54,41,54,83,51,4,4,7,10,1,10,6,1,8,7,5,3,4,2,10,9,9,9,1,5,4,7,0
0,37,35,1,6,0,2,1,1,1,3,2,87160.0,996,27225.0,1,4,62,8,4,80,66,33,6,5,3,8,1,6,2,8,10,5,4,4,6,5,2,5,8,5,6,6,6,7,0
1,43,19,1,6,0,6,5,2,1,1,5,26252.95,837,54604.0,9,8,4,5,96,7,70,43,5,5,5,3,6,7,10,5,4,3,9,1,2,6,3,2,2,4,6,7,7,5,0
0,38,42,5,2,0,2,3,1,1,16,15,127622.0,1098,32747.0,3,6,22,72,95,25,63,22,3,10,8,7,6,9,8,5,5,7,4,9,7,4,3,7,7,6,6,5,9,1,0
0,28,32,6,5,0,2,1,3,3,5,3,71202.0,997,14356.0,3,6,96,4,92,64,82,27,6,9,2,4,9,7,3,5,2,3,2,2,1,4,4,5,6,5,10,4,9,3,0
1,22,43,3,4,0,7,2,4,3,11,13,107241.0,944,30609.0,9,8,39,66,49,80,38,44,8,2,10,7,8,7,10,1,3,3,9,4,1,4,9,3,5,4,5,4,7,8,0
0,33,36,5,1,0,2,3,5,5,1,16,62274.0,1332,41512.0,8,4,58,59,28,17,35,7,4,9,8,2,8,5,1,2,2,10,4,9,10,4,6,4,1,8,8,9,9,6,0
0,24,32,1,2,0,3,3,5,5,10,3,54985.0,1033,16723.0,6,2,61,86,37,23,86,19,10,3,9,5,2,2,7,8,3,10,1,10,9,8,8,6,9,7,3,9,1,7,0
0,43,43,3,5,0,4,5,4,4,13,1,63024.0,1407,23814.0,4,5,95,51,28,9,39,80,6,8,9,10,8,1,9,4,7,5,6,3,6,6,2,10,1,10,10,10,2,4,0
0,22,37,5,2,0,4,1,5,3,7,15,26252.95,1345,47302.0,10,4,4,8,16,36,18,7,5,1,1,10,10,3,6,4,8,6,5,9,8,7,7,1,2,6,7,6,7,4,0
1,28,27,5,3,0,4,5,7,7,11,11,52805.0,1508,19976.0,8,7,47,10,77,96,20,34,7,8,10,3,5,10,10,6,7,6,5,8,10,2,2,5,4,10,3,1,1,10,0
1,32,41,1,4,0,8,2,6,2,4,7,104681.0,1303,57566.3,5,1,29,95,14,96,73,93,5,3,6,8,1,3,2,7,4,7,7,10,10,5,6,8,8,6,1,1,1,9,0
1,20,37,4,1,0,5,3,2,3,14,1,29780.0,1133,32640.0,9,3,6,44,40,31,82,83,10,5,6,6,1,6,2,7,8,5,9,9,6,3,6,1,10,1,1,2,4,1,0
1,43,28,2,4,0,7,2,2,6,17,4,140188.0,1466,37877.0,3,7,20,74,20,65,83,81,9,8,9,1,5,4,4,2,1,2,5,6,3,2,3,5,1,7,5,6,6,9,0
0,22,43,5,1,0,9,5,2,2,1,17,136731.0,882,36628.0,1,1,4,56,66,38,93,10,10,3,10,3,3,4,10,6,6,4,10,2,1,9,9,8,9,9,1,8,10,4,1
0,40,27,6,4,0,6,5,2,2,3,4,42007.0,1474,19609.0,10,7,39,84,74,56,11,67,1,4,7,4,7,10,9,9,5,2,2,3,8,10,10,10,10,10,8,4,4,2,0
1,38,40,5,2,0,1,4,7,7,13,9,28573.0,1047,44586.0,3,5,37,71,73,96,77,57,4,3,4,4,10,3,7,3,7,8,8,1,1,5,6,4,1,6,10,6,8,4,0
1,22,22,4,4,1,1,5,5,6,16,8,90364.0,1247,19446.0,10,2,9,73,78,75,42,57,4,2,8,2,8,3,6,2,4,10,4,10,5,1,6,1,6,4,4,6,6,2,0
1,26,26,2,2,1,2,2,3,4,14,12,31276.0,1075,12502.4,1,1,71,64,96,84,70,70,6,6,5,9,5,5,8,6,3,10,3,9,2,8,3,9,1,7,10,7,10,8,0
0,32,37,6,4,0,4,3,2,4,18,10,59305.0,1204,36596.0,4,6,25,4,4,96,43,91,4,2,8,5,4,4,8,1,5,4,9,7,9,7,4,5,8,6,7,1,4,8,0
1,20,36,6,1,0,8,5,2,1,16,13,62305.0,1559,29431.0,1,6,81,54,83,50,64,65,10,2,10,5,10,8,3,4,9,1,10,8,1,9,7,4,4,1,9,3,4,10,0
1,23,30,2,1,0,10,5,2,4,15,14,68645.0,1130,36370.0,2,2,63,14,36,31,15,14,6,9,1,3,6,10,8,5,2,9,8,9,3,3,9,7,1,7,8,6,4,4,0
1,34,35,2,3,0,6,1,7,2,14,6,86609.0,1296,14586.0,5,1,61,72,34,4,23,69,8,3,8,7,2,10,4,7,10,10,4,9,10,9,10,9,9,8,2,1,2,3,0
0,43,34,4,4,1,1,5,6,5,12,11,143471.34999999998,840,28521.0,10,7,35,22,75,16,83,62,8,7,6,10,6,3,6,6,4,10,9,4,5,8,9,1,6,2,9,1,3,3,0
0,38,43,2,3,0,2,3,3,7,14,11,26252.95,1504,47654.0,3,1,88,75,15,37,48,96,6,9,4,5,6,2,9,1,1,4,7,7,5,10,7,7,4,4,10,1,1,1,1
0,25,23,4,4,1,6,4,6,2,17,16,68966.0,1375,37582.0,2,5,50,76,89,96,5,55,2,1,3,8,8,6,3,4,9,7,4,1,7,4,8,5,2,9,2,7,8,9,0
0,38,27,3,3,1,2,5,4,1,15,7,143471.34999999998,837,27482.0,3,1,81,24,49,4,45,19,3,1,8,9,5,5,1,8,4,2,1,4,4,6,8,4,3,10,4,5,7,10,0
0,42,19,4,4,1,6,4,1,2,10,2,77690.0,1130,47483.0,1,2,61,53,7,33,11,63,3,6,5,3,2,5,1,2,7,8,3,7,6,1,5,10,4,8,2,3,9,7,0
0,28,41,1,5,0,4,2,1,5,6,10,105366.0,1510,36539.0,1,4,34,16,39,64,83,76,2,1,7,3,5,1,1,6,2,3,4,9,7,2,2,8,5,1,1,6,9,7,0
0,23,23,3,5,0,1,6,2,4,1,1,125385.0,1184,43469.0,3,5,96,15,28,10,34,59,2,3,7,10,6,4,9,2,1,9,1,10,7,4,2,5,3,7,5,8,7,10,0
0,25,38,6,3,0,6,3,1,4,3,11,98676.0,1226,12502.4,2,9,69,19,24,24,95,95,10,7,5,6,2,3,8,8,10,5,5,6,6,6,10,7,4,7,1,3,4,2,0
1,27,30,2,4,0,4,4,2,4,8,15,42530.0,843,44093.0,7,3,26,46,96,48,23,96,5,5,6,5,9,3,5,4,9,10,9,1,8,4,5,7,6,2,2,7,1,1,0
1,41,35,2,5,0,7,1,3,3,12,8,126951.0,1465,28003.0,7,2,96,52,23,45,22,42,1,5,5,4,1,9,4,10,8,5,2,5,2,5,3,5,6,2,10,5,10,3,1
0,20,24,1,1,1,5,3,1,2,14,17,82222.0,974,48942.0,2,4,40,4,59,7,11,39,8,4,2,7,10,9,6,7,7,1,9,3,5,1,6,6,6,5,8,4,2,10,0
0,40,19,4,2,0,2,1,7,3,13,14,134706.0,1391,15987.0,10,6,57,24,90,12,56,78,8,5,8,1,6,10,3,3,3,8,5,6,4,3,5,3,6,2,9,5,1,7,0
1,31,31,2,2,1,6,5,4,3,10,10,92343.0,1044,49959.0,4,3,4,79,32,73,28,5,7,4,1,4,7,9,10,4,10,1,10,1,9,6,8,7,4,9,5,6,8,5,0
0,40,22,1,2,0,6,3,3,5,1,1,97664.0,1366,20577.0,7,8,14,70,87,43,78,45,3,7,3,7,10,2,1,7,5,6,9,8,7,10,4,5,8,1,3,8,4,8,0
0,31,35,2,3,0,9,1,5,6,9,16,66607.0,1461,29738.0,5,9,4,9,16,96,38,33,1,1,10,7,10,10,5,4,4,3,10,8,1,2,4,7,1,4,8,7,6,7,0
0,27,28,2,1,0,4,3,7,1,9,14,30904.0,1067,55659.0,10,4,4,26,96,70,69,85,3,2,1,8,1,9,8,8,2,6,3,9,3,5,6,1,3,10,7,7,8,8,0
1,29,27,2,6,0,5,2,4,5,12,2,129170.0,1256,14622.0,6,1,85,6,91,48,77,43,10,1,2,8,8,1,3,7,9,5,3,6,7,1,10,4,1,1,10,2,8,4,0
1,23,28,2,2,1,2,6,1,2,2,14,133673.0,1331,34181.0,7,7,70,42,38,51,59,96,4,7,3,1,9,5,8,5,6,7,1,6,7,10,9,1,7,10,5,6,9,8,0
1,29,43,1,6,0,10,2,3,2,10,13,113046.0,1088,40676.0,6,8,81,94,79,58,18,24,2,10,6,8,9,7,1,7,5,10,7,5,1,8,2,1,4,5,1,8,6,8,0
1,40,19,5,4,0,5,1,7,4,3,6,134155.0,896,57566.3,2,7,4,14,11,6,71,82,3,10,7,4,8,2,3,7,10,2,7,6,9,8,3,1,1,9,2,8,6,3,0
1,31,32,4,1,0,7,3,7,3,15,11,125130.0,1116,36552.0,9,2,87,6,47,96,73,36,3,9,8,2,8,2,2,7,4,1,5,6,5,1,10,10,6,1,1,2,3,8,0
0,19,24,3,3,1,8,6,3,4,1,7,117580.0,1423,55167.0,9,9,25,61,4,96,86,19,1,3,6,1,1,8,7,2,9,1,3,7,5,7,9,5,1,9,1,2,6,9,1
1,26,26,6,6,1,6,4,4,3,15,12,82549.0,1013,27356.0,10,6,57,47,4,41,95,96,5,8,5,8,7,2,4,9,2,7,8,8,9,3,1,8,6,6,3,5,7,2,0
0,27,22,3,3,1,3,6,3,3,3,3,43577.0,1559,49303.0,8,1,26,73,60,33,76,52,2,5,5,10,3,6,1,4,1,8,5,2,10,5,7,5,9,3,6,4,2,6,0
0,43,24,2,5,0,7,5,7,7,16,12,114165.0,1241,57566.3,9,3,95,28,47,54,57,60,9,10,1,10,9,7,1,8,7,9,1,6,10,4,10,1,3,4,2,2,5,3,0
1,34,37,4,5,0,10,1,2,7,15,2,26698.0,1540,32358.0,6,8,17,25,80,96,38,37,8,1,2,9,9,9,7,10,1,2,8,1,9,2,8,7,6,10,2,2,5,2,0
1,34,19,6,5,0,9,1,7,7,1,3,143471.34999999998,1393,26068.0,10,4,18,87,80,61,35,18,5,10,2,1,8,5,5,6,3,9,1,4,6,4,5,7,7,9,7,5,5,8,1
0,20,20,6,2,0,6,1,3,1,8,1,68661.0,1037,31186.0,3,9,79,83,43,28,17,12,2,1,4,10,8,2,5,5,2,5,7,8,5,1,5,10,3,9,2,2,4,9,0
0,36,19,1,2,0,9,2,1,3,13,16,51044.0,1460,35825.0,7,2,60,31,39,8,39,89,5,2,1,2,9,7,5,2,9,6,10,6,10,4,8,5,8,4,5,7,3,5,0
0,19,38,1,3,0,2,2,7,2,4,16,43756.0,1357,29045.0,10,5,24,80,84,78,73,72,6,2,6,9,8,7,7,2,3,8,10,2,3,4,10,1,1,6,8,2,8,7,0
1,29,39,3,6,0,6,1,7,3,13,2,53238.0,1269,34452.0,4,3,4,10,12,22,56,14,7,2,1,4,10,8,3,9,5,9,9,2,6,9,1,1,6,9,1,3,3,1,0
1,24,40,6,3,0,1,2,1,5,3,3,71168.0,1540,41108.0,10,5,56,63,23,87,75,89,3,5,7,1,7,4,3,5,10,9,6,9,9,9,4,8,4,7,4,3,8,9,1
1,21,36,3,5,0,4,1,6,5,14,1,117498.0,1011,42222.0,7,3,93,27,25,49,71,56,9,7,2,1,6,8,8,9,4,5,5,8,4,2,4,10,5,9,6,5,8,8,0
1,27,21,5,4,0,3,6,5,3,13,15,91311.0,1352,54091.0,9,9,21,80,11,11,32,96,1,4,4,4,7,1,8,3,1,9,1,4,8,2,9,3,6,4,4,7,5,5,1
1,30,41,2,1,0,5,1,2,6,4,17,46884.0,1414,57566.3,6,1,94,21,48,26,61,96,5,4,10,2,1,7,6,3,7,3,6,8,5,7,7,8,9,8,7,4,4,6,0
0,19,37,4,5,0,7,5,1,1,15,17,55545.0,1428,25504.0,10,4,88,86,96,82,34,21,10,9,4,6,8,10,1,9,3,1,4,7,5,10,3,7,3,3,9,10,3,3,0
1,27,24,1,6,0,3,3,3,7,14,15,26252.95,1359,36366.0,5,3,84,21,29,13,61,24,6,6,9,10,6,1,8,2,3,2,10,4,6,5,9,7,1,8,2,6,1,10,0
0,38,39,1,4,0,1,4,6,7,7,16,79604.0,1413,17349.0,6,1,27,72,64,47,69,5,1,10,6,2,3,6,5,10,8,9,7,5,7,9,8,3,10,10,7,5,8,2,1
0,39,24,3,6,0,1,1,6,6,11,14,84590.0,1153,49745.0,9,1,16,21,86,45,45,80,2,2,8,6,1,8,10,2,9,8,9,10,4,2,5,10,3,3,1,3,7,1,0
0,42,34,6,4,0,1,5,3,3,13,11,143471.34999999998,1145,36567.0,3,7,40,82,87,91,14,50,5,8,3,4,9,9,5,7,6,5,2,6,1,4,10,8,2,10,1,3,9,4,0
1,21,36,3,3,1,8,2,2,2,5,3,66543.0,1203,57566.3,7,3,85,4,78,94,74,35,9,10,7,10,9,2,9,7,4,3,5,1,1,9,3,10,8,10,3,9,5,8,0
1,35,39,4,3,0,8,6,1,4,7,13,26257.0,1243,13816.0,6,8,62,14,73,17,28,4,10,9,9,4,5,6,3,5,9,5,7,5,6,2,8,6,10,4,1,5,1,4,0
1,22,33,5,1,0,2,5,1,3,6,14,71733.0,856,45079.0,8,4,96,82,58,28,21,4,6,1,9,5,7,8,4,1,8,3,4,5,7,7,1,5,3,9,5,4,8,9,0
0,36,20,1,4,0,4,1,4,6,3,12,87761.0,1077,16364.0,10,5,86,68,82,4,84,51,5,4,4,3,5,4,6,5,1,3,10,5,7,10,2,2,10,2,8,5,10,10,0
0,19,32,1,4,0,7,3,6,3,16,6,26252.95,1546,46550.0,7,7,24,92,76,78,7,88,3,6,6,3,9,2,10,1,6,2,10,3,7,8,4,10,10,2,4,8,4,7,0
0,29,31,2,6,0,10,2,6,3,1,6,54868.0,1424,50244.0,3,7,62,6,73,40,30,83,1,7,5,3,8,9,8,1,5,2,4,10,10,2,7,5,7,8,3,1,5,5,0
0,34,32,1,1,1,8,4,3,3,4,10,124958.0,1559,25474.0,2,2,93,91,75,79,95,45,10,1,8,2,5,4,2,7,10,8,8,3,2,2,4,6,4,5,4,4,7,10,0
0,27,31,6,6,1,1,5,3,2,1,2,143471.34999999998,1283,41425.0,4,1,37,39,89,35,57,56,8,1,5,1,3,7,10,2,10,10,7,2,3,6,10,9,9,4,9,4,10,9,0
0,19,24,6,5,0,2,1,7,4,15,4,45571.0,837,33650.0,1,5,61,60,46,85,5,96,6,2,4,3,10,6,6,9,5,3,5,7,2,7,10,7,8,7,7,4,5,8,0
1,23,42,5,4,0,7,2,6,7,18,5,44492.0,1009,34571.0,7,4,32,5,91,94,5,82,1,4,3,9,2,5,9,5,3,4,3,6,5,9,4,5,3,4,6,7,1,1,0
1,25,20,3,4,0,7,5,3,1,18,7,106330.0,1559,41379.0,10,9,96,42,43,17,7,9,8,2,7,9,4,7,5,10,3,9,8,1,6,3,4,4,10,3,10,4,10,9,0
1,36,34,5,2,0,7,2,1,5,1,15,80826.0,1306,39794.0,7,8,27,21,87,39,15,51,3,3,10,2,9,8,2,9,1,2,1,2,2,4,1,6,3,1,6,8,5,8,0
1,28,27,4,1,0,5,3,3,7,8,2,81165.0,1285,37476.0,3,4,65,23,8,69,18,48,4,10,5,10,9,10,3,3,10,3,9,5,2,8,9,4,7,5,10,4,9,1,0
0,42,32,6,4,0,6,6,7,7,1,2,27353.0,1090,54604.0,1,5,79,49,23,30,11,96,6,5,4,5,5,2,3,7,7,9,1,9,4,6,4,6,7,7,3,3,6,10,1
0,29,23,6,6,1,7,4,3,5,4,5,26252.95,1122,21408.0,2,8,89,4,5,36,67,43,9,2,6,9,3,8,2,3,7,10,8,2,6,2,4,3,6,2,1,8,3,4,0
1,26,34,6,2,0,7,6,6,5,3,1,44403.0,1062,53256.0,5,9,90,4,5,94,38,71,6,2,6,6,10,1,6,10,3,4,1,9,6,2,3,9,6,3,2,4,10,5,0
0,19,34,2,1,0,9,2,2,6,16,15,44370.0,949,54100.0,7,2,40,33,43,82,39,87,7,8,6,8,1,8,5,6,5,7,8,5,3,2,4,3,4,10,10,9,8,10,0
1,25,31,1,2,0,10,1,7,4,17,15,88843.0,916,52455.0,1,2,82,43,31,66,84,23,2,9,2,9,5,3,1,5,5,6,1,4,3,5,5,4,10,2,2,7,5,8,0
1,43,41,1,6,0,10,3,1,4,18,1,92818.0,1350,52682.0,7,4,70,94,4,39,13,41,8,1,5,9,4,8,5,3,4,6,6,1,10,10,10,4,8,1,2,1,6,8,1
1,28,42,1,3,0,2,1,2,7,15,16,143471.34999999998,884,57566.3,1,1,77,50,64,26,20,92,2,3,3,1,6,9,4,6,3,10,9,3,4,10,8,10,5,7,4,1,3,9,0
0,38,35,6,4,0,1,2,5,5,4,8,106939.0,1480,18933.0,4,4,22,71,25,56,57,56,1,6,7,9,6,6,3,9,3,2,8,10,3,2,2,7,6,9,7,3,2,3,0
1,21,42,4,3,0,5,5,5,1,7,8,104756.0,1444,18666.0,7,9,83,57,39,23,84,34,7,10,6,7,4,7,4,5,6,5,7,2,1,2,1,10,8,10,1,5,2,9,0
1,27,22,4,3,0,6,3,4,7,4,12,57917.0,914,55005.0,4,2,96,13,92,48,60,36,5,5,4,5,8,3,3,8,1,1,6,6,6,3,2,8,9,8,2,9,1,9,0
1,38,25,4,3,0,7,2,4,4,6,1,59330.0,1479,22402.0,5,8,96,95,76,96,59,4,10,9,7,3,8,3,3,2,7,7,9,4,10,5,2,6,1,5,7,10,1,4,0
0,37,24,1,1,1,6,1,4,2,2,8,54152.0,1559,18901.0,8,8,66,71,57,73,29,13,2,2,6,6,8,9,7,4,9,3,10,8,6,9,9,2,3,1,5,5,2,10,0
0,33,40,3,6,0,10,5,1,2,15,4,143471.34999999998,893,30404.0,8,6,40,95,53,36,5,49,3,5,4,10,10,9,7,4,7,1,6,9,5,10,2,2,2,1,4,6,1,4,0
1,25,21,1,4,0,9,3,7,2,3,9,81969.0,1285,49457.0,7,9,95,46,11,4,54,8,10,5,6,1,5,3,5,6,2,5,2,4,2,7,4,8,9,10,9,4,3,5,1
0,21,35,1,2,0,1,2,6,6,1,2,66320.0,1141,27859.0,8,6,11,12,73,75,90,34,3,7,3,9,10,7,5,6,2,5,8,4,5,8,8,9,2,1,6,9,2,1,0
0,27,22,6,4,0,5,3,4,5,2,14,100035.0,1520,53458.0,3,5,92,22,12,62,52,39,7,8,4,8,5,4,8,2,3,2,10,1,9,3,4,5,1,5,6,10,1,8,1
0,29,33,5,5,1,1,6,4,1,18,3,65597.0,1359,44336.0,1,1,5,95,35,79,25,49,4,8,2,1,8,5,9,9,4,1,4,9,4,9,9,10,2,8,1,10,9,6,0
0,31,31,2,2,1,2,6,4,2,5,2,55681.0,849,13677.0,1,1,61,61,13,50,5,12,6,9,7,2,3,4,9,2,9,9,9,7,5,8,4,8,8,10,9,4,3,10,0
0,33,43,6,2,0,7,4,1,3,9,10,105452.0,903,22586.0,2,5,75,55,84,34,95,85,8,1,2,6,5,8,7,2,7,3,6,2,10,3,3,4,3,7,1,10,6,3,1
0,39,43,1,3,0,5,2,1,3,13,2,28449.0,1005,39562.0,7,3,4,78,69,4,71,8,7,9,6,10,3,10,8,10,5,9,2,10,4,9,10,4,10,4,6,9,9,3,0
0,35,36,3,4,0,5,4,3,6,7,12,66988.0,1276,17007.0,6,4,23,80,70,4,91,53,4,10,5,3,1,1,5,9,7,7,7,4,8,5,7,7,3,5,1,8,6,8,0
0,38,31,2,5,0,1,6,1,4,18,1,75775.0,852,35276.0,6,2,46,69,48,10,73,47,9,1,9,6,7,3,6,2,2,4,8,10,9,7,7,6,9,2,10,5,7,7,0
0,39,26,6,4,0,9,5,6,4,16,15,33039.0,1119,31777.0,4,1,39,15,28,50,81,68,6,2,9,6,7,10,8,6,6,1,1,3,9,6,2,9,1,8,4,6,9,8,0
0,38,23,5,1,0,1,4,2,1,5,8,63538.0,1172,57359.0,10,2,75,24,73,48,22,11,3,2,7,8,7,3,9,10,3,3,5,7,10,5,6,3,3,8,6,1,7,4,0
1,29,34,1,2,0,6,2,6,3,8,12,143471.34999999998,1491,30712.0,3,9,6,75,41,86,5,95,4,7,7,10,7,7,8,6,6,7,7,2,2,4,6,4,1,6,7,10,8,7,0
1,35,36,5,1,0,7,4,4,6,16,7,135325.0,1483,16665.0,6,9,96,42,71,25,68,32,3,10,4,10,2,3,6,10,8,8,2,5,10,5,9,7,1,6,7,5,2,4,0
0,24,29,4,4,1,3,5,7,2,7,13,143471.34999999998,1023,15995.0,5,6,47,94,62,45,36,4,3,7,4,10,8,7,1,9,1,6,9,7,7,9,10,1,3,10,5,7,1,9,0
1,37,21,1,6,0,7,6,7,5,1,9,101528.0,1559,22160.0,7,5,69,4,4,70,83,63,8,7,3,5,7,4,10,7,5,3,10,1,2,10,5,9,6,5,2,7,1,8,0
1,41,33,4,6,0,4,3,1,5,12,17,29721.0,1490,46787.0,3,3,71,41,74,48,69,95,5,2,8,9,1,2,5,5,6,8,1,7,4,7,6,3,9,6,7,8,1,8,0
0,40,42,2,5,0,9,3,4,4,3,8,122100.0,957,31378.0,8,8,27,22,4,84,33,68,8,5,10,7,8,5,9,2,8,2,1,5,3,1,1,3,4,5,8,2,5,4,0
0,24,28,4,4,1,9,2,5,7,4,10,123976.0,1192,47596.0,4,4,9,50,54,16,88,95,8,6,10,3,4,5,3,9,9,3,10,7,3,6,2,10,3,8,7,4,6,7,0
0,26,39,4,4,1,7,5,5,3,7,14,62580.0,1069,57566.3,2,8,15,5,5,58,68,46,3,4,8,6,5,7,5,8,1,3,1,8,3,9,6,7,7,4,4,10,5,2,0
1,19,21,2,2,1,3,5,3,1,9,1,48740.0,1159,31789.0,1,7,62,19,37,66,10,34,8,5,8,9,7,3,3,4,4,9,1,10,6,6,3,9,3,5,6,8,6,5,0
1,43,34,5,2,0,3,2,2,3,4,7,109229.0,1078,12502.4,3,3,42,44,20,87,28,38,7,1,7,10,1,1,8,8,7,8,1,10,9,6,3,9,10,6,3,4,5,5,0
0,23,25,2,5,0,2,1,2,2,16,12,108034.0,1323,12856.0,7,4,53,76,81,47,87,96,5,10,4,4,8,1,10,9,4,3,3,6,3,5,5,4,2,9,8,9,6,3,0
0,23,31,2,5,0,2,1,5,6,14,6,111947.0,1442,51088.0,6,6,50,72,71,57,28,4,3,6,7,7,9,6,1,2,8,1,4,8,6,1,8,10,7,9,10,10,1,10,0
0,39,43,2,2,1,9,6,1,1,18,3,49415.0,1079,31161.0,2,3,79,95,11,67,59,96,3,6,1,3,8,3,1,1,8,6,7,7,1,5,5,7,3,4,2,3,3,2,0
1,29,19,5,2,0,3,1,2,4,6,5,105212.0,1253,22925.0,4,5,11,92,29,20,62,66,7,2,2,8,3,6,1,9,7,9,5,3,4,5,3,10,5,2,4,3,4,9,0
1,39,28,6,6,1,3,1,5,4,15,16,55193.0,1173,26282.0,10,7,63,26,35,92,81,84,4,9,10,4,8,2,1,8,5,6,2,8,4,7,5,6,4,1,9,8,10,3,0
1,29,28,5,5,1,4,3,5,3,18,5,103483.0,1386,51460.0,8,3,56,79,75,13,8,77,9,5,9,5,3,3,4,3,7,1,4,6,7,7,1,5,10,3,2,5,3,8,0
1,27,41,4,6,0,1,5,5,2,5,7,114867.0,1244,23136.0,3,3,86,95,12,19,21,44,2,5,3,7,9,8,2,9,10,5,7,3,9,1,3,7,8,8,2,4,5,9,1
0,40,39,3,3,1,7,4,7,2,3,16,75931.0,1238,38887.0,7,4,92,45,46,96,24,31,8,5,6,1,6,10,9,8,4,1,1,1,9,9,4,10,7,3,1,3,1,6,1
0,43,41,5,2,0,7,5,7,1,10,10,98332.0,1395,48358.0,1,7,12,56,75,46,5,38,9,1,1,10,3,6,3,10,4,5,1,3,3,8,8,2,2,1,4,4,3,8,0
0,23,23,3,2,0,5,4,6,6,5,6,91500.0,1038,37349.0,6,7,6,11,20,41,66,40,4,9,7,1,9,6,8,4,10,5,1,8,8,3,1,9,5,10,6,10,10,1,0
0,34,38,5,3,0,3,2,6,3,14,2,121030.0,1212,38075.0,1,6,59,55,43,27,15,15,1,5,3,4,7,1,6,4,9,3,2,7,5,10,5,8,4,10,9,9,1,9,0
1,36,38,4,4,1,10,5,7,4,13,9,105101.0,1453,36803.0,7,2,85,72,67,60,89,26,6,1,9,4,6,4,3,8,9,2,9,4,10,7,7,9,2,5,3,1,1,7,1
1,35,31,3,6,0,9,4,6,4,13,4,26252.95,1174,37580.0,8,3,71,44,80,96,82,48,2,7,3,1,6,5,6,3,9,8,5,5,4,10,7,8,5,8,8,3,2,5,1
0,23,27,2,6,0,6,3,1,7,14,17,53258.0,1274,39064.0,10,2,16,69,21,42,75,48,2,5,2,1,1,7,8,5,2,9,4,9,3,9,1,2,7,8,8,7,4,10,0
0,41,43,3,6,0,5,3,5,4,8,3,139118.0,1553,33060.0,10,2,15,81,32,4,13,76,7,8,3,6,5,9,4,9,3,1,3,7,6,1,10,4,6,1,7,10,10,4,0
1,36,43,2,1,0,6,2,2,5,7,8,125925.0,880,25540.0,10,9,96,19,24,96,58,36,2,10,10,7,9,10,9,10,9,5,5,2,1,3,8,6,10,7,9,9,1,9,0
0,27,25,2,1,0,4,4,1,6,11,11,78790.0,1367,22956.0,6,8,75,11,87,52,59,79,10,3,2,4,4,4,9,3,8,8,8,2,10,3,9,4,8,9,3,6,7,8,0
1,41,24,3,1,0,3,6,2,7,1,8,136902.0,1416,21221.0,2,1,24,15,18,48,83,44,7,7,8,10,9,6,3,3,5,8,8,4,4,8,10,3,2,10,4,7,9,8,0
0,25,25,1,3,0,5,2,5,7,3,13,105514.0,1027,40598.0,5,3,96,91,17,17,38,7,10,6,2,10,7,1,3,4,3,3,10,2,8,5,9,5,9,5,2,5,7,2,1
0,38,25,1,2,0,2,1,7,5,4,6,111354.0,917,40009.0,8,4,23,87,22,29,22,42,2,4,10,1,3,9,4,9,6,6,6,8,10,6,3,9,7,5,10,2,6,10,1
0,41,40,4,6,0,3,5,5,4,5,1,40862.0,1254,43207.0,6,6,11,87,15,86,71,96,4,10,6,4,5,6,9,2,3,5,3,8,7,6,9,10,9,7,6,8,2,5,0
0,23,19,5,4,0,6,2,3,2,7,9,119608.0,1017,32761.0,5,7,34,83,79,7,5,15,9,5,4,2,8,9,3,8,6,3,5,10,5,4,5,8,8,3,2,1,5,7,0
0,38,43,5,2,0,5,2,2,4,6,14,140016.0,906,32733.0,2,4,78,84,50,96,5,4,5,9,3,7,8,9,6,6,3,6,9,8,8,5,6,3,8,8,3,6,4,4,0
0,42,33,3,4,0,5,1,2,7,6,3,58838.0,931,52831.0,9,4,49,4,14,4,36,14,1,10,5,9,10,6,2,5,6,3,3,5,6,2,6,9,10,7,6,3,4,5,0
0,24,26,6,4,0,7,4,6,2,2,1,46201.0,951,15190.0,8,9,69,78,96,42,80,67,9,5,2,6,1,2,5,1,2,2,6,10,3,6,10,7,10,9,2,5,7,5,0
1,41,30,2,4,0,2,1,7,7,11,8,34941.0,923,52434.0,10,5,4,95,42,62,9,6,2,8,6,1,6,8,7,9,4,8,1,10,3,2,1,6,5,6,8,1,3,9,0
1,19,40,4,3,0,7,6,6,1,9,11,80639.0,1506,57566.3,5,9,13,43,96,58,87,32,1,10,8,6,1,8,6,7,1,10,6,6,9,6,5,10,2,1,2,1,3,5,0
1,43,29,4,6,0,8,3,3,5,16,1,59887.0,1546,48376.0,1,6,34,83,41,69,32,46,5,8,1,6,8,10,4,8,4,7,7,2,7,4,2,7,5,7,6,3,9,3,0
1,35,43,3,2,0,7,1,5,5,10,2,53329.0,1124,35125.0,7,8,29,48,70,96,27,85,6,2,3,1,4,3,1,2,7,1,7,8,9,9,7,3,5,6,5,3,3,4,0
1,41,39,1,3,0,3,5,7,2,14,5,127848.0,861,29210.0,2,2,55,37,88,58,32,49,6,4,7,10,5,9,7,5,2,8,7,1,1,4,1,10,6,2,9,2,4,1,1
0,42,42,6,4,0,2,6,4,6,5,11,30436.0,1440,48622.0,2,5,67,52,27,4,71,71,7,6,4,4,1,9,10,5,7,9,7,4,6,10,3,4,2,8,8,3,7,4,1
0,37,34,1,5,0,8,3,7,2,8,13,143471.34999999998,1046,51768.0,5,3,55,78,68,86,48,38,4,7,5,5,7,8,8,6,9,2,9,2,1,6,10,6,9,3,3,3,6,3,0
1,29,43,5,3,0,8,6,1,7,8,1,97594.0,1212,40464.0,5,8,96,67,90,47,95,73,8,4,6,2,9,6,1,5,9,1,4,6,5,9,8,5,7,1,10,3,3,3,0
0,33,19,3,4,0,10,2,2,3,6,10,88491.0,1113,54906.0,1,6,68,31,43,89,87,53,5,8,7,9,3,10,8,9,5,3,7,4,4,6,10,9,9,10,9,5,9,7,0
1,27,30,3,1,0,6,4,3,3,15,7,124977.0,1020,28062.0,3,1,60,45,73,72,56,79,8,7,6,4,6,6,1,1,8,9,4,6,1,3,7,10,10,9,1,8,1,4,1
1,43,19,2,4,0,4,4,5,6,11,11,96543.0,1117,42439.0,6,4,61,82,56,80,14,80,8,3,6,9,6,8,10,10,3,6,2,9,3,5,3,9,5,6,7,7,2,3,0
0,27,43,6,6,1,10,5,1,6,13,12,52717.0,1405,30598.0,5,7,20,49,22,83,24,33,6,4,6,9,4,2,3,7,1,5,1,7,9,4,5,1,8,3,8,4,3,10,0
0,31,36,2,2,1,6,1,1,1,11,4,134937.0,1489,26183.0,5,5,95,42,65,96,35,90,2,5,5,7,9,2,7,7,9,6,2,2,9,7,4,5,1,4,3,3,1,3,1
0,42,28,4,3,0,10,3,1,5,8,11,60044.0,1254,21069.0,4,1,96,87,82,40,5,92,9,6,7,7,5,3,9,7,10,9,2,8,8,3,1,3,6,9,7,9,5,8,0
1,37,22,6,6,1,10,6,3,7,10,11,128241.0,1127,34656.0,4,2,89,76,35,60,14,28,8,4,6,6,3,2,4,4,3,7,9,10,10,5,4,8,1,2,3,3,7,8,0
0,27,19,3,1,0,7,1,7,2,8,17,30689.0,990,44236.0,6,8,92,13,52,9,77,71,3,1,4,9,9,6,10,7,4,1,9,7,9,7,3,7,4,7,6,4,7,4,0
1,27,37,2,5,0,4,5,7,3,13,7,88687.0,1011,12502.4,8,7,46,64,7,9,66,66,8,1,8,10,9,2,8,5,8,9,10,10,1,1,4,9,5,1,5,6,5,2,0
1,43,30,2,5,0,3,5,7,6,13,15,67178.0,1559,22911.0,2,7,33,95,61,83,71,42,9,8,5,7,7,8,5,9,6,7,9,1,7,2,10,1,8,2,3,10,8,4,1
1,42,25,5,1,0,8,5,6,2,4,17,108909.0,1462,24125.0,5,1,25,62,96,36,10,44,2,8,5,4,6,1,6,8,2,10,2,1,2,8,10,6,9,1,5,3,6,5,0
0,28,23,1,2,0,5,5,4,5,3,1,44065.0,971,32224.0,7,7,51,51,71,36,50,95,5,4,6,7,6,6,8,8,1,5,2,10,4,8,8,2,7,8,3,6,5,1,1
0,40,34,4,6,0,9,5,5,6,16,4,125610.0,1033,17459.0,4,9,80,10,64,88,8,91,5,1,6,4,3,8,2,7,1,7,7,4,8,8,10,5,1,6,1,8,9,7,0
1,19,29,1,4,0,9,6,4,4,12,11,73621.0,1559,37869.0,2,3,90,40,51,90,70,40,7,9,1,10,2,6,3,3,3,10,9,4,3,8,3,4,7,9,1,3,4,10,0
0,42,19,4,5,0,7,3,3,4,1,1,53327.0,1067,41746.0,6,7,66,14,78,71,78,71,3,3,1,1,5,7,9,1,1,2,7,4,9,6,2,8,10,7,5,6,1,6,0
0,37,20,1,6,0,10,2,6,7,14,9,141475.0,1378,34491.0,6,5,73,75,51,5,95,58,3,7,7,4,8,9,4,9,3,7,1,6,7,2,9,3,5,1,4,7,8,3,0
0,25,31,1,2,0,1,5,6,5,8,12,110483.0,837,25814.0,3,5,84,91,26,4,15,21,8,5,4,7,5,4,1,4,8,2,9,1,10,4,4,6,4,5,2,5,9,6,0
1,40,43,3,5,0,9,4,6,7,5,16,40065.0,1484,13561.0,7,7,52,7,64,92,15,12,5,8,8,2,7,6,2,3,2,3,6,2,10,6,10,3,4,7,10,9,9,3,1
1,24,25,5,6,0,2,2,3,7,12,6,111958.0,1384,12502.4,9,2,96,33,35,96,70,96,6,7,3,4,5,10,10,9,9,4,3,7,9,1,2,7,4,1,8,10,5,7,0
0,25,28,6,2,0,10,6,5,1,11,2,142071.0,837,32620.0,5,1,4,67,44,81,51,55,9,3,9,10,7,6,8,9,8,5,6,7,9,5,9,4,3,8,6,10,3,6,0
1,19,43,4,6,0,6,4,2,6,8,4,26252.95,1495,18239.0,10,6,16,18,4,47,13,78,4,10,1,7,2,2,1,8,6,2,6,5,3,7,4,9,10,9,8,1,6,2,1
0,38,31,3,4,0,5,4,6,2,16,12,126374.0,837,57525.0,5,8,35,38,96,91,63,95,2,6,8,6,1,3,3,1,1,9,6,7,9,6,4,7,5,3,1,2,3,2,0
0,19,25,1,4,0,10,1,7,3,8,15,29719.0,1011,20244.0,3,7,96,24,69,6,95,21,10,2,9,4,7,2,3,3,4,6,10,2,8,9,10,1,6,6,10,3,10,3,0
0,35,20,2,3,0,9,5,1,4,17,10,26252.95,1410,19659.0,2,1,32,60,9,68,5,61,4,4,5,8,8,5,9,4,2,3,6,4,8,1,6,6,7,7,4,3,4,9,0
0,32,24,1,3,0,5,2,7,1,18,16,93237.0,1003,36954.0,7,9,19,62,36,93,58,60,3,3,8,6,3,8,1,3,4,10,3,1,9,6,6,5,9,2,6,5,4,9,0
1,19,36,5,2,0,2,4,3,3,16,11,134483.0,1515,33374.0,7,5,22,33,51,61,5,48,5,3,9,8,6,5,10,9,9,2,7,3,3,3,5,5,8,7,8,7,7,10,0
1,22,21,6,4,0,4,6,4,5,16,13,90113.0,1154,31653.0,1,8,43,4,4,8,5,77,1,3,7,9,10,2,3,2,4,6,6,6,1,3,2,2,5,5,8,1,7,5,0
1,19,42,1,1,1,2,3,4,3,1,17,106532.0,1556,50369.0,1,9,48,44,24,13,76,10,1,5,2,4,6,9,1,6,4,8,2,2,4,3,8,2,3,2,5,5,1,3,0
0,37,33,1,3,0,3,6,2,2,10,6,37953.0,1390,28168.0,2,8,26,73,57,94,41,38,6,9,3,3,5,3,1,2,3,7,3,7,10,9,7,5,10,9,6,5,1,2,1
0,20,30,2,2,1,1,5,7,4,16,17,81023.0,1340,40690.0,7,2,67,81,36,62,10,4,1,9,10,5,7,6,4,2,9,1,6,5,7,5,10,2,2,2,10,7,3,10,1
0,36,37,2,6,0,4,4,5,1,3,4,133626.0,1239,16259.0,4,4,74,44,39,71,90,46,4,1,3,1,9,5,6,1,1,7,7,5,1,5,1,7,4,10,8,7,8,5,0
1,35,36,5,1,0,5,1,7,6,14,16,125024.0,1416,19280.0,5,2,31,18,10,86,95,31,2,10,5,3,4,7,4,1,8,8,3,1,7,6,7,6,6,3,9,8,9,7,0
0,39,22,1,1,1,3,3,5,1,15,9,26252.95,1379,50877.0,5,4,36,50,19,64,60,26,8,2,1,3,7,1,7,10,6,8,5,1,5,10,10,4,2,6,4,7,5,8,0
1,35,40,5,6,0,5,6,7,5,4,3,142485.0,1250,57566.3,7,3,88,4,46,67,87,10,9,6,4,10,10,10,3,8,6,3,5,2,3,5,7,8,7,9,4,10,2,10,0
1,31,22,1,1,1,2,2,5,3,3,9,33803.0,1072,57566.3,3,7,9,83,96,65,88,64,9,7,7,5,4,8,1,6,8,4,6,7,3,4,9,8,2,8,2,8,1,8,0
1,41,37,2,5,0,6,4,4,4,15,8,102290.0,922,27491.0,5,2,78,66,38,82,11,37,2,3,8,1,10,6,5,5,4,9,10,5,4,5,4,2,1,5,10,5,4,7,0
1,25,41,6,3,0,8,2,3,7,15,16,82585.0,837,42412.0,3,2,53,87,81,73,21,73,2,2,2,8,9,5,1,1,6,9,7,8,6,6,1,8,8,5,8,1,8,2,0
1,29,21,5,1,0,5,2,4,2,15,10,129182.0,1286,40366.0,5,7,21,66,78,43,64,16,6,6,10,9,7,5,7,9,8,2,6,10,1,5,1,9,8,3,6,9,3,2,0
1,38,19,3,2,0,3,5,5,4,10,17,36551.0,1514,26662.0,6,2,5,95,55,89,40,88,6,4,7,10,10,6,9,6,10,6,5,9,4,1,6,8,4,8,10,8,5,2,0
0,27,43,5,2,0,7,6,5,5,15,1,90242.0,1463,17624.0,5,6,55,26,38,20,56,14,1,7,8,4,4,6,8,5,7,10,4,10,4,1,10,6,8,3,10,5,6,9,0
0,40,30,3,6,0,9,6,5,4,16,4,46302.0,864,45042.0,6,9,16,31,8,20,93,11,6,10,1,10,2,9,8,1,9,8,6,1,6,9,8,6,7,8,4,2,7,6,0
1,37,33,3,3,1,1,4,6,6,18,15,66753.0,1236,25682.0,1,6,74,61,81,43,59,58,7,7,1,2,1,7,4,8,4,7,4,3,2,10,10,3,5,10,3,6,3,7,0
1,34,39,2,4,0,10,4,2,5,16,9,87250.0,1244,57566.3,4,2,64,4,39,49,20,77,5,8,6,7,3,6,1,3,6,1,6,6,7,4,10,10,4,2,9,4,10,1,0
0,28,19,4,5,0,1,3,3,4,13,3,89215.0,1238,12502.4,7,7,77,95,74,13,93,44,2,2,7,8,4,10,8,6,6,2,10,9,2,6,10,1,5,7,3,7,7,5,0
1,19,36,5,3,0,4,6,7,5,15,11,104848.0,1403,23244.0,7,9,44,94,52,59,69,90,6,9,6,9,1,2,7,7,6,5,3,3,1,9,5,2,6,2,2,7,2,1,0
1,43,34,4,2,0,1,4,1,1,12,5,27706.0,1225,46000.0,6,9,75,4,53,46,90,85,7,10,10,8,7,3,5,10,10,4,10,2,6,1,5,1,1,5,6,8,8,1,0
0,43,22,6,2,0,8,4,4,4,15,4,26539.0,938,28907.0,9,1,36,30,79,61,80,56,6,2,9,5,1,1,8,7,2,4,2,9,6,8,7,2,3,5,6,4,1,10,0
1,21,42,2,1,0,9,2,7,5,5,12,114035.0,1208,48367.0,9,6,77,95,10,18,70,4,9,10,1,9,4,1,6,2,10,10,10,5,10,8,6,1,9,1,5,2,7,10,0
1,19,35,3,2,0,7,2,5,2,6,3,108219.0,1353,57566.3,6,7,17,64,44,4,68,14,7,10,5,7,1,6,5,1,6,6,1,7,10,4,3,7,3,10,1,7,6,6,0
1,32,40,1,3,0,8,6,5,1,7,3,136019.0,958,27138.0,3,9,35,91,25,5,87,55,8,2,10,6,8,5,2,1,8,9,4,4,2,5,2,9,10,5,5,5,9,3,0
0,30,38,2,4,0,4,2,7,2,8,13,101022.0,1539,28412.0,9,3,9,66,65,51,29,61,2,10,1,6,10,10,2,5,10,4,6,7,2,4,3,8,7,3,2,3,2,9,0
0,25,35,3,1,0,6,2,7,4,9,8,105299.0,901,43864.0,6,4,20,4,69,76,74,33,5,7,10,2,6,1,1,1,6,2,10,5,9,10,1,1,10,4,1,8,7,7,0
0,42,25,4,6,0,4,3,5,7,3,7,142665.0,1288,21631.0,5,6,11,94,25,54,63,59,10,4,1,7,3,10,8,6,10,6,9,5,3,5,1,7,8,9,8,3,3,10,0
1,21,43,1,4,0,1,6,3,7,5,5,55070.0,1096,12502.4,4,4,47,10,42,4,12,96,8,7,7,9,6,8,2,6,8,10,4,8,6,1,6,8,2,8,7,5,7,8,0
1,27,32,2,3,0,4,2,7,3,11,10,44896.0,1524,23698.0,2,1,19,86,62,29,75,13,3,2,6,1,4,9,6,4,9,7,6,10,5,7,3,8,8,3,5,6,4,1,0
0,36,30,6,1,0,4,6,2,5,12,14,44701.0,1199,13720.0,10,3,78,29,55,53,16,85,4,5,1,5,6,2,2,2,6,3,9,1,8,7,9,7,2,7,9,4,9,4,0
1,35,30,2,3,0,5,1,3,6,16,1,85990.0,1502,21965.0,3,5,40,85,4,26,93,85,2,7,4,2,9,4,2,1,6,5,5,10,9,5,5,9,6,4,3,7,8,4,1
1,22,33,6,2,0,1,4,6,3,14,8,53746.0,1229,53972.0,4,9,55,91,96,72,41,14,3,4,4,5,4,2,5,1,5,8,4,10,5,6,3,3,10,6,1,10,4,8,0
1,36,39,3,5,0,9,4,7,7,14,9,99461.0,1375,26909.0,7,6,70,37,52,36,75,50,7,4,7,5,1,4,6,2,7,2,5,10,9,8,1,8,9,9,7,9,7,4,0
1,43,37,5,3,0,8,3,7,6,4,9,69563.0,1406,34141.0,9,6,96,50,83,72,46,25,8,9,9,9,4,7,6,3,3,5,5,2,9,6,10,3,9,2,7,2,8,5,0
1,40,30,4,1,0,2,1,6,4,6,11,84804.0,922,25162.0,5,4,87,63,24,49,83,12,1,9,10,7,7,3,10,1,2,6,7,7,7,4,8,2,5,1,5,2,5,3,0
0,43,37,4,1,0,2,1,4,7,7,9,143471.34999999998,1398,26957.0,7,7,16,61,57,63,14,45,1,6,10,4,6,3,7,10,4,6,2,7,10,1,7,6,6,8,7,3,9,1,0
1,39,19,4,5,0,8,2,2,3,18,10,34149.0,981,38310.0,9,6,46,54,37,4,95,12,3,5,1,2,2,3,10,6,3,1,5,10,10,1,9,8,5,3,6,4,3,8,0
0,33,20,1,1,1,2,6,1,5,1,2,119032.0,1462,54730.0,6,1,6,47,52,45,37,22,9,2,5,5,3,1,9,5,7,5,7,5,5,7,5,7,10,10,3,7,2,4,0
1,19,32,3,4,0,10,6,3,7,8,8,53336.0,1101,46699.0,5,2,13,53,86,31,85,87,7,8,3,2,5,3,6,3,5,1,1,10,6,7,2,9,1,6,10,2,8,1,0
0,29,40,1,1,1,10,6,4,7,7,4,129494.0,837,38127.0,3,8,4,79,77,79,78,61,7,9,1,4,10,1,9,7,5,10,4,3,2,6,10,6,1,2,8,10,6,10,0
1,41,36,2,4,0,4,3,7,4,10,6,56264.0,938,38211.0,10,8,17,36,37,53,64,28,9,6,10,5,9,9,9,10,7,2,7,6,8,10,9,10,8,5,1,1,6,7,1
0,19,30,6,3,0,3,3,7,2,16,9,115668.0,1113,21024.0,3,5,76,38,26,32,7,78,7,6,3,4,3,5,1,8,9,6,3,6,5,5,2,5,5,4,10,4,7,2,0
1,38,22,1,4,0,1,3,3,3,7,7,91833.0,875,54869.0,7,8,39,36,7,79,18,18,3,2,9,9,1,7,10,2,10,7,2,9,5,6,6,6,1,5,6,2,2,2,1
0,42,43,1,2,0,4,4,1,7,16,17,58988.0,1195,40263.0,3,1,33,4,90,21,36,89,7,10,8,1,2,7,8,3,7,5,8,5,6,10,1,9,8,6,9,4,5,4,0
1,25,39,2,2,1,6,4,3,5,9,5,96804.0,1367,22979.0,4,3,25,77,18,35,9,8,9,6,8,2,4,5,5,8,4,7,1,4,10,5,7,7,9,4,6,10,9,10,0
0,35,23,5,1,0,9,2,3,3,6,16,70017.0,1559,34517.0,1,3,96,28,30,60,90,44,3,6,3,3,3,10,1,5,10,10,4,2,3,8,8,5,4,7,8,3,5,8,0
1,42,31,5,6,0,5,1,3,7,10,10,53142.0,1118,37526.0,3,7,71,95,60,23,95,81,7,6,5,3,1,10,2,5,3,3,2,2,3,2,7,8,7,2,2,3,6,6,0
0,33,21,3,4,0,10,1,1,3,3,10,37171.0,1166,36958.0,6,7,23,22,12,7,39,73,3,2,5,8,3,1,1,5,5,4,1,10,9,4,4,5,10,4,2,9,7,8,0
0,22,39,3,5,0,2,5,3,7,4,7,114828.0,1533,43941.0,6,5,54,40,75,81,16,5,7,10,4,2,8,10,8,6,5,3,7,7,10,5,3,4,6,4,8,6,10,9,0
1,43,36,1,2,0,10,6,7,4,15,12,140291.0,1489,27237.0,8,6,4,49,15,94,76,9,10,4,2,7,5,4,2,4,7,6,4,3,3,9,2,8,4,6,3,9,9,2,1
1,39,40,3,4,0,3,3,2,5,17,16,39765.0,846,36362.0,3,6,12,32,59,62,79,20,10,2,10,8,8,1,1,1,4,4,10,4,9,2,8,9,3,2,9,10,2,5,1
0,30,24,1,4,0,8,1,2,2,16,5,41080.0,1213,47441.0,10,6,84,84,45,25,5,96,7,10,1,8,7,9,2,6,3,10,2,3,2,10,2,9,6,3,10,7,4,7,0
1,36,21,3,3,1,10,2,6,5,4,7,125882.0,999,36410.0,5,4,9,58,5,26,5,68,2,6,2,10,5,3,7,8,4,2,10,9,4,9,1,10,8,8,6,1,3,8,0
0,20,19,3,4,0,3,6,7,2,13,14,142641.0,1008,34242.0,9,6,84,74,81,29,9,37,8,1,6,8,4,5,6,1,9,2,3,4,10,7,6,10,8,9,6,2,1,8,1
0,43,43,3,4,0,5,2,6,6,13,4,55899.0,880,26737.0,4,4,91,52,84,43,93,30,6,1,2,6,3,1,1,5,8,4,3,7,5,2,1,9,3,9,3,10,5,4,0
0,25,24,2,1,0,7,5,1,1,13,11,58592.0,1288,28084.0,2,2,73,92,35,89,95,60,4,10,6,2,7,1,8,6,7,3,5,9,10,7,5,2,2,10,3,6,9,1,0
1,43,20,1,3,0,3,1,5,3,16,4,113597.0,1531,44839.0,3,5,30,12,15,56,95,37,1,5,3,10,10,9,10,4,5,9,8,1,10,8,10,1,3,8,8,1,8,7,0
0,43,32,2,3,0,3,1,3,4,8,12,125383.0,1112,27722.0,4,3,48,40,8,29,60,81,9,9,10,7,8,3,5,7,9,6,3,8,2,6,3,3,3,5,7,10,3,9,1
0,43,19,6,6,1,7,6,2,4,16,3,115812.0,1270,48688.0,10,8,8,10,95,67,56,9,6,10,9,3,5,5,10,3,9,3,5,7,1,6,1,8,4,7,10,7,8,6,1
1,29,19,5,4,0,10,5,1,4,17,3,107434.0,1154,55211.0,7,1,7,4,84,70,79,87,6,10,6,6,6,8,2,1,7,2,6,3,10,5,4,10,8,4,10,7,10,9,0
1,19,27,6,6,1,1,3,5,6,2,1,125037.0,1475,27408.0,3,8,55,95,79,68,12,85,1,10,7,9,9,7,5,8,2,3,2,3,9,4,3,1,3,9,2,9,9,6,0
1,28,33,2,2,1,7,6,5,3,1,16,125818.0,1129,17224.0,6,8,44,13,51,84,34,37,3,9,8,5,1,8,7,4,4,9,8,5,7,6,9,7,4,4,3,4,2,2,1
1,29,42,1,3,0,8,6,1,1,11,9,68383.0,1246,28361.0,1,7,25,43,78,73,95,36,2,3,7,7,8,7,2,5,10,9,4,1,6,10,6,10,5,3,3,4,8,4,0
0,35,32,3,4,0,2,1,7,7,18,13,49083.0,1559,35143.0,6,4,63,23,31,47,77,16,6,7,8,1,10,9,1,4,9,7,6,10,7,1,5,10,5,5,7,4,6,4,0
0,30,41,2,4,0,9,4,3,4,9,12,68646.0,997,39427.0,4,5,33,79,53,13,95,9,4,9,7,10,8,8,3,5,7,1,1,4,3,3,7,4,8,6,2,7,6,6,0
0,22,32,5,2,0,10,5,3,5,16,8,123504.0,931,46588.0,6,4,4,65,75,63,20,65,2,7,4,6,2,4,9,8,1,7,5,2,2,6,1,1,3,4,9,3,4,5,0
0,39,31,2,5,0,7,2,2,5,7,6,94886.0,1454,40206.0,4,9,70,73,88,24,38,42,4,1,2,2,4,9,9,9,6,9,10,9,1,9,8,3,4,7,1,8,7,8,1
1,29,39,2,5,0,9,1,7,6,5,11,26252.95,1559,28734.0,3,8,41,78,4,35,95,16,4,5,10,7,6,5,4,4,9,10,9,1,8,2,1,8,5,8,8,10,2,4,0
0,19,31,3,4,0,4,3,5,2,16,3,42621.0,885,57566.3,9,9,75,94,15,47,42,59,3,10,8,2,6,2,4,9,5,1,6,10,1,9,4,1,8,4,4,3,2,7,0
0,22,23,5,2,0,1,3,5,4,8,16,32509.0,1428,19212.0,9,7,48,4,31,44,54,41,1,7,2,8,5,8,7,2,7,2,3,1,1,4,3,10,5,1,1,3,2,5,1
1,24,31,1,3,0,6,6,7,5,4,17,136954.0,1489,42274.0,7,1,85,38,4,77,15,22,7,6,8,2,5,1,4,6,4,4,10,2,10,8,10,8,7,4,1,8,4,9,0
0,43,34,5,3,0,4,2,5,6,18,16,87233.0,1237,30318.0,1,3,96,53,89,19,8,87,2,9,8,8,1,5,4,7,1,6,4,4,3,10,5,9,6,1,1,2,10,4,0
0,43,35,5,6,0,5,3,3,3,6,11,68739.0,1079,45844.0,7,6,26,84,4,47,19,4,3,2,6,1,4,10,1,2,10,3,9,10,8,1,6,8,4,1,2,10,2,6,0
0,41,37,4,5,0,8,4,3,4,6,15,85661.0,1231,16962.0,5,1,27,53,60,47,46,66,8,5,4,6,6,7,7,10,5,4,1,8,6,5,9,10,10,7,10,2,5,9,0
0,29,36,1,2,0,7,4,2,3,10,16,100047.0,1559,57566.3,3,6,17,72,96,73,27,62,3,1,10,8,5,8,10,3,4,9,2,8,2,5,3,9,5,4,7,4,4,9,1
0,33,34,4,2,0,8,5,1,2,14,6,104985.0,1407,18890.0,2,9,39,88,23,43,8,83,7,8,7,4,8,1,9,6,3,9,2,6,6,7,4,4,3,4,8,5,1,7,0
0,40,33,4,6,0,5,4,6,6,18,14,65636.0,1411,25906.0,10,3,22,13,11,40,54,4,8,2,10,2,5,4,8,2,5,6,6,5,9,4,9,1,8,10,8,4,4,6,0
1,25,25,3,5,0,4,1,3,2,1,12,143109.0,987,55001.0,1,4,95,39,67,96,41,67,3,8,3,10,1,10,10,2,4,9,6,9,3,1,4,2,4,5,4,1,10,2,1
1,26,24,5,5,1,9,2,7,1,3,3,134354.0,1381,23871.0,6,2,34,78,33,78,15,72,9,7,4,5,3,2,6,10,2,3,2,8,5,5,7,2,9,8,6,1,4,4,0
0,32,37,5,1,0,1,4,7,6,5,5,114908.0,1121,43647.0,7,4,15,36,5,15,93,54,8,10,10,6,4,10,5,10,5,8,9,9,6,10,1,1,10,9,1,10,10,5,0
0,22,29,3,6,0,5,2,1,4,11,2,39422.0,1311,13830.0,9,5,38,70,12,84,26,4,7,9,4,10,4,4,2,7,9,6,9,4,7,9,10,5,10,7,10,1,4,9,0
1,30,26,3,5,0,4,3,4,6,4,11,48355.0,1136,20958.0,6,4,93,8,13,65,5,55,3,4,10,1,1,2,8,3,5,5,3,3,2,1,2,6,6,6,10,10,5,5,1
0,22,43,1,6,0,7,6,7,2,17,17,143471.34999999998,1023,31331.0,6,1,24,29,41,54,14,46,2,2,4,3,5,3,6,10,4,10,7,7,1,3,3,9,8,1,3,2,1,8,0
0,28,31,2,5,0,3,5,5,2,4,3,74287.0,1387,29377.0,9,5,37,60,31,89,54,93,6,7,2,8,1,10,10,1,7,8,5,7,5,1,2,9,5,8,3,3,9,7,0
0,27,37,6,3,0,10,6,1,7,13,6,65766.0,1127,20684.0,6,1,63,8,28,53,65,5,1,1,9,2,6,6,6,9,6,3,2,8,2,5,8,10,2,7,6,1,7,5,0
1,37,19,6,2,0,2,5,2,3,8,6,30089.0,1506,54114.0,7,2,21,16,90,80,21,62,4,7,5,4,10,8,10,6,7,3,2,10,8,9,5,8,8,2,1,1,4,7,0
0,30,27,2,4,0,8,4,6,3,7,7,120217.0,1363,12820.0,8,8,56,87,11,29,39,50,2,4,8,3,4,7,1,7,2,1,9,3,7,3,7,8,1,10,7,3,6,1,0
1,26,34,4,2,0,5,4,5,4,17,9,57943.0,1559,40900.0,1,7,36,82,41,91,47,44,1,4,10,4,10,3,6,3,1,2,5,5,7,5,8,1,4,4,2,5,8,6,0
0,38,34,5,3,0,4,5,4,6,13,13,113439.0,1052,44421.0,1,8,64,33,96,74,72,18,4,7,3,5,3,1,6,2,6,10,6,5,2,10,5,5,10,9,5,4,10,5,0
1,31,34,2,2,1,8,6,4,1,2,11,106576.0,1099,48733.0,1,1,65,26,57,74,79,36,6,6,9,10,8,10,10,2,6,1,1,2,4,9,7,2,9,9,6,7,6,2,0
1,35,21,2,6,0,3,4,4,6,15,17,78970.0,1308,51230.0,5,5,48,95,42,44,93,53,8,6,4,2,10,4,10,8,8,2,3,9,10,6,2,4,10,7,2,9,3,1,0
0,32,34,4,1,0,5,1,6,2,12,17,49924.0,1355,15116.0,3,5,52,46,4,4,82,24,7,6,9,1,3,7,1,1,3,9,6,4,6,5,1,2,10,3,5,5,5,4,1
1,27,35,4,4,1,1,2,6,6,1,11,41991.0,1182,57566.3,2,5,4,86,66,92,51,80,7,1,9,3,8,6,10,9,5,1,3,4,3,10,4,5,7,6,8,8,3,4,0
0,41,37,6,6,1,8,3,5,4,11,4,111262.0,1210,55267.0,7,6,73,87,35,4,26,6,4,1,10,10,4,9,6,9,8,1,9,10,3,5,1,1,3,4,7,2,6,6,1
1,24,40,1,3,0,1,3,2,5,15,5,67952.0,1337,52409.0,7,7,96,19,24,89,62,52,3,2,2,5,8,6,6,6,5,6,7,4,5,5,4,5,9,1,7,8,7,8,0
0,25,19,2,5,0,9,2,7,5,6,1,118049.0,1349,29405.0,8,9,67,16,39,84,38,81,2,3,1,4,4,7,7,6,10,6,1,6,1,5,10,5,4,5,8,5,7,5,0
0,20,25,2,3,0,8,6,1,4,10,13,71142.0,1014,19608.0,2,9,4,24,39,94,68,13,5,4,3,2,6,8,10,9,9,7,8,9,2,4,5,9,5,4,8,6,1,10,0
1,32,30,1,2,0,1,3,6,5,12,3,96572.0,1473,47307.0,9,6,61,71,36,96,66,25,7,7,5,5,1,3,4,7,1,1,4,1,3,4,5,3,3,2,6,4,7,10,0
0,33,40,5,6,0,8,2,3,5,1,6,35589.0,1044,56450.0,1,4,93,58,31,45,70,25,3,3,1,3,9,10,10,6,1,2,7,10,3,3,5,1,8,2,2,4,8,3,0
0,21,42,4,6,0,10,5,5,1,1,7,86371.0,849,24627.0,1,1,4,19,83,34,86,6,6,5,4,1,6,10,7,7,2,4,7,7,3,9,7,4,1,10,1,1,6,9,1
1,38,39,5,6,0,9,3,3,5,8,5,91547.0,1249,34330.0,1,9,83,71,70,47,31,62,5,6,5,2,8,5,6,5,6,3,8,4,6,4,6,1,2,3,3,3,2,7,1
0,23,37,5,3,0,8,3,2,4,5,8,35925.0,926,28990.0,7,5,54,76,53,4,95,4,9,1,2,2,4,3,6,5,3,3,8,7,2,10,9,5,4,7,6,2,7,1,0
0,19,39,5,6,0,1,4,5,4,8,16,56571.0,1344,28237.0,7,2,22,22,49,44,79,83,8,6,10,10,6,7,2,10,1,2,8,2,5,4,9,5,3,9,8,10,3,2,0
1,21,32,6,1,0,7,6,6,1,10,5,54386.0,837,23602.0,10,1,71,92,54,33,21,93,2,5,3,4,7,3,8,1,3,1,9,8,6,9,4,8,1,9,2,7,2,2,0
1,28,37,4,2,0,1,3,6,2,9,13,75381.0,1124,25944.0,8,5,79,21,4,93,10,55,10,5,9,5,6,9,10,6,1,5,4,3,2,3,6,7,8,3,9,9,10,9,0
0,29,40,3,2,0,10,1,3,4,13,15,126052.0,837,57149.0,9,1,36,90,81,65,62,88,1,10,5,6,7,2,2,3,8,7,9,6,6,4,2,7,9,9,7,6,6,4,0
0,43,26,6,3,0,2,3,1,5,16,16,59016.0,867,43093.0,9,7,49,86,46,49,65,53,8,5,3,2,10,4,10,5,6,7,8,1,1,2,7,5,8,2,7,2,7,8,0
1,22,20,5,2,0,9,1,5,5,2,14,54287.0,1137,13288.0,2,1,42,51,91,6,83,20,6,7,4,3,2,3,6,4,5,5,8,6,8,8,2,9,10,6,8,6,9,9,0
1,40,20,3,2,0,6,5,6,5,10,8,122282.0,1517,27591.0,4,9,29,65,47,70,29,4,10,6,6,10,1,9,6,3,7,10,1,2,8,3,2,6,2,9,4,3,9,7,0
0,38,19,3,5,0,4,3,2,2,14,7,138799.0,999,36465.0,10,1,49,83,39,12,66,92,5,4,3,8,6,2,2,3,7,3,9,8,10,2,5,6,7,5,8,4,5,6,1
1,33,19,3,4,0,2,2,3,5,7,15,38293.0,1046,19313.0,1,8,44,28,83,75,74,79,6,2,7,2,2,4,6,6,6,2,5,9,9,4,4,2,4,9,5,9,2,4,0
0,30,31,2,3,0,7,6,7,2,3,15,91020.0,1434,32952.0,1,1,4,24,39,36,85,22,5,4,10,5,8,8,8,4,4,6,7,6,3,8,8,5,5,6,10,10,6,9,0
0,30,34,1,2,0,6,5,1,5,9,17,62860.0,1311,30834.0,5,7,71,75,20,15,78,83,10,4,10,8,6,9,10,7,7,4,1,3,7,2,10,4,8,7,3,5,2,10,0
0,34,30,3,3,1,8,6,4,1,4,11,136955.0,1287,30688.0,4,4,70,61,41,4,53,92,3,7,7,10,2,4,5,7,4,1,7,4,7,9,4,6,4,2,10,6,9,4,0
0,43,36,2,1,0,8,3,5,6,8,13,92721.0,975,33787.0,1,9,82,95,35,17,74,36,9,3,1,3,2,4,8,3,5,10,5,8,9,6,10,8,10,10,7,3,10,1,1
0,24,40,3,1,0,4,5,4,2,16,3,103035.0,1023,28465.0,5,7,13,5,43,21,91,49,3,8,6,1,9,7,2,2,8,4,1,6,6,5,6,5,8,10,2,10,10,10,0
1,25,32,3,4,0,7,1,5,6,8,13,112541.0,1559,50638.0,4,6,63,58,44,36,39,77,7,7,10,7,5,10,8,6,4,9,9,4,7,2,9,4,3,2,2,10,4,5,0
1,30,43,3,5,0,7,5,5,7,18,13,48708.0,1449,47452.0,7,4,90,79,47,89,95,96,5,3,1,2,10,4,6,1,5,6,1,9,9,9,6,10,3,1,3,9,4,1,0
1,40,42,3,4,0,10,3,1,3,18,5,40156.0,880,18338.0,6,7,14,31,61,85,92,73,9,2,10,5,3,10,1,5,8,3,5,6,1,8,8,7,4,4,8,9,7,8,0
1,43,31,1,4,0,5,1,4,2,6,12,97279.0,1538,57566.3,2,5,55,76,40,27,64,91,6,4,1,10,1,9,8,7,7,9,1,9,4,9,6,7,9,1,3,8,9,7,1
0,33,19,5,3,0,9,1,2,1,17,5,70049.0,1309,28486.0,5,8,9,23,4,18,25,4,2,7,4,1,3,9,7,6,6,4,1,9,2,4,5,7,10,6,6,8,1,1,0
0,21,24,4,3,0,1,4,3,3,1,15,47960.0,1550,29273.0,8,4,84,40,85,23,73,67,8,7,7,6,6,7,4,5,4,9,8,6,5,7,4,3,1,10,9,3,8,2,0
0,25,34,3,2,0,7,5,2,4,6,17,27845.0,994,37958.0,2,5,43,65,4,43,44,44,5,1,10,10,10,1,6,3,9,6,5,1,10,2,1,2,10,3,6,8,5,10,0
0,33,35,3,1,0,1,1,4,2,10,17,54775.0,1218,24147.0,7,4,88,90,91,40,95,55,4,4,7,8,10,10,8,2,1,6,2,5,8,2,3,1,9,8,5,8,9,2,0
1,38,23,6,1,0,3,6,3,7,5,11,61888.0,1287,53891.0,5,8,6,26,25,31,7,4,7,9,5,4,4,3,5,7,7,10,5,7,2,3,6,8,8,2,5,10,1,4,0
0,27,43,2,4,0,2,1,3,3,17,14,104853.0,1367,29911.0,10,3,80,83,76,8,39,13,5,3,6,9,1,9,5,9,3,7,1,9,7,5,3,4,2,3,7,2,3,5,0
0,42,38,5,2,0,5,3,1,3,5,11,92698.0,1559,31563.0,6,2,73,21,70,10,17,55,3,7,3,4,1,3,4,1,3,2,1,1,1,4,9,2,1,5,9,3,4,2,0
1,29,25,6,1,0,9,3,3,6,3,14,85615.0,1328,47583.0,7,5,48,40,75,72,5,69,2,3,5,10,10,5,4,5,1,6,9,5,10,2,5,3,8,9,1,1,9,7,0
1,29,43,2,3,0,8,5,7,4,7,9,111108.0,951,23893.0,4,2,46,11,78,82,74,87,5,1,10,5,9,2,4,5,9,4,9,5,9,10,7,4,1,5,7,4,8,4,0
1,43,19,1,6,0,6,6,3,6,7,1,138502.0,1242,48592.0,9,1,47,17,15,44,23,41,3,1,7,1,6,6,6,5,2,10,4,9,5,2,8,5,8,4,7,8,7,10,0
1,22,19,4,1,0,10,1,4,4,7,5,62027.0,958,43565.0,8,2,43,67,75,96,8,7,6,7,7,3,10,9,8,2,1,4,10,7,7,8,10,2,7,9,10,6,6,9,0
0,33,33,1,5,0,9,5,5,3,5,16,136843.0,1403,34030.0,7,2,4,45,47,93,34,69,1,2,6,6,10,9,6,5,7,6,10,2,6,7,3,7,8,9,2,5,8,9,0
0,19,24,6,2,0,1,3,4,1,12,3,122226.0,1028,23974.0,7,8,78,7,72,17,76,25,9,9,3,1,4,5,1,6,6,5,10,1,10,2,6,2,2,10,2,3,5,1,0
1,26,39,4,6,0,2,6,6,5,11,2,61486.0,1257,55242.0,10,8,34,33,69,91,93,11,2,8,5,9,9,8,2,10,9,4,4,8,10,1,5,9,1,8,5,3,3,5,0
0,29,41,4,2,0,8,6,1,2,13,13,133030.0,837,40731.0,6,1,48,61,64,74,94,14,7,3,9,2,7,2,2,7,6,6,6,7,6,7,7,8,6,10,5,4,10,4,0
0,22,28,6,6,1,5,3,4,7,14,10,102746.0,1123,48044.0,6,1,37,95,46,8,57,14,7,3,3,7,4,6,7,4,5,5,7,6,7,1,3,10,1,4,10,2,10,6,0
0,39,32,3,4,0,9,2,7,6,5,1,143471.34999999998,1396,47112.0,4,4,27,8,40,59,15,19,1,9,3,6,1,1,5,9,1,2,8,2,2,9,1,4,9,6,2,4,10,4,0
1,37,30,1,4,0,4,2,3,3,14,7,143158.0,1559,39673.0,9,2,68,4,33,96,34,14,5,9,7,1,6,6,8,8,6,3,2,8,1,9,4,3,6,5,8,7,2,7,0
0,39,41,4,4,1,10,5,3,7,9,1,102286.0,1381,41548.0,1,6,23,95,90,76,93,11,10,6,1,4,10,2,6,8,3,10,7,2,2,3,8,6,10,5,7,2,5,6,0
1,41,19,2,4,0,3,5,2,3,15,2,85275.0,1016,27734.0,3,3,96,79,78,48,80,64,9,5,7,3,3,8,6,5,7,10,4,4,7,7,1,7,10,3,4,1,9,5,0
0,20,31,1,4,0,6,3,5,7,12,9,143471.34999999998,1517,14621.0,10,4,16,86,47,18,90,52,3,7,4,3,2,7,4,10,5,2,1,2,1,1,5,9,2,6,10,9,8,9,0
0,22,41,4,1,0,10,3,4,2,13,10,58745.0,1496,12502.4,5,3,51,4,39,17,17,82,5,2,2,5,4,3,4,8,10,1,1,3,3,1,4,9,5,5,8,6,9,8,0
0,19,23,3,1,0,9,1,6,7,9,6,67767.0,1338,21454.0,1,9,51,90,85,15,59,27,8,3,5,8,8,5,1,7,3,7,9,4,4,7,5,3,7,7,7,3,9,5,0
1,31,26,6,1,0,6,3,4,2,4,6,55140.0,1477,26214.0,3,5,6,74,4,34,29,14,1,7,1,6,4,5,8,9,10,4,2,8,9,4,7,9,8,5,8,7,6,8,1
0,19,24,4,6,0,8,5,2,6,4,11,85422.0,837,55389.0,4,6,83,63,92,60,10,9,4,8,2,3,4,7,5,1,6,10,5,10,4,9,4,1,2,8,8,8,7,5,0
1,30,35,6,4,0,6,6,1,6,9,8,143471.34999999998,837,35664.0,8,6,44,61,6,96,58,79,9,1,8,7,8,5,1,3,8,8,7,6,8,5,4,2,2,3,4,10,10,1,0
1,24,41,3,5,0,2,3,6,4,6,15,103836.0,929,57566.3,4,6,80,27,31,65,64,53,2,4,3,2,4,4,8,4,1,9,10,2,10,3,3,5,3,10,2,2,1,8,0
1,27,26,1,5,0,7,5,5,2,11,6,136913.0,1435,12502.4,6,9,61,70,10,30,66,25,9,9,5,3,8,4,4,10,2,7,10,3,1,7,9,1,6,8,9,3,8,7,0
0,30,40,5,4,0,7,4,7,3,16,16,136486.0,1559,41963.0,2,5,48,16,63,40,88,40,10,6,8,2,6,8,10,1,7,4,1,1,5,10,8,9,5,2,4,4,4,6,0
0,33,21,5,2,0,9,2,7,7,16,16,103391.0,871,12502.4,5,3,6,15,42,72,24,69,7,3,6,8,5,3,4,1,10,9,2,8,3,5,4,10,10,4,3,7,4,6,0
0,43,26,6,2,0,8,4,1,7,8,13,74222.0,1414,22951.0,4,6,96,55,69,16,95,60,1,7,2,2,10,6,8,9,9,5,6,10,4,10,1,6,2,6,6,9,4,9,0
0,31,21,3,5,0,7,2,3,2,2,9,31329.0,1133,54941.0,8,6,53,88,83,63,95,32,2,5,10,9,7,4,10,3,8,7,7,6,6,7,3,3,7,3,2,2,6,6,0
1,28,29,4,5,0,1,2,7,2,17,11,83858.0,1537,30425.0,5,9,23,9,88,55,83,94,4,7,10,8,4,2,8,5,9,6,1,9,7,2,7,5,3,3,3,4,3,8,1
1,27,21,5,3,0,4,1,6,1,14,10,31547.0,1482,23366.0,10,8,80,5,28,15,43,21,9,1,10,4,10,6,7,6,3,3,1,6,5,10,3,9,8,10,1,7,5,10,0
1,23,42,6,4,0,9,5,3,3,7,1,143471.34999999998,1502,46854.0,3,1,22,40,56,96,35,46,6,2,3,5,3,10,4,8,7,3,4,8,5,6,6,4,1,6,8,4,7,5,1
0,21,41,5,3,0,6,4,7,1,17,12,27903.0,967,39490.0,8,6,44,62,42,22,92,58,8,7,3,2,9,5,9,8,3,9,2,4,8,5,3,2,6,9,1,3,1,5,0
1,38,37,1,2,0,1,2,5,4,12,3,106441.0,837,12594.0,3,9,72,12,52,94,40,92,4,2,7,6,5,8,5,5,1,2,5,5,2,7,1,5,8,5,8,6,10,9,0
0,19,31,3,1,0,7,2,2,1,2,14,108965.0,837,14289.0,9,4,38,79,56,15,71,41,6,3,10,4,4,3,6,3,5,9,1,1,7,10,3,1,6,5,5,9,6,3,0
1,24,41,1,3,0,7,5,2,5,3,13,143471.34999999998,925,52453.0,4,1,78,22,29,11,90,80,8,9,1,3,8,4,4,2,5,3,1,6,8,4,7,1,7,2,2,2,2,5,0
0,41,41,5,3,0,4,3,6,6,5,3,107074.0,1158,37966.0,4,6,8,69,45,20,95,83,8,2,2,9,6,8,4,10,6,1,9,3,10,10,1,10,6,4,10,1,5,9,0
0,26,24,3,4,0,7,5,4,1,17,13,100329.0,1373,55041.0,1,7,77,28,48,96,76,96,4,4,1,7,3,8,10,9,7,8,8,6,2,7,5,6,4,3,2,5,6,2,0
1,25,43,1,3,0,8,6,1,2,17,4,70145.0,897,27103.0,8,6,84,55,24,15,50,49,7,7,6,4,1,9,10,1,1,6,2,6,5,2,5,3,4,1,1,4,8,6,0
1,22,30,5,2,0,5,1,2,5,11,10,58552.0,923,12502.4,4,9,65,95,58,49,33,70,4,3,8,9,1,7,6,8,2,4,5,3,2,8,10,5,2,5,1,3,6,9,1
1,36,39,4,1,0,2,1,2,6,7,16,132229.0,1068,40488.0,3,8,92,74,54,83,95,8,10,8,6,7,4,4,4,10,6,9,4,5,7,9,3,10,9,9,10,8,8,6,0
1,27,25,4,5,0,9,2,7,5,16,2,113696.0,928,18326.0,9,8,37,4,27,29,33,94,8,4,5,8,6,7,3,1,5,5,3,4,3,9,4,7,5,4,7,7,9,3,0
0,28,40,2,1,0,4,6,4,1,11,10,82151.0,983,24706.0,2,5,32,41,93,52,72,4,2,6,2,7,5,6,6,2,7,8,9,9,8,4,8,4,5,6,4,8,5,3,1
1,42,22,6,3,0,10,5,3,5,11,9,35972.0,1116,55316.0,1,2,12,16,81,5,10,72,6,5,4,1,9,1,3,2,10,7,5,1,4,7,2,7,7,8,3,10,1,3,0
1,32,29,3,3,1,1,1,7,1,18,4,75751.0,1325,22134.0,5,6,6,25,12,52,64,42,4,2,7,8,7,10,3,5,9,2,7,9,8,5,8,6,2,10,2,5,4,3,0
1,23,30,4,6,0,10,3,2,6,2,4,108123.0,878,12652.0,8,1,18,35,75,96,95,67,2,3,6,1,10,1,3,8,5,2,1,9,2,6,5,8,9,5,6,4,9,1,1
0,32,37,3,6,0,5,1,4,5,7,6,81304.0,1485,19234.0,1,9,39,39,60,53,22,36,8,2,5,10,2,9,10,7,5,4,5,5,1,7,7,4,8,10,7,5,1,5,0
0,22,31,1,1,1,2,3,1,2,4,5,143471.34999999998,1471,20973.0,4,4,66,44,41,83,27,41,9,9,5,2,7,2,5,2,1,1,3,8,1,10,1,9,2,7,4,5,6,7,0
1,36,35,6,1,0,9,6,4,5,18,12,98779.0,1375,42500.0,9,6,29,51,34,31,56,82,6,2,2,7,1,1,7,6,7,5,6,1,2,8,8,3,4,4,2,9,3,10,0
0,39,43,1,4,0,8,3,6,2,6,17,26252.95,837,21585.0,7,5,60,46,27,26,90,21,10,8,1,3,3,3,9,3,7,1,8,9,5,9,7,8,8,9,7,2,9,9,0
1,36,41,6,1,0,10,6,4,2,1,13,30210.0,1317,57566.3,8,8,22,65,80,23,53,78,6,3,6,6,9,6,8,10,9,6,10,7,8,8,3,7,9,5,2,9,10,2,0
0,27,42,2,5,0,9,2,2,5,18,3,29744.0,1544,40324.0,5,4,69,10,76,96,49,23,10,9,9,4,2,10,3,10,3,8,7,10,1,10,8,1,10,7,2,10,1,5,0
0,29,37,2,6,0,9,2,6,6,5,5,31934.0,1453,36459.0,3,4,46,85,73,92,14,96,3,5,10,4,10,9,7,2,9,10,5,1,10,9,1,4,9,2,3,9,9,8,0
0,39,21,2,3,0,3,1,6,2,17,2,114722.0,1559,29380.0,5,5,90,73,55,96,59,4,4,2,7,7,1,6,10,1,4,3,7,1,1,5,1,2,4,1,5,7,2,7,0
0,21,38,5,3,0,2,4,7,5,1,10,59823.0,1307,23447.0,1,3,49,28,27,43,89,56,4,9,3,1,8,5,2,2,4,5,9,3,8,5,3,10,2,2,2,10,5,4,1
1,35,35,4,2,0,4,2,1,7,1,5,74400.0,1107,36009.0,2,8,96,9,34,16,42,89,9,1,8,10,9,3,1,1,10,1,4,9,7,7,9,10,8,8,5,2,7,4,0
1,33,24,4,5,0,9,4,4,5,17,6,26252.95,1451,22963.0,8,2,52,95,58,11,5,70,3,2,2,7,6,9,1,2,2,3,6,6,6,1,5,1,8,6,7,4,8,6,0
1,25,32,1,3,0,3,2,7,1,4,10,66272.0,1040,52535.0,2,2,96,44,79,4,22,59,7,7,1,8,7,7,4,6,9,9,4,9,5,5,3,10,9,5,6,9,7,3,0
0,21,38,2,2,1,10,3,6,6,18,6,109747.0,1547,56634.0,4,8,28,48,84,15,54,67,3,4,7,5,10,8,4,9,6,6,10,10,3,1,1,10,8,9,8,2,9,6,0
1,42,23,6,5,0,5,1,3,5,15,12,60647.0,1396,45395.0,5,9,91,55,40,51,34,80,2,1,1,4,3,7,8,5,6,3,8,2,4,2,10,7,1,5,8,10,9,9,0
1,40,33,6,1,0,2,1,2,2,9,12,36243.0,1488,18124.0,3,8,68,48,35,32,18,50,4,5,1,10,4,3,4,3,5,1,8,5,8,4,1,7,4,8,10,10,3,4,0
1,29,37,4,3,0,5,1,1,3,18,4,136130.0,939,22452.0,5,3,65,38,77,50,92,35,4,2,9,9,10,10,3,8,10,9,10,5,4,4,10,6,1,4,9,6,2,1,0
0,19,41,2,1,0,8,6,6,4,7,1,95540.0,1307,18206.0,1,9,51,95,71,49,37,10,5,8,5,1,8,7,3,10,4,5,5,7,9,7,6,8,5,4,6,10,3,8,0
0,21,25,2,4,0,10,6,3,1,10,14,115255.0,934,24847.0,2,5,46,4,11,58,64,13,3,6,7,4,1,7,1,4,6,10,7,9,10,8,6,2,8,6,9,5,9,6,0
0,22,38,4,2,0,9,1,1,2,1,1,43288.0,1080,34872.0,4,1,91,29,11,72,81,40,8,2,8,10,3,5,4,4,5,4,7,8,7,10,6,4,6,5,5,8,4,6,0
1,20,33,1,6,0,8,4,4,5,10,14,31641.0,1427,34299.0,1,1,64,4,38,71,40,67,1,6,4,4,6,7,9,4,4,4,5,5,2,1,1,2,5,4,6,10,7,4,0
1,26,39,3,4,0,10,6,5,7,14,7,89714.0,1292,57566.3,8,4,39,70,41,75,53,96,8,3,8,4,5,4,7,2,8,2,8,9,4,5,6,10,7,9,5,6,4,2,0
1,38,33,3,1,0,2,4,1,3,1,15,41307.0,1198,49868.0,10,4,79,58,82,20,49,46,5,7,10,2,1,5,4,4,1,1,3,5,10,5,10,2,2,9,8,2,3,4,0
0,35,20,3,2,0,3,5,5,1,12,2,142660.0,969,14398.0,7,1,96,54,76,4,30,31,10,6,7,7,9,3,8,7,8,6,7,1,8,7,8,7,8,10,5,3,7,2,0
0,28,34,2,5,0,10,1,3,4,5,9,126725.0,1207,13896.0,4,2,4,17,29,44,67,69,9,5,4,2,2,4,7,4,10,10,4,3,3,8,4,2,4,1,6,8,9,3,0
1,20,26,3,1,0,4,4,7,5,12,14,131906.0,1368,30421.0,3,5,55,31,62,35,25,23,8,8,7,9,9,2,6,3,8,5,5,1,5,2,6,4,8,10,1,9,10,7,1
0,42,42,6,3,0,6,4,3,6,14,5,53252.0,875,13953.0,1,7,95,79,68,89,74,96,1,5,1,1,4,9,2,6,1,10,6,5,6,8,5,7,5,10,2,4,7,4,0
0,40,20,3,3,1,4,1,4,7,14,10,131021.0,1147,54248.0,10,4,14,51,43,34,78,4,4,1,10,4,2,8,6,10,9,8,4,3,6,4,4,9,7,10,7,9,3,7,0
0,19,37,2,5,0,1,4,5,4,10,3,143471.34999999998,1252,36770.0,3,5,7,4,73,4,36,22,3,1,7,5,3,4,7,4,8,10,3,8,7,5,10,8,9,10,5,5,10,8,0
0,26,24,1,1,1,9,4,5,6,8,13,124461.0,1322,43104.0,1,6,35,28,74,84,49,50,2,8,4,8,1,3,6,4,9,8,4,1,4,2,3,5,7,9,3,1,8,1,0
1,31,35,6,3,0,2,1,6,7,14,7,123862.0,837,22431.0,1,7,59,82,76,12,54,45,4,8,3,9,2,3,5,7,4,6,4,5,4,9,4,2,9,8,2,2,3,4,0
0,21,29,6,1,0,10,6,6,2,11,12,59015.0,977,39235.0,6,1,22,61,74,9,20,12,3,8,10,1,4,6,6,5,5,6,9,9,4,10,3,9,2,4,10,8,1,9,0
0,26,36,4,5,0,4,5,4,7,1,7,26252.95,1254,53172.0,8,7,26,41,62,22,95,31,2,8,2,1,5,4,5,4,7,10,9,10,5,5,5,2,5,2,10,9,8,6,0
0,30,33,5,1,0,6,6,7,2,6,6,128240.0,1036,23867.0,1,1,11,65,80,71,90,30,4,1,8,10,8,2,2,4,5,4,10,9,3,4,2,4,3,2,4,6,5,5,1
0,35,39,4,4,1,8,5,3,5,18,13,69084.0,1239,36735.0,1,3,15,36,40,10,79,95,3,6,9,2,1,3,6,9,1,4,4,9,8,9,8,4,10,4,10,8,8,3,1
1,32,43,4,6,0,7,5,3,2,17,2,85677.0,839,57566.3,10,9,4,17,61,8,68,20,8,5,1,1,5,3,4,3,4,5,4,8,9,1,9,3,9,5,6,6,4,3,0
1,27,41,4,6,0,2,6,5,5,3,15,26252.95,1511,55703.0,6,9,34,28,64,51,81,56,10,6,3,1,10,8,6,1,4,9,4,6,4,7,3,4,6,10,1,10,5,6,0
0,33,34,6,3,0,2,6,5,5,12,4,114596.0,837,34918.0,8,1,12,58,62,88,5,89,8,2,9,10,7,9,1,9,2,2,3,1,4,6,8,6,8,8,4,9,8,5,0
0,29,37,1,5,0,2,3,2,1,11,15,123803.0,1381,55028.0,8,8,73,89,92,86,64,45,10,6,4,3,5,2,8,3,2,7,1,6,7,6,10,2,9,3,9,7,4,10,0
0,37,32,3,6,0,1,6,3,3,11,1,131305.0,1412,49446.0,5,3,23,50,77,70,44,60,1,10,5,1,2,2,2,6,9,1,8,6,8,8,6,3,2,3,5,5,2,9,0
0,22,19,4,1,0,2,3,7,6,4,10,29312.0,1559,37593.0,2,9,20,71,13,89,95,50,7,6,10,7,3,8,2,7,4,4,2,6,2,5,9,3,2,10,7,9,10,8,0
0,19,19,4,3,0,6,1,1,1,14,8,26252.95,1396,15220.0,1,3,24,64,15,29,54,29,8,5,7,4,9,5,6,8,1,2,4,3,1,5,4,10,9,2,8,10,4,10,1
0,27,25,6,3,0,2,2,6,4,1,14,101697.0,1138,14086.0,3,2,47,66,73,93,42,69,6,5,10,10,4,10,2,10,1,9,4,9,6,4,9,10,6,2,7,1,6,1,0
1,19,39,1,1,1,5,6,3,4,14,4,112903.0,1282,38497.0,5,7,43,66,40,66,36,9,5,8,2,1,1,6,6,7,9,10,4,9,7,1,9,5,2,4,7,5,7,7,0
0,24,42,1,3,0,10,4,2,1,13,17,132935.0,1425,20172.0,2,6,46,95,53,14,48,61,10,7,5,9,4,2,6,2,3,10,6,8,3,2,5,9,1,10,10,10,1,7,0
1,43,19,3,3,1,6,1,4,3,5,12,134452.0,1230,24522.0,10,8,28,23,29,45,87,93,1,2,6,5,9,10,5,4,7,9,2,5,1,7,1,6,2,1,3,5,1,9,0
1,34,36,4,2,0,5,4,3,1,17,7,28433.0,1469,31665.0,10,8,96,79,60,10,95,35,10,2,3,1,5,7,4,4,8,10,10,5,7,6,6,3,6,8,3,1,6,10,1
0,33,26,5,2,0,3,3,3,3,4,10,104497.0,1484,50745.0,8,5,30,27,96,75,58,4,5,9,1,9,10,7,10,7,10,5,1,5,8,7,2,2,8,7,10,10,8,2,0
1,43,26,4,4,1,4,4,7,1,1,13,103578.0,1050,24198.0,10,4,11,4,69,67,9,13,2,9,8,2,10,9,3,9,3,5,2,10,1,5,6,3,4,10,3,5,7,10,0
1,43,30,6,6,1,7,6,3,3,18,4,135788.0,1203,34796.0,7,3,28,30,28,46,20,77,5,1,7,4,9,6,4,10,2,6,9,3,9,8,4,2,8,5,2,2,6,10,0
1,41,23,5,2,0,1,1,6,1,12,3,91380.0,1366,41017.0,2,9,86,28,80,72,42,4,7,1,2,6,9,6,7,5,8,1,7,9,3,3,5,5,10,10,9,1,3,7,0
1,20,32,6,2,0,8,3,2,3,2,4,37839.0,1332,31839.0,2,6,96,72,71,23,64,21,6,4,8,7,3,7,2,3,1,4,7,5,6,5,3,7,1,1,9,2,5,3,0
1,31,36,4,5,0,10,2,1,7,9,7,125700.0,1384,42210.0,10,1,71,52,62,73,70,50,5,4,7,9,1,5,10,1,8,4,5,3,7,1,8,7,10,6,9,1,6,6,0
1,27,38,5,3,0,5,4,4,4,6,6,134151.0,935,19144.0,10,5,23,4,4,82,65,95,7,2,1,8,4,9,1,5,2,6,10,7,9,3,3,10,8,1,7,9,9,2,0
0,39,32,1,4,0,7,2,4,5,11,15,125802.0,1109,41752.0,2,3,10,67,4,84,5,67,10,8,7,8,1,1,7,10,4,9,8,1,10,6,3,9,2,3,8,5,6,1,0
1,24,35,2,2,1,8,3,7,2,2,5,87054.0,1505,37505.0,1,5,21,62,65,5,16,81,6,7,8,5,5,1,1,4,3,8,8,9,2,9,3,8,3,10,9,7,3,5,1
1,43,24,5,5,1,6,2,1,4,16,6,54891.0,1470,22589.0,8,5,49,26,63,75,67,73,7,1,6,7,3,2,1,4,7,8,3,3,5,8,3,6,3,7,1,2,7,9,0
1,34,43,1,2,0,5,2,2,7,14,8,70296.0,1308,15668.0,4,8,52,61,56,65,76,74,8,4,10,6,9,9,9,7,5,7,4,1,3,1,6,9,7,1,9,5,1,7,0
0,23,28,1,3,0,10,1,5,5,16,7,71423.0,1070,56689.0,10,4,90,4,45,10,57,4,2,6,2,10,6,7,4,5,9,2,4,1,3,10,3,8,1,6,9,6,5,8,0
1,40,25,4,3,0,8,2,2,3,11,17,111392.0,1149,49508.0,3,1,34,16,77,19,56,49,2,3,8,8,2,9,2,6,4,4,4,4,3,8,8,3,5,1,9,9,1,9,0
0,39,23,6,4,0,6,1,3,3,13,15,78029.0,1292,53360.0,5,4,78,20,88,94,38,29,5,2,9,1,8,6,7,4,5,3,6,9,1,6,2,4,10,1,7,1,4,5,0
1,21,25,5,2,0,5,6,6,3,4,10,89655.0,1088,44386.0,3,2,94,6,42,94,95,19,8,7,7,6,9,8,3,10,9,4,6,10,7,6,4,4,6,6,7,10,8,10,1
0,34,19,5,5,1,10,6,6,7,12,8,80829.0,1232,18703.0,6,1,39,22,4,96,27,60,4,5,2,9,6,7,8,6,3,3,10,5,3,9,10,4,10,8,4,1,6,7,1
0,43,36,5,6,0,3,5,5,4,14,8,83874.0,1281,24570.0,9,1,61,4,93,9,84,17,1,10,9,3,10,10,6,10,5,6,3,6,8,10,9,7,5,9,2,10,4,10,0
1,26,33,4,3,0,1,4,5,4,10,10,79026.0,1064,15923.0,7,1,24,26,44,42,13,52,6,5,4,6,9,7,10,9,7,2,7,10,8,2,7,3,4,3,2,5,8,1,0
1,21,24,1,4,0,6,5,5,3,6,15,139950.0,1327,54247.0,1,1,9,37,59,58,5,49,4,4,8,10,9,7,10,7,10,3,10,1,8,5,1,7,8,4,7,1,6,2,0
0,24,27,6,4,0,2,4,3,2,3,6,66085.0,1431,12502.4,10,2,28,86,9,55,83,90,8,9,8,9,4,8,10,2,7,9,10,6,6,8,10,7,4,3,9,6,1,6,0
1,40,29,4,1,0,1,1,7,6,17,6,45290.0,1555,32922.0,5,9,96,52,43,80,91,56,3,9,9,9,2,3,6,6,4,9,3,6,8,3,9,3,6,4,5,8,3,2,0
0,19,34,3,3,1,2,4,4,3,13,6,98588.0,1122,12502.4,2,8,8,55,12,39,30,5,1,5,10,5,9,7,8,1,9,3,9,4,4,9,6,6,9,6,1,2,10,3,0
0,34,24,2,4,0,2,5,7,6,2,9,97607.0,1190,37822.0,9,3,40,82,50,39,70,38,9,7,4,3,10,1,7,10,3,5,1,6,2,3,9,8,8,8,9,2,4,2,0
0,41,39,3,2,0,10,5,3,6,11,8,45944.0,1213,20222.0,4,5,46,92,28,96,88,4,7,3,9,8,9,6,1,4,6,9,7,2,4,4,3,2,6,9,2,5,2,3,0
0,25,25,6,1,0,3,2,1,3,10,15,138053.0,988,52534.0,4,7,86,77,48,62,34,38,6,10,3,1,9,3,8,5,1,6,7,9,8,1,8,4,3,9,5,5,2,3,0
0,40,24,2,5,0,5,4,4,3,7,6,143471.34999999998,924,43007.0,4,4,16,83,45,30,24,82,9,10,10,6,5,7,8,1,3,10,1,5,4,9,10,3,5,2,3,4,8,1,0
1,32,21,3,3,1,10,1,5,1,9,4,107272.0,972,15587.0,10,4,70,13,27,82,5,42,7,3,7,2,9,4,6,4,5,1,2,4,4,8,9,10,10,10,6,4,4,9,0
0,32,20,2,6,0,7,5,7,5,18,3,111201.0,856,43979.0,7,3,60,13,50,61,59,14,2,3,9,8,9,6,3,7,6,2,9,6,5,4,2,10,10,1,9,10,9,1,0
0,25,36,5,1,0,7,6,4,6,6,15,143471.34999999998,919,57566.3,4,2,23,30,79,62,87,74,6,8,4,4,6,5,8,7,7,5,2,7,1,1,4,7,6,3,4,5,10,1,1
1,33,32,6,2,0,10,1,2,3,3,8,76386.0,1324,41387.0,10,6,33,24,39,4,88,84,5,1,9,1,9,1,6,3,7,9,1,3,8,5,7,6,9,1,5,2,1,4,0
0,36,21,5,5,1,4,4,5,2,1,6,33773.0,837,32370.0,9,4,41,62,96,50,36,91,5,7,2,9,7,1,2,10,10,9,4,4,4,4,2,9,6,3,4,10,9,1,0
1,28,42,4,6,0,2,2,1,2,9,3,26567.0,1150,53793.0,4,7,26,95,69,45,40,79,9,3,7,9,1,7,6,8,3,2,6,6,5,2,10,5,8,9,5,9,5,9,0
1,19,26,2,2,1,6,4,2,4,6,11,93441.0,1112,57566.3,9,1,96,10,21,95,93,4,9,8,7,5,7,5,6,6,6,5,5,6,9,10,7,4,1,2,4,5,10,1,0
1,40,30,1,3,0,2,3,1,4,8,14,103601.0,837,53770.0,7,6,5,67,41,54,28,19,5,8,5,5,5,10,1,9,5,7,3,1,5,9,6,2,10,1,9,10,10,9,0
0,41,35,3,6,0,9,6,3,3,18,9,41977.0,1184,22704.0,5,7,12,68,67,82,79,26,4,2,1,4,10,2,4,4,10,2,4,3,6,3,7,7,6,4,9,7,10,3,0
0,34,38,1,4,0,8,2,3,7,10,4,26631.0,1121,52663.0,1,1,32,73,31,33,64,43,4,4,1,7,3,9,10,5,1,5,7,3,3,9,5,1,8,3,10,8,7,10,0
0,43,33,6,1,0,4,1,6,4,10,6,94943.0,904,51918.0,9,2,53,67,93,72,94,90,5,8,6,10,2,8,3,2,1,3,6,8,8,3,7,1,8,7,6,7,2,8,0
1,33,19,3,4,0,1,4,3,4,18,3,105303.0,968,47183.0,3,8,61,56,71,96,51,84,10,8,9,10,5,1,3,4,3,3,10,7,7,3,6,5,3,2,10,1,10,7,0
0,42,21,2,2,1,7,3,2,7,5,6,49660.0,1530,14435.0,3,5,89,45,70,45,54,50,2,3,9,6,2,2,3,5,10,2,7,6,5,8,6,5,2,9,7,5,9,8,1
1,32,35,2,3,0,10,5,3,4,12,3,111346.0,1499,15856.0,9,2,34,16,4,32,11,57,9,4,8,4,10,6,3,3,9,4,3,3,10,1,3,10,2,6,8,8,6,6,1
0,30,25,5,6,0,7,4,5,4,8,6,100446.0,939,17661.0,9,8,15,38,30,59,9,5,4,2,1,4,3,5,4,3,3,8,9,3,9,2,7,6,6,9,9,8,4,1,0
1,32,37,6,2,0,8,4,3,5,11,17,57807.0,1220,23819.0,8,8,57,36,44,28,7,25,7,9,5,2,7,7,1,5,1,9,5,10,2,1,3,3,1,10,2,6,7,7,1
0,43,33,4,5,0,1,2,2,7,11,12,51578.0,910,12502.4,5,7,23,92,68,14,33,48,9,8,8,10,2,7,2,3,6,4,5,6,7,1,8,2,2,6,3,10,7,5,1
0,21,38,5,2,0,1,1,6,7,18,8,143471.34999999998,838,22417.0,2,8,16,13,87,41,14,57,9,9,6,5,6,4,3,7,6,7,1,6,6,2,6,9,1,4,10,4,7,8,0
0,33,28,6,2,0,5,3,1,3,6,11,55597.0,1559,32419.0,10,4,6,52,38,68,13,71,10,8,10,1,6,6,8,8,8,8,8,8,10,1,6,1,2,6,5,1,1,5,0
1,29,37,3,4,0,7,2,4,2,2,16,59645.0,1369,12502.4,6,7,36,34,96,96,50,63,10,7,2,7,10,10,7,3,6,2,10,4,1,8,5,3,5,10,3,4,2,7,0
1,21,38,5,5,1,3,5,4,1,13,15,58735.0,983,29182.0,2,3,34,89,41,66,87,89,1,1,9,3,10,1,5,10,4,7,5,3,9,6,4,8,6,3,10,7,5,3,0
0,20,38,5,1,0,8,5,5,1,18,4,72621.0,1052,45086.0,8,7,39,34,32,96,78,27,4,8,7,5,7,5,8,6,2,3,7,9,6,4,6,3,9,4,3,3,9,8,0
0,39,38,1,5,0,5,3,4,6,8,8,143471.34999999998,1446,48690.0,9,8,11,32,13,93,82,20,2,1,10,9,10,9,7,10,6,6,8,10,9,7,2,7,6,7,6,7,2,6,0
1,34,43,5,3,0,10,6,3,2,5,9,130517.0,854,39292.0,3,6,6,30,11,82,59,68,4,1,6,4,2,8,2,8,4,6,10,8,8,3,10,7,4,2,3,8,1,10,1
1,39,36,1,6,0,7,4,4,4,7,1,89699.0,1359,37381.0,7,3,5,54,6,41,71,62,4,10,1,9,1,4,1,6,5,8,4,1,8,3,9,8,9,6,5,7,9,9,0
1,35,40,2,6,0,2,4,3,1,16,3,65758.0,1188,38266.0,10,7,4,66,45,90,66,33,10,6,1,5,3,5,10,1,4,2,1,5,3,6,1,2,2,5,1,8,6,2,0
0,42,36,6,2,0,4,2,3,3,18,4,121607.0,1559,53587.0,5,5,69,4,8,95,5,77,1,7,7,7,5,6,9,10,3,1,1,8,2,7,6,5,4,7,2,8,2,10,0
1,35,35,5,3,0,4,3,4,6,16,6,91814.0,995,45571.0,4,8,38,4,84,19,31,48,10,9,1,1,10,9,1,7,6,8,2,6,6,5,2,2,10,1,5,3,2,8,1
0,40,36,3,1,0,10,5,3,6,11,12,40524.0,1317,34925.0,3,4,36,9,5,58,80,28,8,1,2,6,3,3,4,9,9,5,1,6,3,6,5,2,4,4,2,4,2,4,0
1,34,28,1,5,0,5,3,6,6,14,16,103752.0,1129,47997.0,4,2,47,7,43,53,89,8,9,2,6,7,8,4,9,10,5,5,2,6,6,5,6,6,4,3,8,9,7,4,0
0,29,20,3,4,0,1,3,5,4,14,7,86017.0,1070,27604.0,9,9,21,64,43,65,49,48,7,4,2,3,4,8,2,2,3,2,6,10,6,3,5,6,5,7,10,8,3,9,0
1,40,25,3,2,0,7,4,1,7,16,11,92785.0,864,51727.0,6,9,15,87,68,72,59,18,10,4,1,6,3,4,5,5,1,5,6,8,2,1,4,7,10,4,10,1,6,9,0
1,38,37,6,5,0,4,4,7,6,5,11,67879.0,1023,23405.0,9,9,7,47,58,45,53,55,7,3,9,5,10,4,2,6,9,3,5,6,1,7,5,3,10,2,9,5,8,10,0
1,41,36,3,2,0,5,5,1,4,8,16,143471.34999999998,1162,55906.0,7,9,34,73,55,29,90,16,4,5,2,8,2,2,2,4,1,3,3,3,8,9,2,3,4,3,4,9,4,10,0
1,21,27,2,3,0,10,1,7,4,8,12,113278.0,1520,12502.4,6,3,93,59,26,34,95,4,3,2,1,7,6,5,3,3,1,6,9,10,4,7,9,2,5,8,5,2,3,9,1
1,29,33,1,2,0,7,6,2,5,5,5,40605.0,1240,43129.0,7,7,90,36,81,70,44,49,4,8,7,9,8,8,6,4,6,9,4,3,8,5,2,7,8,8,9,9,6,2,0
0,43,22,5,1,0,8,3,7,2,13,4,113515.0,956,53209.0,10,2,59,43,4,16,9,36,3,6,9,9,9,9,3,5,9,2,2,8,4,4,4,8,8,2,5,5,7,10,0
1,40,37,6,2,0,10,1,4,3,4,4,91007.0,1025,41477.0,6,4,19,57,82,5,78,51,3,2,3,9,9,2,7,7,5,6,4,2,9,5,6,10,4,4,4,9,4,3,0
1,39,26,6,4,0,1,3,6,4,7,12,120220.0,1290,52453.0,4,4,9,87,49,32,43,80,5,6,3,4,2,4,9,5,10,1,5,6,5,6,1,3,9,7,6,3,3,2,0
1,38,25,4,5,0,7,3,5,4,6,4,40715.0,837,36836.0,3,1,26,19,24,72,41,85,5,4,1,9,2,6,4,8,6,8,3,7,2,3,2,3,6,10,5,7,9,8,1
0,37,28,1,1,1,3,6,6,5,15,4,63309.0,1239,52938.0,2,1,22,90,63,26,35,41,4,1,5,9,9,5,5,9,8,6,3,4,7,10,4,2,9,5,7,10,2,5,1
1,32,33,4,1,0,10,2,5,1,13,15,29460.0,875,37200.0,10,2,42,77,96,33,5,31,8,5,10,5,6,4,10,8,3,7,6,6,10,3,1,1,7,1,7,6,5,6,0
0,40,24,5,2,0,3,6,5,7,18,1,91507.0,899,50009.0,9,5,83,37,48,73,54,68,4,1,10,6,10,6,7,5,3,2,3,2,3,2,7,1,4,7,3,7,8,2,0
1,33,32,3,2,0,3,4,6,3,3,17,141987.0,1251,25643.0,9,2,68,32,4,16,16,96,9,7,10,5,6,5,3,6,8,8,5,8,5,10,7,5,4,3,5,7,9,2,0
1,22,41,4,1,0,9,3,5,6,3,2,64862.0,932,24209.0,6,4,31,95,4,15,73,10,6,2,10,4,2,9,9,4,7,3,7,1,9,6,2,4,5,6,9,8,10,2,0
0,38,38,2,4,0,7,3,4,7,6,12,42348.0,1177,20527.0,4,6,42,80,14,18,66,4,5,2,3,6,4,10,9,3,6,6,5,1,9,5,10,8,8,2,4,8,5,5,0
1,32,37,5,4,0,6,5,7,5,18,17,51822.0,1559,30832.0,5,2,43,78,8,41,77,95,8,10,3,10,10,3,4,3,4,3,5,4,1,9,8,9,5,6,1,4,2,4,0
0,34,40,2,5,0,3,5,3,4,13,12,113775.0,1559,57566.3,7,3,57,36,25,27,60,4,4,10,1,6,5,10,4,7,2,9,1,5,5,8,10,5,1,9,9,10,3,2,0
0,35,34,1,2,0,2,1,3,2,14,7,27475.0,1555,13368.0,9,4,68,53,96,88,12,28,9,3,9,2,9,3,5,5,2,7,4,3,3,7,2,6,9,8,10,1,2,10,0
1,22,23,4,5,0,10,1,1,5,16,13,31415.0,906,13472.0,7,3,65,30,30,19,28,23,4,10,10,2,2,6,6,4,8,2,2,3,8,1,9,8,3,8,1,2,3,7,0
0,30,32,4,6,0,3,2,6,4,6,11,120276.0,1085,30736.0,5,4,95,95,20,37,56,84,8,6,2,4,7,4,10,3,4,7,5,10,10,5,5,7,1,3,8,2,2,8,0
1,36,25,2,2,1,10,4,7,6,9,12,90372.0,1026,47303.0,5,7,46,34,57,66,20,85,9,1,1,3,1,1,6,4,1,3,8,6,2,9,2,9,7,5,10,6,7,7,0
1,30,24,1,2,0,8,6,7,4,16,6,48016.0,1228,41540.0,8,4,96,4,78,4,85,86,6,4,9,9,10,7,1,1,7,2,3,3,2,8,6,10,2,4,8,1,7,8,0
0,35,19,1,3,0,3,5,2,2,9,14,76253.0,1559,36233.0,10,9,4,83,89,27,10,67,3,10,8,10,3,6,4,2,5,2,4,3,7,3,5,7,2,2,7,7,8,7,0
0,31,30,1,4,0,9,1,6,6,13,10,42135.0,1118,38202.0,5,8,96,24,70,22,39,68,5,2,7,8,2,1,9,8,7,6,8,8,6,10,6,3,9,9,5,5,6,3,0
0,21,40,2,4,0,10,2,5,6,16,8,65458.0,986,40629.0,7,6,96,95,57,68,72,83,1,7,7,3,6,6,2,10,10,6,10,1,8,5,3,7,3,9,10,2,1,3,0
0,21,23,4,3,0,8,1,5,7,8,15,123649.0,1310,38778.0,4,3,49,95,39,5,54,20,6,3,4,3,5,7,9,5,3,7,7,10,6,2,10,1,10,8,8,7,2,10,0
1,37,22,5,3,0,4,2,1,6,4,6,63492.0,1543,24248.0,6,9,24,95,18,5,74,4,4,3,7,5,3,8,2,2,5,9,9,6,10,3,6,1,6,9,4,10,10,8,1
1,37,37,3,4,0,2,1,2,5,8,15,51300.0,1415,53962.0,10,3,30,48,55,11,70,50,1,5,6,9,8,10,10,6,4,3,3,7,8,8,1,5,5,5,5,8,8,5,0
0,36,19,4,6,0,2,1,4,3,10,15,143023.0,1295,39830.0,8,6,4,72,22,49,53,49,9,1,9,2,8,9,8,6,5,1,4,6,6,7,4,9,5,10,6,10,2,2,0
1,30,35,1,1,1,1,1,3,7,14,9,85610.0,933,16753.0,6,8,49,87,12,50,95,51,7,8,4,10,9,3,1,2,5,2,8,7,9,9,7,6,2,5,3,7,8,5,0
1,29,32,3,2,0,10,3,7,5,10,12,57076.0,1479,47266.0,9,1,77,4,59,43,95,66,4,2,8,5,8,5,9,8,4,7,8,6,7,8,5,6,6,2,5,10,1,4,0
1,24,40,6,2,0,3,3,5,3,2,1,128601.0,1545,19364.0,2,9,40,61,76,96,15,46,10,6,8,7,1,5,2,8,8,1,3,6,6,1,8,7,1,2,10,6,2,5,0
1,42,27,6,6,1,5,3,3,5,13,6,26252.95,1193,30107.0,6,4,91,64,73,38,5,96,4,9,10,7,2,8,10,7,6,9,8,8,3,8,1,8,5,6,3,3,9,7,0
0,29,20,1,3,0,6,2,5,3,11,6,122490.0,1067,46943.0,9,3,73,85,84,89,88,56,7,7,2,6,3,5,1,4,3,9,8,4,3,3,7,10,6,5,5,1,8,9,0
0,38,22,5,4,0,7,1,4,6,7,2,61528.0,1306,42855.0,6,4,91,91,27,70,43,42,7,4,10,6,3,4,1,8,2,3,2,2,7,7,8,10,3,9,3,2,8,10,0
1,21,41,4,4,1,8,4,6,7,18,15,134056.0,1504,27120.0,3,4,57,91,67,61,46,50,7,5,3,8,7,5,1,8,2,7,4,3,8,2,3,3,6,6,3,1,3,9,0
0,43,30,1,3,0,1,6,5,3,1,12,75677.0,999,20105.0,5,3,41,4,52,63,36,19,10,5,7,9,7,1,4,5,5,10,8,1,1,9,5,5,3,7,5,3,9,2,0
0,19,25,1,5,0,2,5,5,2,14,6,63579.0,837,55276.0,4,5,87,80,4,6,64,82,10,7,8,8,5,3,4,3,9,3,10,7,4,9,10,10,10,5,2,2,7,4,1
0,19,39,1,1,1,6,2,1,4,5,9,118084.0,892,55230.0,7,4,80,81,49,66,52,79,1,2,3,10,10,5,6,6,9,9,4,1,9,1,5,10,8,6,8,2,2,5,0
1,22,38,2,5,0,5,3,3,3,8,2,88628.0,1415,42713.0,2,7,10,55,82,62,17,60,5,4,3,8,8,6,6,2,4,6,7,4,5,3,6,5,3,3,9,8,2,2,0
1,40,19,4,3,0,3,5,1,4,15,13,26509.0,1255,48423.0,7,5,22,69,4,60,27,91,9,9,8,9,7,10,3,8,2,6,6,10,8,8,1,3,1,5,2,4,9,1,0
1,27,26,1,6,0,6,2,5,5,14,16,140631.0,846,39014.0,6,3,37,69,63,70,47,57,9,5,1,7,4,6,10,9,8,4,9,1,4,1,7,5,9,3,4,3,1,4,0
0,27,34,3,2,0,4,4,4,5,6,12,53399.0,1252,37635.0,4,5,8,77,61,33,95,66,8,5,1,8,3,10,2,5,7,2,1,10,1,6,6,1,7,10,2,3,4,8,0
1,26,43,4,6,0,10,1,1,6,4,8,66738.0,1103,38566.0,2,5,73,61,31,85,33,19,8,10,3,7,10,8,9,1,7,1,4,2,5,4,6,7,4,4,6,5,2,2,0
1,30,35,3,4,0,6,3,4,3,7,2,135582.0,1308,26557.0,5,3,71,66,92,17,5,11,4,10,6,5,7,10,2,2,1,1,7,7,5,5,8,1,10,9,10,4,7,2,0
0,24,30,5,6,0,10,4,3,3,1,3,123272.0,1222,40610.0,9,7,74,73,78,66,24,64,6,8,8,10,2,8,4,6,3,1,1,9,2,7,7,8,7,6,3,10,7,9,0
1,22,19,3,4,0,2,4,4,5,12,17,143471.34999999998,1534,21497.0,5,1,18,56,22,40,54,69,10,7,2,5,7,7,7,9,10,9,1,5,3,2,8,10,10,4,3,1,5,10,0
1,43,29,2,1,0,1,3,3,7,14,5,108337.0,1154,44350.0,1,8,89,30,7,76,94,96,4,8,3,2,4,10,6,7,8,8,6,9,3,3,10,7,1,3,2,4,8,8,0
0,27,37,3,1,0,3,5,1,2,4,14,117989.0,1340,37256.0,8,9,25,88,96,71,95,78,10,6,1,10,2,7,4,8,2,6,2,3,1,4,6,7,9,1,1,5,3,3,0
0,27,37,5,1,0,1,1,5,5,16,8,88333.0,837,13130.0,8,6,21,95,17,75,69,73,3,2,9,9,1,3,8,10,7,2,4,1,8,2,4,4,6,4,2,3,4,10,0
0,23,38,1,1,1,4,6,5,6,11,11,64585.0,1536,41792.0,9,5,51,20,26,75,51,5,7,10,5,10,10,10,6,5,1,8,2,10,2,6,6,4,2,5,10,7,8,9,0
1,43,22,6,6,1,6,3,2,3,10,1,30668.0,1216,50270.0,3,9,92,60,84,30,92,37,3,8,1,10,6,1,1,5,6,10,3,7,1,3,10,10,5,2,4,2,9,1,0
1,36,25,3,3,1,6,3,7,1,2,7,94299.0,1420,44683.0,1,9,53,14,96,88,68,81,6,8,1,4,3,3,3,2,2,3,8,2,9,8,1,8,10,6,3,3,1,8,0
1,38,43,4,1,0,1,3,4,1,1,7,87214.0,1015,57566.3,1,8,80,4,73,4,85,41,2,2,1,2,10,7,3,2,2,5,9,10,8,5,2,2,6,7,6,9,3,9,0
0,25,32,2,1,0,8,5,1,5,8,4,143471.34999999998,1304,15329.0,9,9,56,35,15,18,19,30,10,7,7,1,8,5,4,5,6,10,3,5,10,5,4,10,9,7,4,10,4,6,0
0,19,43,3,3,1,6,6,6,6,14,6,135124.0,1086,50985.0,4,5,16,50,41,13,5,4,3,6,1,2,4,2,4,5,1,10,10,6,3,10,8,4,5,6,5,10,4,10,0
1,34,20,2,3,0,4,5,6,6,4,13,53967.0,851,31292.0,4,7,6,63,8,39,34,78,8,9,4,2,4,7,8,6,2,6,7,1,3,3,9,3,9,3,8,2,1,5,0
1,24,23,6,3,0,10,3,4,2,13,14,70592.0,1559,50879.0,2,5,93,38,22,81,14,71,8,8,10,2,4,6,4,6,7,8,3,9,2,5,9,8,4,1,7,7,6,3,0
0,31,30,5,3,0,4,5,4,5,9,7,26252.95,1417,12502.4,7,7,73,80,34,15,30,63,2,4,10,10,7,9,10,8,5,10,4,7,1,7,5,3,10,3,8,2,10,7,0
0,38,29,3,4,0,5,3,5,2,13,9,79515.0,1274,49714.0,6,5,91,6,9,63,82,10,2,4,1,7,5,4,7,9,10,2,9,8,5,2,7,1,10,10,5,10,5,5,0
0,38,36,2,3,0,1,6,6,2,13,11,80555.0,961,24058.0,10,6,80,22,18,4,43,77,7,4,2,2,10,6,1,7,9,9,3,1,7,9,8,3,4,4,4,5,5,9,1
0,34,35,5,1,0,5,2,3,6,7,4,108493.0,1059,57566.3,7,3,29,32,62,41,93,95,3,4,2,6,9,8,3,9,1,9,8,9,7,7,5,8,5,6,4,3,2,10,0
1,26,41,5,2,0,4,5,6,1,16,13,140943.0,1183,48276.0,6,8,5,4,16,4,64,57,10,9,9,7,10,4,1,10,4,8,9,8,2,6,3,5,6,9,5,4,7,5,1
0,34,19,3,6,0,4,5,2,4,7,11,27043.0,1124,12502.4,4,5,32,45,26,25,13,64,5,10,4,2,3,5,7,8,7,6,9,8,1,9,3,10,3,7,3,4,6,10,1
1,22,42,5,5,1,5,6,2,6,13,13,102005.0,1045,35536.0,4,5,45,7,96,6,95,96,5,1,10,7,6,3,5,7,10,2,1,8,1,8,6,8,1,4,6,6,7,8,0
1,43,43,5,4,0,9,3,5,3,1,14,76333.0,1067,19490.0,10,3,8,93,7,74,5,65,4,4,4,9,1,5,9,5,9,1,4,7,5,3,3,9,4,10,3,4,5,6,1
1,42,24,6,4,0,5,3,3,1,6,3,135082.0,1155,34574.0,2,7,84,50,75,35,63,49,2,3,1,10,4,1,7,8,4,1,9,1,5,7,2,3,6,6,4,5,10,8,0
0,37,29,1,6,0,5,2,5,3,13,17,72000.0,1466,44242.0,6,7,56,4,15,48,37,70,2,3,10,6,7,2,1,8,1,3,3,7,8,6,1,8,3,8,9,5,2,6,0
0,25,27,3,3,1,5,5,6,3,15,7,67073.0,1020,24900.0,2,9,84,60,27,44,39,4,2,4,4,10,1,3,8,8,10,10,9,7,4,7,6,8,9,5,8,8,9,4,0
0,23,29,5,2,0,2,4,7,6,16,13,93486.0,1552,12502.4,8,5,4,51,33,50,76,91,8,6,1,10,9,4,4,7,5,2,2,3,9,2,8,3,9,8,4,9,6,1,0
0,28,28,6,1,0,3,6,2,5,16,17,60102.0,837,52342.0,4,9,77,10,54,85,14,13,6,1,4,2,4,1,7,8,8,4,2,9,2,6,2,8,3,9,10,7,1,5,0
1,36,21,1,2,0,10,3,3,4,17,5,60576.0,1387,39611.0,7,5,38,87,86,39,91,71,10,10,8,7,6,3,8,5,6,7,8,8,10,8,6,8,5,7,10,2,10,6,0
0,21,36,6,5,0,3,3,1,7,14,3,121682.0,1181,35960.0,2,3,20,72,14,20,7,89,3,3,3,1,5,2,7,4,4,10,2,6,4,4,7,5,4,10,4,3,10,5,1
0,35,23,2,6,0,7,2,2,4,14,17,122913.0,1163,13592.0,1,9,55,62,48,38,58,65,9,2,9,10,2,6,8,9,5,10,6,1,3,7,1,9,1,10,4,4,4,10,1
1,19,42,3,4,0,4,5,2,1,13,4,94610.0,1304,35415.0,1,4,36,29,15,66,65,4,4,6,6,5,8,5,7,10,4,9,9,10,7,2,2,10,5,10,8,9,6,5,0
0,30,26,5,1,0,8,4,3,6,9,5,60786.0,856,47630.0,9,8,49,14,66,26,58,60,9,2,10,5,4,2,6,5,7,9,4,2,7,6,6,10,2,3,10,8,2,2,0
1,31,37,1,4,0,4,1,6,2,1,6,48848.0,1559,21742.0,9,5,42,12,51,53,17,74,2,9,4,2,6,9,7,1,7,4,9,5,9,6,7,4,6,8,5,5,8,5,0
1,41,27,2,2,1,6,4,7,4,3,9,87431.0,1559,46569.0,2,4,13,31,19,6,55,11,4,3,3,2,4,1,5,1,10,3,1,5,7,7,7,8,5,5,6,1,3,8,0
1,19,22,3,6,0,8,6,3,2,17,1,92481.0,1171,38010.0,1,4,31,86,24,71,5,26,3,2,7,3,2,10,10,7,5,6,6,7,8,8,9,3,10,9,5,10,9,6,1
1,28,43,3,4,0,4,4,3,3,3,5,120774.0,954,49286.0,1,5,32,26,26,35,90,86,2,9,9,9,3,8,1,10,6,10,9,9,4,10,8,10,7,3,2,8,1,7,0
1,34,30,4,1,0,9,1,5,6,17,17,51618.0,1559,51470.0,2,1,96,6,76,40,95,82,4,7,5,5,8,10,7,6,3,7,6,3,6,5,3,5,4,5,8,1,4,8,0
1,21,26,4,6,0,6,2,5,3,6,7,110734.0,837,54101.0,2,7,72,95,8,55,48,95,2,9,3,3,8,5,2,4,6,1,6,4,6,2,10,7,10,3,6,8,4,6,0
1,43,19,5,6,0,4,4,1,4,3,7,61378.0,1240,29097.0,2,1,14,95,96,35,38,75,9,7,3,6,10,8,4,2,3,2,8,6,2,4,1,10,10,3,8,3,8,5,0
1,29,35,2,1,0,1,6,5,6,11,12,143471.34999999998,1477,50877.0,6,7,47,4,32,96,95,60,1,1,7,6,5,7,7,10,10,7,5,10,2,4,10,3,3,9,2,8,3,1,0
0,27,38,5,4,0,5,4,5,5,14,11,39940.0,844,31181.0,3,7,28,7,91,65,95,95,1,5,9,10,1,5,9,2,10,9,10,7,7,3,5,4,2,4,2,6,4,9,0
0,23,19,2,5,0,5,3,7,1,3,14,130223.0,912,12829.0,1,1,87,95,72,33,44,21,6,3,8,9,5,8,1,8,10,4,9,2,9,5,4,4,9,7,6,3,6,7,0
0,42,41,3,4,0,8,4,5,4,4,3,67672.0,851,46306.0,7,9,93,45,69,37,81,23,10,10,3,6,5,7,7,9,10,7,5,4,9,6,7,8,4,7,3,2,4,5,0
0,19,38,2,6,0,5,5,2,1,13,5,49323.0,981,49254.0,6,1,41,38,5,53,94,72,7,4,1,6,5,9,7,1,5,3,1,1,10,5,3,2,9,1,3,2,5,9,0
1,24,29,1,6,0,2,3,3,3,4,11,114395.0,1018,22906.0,1,6,87,63,96,95,43,96,8,1,5,4,1,4,10,10,8,1,6,9,10,5,6,8,2,3,2,4,7,1,0
0,43,27,4,1,0,5,6,2,5,6,14,68846.0,1289,29775.0,7,3,44,54,80,89,10,63,8,8,10,3,1,9,5,8,4,10,7,7,2,2,6,10,7,9,7,6,10,2,0
1,43,19,2,4,0,2,6,5,5,15,2,38798.0,1028,57566.3,4,3,91,14,65,30,14,39,9,6,4,2,8,3,5,8,3,6,9,3,6,10,7,8,2,7,9,4,3,8,0
0,38,26,1,5,0,6,1,4,5,7,8,115593.0,1432,22763.0,1,1,4,56,82,72,50,57,10,4,6,5,1,8,5,8,8,4,7,10,10,5,6,9,2,8,10,2,10,2,0
0,33,19,2,3,0,2,4,5,5,17,10,92473.0,1228,56251.0,9,5,95,8,65,24,78,59,10,5,5,6,6,4,4,9,5,1,7,4,6,5,3,1,2,2,5,6,10,8,0
0,41,40,5,3,0,2,2,1,7,18,5,143471.34999999998,978,41801.0,8,3,4,91,23,4,84,72,5,10,8,4,1,10,8,2,8,1,3,5,10,6,2,3,10,7,2,10,1,2,0
1,31,41,6,4,0,3,3,3,7,12,3,46803.0,1110,14203.0,7,6,11,13,23,47,23,96,3,2,5,1,7,10,3,2,4,5,6,4,7,1,7,2,2,3,1,8,10,9,0
0,40,39,2,2,1,2,3,2,6,10,7,126988.0,1177,29942.0,4,5,49,53,88,22,95,21,10,10,2,10,9,7,7,3,2,2,6,8,7,1,9,4,1,10,6,5,1,8,0
1,37,31,2,6,0,4,3,2,5,7,1,26252.95,1422,57566.3,4,3,18,33,96,71,57,4,3,3,7,2,7,3,5,10,3,4,9,3,10,6,9,4,8,8,9,6,9,9,1
1,37,28,6,4,0,6,2,1,3,14,10,52544.0,1535,33743.0,4,6,36,95,37,91,72,89,5,10,1,8,2,10,5,5,5,6,10,10,3,6,6,2,5,8,8,6,4,4,0
0,23,40,3,3,1,3,1,1,2,3,9,62426.0,1208,46632.0,6,5,65,30,70,96,28,12,10,3,7,6,3,6,9,1,10,9,7,10,3,5,10,1,7,1,10,5,7,7,0
0,39,28,6,6,1,3,6,1,1,7,7,72551.0,1489,54999.0,3,7,67,7,7,95,17,85,1,5,3,9,10,1,5,2,7,2,3,6,2,2,5,7,6,9,8,1,10,7,0
0,42,34,6,2,0,4,1,3,6,11,12,81018.0,1559,57566.3,2,6,16,31,87,16,95,96,1,6,7,3,8,8,3,1,4,6,9,9,2,6,1,9,6,10,4,2,2,1,0
1,22,21,5,3,0,4,1,2,5,12,10,82716.0,1409,33153.0,1,5,10,82,4,35,12,90,5,8,6,3,10,5,6,7,8,7,6,6,4,9,7,10,3,7,6,6,10,5,0
0,41,30,3,3,1,7,3,6,4,12,3,100664.0,1143,34042.0,6,1,96,47,16,4,75,76,2,1,7,1,4,6,8,8,4,5,4,4,3,1,5,6,4,10,5,8,10,10,0
1,38,24,2,6,0,6,5,2,6,13,6,133255.0,889,20589.0,10,3,37,11,36,32,24,20,2,8,2,2,8,5,6,8,2,8,2,7,10,7,5,6,4,3,6,1,5,9,1
1,35,33,4,5,0,2,3,3,7,18,13,68043.0,950,22819.0,1,9,41,4,88,83,81,24,3,4,7,5,4,8,10,1,3,9,9,3,5,2,9,6,1,3,3,5,1,3,1
0,32,19,4,5,0,9,1,5,5,7,16,26252.95,1161,37340.0,1,4,34,44,7,33,95,61,3,4,3,2,4,6,1,8,10,9,6,9,5,6,2,8,9,5,6,1,10,8,0
0,23,30,4,3,0,2,1,2,7,7,5,46065.0,1177,24732.0,8,4,95,63,21,11,83,59,4,1,7,1,5,8,10,10,8,6,3,5,1,1,3,5,9,9,4,1,9,6,0
1,42,19,1,1,1,6,3,6,2,5,4,140456.0,1193,36202.0,6,6,22,10,5,20,73,65,8,5,9,6,9,10,1,10,9,5,9,7,1,2,4,10,9,7,4,8,6,9,0
1,36,28,2,4,0,6,4,6,4,15,5,77719.0,1485,38334.0,1,6,52,83,10,84,5,73,4,3,8,6,8,10,4,2,8,7,8,4,6,6,3,10,9,5,6,3,10,2,0
1,19,23,1,2,0,7,3,2,4,8,6,135896.0,1559,13657.0,2,5,82,63,76,13,86,48,6,8,4,6,9,6,9,4,6,7,1,2,5,5,4,8,2,8,5,4,5,10,0
0,19,37,6,1,0,8,3,3,7,3,2,121627.0,957,33115.0,4,9,4,4,37,42,83,51,5,4,10,9,6,5,5,8,7,3,1,9,9,6,3,1,9,1,3,3,3,4,0
1,30,20,3,4,0,1,5,6,7,11,13,79514.0,1559,26973.0,4,9,53,32,50,73,71,67,9,7,1,4,2,8,8,10,9,7,9,5,7,10,4,7,8,10,8,1,10,6,0
0,20,29,1,2,0,1,1,2,3,16,12,46680.0,1061,44415.0,3,6,63,60,44,50,5,81,7,10,10,4,8,5,7,9,1,4,3,5,3,9,2,4,5,1,3,6,2,6,1
1,27,22,2,5,0,8,6,2,1,7,13,54430.0,861,34231.0,6,5,8,80,38,67,17,39,6,3,3,1,2,10,9,7,9,5,4,5,5,3,9,3,3,5,8,4,9,5,0
1,38,26,6,6,1,10,6,1,3,7,1,80826.0,1362,18950.0,5,1,77,6,44,72,77,43,6,1,7,3,5,6,8,6,10,7,7,9,10,9,6,10,4,4,2,5,4,9,0
0,20,43,4,4,1,5,1,6,7,18,5,60047.0,1169,41752.0,6,5,57,71,14,39,64,63,6,7,1,9,8,10,5,1,6,7,10,8,2,9,6,7,3,4,6,4,1,6,0
1,26,43,4,4,1,8,6,4,3,2,17,47950.0,926,27629.0,7,3,81,82,46,75,42,79,4,1,3,8,10,3,1,9,8,9,5,1,10,1,3,3,7,1,8,2,10,9,0
0,25,29,1,5,0,2,4,5,1,12,9,116803.0,1123,39312.0,4,3,26,50,38,73,5,4,3,2,9,4,5,6,10,3,8,8,6,5,7,10,7,8,3,3,2,3,9,6,0
0,20,43,2,2,1,5,4,4,7,2,4,42822.0,1248,57566.3,7,3,69,16,4,27,46,41,8,10,8,10,7,8,9,2,9,7,1,3,10,3,6,10,9,7,2,5,9,6,0
1,42,27,6,3,0,5,5,7,4,13,6,44171.0,1067,38185.0,5,2,50,38,72,29,78,66,6,6,3,8,1,6,7,9,6,7,4,2,5,8,9,9,2,6,2,4,7,6,0
0,30,36,2,3,0,5,3,4,1,10,1,69399.0,959,12502.4,1,5,26,79,63,96,20,44,4,2,2,5,1,10,8,7,6,8,10,1,8,8,8,9,10,3,7,7,4,1,0
0,23,22,2,1,0,4,1,1,5,17,4,103012.0,932,17817.0,7,5,31,34,81,42,35,96,10,9,6,4,7,6,4,7,4,6,4,2,6,6,9,6,9,7,8,2,7,6,0
1,30,43,1,5,0,1,4,2,3,7,3,32481.0,1432,30289.0,9,2,65,59,64,4,42,4,3,10,10,3,2,1,2,4,9,7,8,5,4,2,4,8,1,1,5,9,8,7,0
0,40,22,4,6,0,3,2,1,1,1,13,143471.34999999998,1460,12502.4,9,3,62,28,36,50,9,96,5,6,1,8,1,4,7,5,1,5,6,8,5,3,1,6,5,10,2,2,4,3,0
0,37,26,5,5,1,8,1,5,6,2,5,131543.0,1214,48070.0,1,7,27,10,28,70,23,73,8,6,2,9,4,6,5,5,10,4,7,6,9,1,1,5,2,3,3,2,4,4,1
0,37,43,3,1,0,9,6,6,5,8,14,121943.0,1043,31059.0,4,3,79,15,71,57,79,84,6,6,7,4,5,1,8,6,6,8,1,10,2,2,8,3,4,6,5,8,7,5,1
1,29,43,6,1,0,4,2,5,6,14,16,125630.0,903,15556.0,3,9,4,7,59,37,41,36,4,5,2,10,4,6,3,4,6,4,4,4,9,3,2,9,2,1,2,5,2,4,1
0,30,43,2,2,1,4,4,2,7,18,11,95846.0,1464,16577.0,6,7,94,95,72,42,88,39,3,4,6,9,1,10,1,4,10,9,9,9,9,8,7,1,5,2,3,5,5,5,0
1,19,37,1,1,1,4,5,3,7,14,10,109832.0,1041,19046.0,2,6,79,87,93,37,5,54,6,7,10,10,6,2,10,4,4,2,10,8,2,2,7,2,6,8,4,4,1,8,0
1,38,34,6,4,0,8,3,4,3,12,7,135628.0,916,42156.0,7,5,4,4,41,93,33,88,5,2,7,7,6,7,3,8,10,10,1,3,10,2,2,9,5,8,9,10,1,9,0
0,41,27,5,2,0,8,4,2,1,9,17,46910.0,1425,25165.0,6,1,56,64,13,9,90,96,2,5,10,7,7,7,2,8,8,7,2,10,5,9,10,8,1,6,9,2,3,5,0
0,40,38,2,6,0,8,6,3,7,4,16,122744.0,1434,53741.0,1,3,58,76,71,88,5,54,1,6,2,7,7,3,7,2,4,4,2,2,8,7,10,9,9,7,1,6,8,5,0
0,33,19,4,5,0,8,2,7,3,7,8,80575.0,1369,12502.4,9,4,6,85,78,48,84,43,10,1,7,1,7,6,6,6,8,6,7,8,3,5,8,6,6,1,6,3,3,8,0
1,40,39,5,4,0,4,4,4,7,10,6,74104.0,1058,45578.0,10,6,13,23,46,24,48,44,2,9,1,5,2,1,10,10,3,2,3,1,5,9,3,2,4,1,4,1,5,8,0
0,23,33,2,1,0,1,2,4,3,9,6,47104.0,1335,37798.0,7,6,96,73,23,28,49,76,3,10,9,5,9,8,8,4,1,4,6,1,5,3,8,9,7,3,4,2,1,10,1
0,36,43,1,3,0,3,5,6,1,14,2,88689.0,1559,14423.0,7,1,20,93,41,40,51,29,1,3,2,3,9,6,5,5,6,9,6,5,9,8,9,10,10,4,1,9,4,1,0
0,38,43,5,2,0,2,3,7,6,17,8,113726.0,1093,57566.3,4,8,8,78,71,47,88,44,7,5,3,10,8,2,10,10,2,9,9,6,6,2,7,6,6,6,8,10,6,5,1
0,30,32,1,4,0,9,5,6,3,6,15,133726.0,1487,38157.0,9,7,51,78,44,63,44,95,7,3,2,3,9,10,4,2,3,8,4,9,3,9,9,4,4,4,2,5,2,3,0
0,34,40,2,2,1,7,6,2,5,3,14,122874.0,944,54248.0,5,2,74,18,58,6,67,96,1,6,5,6,8,3,6,4,2,7,3,7,3,3,1,6,4,2,5,3,4,2,0
1,40,34,3,1,0,10,5,2,4,4,16,29808.0,855,47146.0,4,7,76,95,25,36,73,87,6,3,2,2,5,4,6,9,3,5,8,1,2,6,7,4,3,6,10,10,9,10,0
1,26,43,2,1,0,10,5,5,7,9,11,90868.0,1118,28345.0,3,4,65,8,38,46,5,11,4,3,2,8,2,5,7,7,5,7,5,5,8,6,5,5,5,9,3,9,9,7,0
0,34,37,3,2,0,9,1,3,7,14,17,109895.0,1100,18813.0,6,1,39,42,13,6,5,30,7,8,4,5,5,3,2,3,10,4,9,7,3,3,1,2,7,2,3,9,6,8,0
0,19,42,4,2,0,10,5,5,4,3,5,27960.0,1481,37051.0,3,4,4,83,96,64,20,83,3,8,4,3,2,3,8,10,7,1,7,3,5,7,6,2,9,7,9,6,10,3,0
0,36,30,3,6,0,5,2,3,4,14,9,65172.0,1229,39413.0,10,8,90,16,4,17,8,59,5,2,7,10,7,5,5,10,2,2,8,9,2,10,8,9,3,3,2,5,3,9,0
0,36,19,2,1,0,3,2,1,2,2,14,108069.0,1349,53598.0,4,7,74,32,28,83,13,4,6,7,2,4,8,5,6,2,10,8,5,10,1,10,7,4,3,9,3,6,9,4,0
1,41,42,5,4,0,9,5,1,4,8,12,126895.0,1228,56531.0,9,3,32,48,88,13,51,76,5,10,5,8,8,4,7,9,5,4,2,3,6,6,6,5,10,8,6,4,8,6,0
0,24,25,4,2,0,9,6,1,1,4,14,64320.0,837,35761.0,5,6,72,77,93,84,51,10,7,7,6,3,7,2,5,1,3,6,10,5,9,1,7,2,8,5,8,9,9,1,0
1,39,22,6,3,0,5,2,4,5,4,6,78746.0,1558,31823.0,3,6,72,11,96,30,69,38,8,2,1,4,10,1,9,6,8,9,3,3,8,4,5,9,9,7,2,9,7,7,1
1,27,23,1,3,0,2,1,7,3,7,12,44298.0,899,35355.0,6,6,91,4,23,31,85,69,1,10,4,5,3,4,3,6,8,4,6,8,1,9,4,3,6,1,4,8,7,3,0
0,27,40,1,6,0,10,6,1,5,5,6,100329.0,1211,26791.0,8,2,18,46,21,19,5,8,1,8,3,10,9,5,5,6,9,2,1,7,5,2,1,8,10,1,8,10,1,9,0
1,43,37,4,4,1,8,2,4,2,12,4,26252.95,1559,49944.0,2,6,39,39,41,54,82,56,8,6,1,7,7,7,7,3,7,9,5,1,4,4,1,6,2,9,1,9,2,1,0
1,37,31,2,5,0,5,1,6,4,18,4,136769.0,1524,35286.0,5,7,6,92,17,13,81,11,7,1,2,7,2,9,1,8,6,5,3,9,2,7,7,7,3,1,7,1,9,5,0
1,26,39,1,2,0,4,2,4,5,1,4,122386.0,1239,42411.0,5,2,61,26,16,84,28,50,7,3,9,2,2,9,4,8,10,2,7,2,8,9,5,2,8,6,5,2,2,9,0
1,34,40,1,4,0,2,1,7,5,13,2,143471.34999999998,1083,20472.0,7,7,91,13,53,80,5,7,3,7,1,9,3,1,4,5,10,7,1,5,4,10,3,1,8,5,2,3,7,5,0
0,43,28,6,4,0,7,3,6,1,6,10,95984.0,1501,12502.4,7,7,4,43,54,52,5,59,4,6,4,2,5,5,2,7,5,3,9,8,8,8,2,8,3,6,9,10,3,7,1
0,32,23,1,6,0,9,3,3,7,12,6,93454.0,950,15933.0,9,1,67,53,22,4,67,17,1,9,7,8,7,2,4,10,5,8,1,5,10,1,5,1,6,3,3,9,6,10,1
1,19,28,6,2,0,6,6,5,5,9,2,98725.0,1523,12502.4,7,6,34,80,60,45,72,90,9,3,6,4,3,6,10,6,8,7,1,1,9,3,4,9,6,6,3,7,1,7,0
0,21,30,6,3,0,1,2,4,7,10,8,101069.0,902,30166.0,7,1,62,47,51,64,34,70,6,8,5,2,9,2,2,2,1,2,4,6,8,10,9,4,2,8,2,4,4,4,0
0,36,29,4,2,0,1,3,5,6,10,11,78395.0,1238,41581.0,8,5,83,83,25,40,52,18,10,7,6,4,7,1,4,5,8,7,6,6,9,5,7,3,1,8,3,5,6,7,0
0,34,39,1,2,0,9,6,4,1,6,3,104939.0,855,22414.0,6,9,17,46,60,32,92,22,4,3,9,3,4,3,5,3,5,6,8,1,9,6,8,7,7,6,1,10,9,4,0
0,22,19,4,4,1,7,2,5,4,11,1,118227.0,913,12502.4,1,6,28,41,18,73,39,52,10,4,7,6,2,2,3,7,10,9,2,6,7,9,4,4,4,5,10,10,6,4,1
0,24,38,3,5,0,4,4,5,3,6,5,122863.0,1299,16429.0,4,7,38,66,90,48,25,63,8,6,9,3,5,6,4,1,1,8,6,10,8,9,6,2,9,10,6,4,3,7,0
1,35,20,2,3,0,9,1,7,3,17,5,143471.34999999998,947,32767.0,2,8,12,61,65,94,86,4,9,2,3,4,6,3,7,1,4,7,1,2,9,6,1,7,10,5,8,2,1,10,0
0,38,40,2,4,0,9,6,7,7,3,17,33340.0,1025,23230.0,3,5,28,73,20,71,75,38,5,6,7,1,8,7,9,8,1,9,4,2,8,6,10,10,7,4,6,3,7,4,0
0,39,21,4,1,0,3,3,7,7,7,3,61187.0,1337,12502.4,5,3,50,4,9,89,93,61,5,10,9,4,1,2,4,6,2,5,4,7,9,3,7,6,9,6,2,3,2,6,0
0,43,34,2,2,1,8,2,5,4,11,4,131608.0,1347,12502.4,8,3,81,64,41,22,72,47,5,2,1,4,3,9,6,7,9,9,5,4,5,8,2,9,8,10,2,2,10,9,0
0,24,39,3,3,1,8,4,6,5,16,4,28012.0,845,15522.0,4,7,79,54,18,4,88,15,3,5,2,2,2,5,1,9,1,2,9,5,5,7,5,4,6,1,8,3,6,9,0
1,34,23,1,2,0,2,1,6,5,10,6,27971.0,1005,34123.0,7,8,25,51,22,76,43,75,3,8,2,9,4,1,2,7,9,2,10,2,1,9,3,7,9,7,5,2,9,10,0
1,24,24,4,4,1,3,5,2,4,15,10,98475.0,1330,13757.0,2,3,25,45,90,71,24,20,8,9,4,1,3,6,1,9,2,4,10,2,2,1,4,1,8,8,1,8,7,1,0
1,21,32,6,1,0,1,6,2,1,8,15,138735.0,1347,56131.0,8,8,4,38,58,89,26,89,6,3,1,9,5,3,4,4,2,1,10,4,3,4,9,8,1,2,9,10,6,7,0
1,25,28,1,5,0,6,1,2,5,18,6,104265.0,1105,39595.0,3,4,7,31,27,74,65,89,2,4,10,2,3,7,1,7,10,1,10,9,4,6,3,7,10,7,7,7,4,2,0
0,30,41,3,6,0,10,5,5,1,16,4,42792.0,1469,22672.0,10,2,47,86,69,75,25,26,3,10,3,9,1,7,6,10,3,6,9,10,1,7,3,6,4,10,2,3,5,6,1
1,21,20,2,3,0,4,3,6,4,12,14,43140.0,1325,51160.0,2,4,85,84,75,31,36,5,8,2,10,2,9,7,5,8,4,10,9,2,1,3,3,9,10,10,2,2,4,1,0
0,23,23,1,5,0,7,2,1,3,14,17,48604.0,1271,24225.0,1,1,40,72,96,15,5,88,3,3,9,10,6,9,3,6,10,5,1,5,7,1,1,6,9,4,4,3,4,6,0
0,42,43,3,1,0,9,2,4,1,17,1,70471.0,1309,28861.0,8,2,41,43,27,86,5,13,4,2,9,3,10,7,10,8,3,4,3,9,10,2,10,9,6,7,2,4,3,1,0
0,22,19,4,4,1,5,5,7,3,15,7,50516.0,1230,20502.0,5,8,58,46,31,86,57,31,9,8,6,6,5,1,10,6,6,3,7,2,4,4,7,5,6,10,8,8,8,6,0
0,29,31,5,3,0,7,6,2,6,2,2,94442.0,837,27448.0,3,9,62,50,41,76,95,14,6,4,3,4,5,7,10,5,1,7,2,2,10,5,5,4,2,1,10,3,2,8,1
0,21,26,2,4,0,8,5,7,2,5,8,114280.0,1311,41684.0,6,4,18,16,96,39,45,96,6,1,2,5,9,4,8,7,4,6,1,1,1,7,6,4,6,7,7,1,7,2,1
1,41,35,4,2,0,10,4,6,1,16,5,81504.0,1155,55582.0,10,9,83,87,93,77,89,68,2,3,2,9,8,10,8,1,10,8,7,5,10,5,1,3,10,7,1,6,5,4,0
1,26,36,1,1,1,2,5,4,3,9,11,100834.0,996,24977.0,5,6,55,4,88,18,37,48,7,2,4,9,4,9,8,10,7,9,3,1,9,4,5,3,2,6,3,3,9,8,1
1,21,29,5,6,0,4,4,4,3,3,6,83331.0,1173,25567.0,1,4,81,95,88,43,95,85,2,5,6,10,10,1,10,5,6,8,2,5,10,3,5,7,4,5,5,1,5,8,1
1,36,30,4,2,0,6,1,1,6,13,15,65820.0,1473,34310.0,9,8,24,61,20,88,70,49,2,2,6,5,9,7,8,1,7,5,3,5,3,7,8,6,1,8,9,5,5,5,0
0,41,43,5,2,0,3,5,1,5,12,14,140364.0,848,13230.0,2,9,58,34,92,59,80,74,2,2,2,1,10,3,3,9,9,5,3,5,2,1,5,8,9,6,2,6,3,3,0
1,31,29,4,3,0,5,2,6,1,8,10,39116.0,1248,38244.0,8,4,83,82,67,76,43,92,9,10,8,8,4,6,2,6,9,5,8,4,1,9,10,10,1,1,4,9,7,10,0
0,22,29,3,6,0,2,5,2,5,17,8,143471.34999999998,1172,57566.3,9,1,45,4,23,19,15,51,4,6,5,7,2,4,9,8,6,2,4,4,1,2,4,6,6,4,7,9,6,3,0
1,35,35,4,1,0,9,4,4,5,2,2,41719.0,1175,43845.0,5,9,4,24,63,56,67,6,10,2,5,9,4,1,5,9,9,3,7,7,8,10,4,2,3,7,2,5,6,1,0
0,27,26,3,5,0,5,1,5,3,17,13,117950.0,1236,12502.4,3,8,96,32,89,96,88,7,8,8,3,5,7,9,9,9,10,8,7,8,4,3,9,8,5,1,4,5,1,10,0
0,42,34,5,4,0,2,4,6,1,1,2,53654.0,1354,18630.0,10,8,38,77,28,70,46,91,7,4,7,5,2,2,9,3,3,3,2,6,10,4,2,1,10,2,5,1,10,8,0
1,36,38,5,3,0,4,3,1,1,6,12,122805.0,1468,47890.0,6,1,33,90,69,64,31,4,9,7,6,7,9,1,3,7,2,8,1,9,3,10,2,5,5,4,3,6,2,10,0
0,29,33,1,4,0,2,3,4,4,5,5,109310.0,1011,41454.0,1,7,58,84,15,60,25,65,5,5,1,9,7,2,1,7,6,3,7,9,5,2,6,3,9,5,7,10,8,1,0
0,35,34,6,4,0,8,5,3,6,11,14,83662.0,1423,54541.0,3,5,48,64,43,96,68,9,3,2,7,8,6,4,8,6,2,3,7,4,7,4,3,4,3,8,9,5,10,1,1
1,34,38,6,4,0,5,4,3,6,4,2,78444.0,1158,17745.0,8,6,17,84,96,76,8,38,9,1,8,5,10,5,3,5,10,1,2,7,4,3,4,8,1,7,10,8,1,1,1
0,41,41,4,6,0,6,5,6,1,5,16,26252.95,997,19545.0,10,4,35,51,30,37,31,32,9,8,8,5,3,2,6,1,6,9,6,3,7,5,3,10,4,5,4,8,6,4,0
1,28,25,5,5,1,4,2,4,1,12,7,100782.0,1276,12897.0,5,6,4,30,96,4,19,12,4,9,7,10,9,8,4,10,9,4,8,4,7,6,1,2,10,5,6,1,9,8,0
1,20,28,1,6,0,9,3,2,6,12,4,95140.0,1199,13000.0,6,4,23,15,81,31,5,19,4,9,6,9,5,2,6,7,9,2,3,4,7,4,8,3,4,6,8,2,7,3,0
1,40,41,2,1,0,7,3,6,7,9,9,63376.0,1031,52190.0,8,8,61,95,63,7,88,16,1,6,7,6,5,1,10,9,10,5,4,3,5,5,2,7,8,1,7,8,4,2,0
0,34,19,5,4,0,2,4,6,5,18,16,72283.0,1409,17123.0,6,8,5,38,96,59,58,34,1,9,8,1,1,6,1,10,6,1,4,9,4,3,4,2,6,8,1,6,7,2,0
0,19,25,6,2,0,3,5,5,5,8,6,42982.0,1247,47528.0,10,6,96,58,89,21,5,38,10,5,3,7,4,7,10,9,4,6,9,1,6,10,10,7,3,4,1,10,6,1,0
0,32,29,4,4,1,2,3,4,6,8,10,105030.0,1396,18139.0,4,2,52,80,43,55,11,46,7,7,6,3,3,2,7,10,6,4,10,1,1,1,5,10,7,3,4,9,10,1,0
1,26,38,4,6,0,8,5,5,1,9,9,114975.0,999,39131.0,7,6,41,75,73,54,16,83,8,6,7,7,1,2,2,2,4,8,4,1,10,8,2,3,9,5,10,5,7,5,0
0,32,19,5,3,0,2,1,7,3,13,9,38333.0,1475,39242.0,4,7,5,56,83,9,66,81,6,1,2,10,2,10,10,1,4,3,8,3,3,2,9,10,8,10,1,6,9,3,0
1,41,40,3,4,0,1,5,7,6,7,12,62506.0,1143,55599.0,3,3,79,88,4,4,5,65,5,5,6,1,10,6,2,1,2,6,10,2,4,5,7,4,1,3,5,10,3,2,0
1,20,30,3,6,0,7,3,7,3,1,11,92859.0,1559,26368.0,6,6,21,67,58,28,9,6,7,4,10,10,4,8,1,1,2,8,5,3,9,3,2,5,3,8,5,2,9,4,0
0,39,39,1,6,0,5,1,6,4,2,13,57485.0,1094,46111.0,2,1,60,52,49,96,34,87,8,9,5,6,8,7,3,7,9,1,8,2,9,2,8,1,10,9,5,5,8,8,0
1,43,38,3,5,0,8,2,2,3,3,17,90014.0,1420,28655.0,4,6,75,66,39,92,75,4,1,8,10,9,2,2,3,3,3,9,8,3,9,7,7,6,2,5,10,9,2,4,1
0,36,34,5,4,0,2,1,3,7,7,2,67531.0,868,40082.0,9,9,62,30,4,77,12,31,10,8,6,6,8,8,2,5,3,4,3,6,3,4,1,2,6,2,3,6,10,4,0
0,30,31,2,6,0,10,5,3,4,9,7,139499.0,1298,49588.0,8,2,95,28,19,89,63,35,1,2,4,5,1,1,2,10,3,9,9,3,8,4,9,6,10,6,10,9,3,5,0
0,29,31,4,1,0,8,6,1,1,11,1,113379.0,1216,51626.0,5,6,44,76,82,84,29,44,4,10,10,2,4,5,8,1,10,2,1,5,3,1,7,6,4,1,3,2,8,8,0
0,37,33,3,2,0,1,4,5,4,14,9,136237.0,1001,57566.3,6,9,74,32,16,15,73,63,4,2,3,1,3,5,8,10,3,2,2,5,6,4,1,2,2,3,9,3,10,2,0
0,19,34,3,4,0,5,1,6,4,15,10,68385.0,1475,19963.0,7,3,54,77,4,4,26,71,6,2,4,3,7,5,8,9,6,7,2,9,1,5,10,1,3,8,3,2,9,7,0
1,38,23,4,3,0,10,5,5,7,18,11,41015.0,1320,41637.0,4,9,18,10,52,90,77,96,10,10,9,1,3,6,4,8,7,5,5,9,8,8,4,8,6,3,3,9,8,2,0
1,34,43,1,3,0,9,6,3,4,3,8,112336.0,1240,25148.0,3,1,8,88,50,76,51,5,1,6,5,10,8,2,10,3,10,5,3,3,9,8,1,4,10,4,8,4,2,6,0
1,30,24,5,1,0,8,1,6,2,9,11,81675.0,837,31991.0,3,8,15,16,57,66,95,68,3,9,7,3,5,2,2,4,1,4,9,4,5,9,3,1,4,1,3,5,1,4,0
0,19,43,2,2,1,5,2,3,7,18,5,115772.0,1281,35030.0,5,7,91,92,38,54,29,16,9,7,1,1,8,3,7,8,8,7,8,2,2,2,5,7,5,10,2,7,1,7,0
0,27,43,5,1,0,7,6,4,3,17,14,127828.0,843,35029.0,7,2,78,58,34,76,5,4,1,10,10,4,3,3,2,1,10,8,10,8,10,5,6,10,8,1,6,2,7,3,0
0,32,19,5,6,0,6,6,5,7,10,1,55259.0,1175,46604.0,3,7,96,18,74,41,42,44,4,6,2,1,9,6,1,1,1,7,3,9,8,4,5,4,8,5,8,7,6,10,1
1,43,42,4,6,0,1,6,4,3,15,11,45963.0,837,15451.0,10,9,39,27,52,76,32,93,1,10,4,4,10,8,3,1,10,4,8,6,5,8,10,3,3,9,6,5,3,9,1
0,43,32,5,2,0,2,5,4,1,11,8,120025.0,859,28745.0,3,3,59,47,68,4,5,18,4,4,4,8,7,7,2,2,3,8,6,1,8,1,8,8,5,7,8,2,4,4,0
1,24,37,3,2,0,4,4,2,7,13,14,121993.0,1538,38234.0,1,3,82,22,4,17,33,41,5,9,4,8,9,1,6,8,3,5,5,5,10,10,9,7,9,9,1,7,9,5,0
1,39,38,1,5,0,4,4,1,4,8,6,142778.0,1220,48130.0,4,8,29,57,47,85,50,75,8,4,5,7,9,9,5,8,8,9,5,7,9,1,8,7,7,5,6,3,5,2,0
0,35,35,3,1,0,10,4,3,5,17,8,113618.0,1347,43125.0,3,8,71,15,49,7,95,9,9,5,6,3,8,2,10,3,9,5,8,3,4,8,9,7,10,8,5,6,6,8,0
0,33,43,6,1,0,1,1,3,4,15,15,27071.0,837,35236.0,10,6,11,37,56,37,72,87,6,7,7,9,1,6,10,10,8,5,2,4,3,5,8,7,6,9,8,6,6,7,1
1,31,30,1,6,0,8,6,3,4,7,9,128535.0,1559,57566.3,1,2,28,17,91,49,53,56,9,5,1,10,6,7,2,8,4,5,9,5,8,7,3,10,4,2,7,6,8,1,0
0,43,41,3,2,0,2,6,6,7,3,7,98269.0,963,31904.0,7,4,91,95,14,77,40,82,9,6,5,8,5,3,6,4,5,4,6,3,1,1,1,10,10,1,4,6,3,10,0
1,35,19,5,5,1,1,3,2,1,12,8,137833.0,838,26981.0,7,3,15,25,65,47,48,38,9,1,6,1,3,2,2,5,1,9,2,6,2,9,1,10,8,8,5,8,1,6,0
0,43,36,1,5,0,2,2,6,6,1,7,86913.0,837,12502.4,8,4,92,70,48,29,8,28,2,5,1,5,10,4,3,8,1,3,5,3,1,1,5,10,9,8,7,10,1,2,0
0,24,32,5,2,0,5,1,3,1,7,8,128508.0,1456,19707.0,3,2,61,15,22,64,58,47,8,9,5,10,2,7,9,9,2,1,10,5,1,6,8,10,4,6,1,10,10,6,0
1,34,29,6,6,1,10,5,7,6,16,1,61998.0,1513,51151.0,2,5,49,48,28,76,50,96,5,3,10,1,5,5,4,3,6,3,8,8,3,7,3,5,2,6,1,3,5,3,0
0,35,32,4,4,1,6,5,1,1,4,7,63060.0,837,48896.0,2,2,70,35,67,96,5,72,5,3,2,6,5,6,3,10,2,4,5,1,2,4,10,1,9,4,6,9,10,8,0
1,29,42,2,5,0,7,5,2,1,16,6,26252.95,1268,40829.0,1,3,96,80,96,4,50,76,10,5,1,5,7,4,9,1,1,3,2,7,7,3,3,8,1,3,4,8,9,8,0
0,25,35,1,2,0,8,4,2,1,1,14,89359.0,1559,40007.0,8,7,74,38,90,31,28,23,5,8,6,6,1,4,8,8,3,8,9,9,4,1,9,1,1,8,8,7,4,4,0
1,39,31,3,6,0,1,2,2,5,17,2,80216.0,1370,57566.3,8,4,69,83,39,69,50,30,5,1,9,1,7,6,10,7,2,8,10,10,9,9,2,7,4,8,6,5,9,8,0
1,19,23,3,6,0,10,1,7,4,9,3,143471.34999999998,1078,17192.0,3,4,88,33,57,28,9,21,3,7,9,7,1,7,1,10,3,3,5,2,6,8,3,10,9,4,2,10,1,10,0
0,24,29,6,6,1,1,2,6,3,16,15,74934.0,1340,22027.0,1,4,21,27,19,38,82,68,2,7,4,8,7,2,10,3,1,3,5,3,9,8,2,3,5,6,4,10,7,10,0
1,21,37,5,2,0,3,5,2,4,7,4,47420.0,907,15706.0,5,6,40,59,52,60,35,69,10,10,8,3,5,6,2,7,6,1,8,10,5,7,1,8,7,9,2,8,2,7,0
0,35,40,6,6,1,4,4,6,5,2,13,60226.0,1355,56389.0,8,7,92,71,54,4,83,94,3,9,8,9,1,7,9,7,3,10,3,5,9,6,6,2,7,9,9,4,2,7,0
0,23,23,6,6,1,7,1,7,6,3,4,76567.0,929,15746.0,10,9,68,22,24,71,5,18,5,7,1,9,6,2,5,5,9,1,4,9,7,8,1,10,1,10,9,2,3,10,0
0,43,43,6,1,0,8,2,3,5,4,11,143471.34999999998,1221,51588.0,4,5,26,79,74,61,52,77,7,1,9,6,5,9,6,10,5,7,3,8,6,4,9,2,4,5,8,7,3,4,0
1,26,26,4,2,0,9,2,4,3,3,6,26653.0,1373,13105.0,9,5,95,4,96,71,57,7,7,5,3,4,9,1,5,7,4,1,6,3,7,1,2,10,3,10,9,9,1,1,0
1,43,42,6,1,0,7,5,6,3,18,12,90701.0,1197,48125.0,5,2,69,54,80,86,5,4,7,10,4,10,3,2,9,9,1,3,9,4,10,2,9,1,7,4,10,5,2,6,0
0,26,43,1,1,1,9,2,3,2,7,11,42404.0,1453,23895.0,1,5,81,70,50,78,87,71,1,1,8,10,2,10,9,8,4,8,10,1,8,2,2,6,3,2,3,7,1,10,0
0,31,21,3,5,0,5,1,7,2,15,13,45183.0,1398,14314.0,8,4,41,64,96,47,44,11,8,9,9,7,8,10,6,7,4,6,7,7,2,3,2,2,10,8,7,5,5,1,0
1,25,34,2,2,1,7,2,7,4,3,15,26252.95,1553,51953.0,1,2,44,27,52,34,67,10,3,7,7,1,9,9,6,7,7,10,10,9,8,2,2,3,6,5,7,10,5,1,0
0,36,19,2,3,0,8,1,2,7,13,11,139903.0,1371,13317.0,8,1,64,26,22,66,76,64,8,4,6,1,2,5,10,6,7,6,2,10,9,4,6,10,4,4,9,6,4,1,0
0,20,33,6,2,0,6,2,2,1,9,4,48825.0,1409,44619.0,9,7,36,95,44,69,5,51,7,4,7,4,9,4,5,8,1,6,10,10,9,6,3,4,6,5,1,2,2,9,1
1,35,41,2,2,1,5,6,3,2,12,3,83347.0,1104,49446.0,7,2,36,66,10,34,58,27,3,1,1,3,9,1,6,7,2,10,10,3,2,6,3,6,4,4,7,4,7,1,0
0,22,31,4,2,0,10,5,4,4,12,12,141174.0,1102,24588.0,8,6,6,46,13,38,11,25,4,6,8,4,3,2,2,7,9,3,5,2,10,1,9,3,8,5,4,4,4,6,0
1,31,43,2,1,0,2,1,6,5,14,13,55282.0,1022,40777.0,10,8,66,41,21,56,95,11,8,3,10,3,5,8,6,4,1,9,9,2,4,3,7,1,9,7,4,5,3,7,0
0,21,25,4,3,0,7,1,6,5,14,4,143471.34999999998,1357,55230.0,6,1,28,57,32,30,5,25,9,7,6,1,3,7,2,8,10,4,6,1,10,4,3,1,1,3,2,1,9,10,0
1,24,31,4,4,1,2,1,4,1,14,6,50781.0,1282,32064.0,10,5,96,48,57,94,93,17,3,3,5,4,3,4,1,7,7,10,9,10,4,9,6,2,4,8,6,9,7,3,0
0,37,19,1,3,0,10,5,6,3,15,15,91089.0,872,53955.0,4,6,6,43,77,31,72,9,2,1,6,9,2,6,9,3,7,9,5,9,4,4,3,6,8,3,10,2,7,3,0
0,42,33,5,3,0,4,3,2,5,10,3,39130.0,1457,56213.0,1,4,71,16,44,50,58,54,2,9,5,3,5,7,1,7,10,1,7,2,9,3,9,9,9,2,6,6,6,1,1
1,29,21,5,4,0,10,5,5,5,2,4,50698.0,1316,54385.0,7,2,21,93,34,51,25,73,4,1,2,7,7,10,5,10,10,6,9,3,2,4,2,2,4,5,7,9,6,4,0
0,19,19,1,2,0,1,2,5,3,14,2,80224.0,1433,49033.0,4,9,31,69,52,4,67,16,1,5,7,1,9,8,2,1,7,3,3,2,8,2,2,5,8,9,9,1,1,1,1
1,28,40,6,2,0,1,4,2,2,9,4,105014.0,1194,29130.0,5,5,22,23,9,22,58,21,7,1,6,8,6,2,5,10,4,4,7,4,1,8,5,4,8,10,4,10,3,7,0
0,31,37,5,1,0,10,1,2,3,1,12,80543.0,837,12502.4,10,3,28,26,95,95,32,34,5,8,8,2,6,10,9,9,5,7,1,2,8,7,2,5,10,4,9,4,4,9,0
1,39,43,3,4,0,10,6,3,5,13,10,143471.34999999998,1474,57566.3,8,7,50,20,54,96,50,37,5,4,6,9,6,3,7,4,1,7,8,7,2,5,8,6,10,9,9,5,7,6,0
1,40,31,5,2,0,9,4,5,5,14,4,136084.0,1215,12502.4,3,4,85,95,16,12,19,96,5,7,9,6,7,6,6,3,1,6,8,4,9,1,1,4,1,5,4,2,4,1,0
1,33,25,4,3,0,9,1,4,5,4,9,108086.0,1204,35964.0,8,3,81,7,6,36,82,58,6,3,1,5,2,9,4,4,3,6,4,8,4,9,5,9,8,6,9,8,5,2,0
1,37,42,5,6,0,3,4,6,4,8,17,88274.0,1097,31956.0,5,2,74,40,75,9,36,74,7,5,7,1,2,6,5,9,6,1,8,3,2,4,3,2,5,4,1,5,10,4,1
0,23,42,5,5,1,3,2,2,5,5,15,122432.0,1555,24632.0,9,8,4,95,83,84,47,31,9,3,4,1,8,4,2,5,5,5,1,7,1,8,10,10,7,6,7,2,6,4,0
0,40,20,2,3,0,3,5,4,5,17,7,84208.0,1043,32300.0,3,8,4,69,23,4,35,30,1,8,2,8,6,8,9,3,10,4,7,4,6,7,8,6,6,6,8,8,2,2,0
1,21,22,1,5,0,3,6,6,6,10,15,120222.0,1468,45937.0,3,8,20,4,81,85,13,56,9,4,7,1,9,7,2,10,9,3,6,8,6,6,3,2,10,8,10,3,5,9,0
1,32,23,6,4,0,8,2,7,6,13,1,136122.0,1170,53768.0,8,7,42,4,54,10,42,16,7,9,3,1,3,10,3,3,6,6,5,3,4,10,10,3,4,6,9,1,3,6,0
1,41,39,3,5,0,4,3,3,5,17,2,96511.0,1213,13491.0,7,9,26,95,16,92,95,21,9,10,9,3,5,9,5,3,7,4,6,9,1,1,9,2,8,5,9,4,1,7,0
0,42,43,4,6,0,6,4,5,2,10,5,62323.0,1252,24240.0,2,4,58,95,5,19,14,85,3,8,3,4,10,10,9,4,8,4,7,3,9,3,3,1,1,3,9,8,9,6,0
0,19,25,4,2,0,5,5,3,2,17,12,52649.0,1334,22985.0,3,2,24,25,49,36,92,9,3,5,8,7,4,6,5,6,4,5,4,9,1,7,4,6,1,7,3,3,2,3,0
0,24,23,2,6,0,8,6,3,2,15,3,43491.0,1346,57566.3,4,6,4,5,17,84,17,89,10,8,1,2,3,7,5,3,7,9,5,6,8,10,4,6,1,3,6,7,10,4,0
0,42,23,4,2,0,5,3,5,3,6,12,56658.0,837,47094.0,3,5,4,35,61,8,57,41,1,8,9,3,5,9,4,9,4,10,6,9,9,6,7,6,4,1,5,6,8,10,0
1,29,21,4,6,0,7,1,6,3,5,5,66720.0,850,52282.0,10,3,54,95,25,84,54,66,3,6,1,1,10,6,6,10,1,10,1,4,1,6,4,6,1,5,1,6,9,4,0
1,27,24,6,3,0,2,2,4,5,15,12,95600.0,1093,33845.0,6,6,4,75,26,80,45,10,10,6,3,7,6,5,4,5,1,2,6,8,7,10,7,6,1,10,6,3,3,5,0
1,22,41,6,2,0,3,6,6,4,3,4,63369.0,1161,19761.0,3,6,68,34,14,61,69,80,7,1,9,1,6,4,2,4,9,6,7,10,2,10,4,7,3,1,6,6,8,3,0
0,29,36,2,4,0,5,2,1,6,12,12,82313.0,1317,27077.0,4,6,41,50,51,38,13,79,6,2,9,10,5,9,4,4,4,2,3,3,5,10,9,2,10,5,3,1,6,2,0
0,35,24,1,6,0,3,6,3,3,3,10,73154.0,1558,33875.0,9,9,34,35,96,79,95,4,9,10,6,9,5,9,9,8,5,7,4,3,4,7,10,8,1,6,8,6,10,5,0
0,27,20,4,4,1,10,4,2,5,17,16,104407.0,1192,47831.0,9,6,25,83,61,90,95,5,3,6,9,8,6,8,2,4,6,3,2,9,10,7,4,3,10,10,4,4,4,9,0
1,23,25,6,6,1,3,3,6,5,8,15,108451.0,1559,18789.0,10,7,69,7,37,60,46,45,4,4,9,9,10,7,1,5,5,8,5,3,10,10,10,6,5,10,10,9,8,3,0
1,29,19,1,4,0,1,5,7,7,7,10,39797.0,1008,23032.0,1,2,87,95,30,61,24,69,10,6,10,8,4,4,3,8,6,7,8,2,3,1,7,2,9,2,9,2,10,8,0
0,24,19,5,3,0,7,2,2,5,7,10,30540.0,1300,24578.0,9,3,44,48,28,83,28,47,3,2,5,7,7,4,6,9,1,9,1,1,6,1,1,9,4,7,6,5,9,4,1
1,35,31,5,1,0,8,1,6,6,8,1,118061.0,1078,29677.0,7,3,35,44,48,17,95,36,4,10,5,9,1,3,1,9,6,6,7,4,5,1,6,5,3,9,5,2,1,10,0
0,19,23,3,5,0,1,2,1,2,7,7,57899.0,1054,17531.0,8,4,51,8,70,29,41,56,6,9,7,2,1,10,8,8,6,2,10,10,9,6,10,8,1,5,4,6,7,9,0
0,27,27,3,2,0,9,6,1,3,13,4,91588.0,1220,40953.0,6,3,7,30,65,70,18,86,2,9,9,9,4,2,8,9,5,9,6,10,2,3,2,8,6,6,5,10,3,9,0
1,32,42,5,6,0,2,3,1,3,12,3,102554.0,1166,40651.0,5,5,47,77,69,96,26,44,4,7,8,2,4,8,9,4,5,7,4,9,1,1,10,8,10,5,4,6,9,2,0
0,29,31,2,2,1,5,6,6,1,3,6,131363.0,1079,28480.0,10,5,17,4,24,78,78,93,10,8,3,5,8,10,2,5,10,9,7,9,7,8,4,10,8,8,8,4,1,5,0
1,43,21,2,1,0,3,1,5,6,3,12,109585.0,1301,15363.0,4,2,62,4,24,96,48,96,8,5,8,10,9,4,10,7,7,2,5,10,3,6,5,7,1,7,4,7,9,6,0
0,34,23,5,6,0,7,2,3,5,4,6,108743.0,869,35859.0,10,3,16,26,23,24,39,92,10,9,9,5,7,9,1,1,10,5,7,2,10,4,7,10,6,1,10,6,4,9,0
1,21,33,3,1,0,3,2,7,1,1,15,116297.0,1559,12502.4,6,3,19,95,44,45,29,15,6,3,5,8,4,7,5,5,10,7,10,5,8,9,7,6,2,5,7,4,1,7,0
1,24,38,3,3,1,3,4,5,2,14,11,76421.0,1212,57566.3,2,8,50,82,8,8,95,96,2,6,5,10,7,4,2,2,9,5,3,2,10,4,6,10,4,10,10,5,2,6,0
1,26,19,2,1,0,9,4,5,7,10,11,55820.0,1026,32363.0,1,5,49,54,19,25,79,85,4,7,3,9,1,1,10,4,9,3,9,4,4,5,1,10,4,6,7,4,2,3,0
0,36,23,3,2,0,9,3,1,6,10,4,87971.0,901,21428.0,9,6,96,95,15,87,25,62,3,9,10,7,6,8,9,2,6,2,1,8,4,9,2,5,7,5,3,8,5,10,0
0,43,26,4,4,1,1,4,5,7,9,8,37452.0,1170,14425.0,9,8,52,84,40,94,93,40,7,1,10,7,1,5,7,2,1,5,10,3,3,8,4,6,3,4,2,7,6,6,0
1,40,32,1,4,0,10,5,6,4,5,7,39666.0,837,34706.0,7,4,4,22,69,39,5,11,3,3,2,6,10,6,3,6,6,9,5,3,4,2,6,8,4,4,7,7,8,9,0
1,24,29,5,2,0,6,6,1,3,17,14,47832.0,960,12502.4,6,4,39,95,77,63,20,11,3,3,4,10,10,10,10,7,9,1,6,3,5,2,6,6,9,6,7,6,3,4,0
0,40,20,2,5,0,5,4,1,7,3,16,122385.0,1559,50053.0,6,1,43,25,69,62,5,14,1,3,10,2,3,5,5,1,6,3,7,4,10,6,8,5,8,6,1,2,5,8,0
0,19,28,4,6,0,7,4,4,3,15,13,79664.0,870,31065.0,7,9,76,26,63,85,5,37,8,9,3,8,2,10,10,2,2,3,7,2,9,2,1,7,2,3,8,9,8,6,0
0,23,32,2,2,1,1,4,7,7,14,4,143471.34999999998,1036,28233.0,7,8,49,94,38,78,33,58,8,4,6,3,2,2,8,10,3,7,6,5,5,3,8,5,3,3,4,5,9,3,0
1,35,20,2,1,0,2,3,3,1,2,6,61298.0,837,33869.0,7,2,4,94,15,61,23,96,10,5,10,6,8,5,1,6,3,2,8,7,7,1,1,3,4,2,9,8,4,1,0
0,23,31,6,2,0,9,4,7,3,17,12,41733.0,1386,15914.0,3,9,64,73,4,75,57,67,2,8,9,7,6,7,7,7,3,8,4,8,3,1,6,8,3,1,1,10,2,1,0
0,30,19,5,2,0,7,4,6,2,4,6,29905.0,1335,42246.0,10,4,37,21,74,33,17,7,10,3,3,8,3,5,2,9,6,2,10,1,1,4,4,1,7,10,3,10,1,6,0
1,43,21,4,1,0,7,2,4,5,5,3,27301.0,853,46022.0,2,4,88,93,95,58,27,96,10,3,3,10,5,9,8,7,1,3,7,6,2,3,3,6,4,2,7,4,5,4,0
0,36,43,5,6,0,7,2,2,2,1,6,26252.95,1078,33756.0,2,6,48,94,60,10,95,4,4,6,5,3,4,10,1,2,1,8,4,7,8,10,10,6,10,1,4,8,2,2,0
0,19,36,4,5,0,1,2,7,4,11,13,64510.0,973,22181.0,10,2,47,78,49,88,16,34,2,4,7,5,4,10,6,9,10,8,2,4,4,10,5,9,9,8,3,2,7,10,0
0,29,29,4,2,0,6,6,2,3,15,11,28715.0,885,13701.0,4,5,4,38,5,19,76,22,3,3,1,9,7,6,3,4,9,2,4,3,5,5,3,8,5,5,8,1,10,5,0
1,32,19,2,6,0,4,5,4,7,11,15,87504.0,1029,46563.0,5,2,5,95,23,18,70,70,3,5,7,7,5,1,5,5,3,8,8,9,7,8,2,3,1,8,4,1,4,2,0
1,31,34,2,3,0,3,5,2,7,5,14,26252.95,1276,52667.0,7,2,89,17,82,37,84,81,9,5,3,4,5,10,9,3,2,6,9,6,9,10,7,9,10,4,6,1,8,3,0
1,23,20,5,4,0,3,1,2,5,13,8,80642.0,1294,12502.4,4,2,80,9,30,66,5,23,6,6,2,8,8,10,3,2,7,9,5,4,3,5,7,7,10,9,7,2,4,4,0
1,35,27,2,1,0,6,3,3,4,8,1,85032.0,1158,46897.0,6,7,48,79,76,19,37,11,10,8,3,7,9,7,8,8,7,4,8,3,5,4,5,3,8,4,3,9,8,1,0
1,22,33,1,4,0,2,5,7,4,6,16,139186.0,896,33454.0,9,4,38,70,27,35,90,84,3,1,10,5,2,6,6,1,4,2,10,6,7,1,9,7,5,2,6,10,5,5,0
1,35,39,3,4,0,3,3,2,1,11,17,26252.95,1443,25060.0,3,5,39,37,12,59,92,14,3,8,1,4,2,10,2,7,1,8,9,2,5,5,3,1,7,3,3,2,6,1,0
1,20,26,5,1,0,5,4,1,3,11,12,126767.0,1491,42095.0,6,8,74,49,56,66,90,63,7,3,1,10,10,6,2,10,10,2,5,4,1,9,7,1,4,8,1,7,4,8,0
0,20,28,4,3,0,7,5,1,5,2,12,95029.0,1134,26293.0,6,9,45,31,68,92,5,61,9,8,4,8,3,6,6,10,9,4,7,3,1,1,10,4,6,3,3,6,4,8,0
0,39,38,4,3,0,4,3,6,6,6,14,115821.0,1520,50296.0,2,2,22,45,62,22,27,4,3,10,3,3,7,3,7,5,10,8,3,10,2,7,3,8,4,9,6,10,3,8,1
1,39,32,4,3,0,7,5,5,5,8,7,45350.0,1005,53159.0,4,1,10,43,53,4,49,37,4,7,4,1,7,2,4,7,4,6,5,4,5,8,3,10,10,8,5,5,10,2,0
0,27,20,3,1,0,8,6,2,3,1,17,85164.0,1440,41879.0,10,8,23,48,96,72,5,78,1,10,7,8,2,6,3,2,2,1,10,8,2,3,8,1,7,8,2,2,3,4,0
0,36,33,1,4,0,2,4,3,5,4,17,65624.0,966,21479.0,9,2,14,31,11,50,11,83,10,7,4,5,3,1,4,5,3,6,10,7,7,10,4,8,9,9,3,7,6,9,0
1,20,38,1,2,0,1,6,4,1,2,15,93969.0,1072,15246.0,1,9,22,43,64,60,24,9,10,3,6,4,4,6,3,3,1,5,8,8,3,10,5,6,1,9,10,7,3,3,0
0,29,38,4,5,0,7,3,2,2,16,5,26252.95,1071,57566.3,8,1,82,19,10,91,26,54,3,3,7,5,6,5,6,7,10,7,4,10,6,8,3,2,6,7,3,4,7,2,0
0,33,38,6,2,0,9,5,1,3,6,1,26252.95,837,34083.0,2,1,29,63,71,68,94,75,5,5,2,3,3,3,7,1,3,8,1,9,3,5,4,10,3,8,3,2,5,5,1
0,34,29,3,4,0,3,3,4,3,14,1,69705.0,1559,42715.0,5,9,42,52,72,36,83,86,3,1,1,8,1,9,2,3,1,6,5,5,3,5,8,4,7,2,8,1,1,2,0
0,24,40,6,5,0,8,1,3,5,15,6,89100.0,1404,27472.0,2,2,42,7,62,95,19,65,3,6,1,3,5,2,4,10,8,10,6,9,6,3,8,4,8,5,2,3,1,5,0
0,30,22,5,6,0,4,4,7,1,3,12,99731.0,904,24181.0,6,4,87,85,70,41,23,16,1,1,8,1,2,10,5,10,10,6,8,7,3,1,9,10,3,7,4,8,3,7,0
1,41,24,3,5,0,1,1,7,5,9,7,133293.0,925,56713.0,8,7,46,64,18,46,38,95,2,10,6,2,1,7,1,4,6,5,2,10,8,10,9,7,4,6,9,10,4,10,0
1,19,26,1,1,1,8,4,2,2,16,17,96593.0,1356,47854.0,3,9,86,60,11,12,42,4,2,5,2,2,9,4,5,5,7,1,9,4,4,1,4,4,10,9,10,6,6,5,1
1,21,38,6,5,0,8,6,6,5,9,17,59033.0,1296,37645.0,1,5,22,29,47,54,59,74,10,7,10,3,8,8,3,4,3,3,8,9,8,5,1,10,9,6,9,7,8,6,0
0,27,35,4,3,0,9,6,6,1,11,3,103859.0,1108,49108.0,7,2,65,4,61,62,28,44,2,4,10,7,9,7,9,5,5,3,2,6,3,2,9,1,5,10,8,8,8,1,0
1,24,38,2,4,0,5,3,2,4,2,7,70278.0,1558,48952.0,10,3,83,95,4,8,95,37,2,8,2,6,6,8,9,5,4,9,3,4,7,3,3,7,6,5,5,9,8,8,0
0,41,25,4,2,0,10,6,1,3,17,12,47492.0,1428,55124.0,3,5,10,87,14,40,25,48,6,9,7,2,2,1,8,1,7,7,3,2,9,1,6,6,10,7,10,2,10,9,0
0,34,29,3,4,0,5,2,6,2,8,6,84971.0,1107,52191.0,4,6,76,38,80,78,76,60,6,2,10,7,7,8,10,4,1,10,5,7,4,5,2,5,5,10,5,8,2,4,0
0,37,37,1,5,0,2,3,2,1,13,3,29591.0,953,19487.0,5,4,70,41,4,33,28,34,2,5,8,3,8,3,8,10,10,6,8,8,1,2,4,1,8,5,5,4,2,5,1
0,23,19,1,4,0,8,6,4,2,13,7,90386.0,837,30117.0,6,2,30,85,11,35,40,96,4,4,1,4,1,2,1,4,8,4,4,1,4,3,3,1,7,2,10,6,9,6,0
1,36,27,3,3,1,8,5,6,6,18,6,26674.0,1259,46665.0,6,8,29,40,92,68,11,76,6,3,5,4,2,5,7,9,7,6,8,7,3,5,10,9,5,3,2,1,5,4,0
1,22,36,5,1,0,4,1,3,3,12,1,73823.0,1238,49817.0,4,4,84,78,50,4,12,21,2,1,6,4,6,4,1,7,1,2,8,2,1,4,9,1,9,6,4,2,7,5,0
0,27,26,1,1,1,5,5,6,7,4,9,26716.0,1200,21345.0,6,8,49,10,86,48,16,5,4,10,8,2,9,1,8,9,2,5,8,5,9,3,4,9,7,9,3,3,10,4,1
1,26,42,2,4,0,9,2,2,7,1,12,121937.0,1400,41009.0,10,7,91,56,14,40,33,50,6,1,2,3,10,3,1,6,4,2,4,3,2,1,5,6,4,8,2,7,2,8,0
0,43,41,6,6,1,2,2,2,5,6,17,77809.0,845,50420.0,5,5,38,55,42,9,5,36,2,2,3,6,6,5,5,8,10,9,8,4,4,4,5,2,3,7,2,5,2,4,0
1,30,25,1,6,0,3,5,3,7,11,9,134729.0,1139,29982.0,10,6,43,84,51,96,40,76,2,4,1,4,8,8,10,6,3,4,7,3,9,7,8,2,7,1,6,3,9,3,1
1,36,41,3,2,0,7,5,2,6,10,8,75850.0,1476,52011.0,5,4,77,93,37,22,95,69,5,7,6,1,9,2,4,10,6,6,9,2,9,3,9,8,8,6,8,1,7,7,0
0,38,41,6,5,0,8,4,3,7,9,16,112841.0,1455,12502.4,10,3,62,35,22,9,11,36,1,9,5,10,5,4,10,1,3,5,8,6,8,8,5,2,4,5,6,5,1,4,0
1,41,41,2,6,0,6,4,6,1,14,14,78150.0,1059,48745.0,9,1,90,73,85,24,40,16,4,6,1,4,9,10,10,10,9,9,9,9,1,3,3,1,9,7,7,3,2,8,0
0,23,19,5,1,0,9,1,3,4,3,13,88264.0,1552,12502.4,9,4,43,6,79,31,94,29,8,3,5,4,3,10,3,9,10,7,8,2,4,6,6,10,5,9,10,6,3,4,0
1,21,23,1,6,0,7,6,2,7,14,10,139510.0,837,28178.0,2,9,21,25,76,75,33,39,8,10,7,1,2,3,2,4,1,3,10,3,1,7,3,1,5,4,9,8,1,9,0
0,41,29,3,1,0,7,3,7,5,14,17,29735.0,1499,44986.0,9,9,78,55,39,4,83,31,8,9,2,7,10,1,1,3,6,2,3,4,9,3,3,9,10,6,4,7,2,5,0
0,43,42,1,3,0,7,2,3,6,7,1,117433.0,1213,23719.0,7,4,17,35,81,50,5,95,3,1,7,10,4,8,1,7,9,8,1,7,6,7,9,10,9,10,3,4,7,9,0
1,20,41,2,1,0,4,4,4,5,14,4,121657.0,1190,49913.0,4,3,18,70,65,14,5,4,7,6,8,8,1,10,3,5,1,6,9,2,6,9,2,6,6,9,4,6,10,3,0
1,20,36,6,1,0,9,6,3,1,7,17,90168.0,1213,38218.0,5,8,11,82,92,5,73,81,5,4,4,10,7,9,7,7,3,6,1,9,6,4,6,3,5,5,4,8,6,6,0
0,21,43,6,5,0,6,3,1,3,18,17,128449.0,995,44753.0,3,8,80,27,66,4,25,9,9,9,5,2,1,10,8,10,10,6,3,9,2,2,7,9,10,4,6,3,9,2,0
1,42,34,2,4,0,2,1,5,2,1,5,121300.0,1559,33022.0,5,6,49,52,96,96,71,81,4,1,9,6,8,1,4,7,7,4,4,9,1,8,6,3,6,8,6,4,8,8,1
1,22,19,3,6,0,8,2,3,2,17,17,119383.0,1401,34287.0,8,1,75,8,96,86,84,35,8,1,2,8,6,8,6,10,6,8,9,1,6,4,8,4,8,2,6,1,7,4,1
0,25,28,2,5,0,6,1,5,2,15,13,98071.0,875,33232.0,3,2,82,88,96,18,48,70,4,1,3,9,7,3,10,3,4,3,10,8,2,2,9,8,6,10,3,7,9,5,0
0,33,35,2,2,1,3,3,7,7,5,16,92206.0,899,50519.0,2,6,24,36,49,66,18,91,3,10,6,5,3,9,9,4,6,3,2,3,6,1,5,6,6,3,1,5,4,6,0
1,39,40,5,4,0,10,3,4,1,16,6,143471.34999999998,837,51728.0,6,8,29,94,53,63,87,75,1,5,8,4,2,6,9,7,4,4,8,8,5,8,10,1,9,9,6,3,7,1,0
0,20,39,3,5,0,10,4,5,2,10,1,70122.0,844,51276.0,8,3,40,20,96,37,45,47,4,10,5,5,4,7,8,2,6,6,9,5,1,6,8,5,8,10,5,8,1,2,0
0,41,28,4,4,1,10,2,7,7,8,1,143471.34999999998,942,31762.0,2,2,7,57,31,58,91,84,10,7,6,5,4,2,9,9,6,3,4,6,5,9,8,10,9,6,10,10,1,9,1
0,29,35,5,5,1,5,1,7,2,8,8,143471.34999999998,839,46755.0,8,5,24,4,86,50,94,22,9,7,2,2,3,9,2,5,2,2,1,4,9,8,4,6,7,6,8,5,3,2,0
1,42,25,2,3,0,9,1,6,5,8,1,82517.0,980,56937.0,3,9,56,81,62,84,48,47,4,4,1,8,6,1,10,3,2,5,5,5,9,10,2,1,1,10,9,3,10,10,1
1,25,32,5,3,0,9,4,2,7,12,4,82260.0,1284,31501.0,5,3,79,4,96,18,42,89,6,8,8,1,2,8,7,3,1,5,9,7,4,2,3,9,9,1,1,1,3,1,0
0,30,26,4,1,0,3,5,2,7,8,10,117438.0,1015,15322.0,9,6,43,29,45,82,5,33,7,8,2,10,7,10,2,4,4,4,9,3,9,7,10,2,6,9,10,7,3,9,1
1,21,32,3,3,1,7,1,2,4,5,10,126857.0,940,14860.0,8,2,77,39,70,68,21,31,10,4,10,1,8,10,9,1,8,1,6,1,7,1,6,4,8,4,2,9,6,6,0
0,31,24,2,3,0,8,4,2,6,18,2,31779.0,1154,13219.0,4,3,93,75,52,6,52,81,5,4,7,2,3,2,9,5,4,7,9,1,7,3,6,3,7,2,2,3,7,3,0
1,31,37,3,1,0,7,3,4,7,18,4,100221.0,972,48924.0,3,9,54,63,84,34,38,64,10,9,2,3,9,4,7,10,4,7,7,3,4,3,8,9,9,5,7,8,5,9,0
0,30,30,3,3,1,6,3,4,5,3,4,115122.0,1528,48382.0,3,6,22,77,19,86,5,87,7,9,9,4,9,3,4,5,7,1,3,1,2,5,5,1,1,6,3,4,3,6,0
0,43,30,4,5,0,6,5,7,7,12,9,26252.95,1439,14549.0,10,8,12,44,47,39,78,51,3,3,5,8,2,3,2,5,8,5,3,7,6,7,1,2,6,4,1,8,7,1,1
1,23,19,4,4,1,2,5,5,6,9,6,112195.0,1304,26479.0,5,9,96,4,40,16,24,7,5,5,6,5,4,5,4,9,7,2,9,3,4,8,5,9,2,2,4,6,4,7,0
0,34,37,3,5,0,8,6,3,1,7,11,34919.0,1075,28050.0,3,4,40,61,82,44,76,43,2,5,4,9,4,1,9,5,3,2,4,8,4,3,5,10,8,5,8,2,10,6,0
1,21,21,6,3,0,8,2,1,1,11,14,47600.0,1019,33224.0,1,5,50,4,96,85,69,67,4,6,2,1,5,2,7,4,9,6,4,7,3,1,7,3,5,6,3,6,5,1,1
1,25,41,2,6,0,2,2,2,6,15,4,143471.34999999998,837,20352.0,10,6,18,62,55,29,94,47,2,3,7,4,5,3,10,10,7,4,7,5,8,8,3,2,9,2,4,10,6,8,1
0,34,21,3,5,0,7,5,2,4,6,10,39885.0,1041,23611.0,8,4,59,4,38,61,60,20,8,4,6,5,8,9,6,8,7,6,10,8,8,1,1,9,8,7,8,3,3,6,0
0,20,21,6,1,0,8,3,1,1,14,3,124996.0,1529,12502.4,3,3,94,70,4,54,26,90,5,10,2,1,10,4,5,4,2,4,5,2,10,5,2,3,8,4,6,5,1,5,0
1,34,30,5,5,1,9,2,4,1,14,17,39977.0,837,33302.0,3,7,40,74,24,45,13,84,7,2,2,4,5,8,3,4,3,10,3,7,8,10,8,8,8,4,6,6,8,1,0
0,26,19,4,2,0,2,1,7,4,9,5,94489.0,1379,37530.0,7,8,46,15,72,45,48,61,3,7,5,10,9,2,8,10,2,4,3,4,5,2,8,5,7,8,9,10,1,8,0
0,19,43,1,5,0,6,5,1,2,2,4,88311.0,1212,15008.0,9,6,7,19,23,51,10,78,5,3,9,1,4,8,7,6,5,4,4,2,9,3,5,1,10,1,7,10,5,10,0
0,42,40,1,1,1,4,1,1,7,10,2,89255.0,1389,30803.0,1,5,27,26,51,96,72,43,9,1,9,4,6,1,8,8,10,5,5,8,8,3,2,1,2,3,4,7,10,4,0
0,30,32,3,5,0,8,5,7,3,12,13,93506.0,837,53031.0,2,8,93,20,33,83,24,76,3,4,4,3,1,3,1,1,1,1,10,4,1,2,1,3,1,1,2,4,3,8,1
0,37,21,4,5,0,5,5,6,4,13,5,107967.0,1379,14346.0,1,7,36,49,96,26,13,85,6,10,8,1,6,8,3,9,4,8,6,3,8,1,2,7,3,8,6,5,10,8,0
1,19,43,3,6,0,4,5,3,3,16,9,26252.95,871,12502.4,6,1,75,27,43,37,95,4,2,9,3,4,3,10,4,5,5,4,6,6,8,10,5,1,5,8,6,1,4,7,0
1,37,23,1,5,0,4,2,2,3,15,2,137864.0,974,22505.0,5,5,66,9,11,60,73,90,5,9,2,10,4,9,7,6,7,8,2,3,8,7,8,5,1,2,4,3,1,9,0
0,28,20,6,2,0,3,1,6,4,17,13,46837.0,1300,57566.3,4,2,84,65,51,41,23,52,10,4,7,7,3,2,8,9,7,9,7,1,9,6,7,7,8,10,7,8,2,8,0
0,43,24,3,6,0,3,3,4,2,17,17,58917.0,917,47298.0,6,7,19,17,21,27,29,6,5,6,1,3,8,9,5,3,8,2,8,10,5,8,10,4,8,6,8,4,2,6,0
0,43,23,2,3,0,1,3,7,6,16,5,37045.0,1209,57566.3,4,4,96,20,22,13,38,76,2,7,2,2,8,4,5,2,7,9,1,8,5,2,10,1,8,9,4,4,4,4,0
1,39,20,2,4,0,6,1,5,2,14,16,94065.0,1194,39300.0,5,2,15,7,65,80,81,26,2,7,1,3,8,5,7,9,1,4,4,5,2,8,1,3,6,10,5,10,8,2,1
0,32,21,1,4,0,4,6,6,7,13,3,56479.0,959,57566.3,7,1,22,43,9,84,28,44,8,4,9,5,7,9,1,9,3,10,2,6,6,6,4,3,10,9,4,3,1,7,0
1,28,27,2,6,0,6,4,3,1,16,12,99789.0,1038,17066.0,6,6,44,14,11,8,70,94,2,4,6,6,1,7,5,2,7,1,3,6,6,8,8,7,8,3,9,10,4,5,0
1,40,38,4,1,0,7,5,3,4,15,1,39742.0,993,57566.3,1,9,27,28,47,50,7,52,10,5,9,9,3,1,10,1,7,3,6,4,8,9,5,10,4,6,9,3,9,3,1
1,20,26,5,2,0,10,3,3,4,12,7,104428.0,1314,19142.0,10,3,19,21,32,47,22,52,3,2,4,9,1,2,10,9,4,2,6,3,5,10,8,10,1,1,6,5,8,5,0
0,20,23,6,5,0,5,5,7,1,5,12,120017.0,962,34434.0,10,7,24,67,96,60,32,95,10,2,6,2,5,8,6,6,4,5,7,4,7,9,4,6,8,1,1,5,3,7,0
1,43,37,6,1,0,6,2,7,7,6,13,99148.0,1028,25884.0,6,5,68,74,51,72,29,27,9,5,7,6,2,10,10,7,10,8,9,2,2,3,4,8,3,7,10,4,10,7,0
0,29,43,6,4,0,8,6,2,2,14,8,29372.0,1489,51364.0,1,5,75,6,69,13,74,4,1,1,10,10,7,7,5,10,3,6,3,5,2,6,3,3,9,7,9,2,2,9,1
1,41,28,2,5,0,7,2,4,2,6,7,26913.0,1532,45305.0,3,7,54,45,58,57,68,37,9,10,1,9,6,5,10,9,7,2,7,9,6,5,9,7,6,6,6,2,8,9,0
0,22,24,4,5,0,7,4,7,7,8,15,72401.0,1520,32695.0,8,1,27,51,15,21,5,96,9,9,6,4,5,3,10,5,10,2,3,7,4,5,2,4,9,3,7,5,7,6,1
1,37,35,5,5,1,4,3,3,3,10,14,111792.0,1321,50795.0,1,9,20,4,4,23,78,96,5,8,2,6,1,9,9,1,2,1,8,9,10,7,5,2,2,5,10,5,4,6,0
0,24,21,4,1,0,5,4,3,5,8,2,138578.0,1405,42162.0,7,1,27,16,10,88,78,40,4,7,1,2,2,8,9,5,9,7,7,2,6,6,9,5,4,10,5,10,2,4,0
1,24,22,1,1,1,2,3,6,3,12,11,122765.0,1383,52455.0,6,3,18,95,4,65,80,33,10,7,9,7,6,3,3,1,6,2,7,10,3,3,1,9,6,4,3,9,5,8,0
0,30,21,3,4,0,6,2,4,6,16,11,61853.0,912,12781.0,7,6,79,92,36,64,39,74,10,1,10,2,2,10,6,6,9,1,6,10,6,1,10,5,10,1,3,6,9,2,0
0,26,21,5,4,0,8,5,1,2,11,3,111679.0,1209,19255.0,1,7,42,4,54,47,58,77,7,3,5,1,7,4,1,6,2,9,8,5,7,8,4,8,4,1,4,10,4,3,0
0,42,43,2,5,0,9,2,1,1,9,8,99982.0,1300,39208.0,5,2,34,26,83,95,94,24,1,5,3,1,3,7,4,10,8,7,8,2,10,5,5,10,2,4,7,2,2,5,0
0,38,30,4,4,1,3,4,3,7,5,9,26252.95,1559,36893.0,5,9,6,4,94,4,9,64,2,7,7,2,4,8,3,9,10,6,3,9,8,8,4,5,1,3,10,8,6,6,0
1,30,33,2,2,1,4,2,1,2,15,13,75303.0,1470,26359.0,3,2,42,72,17,33,68,29,10,7,4,7,6,8,3,9,3,8,2,6,9,6,5,1,4,8,3,7,5,8,0
1,29,42,4,5,0,10,5,7,3,2,1,99914.0,1230,42196.0,4,3,45,30,64,37,78,25,10,10,5,5,5,7,1,1,5,8,9,6,1,2,4,8,9,2,3,3,6,1,0
0,30,31,2,3,0,10,6,1,4,10,6,51355.0,1160,19893.0,7,9,33,16,10,82,70,4,5,4,4,7,2,5,4,9,6,2,3,4,1,8,2,9,8,5,9,2,2,6,1
1,41,28,5,3,0,9,6,4,4,14,5,128779.0,1290,14639.0,7,8,36,21,58,79,85,51,6,5,7,6,9,4,3,7,4,2,9,2,5,4,8,6,8,5,10,4,8,4,0
0,27,19,6,2,0,7,6,2,4,4,4,26364.0,1175,12502.4,6,5,64,20,86,4,14,96,6,9,3,3,2,10,5,1,5,5,6,5,3,7,10,9,3,7,1,8,9,5,0
0,19,39,6,2,0,8,6,2,7,17,9,60631.0,920,15966.0,2,1,86,77,21,96,84,48,1,5,1,1,8,3,9,2,7,3,7,5,9,9,10,5,4,9,4,3,3,6,0
1,42,31,1,4,0,8,4,1,6,1,15,36008.0,1288,46344.0,2,7,83,61,87,82,26,18,2,10,2,9,2,4,4,4,3,1,4,1,7,2,4,3,5,5,1,5,3,2,0
0,25,41,4,4,1,9,5,5,7,7,8,137018.0,1103,52506.0,7,9,34,60,69,24,15,87,4,1,8,3,4,1,9,5,4,2,9,8,4,7,3,1,4,3,6,6,8,10,0
0,39,41,2,1,0,10,6,7,4,11,2,31503.0,926,34137.0,4,6,86,27,84,35,57,96,9,5,7,7,4,9,8,10,9,7,5,8,4,8,6,1,6,7,3,2,2,7,0
1,33,43,1,4,0,5,5,4,5,14,15,136792.0,1094,41957.0,10,1,54,25,61,96,90,11,9,2,6,1,1,5,10,1,9,2,9,8,1,8,1,4,6,7,7,10,9,1,0
0,30,24,5,1,0,10,5,4,7,9,17,45955.0,1279,39339.0,3,1,27,38,82,69,85,4,9,3,5,8,2,4,9,6,2,5,3,4,2,7,7,8,1,5,6,4,1,4,0
0,20,43,2,1,0,6,5,1,1,11,8,89781.0,1424,37949.0,5,4,77,69,57,15,77,7,5,9,10,9,1,10,1,1,5,2,4,8,8,9,4,3,7,5,5,10,5,7,0
0,20,28,5,4,0,6,2,5,6,6,14,36877.0,837,22660.0,7,2,95,28,19,54,52,65,10,2,1,8,8,5,1,3,3,2,6,5,10,9,1,10,1,7,6,10,2,7,1
0,41,21,3,3,1,5,2,1,6,16,8,87829.0,1159,45926.0,6,1,96,31,81,13,14,69,1,3,9,8,4,7,4,10,6,6,7,10,10,9,7,8,4,8,3,10,3,5,0
1,22,24,5,2,0,4,1,7,1,14,14,96745.0,900,17099.0,4,4,53,95,32,17,86,90,5,7,8,6,4,2,10,1,3,9,1,8,1,1,5,1,3,9,7,8,6,6,0
1,43,33,6,1,0,1,6,2,7,2,3,48462.0,1252,24408.0,1,4,14,88,4,83,56,9,8,9,8,3,4,6,4,10,6,2,5,8,5,2,9,10,10,4,5,7,3,6,1
1,28,43,6,6,1,4,6,5,2,17,5,108134.0,1559,17755.0,4,7,16,34,46,75,27,35,8,10,5,3,2,2,3,4,3,5,3,8,3,5,4,8,2,10,9,8,7,3,0
0,24,23,5,2,0,2,3,1,2,2,7,142653.0,1389,37656.0,1,6,11,55,37,12,87,32,9,1,5,6,2,5,4,8,9,8,9,9,1,6,5,8,3,9,2,6,2,6,0
0,38,43,3,3,1,8,5,4,7,4,3,56503.0,1386,51486.0,9,9,9,28,4,86,5,53,4,5,2,9,4,1,3,4,7,3,7,5,2,3,4,2,3,8,1,1,4,6,0
1,41,23,3,4,0,5,3,3,1,18,15,68851.0,1497,18002.0,2,1,96,42,68,90,66,8,4,4,9,3,8,8,5,9,5,5,8,6,3,5,3,3,3,2,5,5,3,7,0
0,27,19,1,1,1,10,6,6,4,6,2,115936.0,955,20218.0,10,8,80,13,57,64,18,62,8,2,9,3,5,4,5,4,1,2,8,4,2,3,6,2,1,6,10,10,8,4,1
0,27,41,6,5,0,9,3,5,5,13,12,62282.0,966,16897.0,3,3,16,67,23,89,24,4,5,1,1,6,7,3,5,6,3,9,10,9,8,9,3,1,10,9,8,4,2,2,1
0,37,25,6,3,0,5,1,3,7,12,6,75542.0,1240,14587.0,2,5,38,49,42,92,12,56,10,10,7,3,7,3,1,9,2,2,8,1,3,5,10,1,7,1,6,8,2,3,1
0,19,43,4,1,0,1,4,6,7,11,6,126310.0,1346,57566.3,10,4,13,24,77,90,95,55,7,4,1,8,10,1,10,1,10,1,6,5,10,4,6,10,8,7,4,7,3,4,0
1,20,24,3,3,1,8,2,7,5,1,7,54536.0,861,27882.0,2,1,19,73,80,60,88,96,1,10,1,3,3,5,9,8,5,2,10,1,7,8,3,10,10,10,9,6,4,4,0
1,25,43,6,2,0,10,6,2,5,9,12,107342.0,1460,50936.0,5,3,43,49,6,22,93,67,9,5,1,8,9,3,9,9,1,10,3,10,7,1,6,3,3,4,6,9,5,4,1
1,28,42,3,5,0,9,3,7,7,11,3,56415.0,1559,43063.0,6,4,27,6,48,4,79,88,6,10,7,1,2,4,7,8,4,2,1,7,9,2,4,4,9,1,4,6,4,4,0
0,30,41,1,2,0,4,1,1,3,15,2,51701.0,1183,20971.0,7,2,52,66,46,8,36,11,6,2,8,7,2,6,5,8,3,2,10,2,2,1,1,6,9,1,1,10,10,8,0
1,24,31,3,4,0,7,5,3,4,15,15,65166.0,1300,12502.4,1,4,60,4,26,44,71,40,5,3,7,7,7,2,3,2,6,6,6,6,8,2,9,2,4,5,3,6,10,2,0
1,30,26,6,5,0,3,5,4,7,18,10,35596.0,1474,12502.4,8,9,33,85,96,44,9,7,6,6,7,6,8,1,8,1,2,1,1,6,5,9,7,1,2,3,4,3,2,5,0
0,19,32,6,2,0,8,2,7,2,16,3,102030.0,1169,56143.0,1,5,55,32,72,49,65,87,10,8,8,9,4,10,4,6,9,1,2,5,1,2,1,1,7,9,2,6,8,9,0
0,23,42,5,3,0,5,6,6,7,16,11,45253.0,1531,36404.0,10,2,94,21,76,39,87,87,8,6,1,4,5,3,6,9,1,1,10,7,7,7,8,3,9,10,4,1,3,4,0
1,26,39,1,6,0,10,4,5,5,3,9,44484.0,1213,33379.0,8,1,19,24,36,12,14,29,2,3,8,7,3,5,10,5,4,7,1,7,8,9,6,9,9,8,7,3,5,7,0
1,37,35,3,2,0,9,5,5,7,18,11,110080.0,1384,35076.0,8,3,17,85,51,41,19,89,5,2,1,1,3,10,6,9,10,7,1,9,3,2,10,3,5,3,5,8,9,9,0
1,42,29,4,5,0,7,3,5,4,2,4,26252.95,1126,34430.0,9,3,96,64,59,40,56,29,7,4,6,5,7,10,4,5,9,7,9,6,4,9,5,1,4,4,2,7,10,10,0
1,19,40,1,6,0,6,2,3,5,12,11,62068.0,1559,57566.3,6,7,10,11,96,90,20,78,6,1,4,8,8,7,8,3,3,9,2,1,10,9,10,3,1,4,7,2,8,9,0
0,35,36,6,5,0,6,3,2,3,12,12,117905.0,1526,41454.0,3,3,56,63,42,59,6,58,5,3,1,3,5,6,6,4,3,4,5,2,2,2,7,8,10,7,5,3,7,4,1
1,33,30,3,3,1,2,3,6,1,6,6,26252.95,837,42901.0,2,7,27,50,45,18,68,31,8,6,10,7,10,9,2,6,4,5,2,4,1,10,1,8,8,6,6,9,1,2,0
1,42,24,4,3,0,7,1,6,6,3,6,71161.0,1304,22243.0,10,4,4,57,20,94,95,75,6,1,3,10,8,6,3,1,8,2,6,1,6,10,6,6,3,1,2,10,10,7,0
0,29,42,5,2,0,9,2,4,4,7,12,143471.34999999998,1417,41081.0,2,3,87,79,28,69,33,13,7,8,3,3,2,6,5,5,4,3,9,4,8,4,9,9,2,3,9,3,7,3,0
1,24,27,5,2,0,1,1,2,1,17,5,110951.0,1276,37264.0,9,3,37,82,76,96,29,26,3,9,6,9,3,2,4,1,3,1,5,8,3,8,2,3,3,9,2,9,10,2,0
0,24,27,3,3,1,4,1,5,1,8,3,143471.34999999998,930,46658.0,2,2,40,70,9,18,43,4,10,6,6,8,8,8,9,10,9,6,7,3,8,6,4,1,7,6,3,3,8,8,0
0,34,19,1,2,0,10,5,1,1,10,11,78128.0,908,31211.0,6,6,37,26,79,6,45,8,7,1,1,8,2,4,5,6,2,10,3,6,2,7,3,3,8,6,5,8,5,8,0
0,30,31,4,3,0,9,6,1,6,6,16,132199.0,984,43568.0,5,6,49,47,76,35,5,28,2,7,2,3,3,6,4,5,7,6,7,4,1,5,4,2,1,2,1,9,8,9,0
1,28,30,4,1,0,4,6,4,3,15,1,33336.0,912,45961.0,3,1,26,43,51,75,11,4,1,3,2,10,4,4,2,9,1,4,2,9,7,3,7,4,1,4,3,7,9,1,0
1,23,39,1,3,0,4,3,2,7,11,8,96252.0,1436,56020.0,10,4,64,42,62,69,69,6,5,8,9,10,3,6,4,6,9,1,10,10,3,9,7,4,8,2,3,2,9,1,1
0,40,23,6,3,0,9,2,7,7,13,16,134125.0,1559,49043.0,9,2,34,95,75,94,86,59,4,6,2,4,3,10,5,7,10,9,5,9,5,9,10,9,8,7,8,7,7,3,0
1,43,26,3,2,0,4,2,1,5,18,14,103687.0,998,12502.4,8,8,57,6,50,24,83,12,6,6,3,3,2,5,9,10,10,2,5,5,1,6,9,9,8,2,2,3,9,1,0
1,31,30,1,5,0,2,6,6,6,7,2,44106.0,1274,46477.0,4,4,93,48,6,22,43,65,1,3,7,10,4,3,2,7,6,3,2,3,9,9,5,10,1,9,1,4,10,1,0
0,23,26,5,6,0,10,3,7,3,12,1,30820.0,1446,31021.0,4,8,42,33,74,60,95,38,8,9,9,3,6,4,4,2,8,7,2,5,1,3,3,6,4,10,8,10,5,5,0
0,23,30,4,3,0,8,3,5,5,12,13,79249.0,837,55685.0,4,5,96,61,12,96,25,84,6,6,1,9,10,7,2,8,6,7,3,10,10,4,3,7,10,9,9,9,3,8,0
1,19,22,1,2,0,9,6,6,7,6,12,127043.0,1329,49562.0,9,4,96,72,85,92,9,41,5,6,1,7,6,3,2,8,4,4,2,3,5,3,10,5,5,2,7,6,7,1,0
0,39,31,5,4,0,1,5,2,4,9,9,128174.0,1155,31963.0,10,8,51,89,41,44,84,43,1,3,6,4,3,9,8,7,7,7,4,8,2,5,3,2,7,5,1,9,10,1,0
1,37,22,5,6,0,9,3,2,5,17,10,26252.95,1544,50998.0,6,9,60,43,87,87,58,22,10,6,2,4,4,8,10,2,6,4,5,8,7,10,7,10,4,8,5,6,9,6,0
1,42,26,3,5,0,9,1,7,1,16,4,106528.0,1490,33082.0,8,1,58,73,84,95,13,86,4,8,10,4,4,6,7,4,8,9,7,8,9,7,9,10,4,7,8,5,2,8,0
1,32,25,3,2,0,4,5,4,5,8,15,114419.0,1058,30593.0,9,4,31,40,4,37,95,70,3,4,9,6,8,8,8,5,8,9,9,8,10,1,5,2,6,3,5,6,1,7,0
1,34,24,4,1,0,5,2,4,3,13,17,72267.0,1088,17742.0,2,4,4,40,10,10,84,22,2,4,8,6,8,7,9,9,4,1,7,8,7,2,5,3,6,3,7,8,2,9,0
0,25,25,1,1,1,2,3,2,4,11,11,89054.0,837,53514.0,2,4,94,37,75,29,36,82,10,4,4,3,9,3,8,9,7,4,2,1,8,9,5,4,1,5,6,5,3,6,0
0,22,39,1,3,0,5,6,5,6,14,4,90884.0,1339,55604.0,6,9,79,19,91,87,51,73,2,1,9,4,8,6,10,1,6,4,10,4,1,6,4,9,6,6,3,9,8,7,0
0,34,20,3,5,0,8,2,1,3,10,11,91756.0,1434,56056.0,4,2,48,64,50,45,68,47,4,3,9,7,1,6,6,5,2,4,2,9,10,10,9,2,10,4,9,5,5,2,0
0,37,40,3,6,0,7,1,6,7,10,13,124855.0,1171,48449.0,8,7,72,21,66,89,34,84,10,5,1,4,4,5,3,9,10,4,5,2,5,1,9,8,5,3,7,8,1,4,0
1,19,41,1,4,0,10,1,4,3,13,14,113951.0,1124,54312.0,4,6,63,86,82,42,53,78,9,5,9,2,8,1,5,10,7,4,9,1,9,8,9,6,5,9,10,8,10,10,1
1,39,32,6,5,0,10,1,5,3,2,11,118839.0,1549,57566.3,7,6,91,46,24,11,70,36,8,1,9,5,6,10,3,1,4,1,2,3,2,2,9,10,7,2,1,5,5,10,0
0,35,25,1,2,0,10,5,2,2,5,5,141121.0,1493,57566.3,10,3,89,77,78,30,87,40,10,1,2,9,1,9,6,1,6,3,9,6,6,9,3,10,9,9,7,4,1,3,0
1,32,19,4,4,1,6,2,5,7,5,15,73186.0,1106,36200.0,3,9,96,69,69,74,95,90,7,10,3,3,8,6,8,1,10,2,7,10,6,7,3,5,8,2,1,5,10,9,0
1,22,24,6,3,0,10,4,3,1,16,13,120766.0,1031,47165.0,3,8,68,11,31,89,31,35,6,1,4,7,5,4,2,5,4,5,9,7,3,10,1,5,8,3,9,3,8,8,0
1,24,36,6,4,0,1,4,7,1,17,6,82702.0,1462,34627.0,4,4,31,63,85,24,53,96,5,8,2,1,1,5,7,3,4,1,7,4,10,8,8,6,8,8,2,6,5,4,1
0,35,19,1,6,0,7,5,7,5,13,2,69929.0,1166,38836.0,8,3,60,39,69,95,95,64,10,10,9,9,6,5,7,2,8,6,4,3,1,3,4,4,8,6,4,2,7,2,0
0,23,31,5,1,0,5,6,6,3,1,10,70212.0,1365,57532.0,3,3,71,82,29,17,35,24,7,7,7,3,10,1,7,2,4,8,6,1,2,10,2,1,7,3,4,9,1,8,0
0,39,35,3,5,0,5,4,4,2,17,2,105959.0,1511,19623.0,6,9,24,34,42,17,32,89,4,4,6,2,10,9,3,4,4,3,1,7,1,9,9,1,2,10,3,2,10,3,0
1,38,32,3,1,0,2,3,4,5,5,1,107654.0,1053,17639.0,9,9,93,7,26,62,89,11,10,1,1,7,8,6,6,3,5,6,10,10,8,10,9,7,2,8,6,6,8,1,0
0,22,31,4,3,0,5,4,3,7,14,3,134075.0,1440,39287.0,8,2,4,68,15,96,81,69,5,3,10,10,8,5,1,1,9,9,6,2,10,1,9,2,5,2,5,7,1,1,0
0,36,41,4,2,0,3,6,2,6,3,7,71976.0,837,29623.0,5,1,14,27,89,6,5,75,5,10,5,4,9,9,9,10,9,7,9,8,3,5,5,7,9,8,2,4,3,4,0
0,27,42,5,2,0,9,6,2,3,8,13,130101.0,1335,50609.0,7,9,47,11,18,84,62,8,9,3,8,4,6,10,9,6,4,6,4,2,2,1,10,7,9,1,10,1,3,10,0
0,32,36,5,1,0,10,6,5,6,4,4,77782.0,1399,48086.0,9,3,36,85,96,65,76,69,5,7,4,7,6,8,7,5,5,7,8,8,10,9,5,7,9,6,2,6,5,8,0
0,27,36,5,2,0,1,2,7,7,18,9,86814.0,1214,44684.0,6,4,30,44,96,75,95,35,5,10,8,2,10,8,1,7,2,5,3,2,9,4,4,4,1,8,4,1,3,6,0
0,43,39,4,6,0,7,4,1,6,8,16,114424.0,1048,57566.3,10,1,26,62,24,96,57,88,3,10,10,2,8,6,10,9,7,4,4,5,1,3,1,8,10,10,5,5,5,3,0
1,33,43,2,2,1,5,6,7,6,13,9,40415.0,1013,51133.0,4,7,75,79,79,4,66,11,5,8,8,8,9,7,7,10,1,8,7,3,6,9,7,1,8,9,8,5,5,1,0
1,29,43,5,1,0,3,2,5,2,1,7,33247.0,837,24704.0,2,8,82,4,75,44,95,22,6,2,6,7,9,8,5,9,3,9,7,3,1,7,9,8,2,6,5,9,3,9,0
0,35,34,6,3,0,4,1,3,7,3,13,61809.0,863,52260.0,8,6,89,26,14,4,52,96,10,6,9,1,4,4,2,4,8,8,9,6,10,8,7,5,2,5,5,10,5,10,0
0,40,39,1,2,0,10,1,4,6,13,17,114277.0,1449,45823.0,1,6,39,70,96,59,86,4,10,5,3,5,3,4,7,10,4,8,4,3,4,7,3,3,2,9,3,6,1,6,0
1,19,36,2,6,0,7,4,1,7,4,10,59485.0,908,49836.0,4,1,19,73,65,77,59,53,8,9,4,3,2,1,8,3,10,7,3,2,2,4,4,4,8,10,5,10,3,7,0
1,33,43,5,1,0,5,1,6,1,13,16,67785.0,1364,17213.0,9,2,50,40,37,19,41,42,7,2,10,6,2,10,4,2,6,4,6,6,4,1,2,1,10,3,3,10,3,5,0
0,39,33,4,5,0,5,6,3,2,15,9,98578.0,837,44976.0,6,8,66,45,68,26,44,4,7,2,10,9,4,10,2,4,10,9,9,6,8,6,5,10,5,7,7,9,8,8,0
0,23,37,5,6,0,8,4,5,7,10,5,84820.0,1502,51607.0,8,2,71,37,55,70,55,82,4,9,1,5,1,9,7,9,3,9,5,7,5,8,7,7,6,9,6,5,3,10,0
0,20,42,1,1,1,2,2,7,4,3,4,100894.0,1205,29183.0,10,2,96,12,72,4,48,58,4,7,2,7,1,6,3,6,10,7,9,2,9,9,3,5,5,7,7,8,8,10,0
0,19,36,2,2,1,4,5,6,6,9,10,80186.0,889,13910.0,3,5,17,86,14,52,56,76,6,1,3,3,10,8,2,8,2,4,8,8,6,10,7,3,10,1,3,4,4,9,0
1,19,19,1,6,0,4,2,4,6,15,16,89553.0,1003,26806.0,1,8,48,49,5,94,87,84,2,3,2,1,10,3,8,10,2,2,1,3,9,3,1,5,4,6,3,7,5,4,1
0,30,36,5,2,0,3,5,4,7,11,15,101151.0,1376,12502.4,4,9,51,45,12,93,44,49,7,9,6,4,9,5,1,3,7,5,4,6,6,7,5,7,2,4,2,3,4,5,0
0,26,24,4,4,1,5,6,7,5,2,11,38837.0,862,13556.0,8,2,38,48,44,61,80,55,2,9,2,6,9,7,1,10,7,10,3,5,3,4,2,10,6,2,1,8,2,8,0
0,33,40,4,4,1,1,5,2,5,6,15,134954.0,1007,57566.3,9,9,56,28,30,60,10,38,7,9,9,8,4,9,7,8,10,1,7,8,8,10,9,7,10,3,3,4,7,5,0
0,43,28,5,4,0,2,6,7,1,1,13,129634.0,989,44157.0,2,7,96,84,18,15,62,20,1,5,5,8,4,7,6,4,4,7,7,2,2,6,7,4,9,6,9,9,2,6,0
1,22,22,2,2,1,5,3,2,2,10,4,93788.0,1395,44497.0,10,4,86,95,82,5,45,14,10,5,9,8,3,1,1,5,7,5,5,2,10,6,4,5,1,1,4,4,4,1,0
1,40,34,5,6,0,8,4,6,7,4,1,37618.0,898,26488.0,8,2,20,41,89,4,11,96,8,9,5,9,10,3,6,3,5,3,1,2,6,7,2,7,4,1,5,6,1,2,0
1,38,28,2,5,0,5,3,5,1,3,7,130377.0,1528,49943.0,8,4,51,45,16,24,26,59,3,2,3,8,6,1,5,5,9,3,7,5,2,5,1,5,9,6,8,1,4,4,0
0,24,41,1,2,0,8,3,5,2,2,1,56637.0,1559,56522.0,7,6,69,12,51,28,72,82,3,4,8,8,6,4,9,6,1,8,1,3,5,4,1,2,5,9,1,10,2,3,0
0,30,43,3,1,0,3,5,4,2,8,8,47027.0,1244,38072.0,6,8,68,95,85,80,79,35,9,2,3,8,3,4,3,1,5,4,8,9,9,2,10,4,7,10,4,7,1,9,0
1,37,25,1,4,0,3,6,6,3,15,12,27202.0,1303,36064.0,5,2,20,82,84,69,38,73,4,4,5,5,9,6,1,6,4,3,3,8,7,1,2,4,8,3,8,9,2,2,0
0,41,27,6,5,0,4,1,2,4,9,8,26252.95,1400,33691.0,10,6,76,84,28,31,67,86,6,3,8,2,9,6,4,1,9,5,10,4,10,10,4,3,10,5,3,3,1,2,1
0,43,29,6,2,0,8,2,5,1,1,5,48807.0,1397,46277.0,10,2,34,34,20,35,6,95,1,7,1,6,1,7,3,10,4,10,8,8,1,1,9,1,9,6,6,5,1,2,0
1,43,27,5,3,0,6,2,6,4,11,9,26252.95,1504,37654.0,7,4,49,8,39,13,39,63,6,1,2,2,5,5,2,2,5,1,3,2,4,7,5,1,5,5,9,10,7,6,0
1,30,30,6,3,0,1,2,4,5,6,17,111670.0,964,50432.0,4,7,44,67,4,52,5,81,2,6,4,3,10,10,8,8,6,10,1,5,8,3,6,2,1,9,5,7,5,2,0
1,43,43,3,4,0,4,4,5,3,15,6,95584.0,884,52402.0,6,8,4,4,34,80,78,62,10,6,6,5,3,7,6,2,1,2,9,2,7,9,1,2,5,1,4,10,10,9,0
1,43,35,6,3,0,3,4,7,1,2,16,66685.0,1055,12502.4,9,8,63,5,96,29,49,32,8,6,4,1,9,9,4,5,9,7,2,2,2,7,6,4,6,9,2,5,7,7,0
0,24,27,5,3,0,2,6,7,3,14,13,87374.0,1559,33088.0,3,4,58,45,16,24,10,25,1,2,9,6,1,7,6,9,3,4,6,10,2,10,2,7,4,7,3,6,1,8,0
0,27,36,3,2,0,5,4,7,4,12,8,118658.0,1208,27319.0,4,5,86,58,33,70,84,28,5,8,7,9,2,3,1,2,4,8,1,6,5,7,9,2,8,3,1,8,3,10,1
1,32,37,3,5,0,4,2,6,3,16,8,114986.0,947,38937.0,6,6,11,16,65,83,11,59,1,2,7,10,4,3,8,6,1,8,8,4,4,4,9,3,2,4,8,3,10,10,0
0,38,34,4,1,0,4,2,4,3,15,4,61405.0,846,18564.0,8,9,47,19,96,28,81,31,2,5,4,4,9,8,8,3,1,3,2,5,1,7,7,2,10,5,10,6,5,8,0
1,43,37,5,6,0,5,5,6,3,13,8,143471.34999999998,1476,31474.0,7,5,96,22,5,12,83,44,6,9,1,1,3,8,7,10,9,9,2,8,2,6,3,10,8,1,9,3,8,2,1
1,23,33,1,4,0,9,6,3,6,6,2,109664.0,1183,40111.0,3,8,66,26,93,54,15,35,7,2,2,2,9,7,10,9,2,1,4,8,4,5,3,5,2,4,6,2,1,4,0
0,22,22,6,5,0,7,1,2,4,6,11,113413.0,838,31549.0,7,5,34,47,43,83,83,32,6,5,1,7,10,3,3,5,6,8,4,1,6,3,8,7,3,5,8,4,6,2,1
1,40,20,6,2,0,5,1,2,2,11,5,44663.0,1319,30095.0,5,1,72,42,96,77,67,91,7,1,8,5,2,3,3,10,5,5,9,3,2,3,4,4,3,8,7,8,1,10,0
0,19,43,3,3,1,3,4,5,3,9,5,36173.0,1446,13381.0,3,1,54,66,34,43,30,5,1,7,10,4,8,3,2,1,5,2,4,7,3,10,2,4,9,1,6,1,9,9,0
0,38,32,4,5,0,4,3,2,5,5,9,109063.0,1552,17735.0,6,3,4,17,64,96,42,74,2,5,10,1,7,4,3,6,9,10,4,10,5,6,1,7,5,5,8,9,7,10,0
0,32,43,1,4,0,1,1,4,4,18,15,143471.34999999998,1138,51300.0,1,9,14,4,23,85,37,19,1,3,10,9,9,7,2,3,4,8,6,5,5,8,4,1,8,10,8,2,2,8,0
0,43,19,1,5,0,9,3,2,2,3,13,114098.0,1360,25994.0,7,4,57,46,96,33,18,72,10,2,4,4,4,5,6,2,7,1,6,5,5,2,3,4,1,5,10,8,9,4,0
1,33,30,3,1,0,4,3,5,6,18,5,96125.0,1419,25025.0,1,8,64,13,4,73,75,58,7,10,9,3,10,3,6,3,9,1,4,5,5,4,9,4,7,2,5,1,4,3,0
0,36,39,4,4,1,4,4,3,1,6,5,102941.0,1231,24547.0,4,8,26,56,96,4,53,47,1,6,7,6,10,3,5,8,7,6,3,9,6,3,8,10,8,8,5,5,8,1,1
1,26,25,6,1,0,6,1,3,2,18,6,112057.0,1308,20210.0,5,3,4,67,4,5,59,96,7,2,4,8,6,4,1,7,5,9,7,3,5,7,2,2,2,9,7,8,3,9,0
1,39,40,6,5,0,6,6,4,2,13,16,134108.0,1226,28204.0,6,6,23,59,10,28,53,45,9,7,9,8,1,9,8,8,3,5,5,3,6,10,9,9,4,8,4,4,6,6,0
1,43,43,2,5,0,5,4,3,3,15,14,127582.0,1172,17075.0,10,5,36,27,67,30,45,83,5,10,8,1,9,8,3,8,2,2,7,6,10,6,6,9,1,1,2,6,8,6,0
1,36,34,4,4,1,1,1,4,4,12,1,141161.0,1311,38114.0,2,6,23,43,90,68,39,67,8,5,8,3,6,6,4,5,9,10,5,1,2,7,10,7,7,1,6,4,7,9,0
0,24,21,3,4,0,1,4,6,6,5,15,26252.95,1442,57566.3,4,6,83,94,13,37,28,54,7,5,10,10,8,10,4,4,6,7,1,9,8,9,5,4,1,10,10,10,3,8,0
0,21,36,6,2,0,3,6,4,6,14,7,99461.0,1094,43293.0,7,2,32,6,82,96,66,17,4,3,7,3,4,10,7,9,3,10,7,3,7,7,1,4,8,1,5,2,7,6,1
1,20,39,3,2,0,4,4,4,4,14,4,28583.0,894,46080.0,2,1,87,10,78,12,30,15,2,8,4,3,8,3,3,8,8,9,6,5,9,4,6,9,7,3,8,8,9,4,0
1,41,42,4,3,0,10,4,7,6,6,6,28783.0,1517,37326.0,8,4,86,8,23,79,81,77,6,6,2,1,4,8,10,5,5,10,4,2,8,4,3,1,4,4,5,9,6,3,0
0,37,26,1,5,0,10,4,6,2,10,5,36392.0,1330,15989.0,6,6,90,54,45,95,17,4,2,6,10,5,8,3,5,9,3,3,7,7,3,2,10,6,5,5,8,3,8,7,0
1,28,40,2,5,0,3,2,7,3,4,11,52682.0,1466,40471.0,6,4,70,4,49,90,47,28,7,4,3,8,5,10,9,3,8,6,9,9,6,1,7,6,2,7,5,7,10,10,0
0,19,32,2,1,0,10,1,5,5,7,13,143423.0,1378,14999.0,2,3,22,43,85,63,50,81,2,10,2,4,8,8,3,8,4,1,9,4,7,10,6,10,8,6,1,7,4,1,0
1,23,26,4,5,0,1,1,7,7,3,7,108773.0,1361,50413.0,4,6,10,78,25,75,29,48,6,1,6,7,4,6,4,1,8,10,4,10,6,6,8,1,4,4,9,1,7,5,0
0,43,41,6,2,0,6,5,2,5,17,14,108583.0,1075,18765.0,5,6,34,75,34,18,83,4,9,4,1,8,10,10,8,9,7,4,9,1,6,10,10,2,10,10,10,10,4,8,0
1,28,38,4,6,0,2,1,3,7,15,4,119332.0,1082,47981.0,2,5,65,62,19,5,44,11,10,2,10,4,2,7,4,9,6,7,10,7,6,9,4,1,10,1,7,1,5,6,1
1,43,26,6,1,0,4,5,2,4,14,10,50817.0,1435,42892.0,2,1,62,70,21,14,24,41,6,7,8,5,1,9,2,7,3,9,9,9,5,3,6,10,6,6,9,3,2,6,0
0,19,31,6,2,0,1,2,2,4,11,12,39092.0,1124,57566.3,8,2,42,33,96,96,64,36,3,8,2,10,4,6,5,4,8,3,10,1,1,4,4,4,3,4,5,7,3,6,0
1,38,40,6,3,0,3,3,4,3,17,5,131151.0,906,41540.0,5,4,4,38,66,39,55,96,5,1,1,4,1,7,9,5,4,1,2,6,3,5,4,3,8,6,5,10,3,4,0
1,24,38,6,4,0,8,5,3,6,9,14,47441.0,878,30299.0,1,4,63,95,43,10,86,84,4,2,3,2,9,4,3,1,5,7,6,4,5,8,10,6,6,10,7,5,8,1,0
0,23,33,1,2,0,2,4,2,4,4,3,54000.0,1527,54236.0,2,9,38,92,96,78,5,36,6,7,1,2,1,3,7,7,6,7,1,4,4,2,3,8,9,3,10,6,10,9,0
1,31,41,6,3,0,1,4,3,5,3,6,38682.0,1077,38095.0,5,6,49,5,75,45,68,52,8,10,9,5,2,5,3,9,10,4,7,6,7,4,7,6,7,8,1,8,5,4,0
0,19,40,4,6,0,5,2,4,7,5,7,99207.0,1042,32505.0,3,3,60,44,88,94,67,31,3,6,10,7,6,5,1,9,8,5,4,2,6,6,6,3,3,6,2,9,5,8,0
0,43,42,1,5,0,9,2,2,6,7,15,83391.0,849,38352.0,8,3,84,27,26,51,51,21,7,1,10,2,1,2,2,10,9,6,8,1,9,3,6,2,2,1,9,1,3,6,0
1,21,43,2,3,0,3,4,6,7,4,1,84170.0,1468,48227.0,8,6,49,69,39,54,95,23,2,4,1,1,5,2,8,7,8,2,10,2,7,9,4,9,10,2,7,2,10,1,0
1,28,34,5,4,0,3,6,5,1,10,15,54258.0,1283,47787.0,5,5,96,22,51,32,20,10,6,2,10,8,5,3,5,10,10,9,4,1,10,7,6,1,3,9,9,5,8,5,0
1,32,30,2,5,0,4,1,1,1,13,8,97050.0,837,12502.4,4,4,96,49,40,90,61,93,7,10,7,6,7,6,1,4,10,3,4,4,10,1,8,5,7,4,8,7,10,5,1
1,35,26,2,5,0,4,6,1,7,9,6,28414.0,1490,15334.0,7,7,94,51,94,92,95,78,10,8,8,8,9,2,5,4,7,5,2,3,8,3,9,8,5,10,5,3,1,4,0
1,43,32,1,3,0,4,1,2,7,2,7,143471.34999999998,1061,47542.0,10,2,69,59,75,84,6,96,5,1,4,2,9,6,5,3,5,6,10,4,7,3,1,2,8,4,10,6,10,6,0
1,19,24,3,4,0,10,4,3,5,3,1,32340.0,841,26236.0,10,1,79,92,45,62,45,19,1,7,9,1,1,9,10,9,9,9,8,10,8,4,7,5,2,10,7,9,3,8,0
1,20,19,1,1,1,8,5,3,2,7,12,40485.0,1396,50260.0,1,1,25,93,31,27,33,96,9,8,3,2,8,4,4,3,8,3,5,4,2,4,2,9,9,1,10,6,10,7,0
0,20,19,6,3,0,8,1,1,6,18,14,104054.0,1322,50990.0,10,4,39,72,10,64,85,23,6,7,8,2,10,4,5,4,3,6,7,5,5,8,9,1,9,3,9,1,8,4,0
1,24,22,6,4,0,1,5,5,6,7,5,84613.0,934,46173.0,7,8,25,60,96,61,8,50,8,1,10,7,5,5,2,1,3,1,2,7,6,9,5,4,5,5,8,6,9,10,0
0,19,41,6,5,0,6,4,7,4,11,2,26774.0,1332,50318.0,1,3,53,76,67,35,5,74,9,10,7,10,10,3,9,1,2,9,8,9,2,7,4,10,10,10,3,3,2,7,0
1,42,26,6,6,1,3,6,1,1,16,10,28098.0,1336,22906.0,6,9,96,85,16,52,46,87,6,1,5,3,8,2,6,2,4,4,1,1,4,6,3,1,3,8,8,6,5,1,1
1,28,29,2,5,0,7,4,4,2,14,15,60569.0,1050,19238.0,3,3,43,93,25,96,49,44,8,3,4,2,5,4,4,10,10,10,8,8,10,8,9,8,9,3,4,1,10,5,0
0,23,23,4,1,0,6,6,3,2,10,14,78920.0,1181,40101.0,2,4,75,86,60,4,92,57,1,1,1,8,7,9,1,6,5,7,2,2,4,8,8,10,4,4,8,6,4,5,0
1,37,30,2,6,0,7,3,3,5,9,5,62107.0,1559,12502.4,4,7,96,6,47,39,68,24,6,1,8,3,5,7,1,8,3,4,8,1,4,4,9,2,10,5,1,8,8,6,0
1,20,43,2,5,0,8,6,2,7,4,11,92028.0,1313,55462.0,6,4,81,10,92,44,51,18,8,8,2,3,8,9,3,6,5,3,10,2,8,9,9,8,10,1,1,3,7,1,0
0,36,25,5,5,1,7,5,4,2,12,3,128675.0,1179,25493.0,5,7,49,9,43,40,59,82,8,9,10,7,8,2,5,4,5,3,2,7,8,9,4,2,2,5,8,4,2,3,0
1,19,32,3,5,0,1,1,2,5,12,14,109812.0,1209,57566.3,9,2,35,95,38,65,66,81,3,4,9,5,4,2,4,1,3,2,9,1,6,4,9,10,6,4,6,10,1,8,0
1,35,23,2,5,0,7,1,3,2,8,7,37139.0,1230,23877.0,4,3,58,4,50,90,59,50,2,7,4,10,4,4,10,3,2,8,8,7,3,2,9,2,5,7,5,4,5,2,0
1,29,43,4,2,0,2,5,5,3,12,3,106454.0,893,46094.0,4,3,96,25,42,38,75,92,9,9,3,10,9,3,4,4,4,1,9,2,4,6,9,6,4,9,8,8,2,2,1
0,27,23,1,5,0,10,4,2,4,8,17,102797.0,1530,53375.0,6,2,90,85,16,94,6,79,2,7,9,5,9,9,10,1,10,6,6,1,5,2,9,1,5,5,6,9,7,1,0
1,22,21,4,3,0,4,1,6,6,2,3,79108.0,917,25724.0,10,7,42,91,5,67,45,4,1,1,9,6,10,2,5,4,2,8,4,8,10,3,2,9,6,4,7,10,5,6,0
1,26,28,4,2,0,5,4,3,1,9,8,36367.0,1187,34550.0,4,9,16,75,24,50,8,96,1,8,5,4,6,4,1,9,5,1,1,5,9,1,10,4,7,9,4,1,6,6,0
1,19,38,3,2,0,3,3,3,6,16,17,43809.0,1122,37564.0,6,9,90,13,48,79,89,96,7,3,8,5,10,4,1,10,10,5,3,10,3,1,5,9,8,8,7,4,1,3,0
1,19,35,1,1,1,6,4,4,5,11,12,33407.0,1559,48944.0,2,3,9,76,64,20,24,4,9,3,6,7,5,9,8,10,7,2,9,5,2,8,7,7,10,3,3,6,2,1,0
0,23,20,4,1,0,3,5,3,4,17,1,128617.0,1169,33634.0,1,2,21,42,15,14,49,5,8,5,1,6,4,10,9,4,5,9,5,5,5,6,9,4,7,2,10,5,3,4,0
0,27,20,2,4,0,1,1,3,2,4,11,118384.0,1352,46864.0,4,3,30,24,4,34,13,7,2,4,4,8,6,3,9,7,10,5,2,9,3,3,2,1,9,2,3,3,9,6,0
1,35,29,4,5,0,7,1,4,4,1,11,98206.0,1278,32526.0,7,8,62,7,87,33,78,39,3,9,7,1,6,4,5,9,5,3,8,10,8,2,1,8,3,7,2,1,5,4,1
1,29,43,1,5,0,4,1,5,5,13,11,139595.0,1228,53828.0,9,3,96,92,86,86,62,31,6,10,8,4,9,7,4,10,4,3,6,2,5,10,5,3,2,7,1,6,6,5,0
0,21,38,5,5,1,3,6,7,3,10,6,26252.95,1281,57566.3,3,9,4,15,75,4,29,78,9,8,4,1,8,8,2,8,3,4,6,9,5,4,9,9,6,10,3,1,1,8,1
0,39,38,6,3,0,8,6,1,6,13,4,106610.0,973,47713.0,4,9,31,68,75,50,95,58,3,9,4,2,9,1,9,6,3,2,7,10,1,8,5,4,3,6,6,8,1,9,0
1,38,23,4,1,0,5,6,1,2,10,3,64574.0,1356,38900.0,7,2,96,72,70,66,43,64,1,10,6,7,7,8,1,6,7,3,8,5,3,1,6,5,3,5,3,3,9,7,0
0,34,38,2,3,0,5,5,3,1,4,10,127358.0,1031,48989.0,5,1,20,81,29,70,24,7,6,4,3,3,1,6,9,3,5,5,9,7,8,1,7,9,10,6,9,6,9,5,0
1,32,23,2,5,0,6,3,1,5,3,14,134413.0,1299,16426.0,10,7,25,61,96,66,32,4,5,9,10,7,5,6,6,8,2,1,3,10,5,5,2,7,9,8,7,2,7,7,0
0,23,25,4,3,0,7,2,5,6,2,1,60117.0,1243,57203.0,3,8,19,4,96,6,26,49,7,5,5,3,6,3,1,10,2,7,10,1,10,3,10,6,4,7,10,2,8,9,0
0,33,32,6,4,0,10,4,6,1,15,7,26252.95,1507,14334.0,9,6,75,27,57,5,25,69,8,9,2,1,4,9,2,6,6,5,2,8,7,2,2,10,2,1,1,4,2,6,0
0,34,35,1,6,0,9,1,5,5,1,11,132985.0,1448,54562.0,9,5,47,95,94,21,13,88,3,7,4,2,10,7,3,7,5,6,10,1,7,8,6,5,5,5,2,10,1,4,0
0,20,37,4,3,0,8,3,3,4,12,9,103807.0,1266,21338.0,5,9,48,73,96,44,11,79,6,5,6,10,1,5,8,3,6,10,7,10,4,3,10,9,3,9,4,3,5,3,0
1,27,33,5,2,0,6,2,6,2,15,12,104470.0,837,31775.0,5,4,4,37,44,54,94,29,4,2,2,6,2,1,6,3,4,5,8,1,4,4,5,9,7,6,9,10,7,2,0
0,22,23,5,2,0,5,3,7,3,18,16,128071.0,920,35490.0,3,4,72,37,5,85,60,73,9,6,5,10,4,4,10,7,2,4,8,1,6,5,4,5,4,3,2,4,7,2,0
0,31,38,3,1,0,1,6,7,4,6,4,38966.0,1217,35125.0,8,4,16,54,68,78,54,74,3,6,6,8,9,9,8,2,9,9,4,1,3,4,1,5,6,5,7,8,7,10,0
1,43,34,4,6,0,8,4,3,6,12,10,133865.0,913,38262.0,2,7,59,71,30,66,30,85,6,3,7,1,1,10,7,5,1,5,3,1,4,6,1,3,9,10,5,8,1,1,0
0,38,26,5,3,0,4,2,3,3,5,15,110348.0,842,45646.0,10,8,37,40,33,45,12,20,7,3,7,10,9,9,1,6,4,5,1,5,2,5,10,10,5,2,5,5,2,9,0
0,30,36,4,6,0,3,2,2,2,11,4,49057.0,932,28520.0,3,5,59,73,49,92,65,89,5,3,10,2,8,6,7,8,9,2,9,6,8,10,1,4,6,3,10,7,7,2,0
1,43,35,1,1,1,6,4,3,3,5,1,86104.0,1156,49729.0,8,1,46,44,38,34,52,4,10,8,1,3,7,1,10,10,2,8,9,6,3,3,3,9,3,2,1,8,3,9,0
0,23,42,5,1,0,9,5,4,4,2,9,84037.0,1227,22728.0,6,8,54,17,84,69,81,94,6,3,3,9,8,9,1,6,3,8,2,4,5,7,1,8,7,3,9,10,4,9,0
1,29,40,1,1,1,10,2,6,1,16,3,94007.0,877,50839.0,9,1,17,72,83,23,5,73,10,1,8,9,6,10,1,6,3,10,6,4,6,2,8,2,10,9,10,1,9,9,1
1,43,22,4,5,0,8,1,6,3,11,12,33474.0,1185,13384.0,6,1,88,42,81,11,55,36,1,2,9,7,8,8,5,8,2,10,8,9,2,3,8,1,7,8,4,6,4,1,0
1,25,23,1,1,1,1,6,7,6,4,17,108499.0,1175,50234.0,8,4,15,72,32,50,30,86,3,10,10,2,2,7,2,7,1,7,10,7,8,2,5,9,10,6,4,1,10,6,1
1,22,29,3,3,1,9,6,6,6,8,7,82630.0,950,53276.0,9,6,4,64,21,88,8,19,4,9,9,2,7,2,1,4,10,7,8,6,8,3,1,1,9,2,1,4,9,1,0
0,32,28,6,3,0,4,5,4,7,12,9,65106.0,1428,32688.0,8,5,38,73,4,24,48,4,8,9,2,3,5,3,4,2,3,8,1,1,7,9,9,1,1,4,9,2,4,2,1
1,43,33,3,6,0,5,1,7,7,7,4,28360.0,1416,29398.0,5,6,89,61,64,66,79,88,9,1,1,6,6,10,3,1,5,2,2,4,8,10,4,5,4,3,8,9,10,6,0
0,33,37,5,1,0,6,5,6,2,1,12,47225.0,1468,23857.0,1,4,28,73,30,96,67,40,2,7,5,5,9,1,5,4,7,3,2,7,9,9,8,5,9,10,6,1,1,9,1
0,19,34,3,5,0,8,1,4,5,15,14,28388.0,1528,29940.0,9,3,47,62,71,6,77,31,1,3,3,2,7,2,6,3,1,5,8,3,4,6,4,8,8,7,6,4,2,4,0
0,33,37,1,3,0,8,6,1,4,5,15,122050.0,1223,52794.0,3,8,49,11,19,60,50,22,4,1,7,7,7,6,8,5,9,7,7,10,5,8,8,7,10,9,5,5,3,5,0
0,22,26,5,1,0,7,1,1,4,14,13,135838.0,1093,26937.0,10,2,85,95,65,47,17,95,6,5,7,8,6,2,9,7,5,4,8,2,10,10,8,3,7,2,4,1,10,4,1
0,20,19,4,5,0,2,2,3,2,6,12,135340.0,902,24648.0,10,8,80,59,69,53,70,48,10,10,1,3,5,6,3,10,6,8,2,3,7,9,10,4,9,9,7,1,5,1,0
0,37,43,2,2,1,8,1,1,4,16,5,124483.0,1067,21620.0,6,7,22,33,24,23,37,57,8,6,3,8,6,2,3,2,2,2,10,7,1,4,3,8,6,1,3,8,9,7,0
0,32,20,4,2,0,9,2,1,4,10,16,33986.0,902,46847.0,8,2,19,29,84,52,5,66,10,1,9,5,9,9,8,8,7,8,8,2,3,4,9,9,1,6,6,2,6,2,0
0,30,38,3,2,0,2,3,7,3,9,13,48330.0,1559,40293.0,7,5,4,32,20,74,95,4,3,5,8,2,3,3,1,10,7,7,2,3,8,1,9,2,2,8,1,8,8,1,1
0,41,40,3,5,0,7,6,6,5,16,9,47303.0,837,12502.4,1,4,25,14,4,75,39,78,6,6,2,7,1,4,6,5,3,9,8,9,8,10,10,6,5,3,3,1,1,5,0
0,33,26,5,1,0,3,5,5,6,9,12,85038.0,923,57566.3,6,7,44,39,66,16,37,47,10,6,1,7,9,7,10,7,2,7,2,3,7,5,10,4,10,6,8,3,7,10,0
1,40,39,2,6,0,6,4,6,4,1,16,141194.0,1400,51320.0,4,2,92,59,18,95,35,57,8,10,10,3,4,8,5,4,8,4,2,8,7,5,6,3,8,2,5,4,2,3,0
1,28,36,5,5,1,10,3,5,1,18,2,137407.0,994,15907.0,9,5,27,87,95,33,74,76,2,5,3,5,3,9,7,5,9,4,9,3,8,7,6,1,10,5,2,2,10,10,0
1,38,30,3,1,0,10,6,6,4,11,9,57106.0,1164,23025.0,4,7,77,71,88,29,48,70,2,2,4,9,7,8,6,10,10,3,1,4,2,3,4,1,4,10,7,4,4,10,0
0,19,40,2,4,0,3,3,6,7,4,6,75966.0,1246,31552.0,2,7,22,49,4,4,40,72,8,8,2,4,7,3,8,1,8,4,4,7,6,10,2,4,9,8,4,1,9,4,0
1,39,31,6,4,0,9,6,3,7,9,5,76295.0,1047,53191.0,10,7,51,81,42,34,5,27,7,2,6,5,3,3,5,7,2,2,9,5,8,8,2,8,6,3,7,1,1,8,0
1,43,37,5,3,0,6,4,5,3,3,7,34002.0,1170,57566.3,1,8,56,34,28,35,10,67,7,6,1,7,1,1,5,7,6,9,10,2,4,1,2,10,6,9,1,7,6,8,0
1,23,36,5,1,0,9,1,4,3,3,11,132723.0,1232,42563.0,6,4,5,13,85,96,81,14,10,8,10,10,9,3,5,5,10,1,2,9,5,3,2,7,3,3,6,9,9,1,0
0,43,40,1,3,0,9,5,3,4,12,13,106054.0,1299,49048.0,7,2,96,22,68,94,95,35,4,5,6,9,10,5,7,2,7,4,8,7,2,8,4,5,8,10,1,10,9,1,0
0,43,43,4,1,0,8,5,7,4,11,3,122368.0,958,20647.0,7,7,79,74,37,33,45,27,7,3,3,10,5,1,9,1,5,9,2,5,5,7,2,5,9,8,1,9,5,3,1
0,43,43,5,2,0,4,1,2,1,10,17,72001.0,1498,12502.4,10,4,4,49,35,36,80,53,3,4,9,2,7,2,10,1,5,6,1,8,9,10,3,7,8,8,9,5,5,9,0
0,23,24,4,1,0,6,3,2,5,4,13,100287.0,974,29663.0,2,7,96,82,42,17,68,88,7,5,5,4,2,6,2,9,5,1,9,6,10,1,8,5,8,4,3,6,5,4,1
1,31,21,2,2,1,1,3,3,2,9,4,102921.0,1209,53722.0,7,7,68,58,70,34,76,55,1,6,2,8,10,4,8,8,9,2,4,6,10,1,4,10,4,8,1,7,10,2,0
1,42,29,2,2,1,5,1,4,5,5,12,138183.0,1382,42727.0,4,2,65,74,83,72,95,58,10,7,8,2,8,2,4,1,2,6,3,8,4,7,7,9,1,7,1,10,4,2,0
1,28,40,4,5,0,10,1,6,3,3,14,63799.0,1271,55145.0,2,2,22,8,96,95,91,82,1,1,3,10,2,9,6,5,6,3,4,3,3,5,9,6,7,6,7,7,10,4,0
1,25,43,2,4,0,3,2,2,6,16,14,91232.0,1491,46073.0,9,7,74,84,94,67,9,84,8,10,2,2,8,6,3,6,10,9,1,6,9,2,8,5,4,9,8,9,1,9,1
0,25,31,1,5,0,9,3,5,3,9,7,49969.0,1365,51424.0,10,5,96,81,12,76,65,66,3,10,9,8,10,3,1,6,3,5,2,10,2,10,3,2,4,9,3,8,1,4,0
0,19,19,6,6,1,3,2,7,3,6,9,115523.0,924,12502.4,5,5,44,95,16,75,5,4,5,3,6,6,6,6,6,10,9,1,1,3,8,3,7,2,3,4,1,10,8,3,0
0,38,19,2,5,0,6,1,2,3,11,17,76120.0,1090,42714.0,5,9,59,90,12,36,5,53,6,2,1,6,10,10,4,1,5,5,2,8,8,2,6,2,4,9,2,6,6,2,0
1,24,35,4,5,0,6,1,7,4,12,8,140249.0,862,17061.0,9,8,86,31,9,92,55,61,4,3,8,4,10,3,4,1,3,1,6,4,10,7,10,5,5,7,6,6,1,9,0
0,23,37,3,4,0,9,6,1,4,17,8,26252.95,1500,48259.0,6,6,21,29,4,51,69,67,8,9,7,8,6,7,5,1,9,2,4,4,5,6,4,10,3,6,2,9,3,5,0
0,38,25,5,1,0,10,5,5,4,16,2,79432.0,855,54673.0,4,8,75,29,77,73,41,36,7,1,3,7,3,7,9,4,3,2,3,4,5,3,4,7,7,7,1,8,1,4,0
1,25,20,4,6,0,5,4,1,7,15,6,123979.0,1553,33685.0,10,7,50,84,26,12,5,96,10,9,7,4,5,10,5,5,6,9,8,1,3,9,8,7,5,10,4,7,8,1,0
1,36,43,1,4,0,8,2,5,2,12,5,29293.0,1081,36480.0,3,3,10,75,72,22,18,96,9,4,1,1,3,1,10,8,8,4,1,2,10,4,5,3,8,7,1,9,8,2,1
0,39,23,5,4,0,2,5,2,2,2,6,114020.0,1350,15743.0,7,9,38,66,48,68,66,85,9,8,9,5,1,3,1,7,2,10,7,1,10,4,7,1,3,9,4,10,5,5,0
0,38,39,3,4,0,3,2,2,1,6,10,98718.0,1492,41215.0,9,6,93,30,24,51,51,76,4,10,3,10,6,4,10,9,4,6,7,5,4,2,6,4,8,7,10,7,9,5,0
0,41,30,4,2,0,9,4,5,7,2,11,60432.0,1451,56593.0,5,9,4,66,84,33,64,47,3,3,7,4,10,1,10,9,10,7,3,7,2,8,10,10,6,1,3,9,5,3,0
0,37,26,6,4,0,8,5,1,3,16,13,51394.0,1559,52561.0,5,6,34,7,5,38,95,64,3,9,8,3,2,2,8,5,7,9,8,3,4,9,8,7,4,5,6,3,5,4,1
0,25,26,3,3,1,7,2,7,7,17,16,31513.0,1049,29238.0,8,1,17,72,59,47,16,16,5,4,2,8,6,8,9,4,1,9,10,3,3,10,7,6,3,3,4,3,8,8,0
0,43,37,4,5,0,8,5,4,5,9,2,126200.0,1559,43553.0,6,8,60,4,92,14,72,8,8,4,6,9,7,5,6,3,3,5,2,1,5,2,4,3,3,5,5,8,5,6,0
1,31,26,1,6,0,7,5,1,6,9,8,87900.0,1098,18466.0,7,5,78,93,34,8,65,96,5,5,7,8,4,4,9,9,10,1,4,5,5,9,3,1,4,7,5,2,1,8,0
1,35,32,4,5,0,2,6,7,5,1,14,45117.0,1093,36134.0,2,2,12,74,37,60,5,40,3,10,8,6,3,1,8,8,1,3,7,4,9,2,9,5,5,8,1,5,9,7,0
1,42,30,2,2,1,8,3,7,1,3,12,76902.0,1241,13810.0,5,1,96,67,18,80,95,68,10,5,7,7,7,3,5,1,6,1,5,3,8,1,7,1,5,10,10,7,1,1,0
0,33,39,5,4,0,3,4,5,3,7,13,27183.0,1414,52817.0,1,4,64,72,87,4,86,80,2,1,6,6,2,4,1,7,6,10,9,6,4,1,7,10,4,9,9,4,8,5,0
1,26,33,1,1,1,4,6,4,3,1,4,76588.0,1520,53296.0,1,7,16,70,58,96,36,59,9,10,1,5,5,7,7,6,1,7,2,6,1,8,9,1,5,9,1,10,8,8,0
0,32,19,5,4,0,1,4,4,1,7,11,77207.0,1256,57566.3,9,6,47,43,28,4,45,54,2,10,7,8,1,2,7,8,9,5,6,4,2,4,1,6,3,8,5,3,7,1,0
0,43,43,4,4,1,8,2,2,4,5,9,122886.0,910,48230.0,6,4,48,77,71,4,40,49,9,7,10,2,9,5,9,7,7,3,3,7,6,5,2,2,5,1,4,3,9,1,0
1,27,31,2,5,0,8,2,6,6,18,2,52978.0,1034,42418.0,8,9,96,23,96,47,30,92,10,1,5,7,5,8,3,2,3,6,4,1,9,3,1,7,9,9,10,9,5,3,0
0,39,43,4,3,0,4,6,7,2,11,4,105140.0,1329,39977.0,2,1,53,59,90,37,13,55,5,7,7,7,8,10,8,3,3,10,7,5,9,2,1,10,5,1,4,6,6,4,0
0,33,23,4,1,0,9,2,4,6,7,9,81262.0,1459,53836.0,5,6,39,71,46,73,28,5,6,3,10,10,7,2,6,1,7,3,3,2,9,2,9,6,6,10,3,2,6,5,0
1,21,19,4,2,0,4,3,7,4,3,10,47234.0,1198,14367.0,1,7,95,6,69,50,86,94,8,2,7,8,2,8,5,10,6,6,1,5,1,3,10,10,3,6,2,9,3,1,0
1,37,25,6,2,0,10,3,7,3,15,7,34257.0,972,17123.0,7,2,93,72,36,27,76,63,9,5,1,7,3,8,5,10,7,8,3,1,10,6,1,8,8,1,9,2,8,3,0
1,30,21,1,2,0,10,6,4,6,18,10,39625.0,1536,38346.0,6,8,20,95,96,96,76,4,2,3,6,7,8,5,4,9,2,3,6,3,6,7,8,4,8,5,5,2,3,1,0
0,39,38,2,2,1,10,6,4,3,7,5,133422.0,1215,48672.0,7,5,78,35,28,72,5,32,3,10,5,4,3,10,10,3,3,7,2,9,7,4,7,1,5,4,1,10,10,3,0
1,22,41,3,2,0,7,5,1,5,15,1,82010.0,1293,44363.0,7,3,77,38,4,25,32,64,8,8,5,10,4,4,5,5,2,10,5,9,6,3,1,8,1,7,4,1,7,3,0
1,39,31,4,4,1,5,1,7,1,9,10,111670.0,1163,33204.0,8,9,38,68,64,55,16,93,8,5,7,1,7,2,10,1,1,9,8,9,6,2,1,2,6,2,4,5,4,10,0
0,24,28,3,2,0,6,3,7,6,4,6,48865.0,1547,12837.0,9,7,11,56,96,5,14,66,5,7,3,7,4,5,1,2,1,6,5,4,9,10,2,6,9,5,2,9,8,2,0
1,40,41,1,4,0,8,1,7,5,7,9,90099.0,1428,21919.0,8,7,20,60,87,13,74,38,8,2,6,7,4,5,5,4,9,7,8,7,8,2,6,2,8,3,1,9,3,6,0
1,26,31,6,4,0,7,1,3,3,7,10,142857.0,1559,55004.0,7,4,76,53,48,29,82,96,6,5,5,2,4,8,7,7,10,6,8,8,4,7,8,4,8,1,8,1,2,7,0
1,25,29,4,3,0,4,3,1,4,6,4,96194.0,1419,57566.3,7,8,21,33,48,17,45,49,10,9,3,7,9,5,2,10,5,1,4,4,7,3,5,9,7,3,6,5,4,6,0
0,33,33,1,5,0,3,5,5,1,12,10,33183.0,1315,49258.0,8,2,76,45,57,85,16,89,10,2,6,10,4,5,10,8,6,1,5,3,8,5,3,9,4,3,7,4,3,8,0
0,23,23,5,4,0,3,1,1,1,13,15,113875.0,1559,29634.0,7,5,89,95,83,45,81,16,7,9,6,6,3,5,9,5,5,10,6,3,10,10,5,8,10,2,5,10,3,2,0
0,33,37,6,4,0,2,3,1,6,5,7,50028.0,1559,35199.0,4,5,63,31,71,4,54,34,9,7,6,8,4,4,3,5,8,10,2,6,5,5,5,3,8,9,7,8,9,3,0
0,23,19,4,5,0,3,5,1,1,14,2,122657.0,1485,30829.0,6,7,49,7,53,95,87,86,3,1,4,6,6,4,2,2,6,9,9,9,5,1,5,6,8,5,10,3,5,4,0
1,31,29,3,3,1,5,4,4,6,16,2,65441.0,894,36248.0,10,6,72,74,96,37,45,7,9,4,5,1,3,5,2,2,2,3,10,2,10,8,10,9,2,5,2,4,2,6,0
0,38,24,2,4,0,3,3,6,6,5,16,99822.0,1026,51093.0,4,3,22,72,29,5,43,69,4,8,6,5,4,4,1,9,10,8,8,1,3,2,4,8,6,1,10,4,10,10,0
0,19,25,5,6,0,4,5,1,1,5,8,66409.0,1559,29947.0,4,6,12,10,17,57,61,42,3,3,7,1,7,1,6,4,8,10,10,8,8,3,6,2,3,10,2,6,6,3,0
1,42,26,4,2,0,3,4,1,2,16,8,140216.0,1552,51931.0,3,6,94,18,71,93,35,83,6,10,3,10,5,10,3,2,8,3,9,10,8,4,4,10,10,6,4,2,10,8,0
1,26,19,6,2,0,3,1,6,5,10,6,57724.0,894,51084.0,8,5,80,90,20,96,39,91,10,10,5,3,5,3,5,3,9,6,9,3,3,1,3,1,9,8,8,5,3,4,0
1,42,34,1,1,1,4,3,1,3,13,2,60785.0,964,15814.0,2,8,44,75,36,62,66,84,6,3,5,4,10,5,2,7,4,10,5,9,1,1,4,8,4,5,7,4,1,6,0
0,43,37,3,2,0,2,6,6,6,6,6,88154.0,1079,28544.0,10,4,27,56,75,21,32,26,7,4,3,10,9,4,7,3,2,2,1,1,7,10,10,6,1,7,7,6,1,6,0
0,41,30,2,3,0,6,5,2,6,10,1,133898.0,934,31728.0,7,9,96,33,24,43,94,30,3,8,7,2,7,6,2,1,1,9,4,8,4,2,2,2,2,4,10,1,7,9,0
0,30,22,3,2,0,6,6,5,7,7,5,75701.0,1276,53041.0,7,4,93,80,13,26,56,88,2,4,6,7,10,7,7,2,5,9,7,4,4,6,5,5,9,3,4,4,9,3,1
1,43,27,6,6,1,2,1,7,5,12,5,26252.95,1522,40067.0,7,6,69,46,67,17,5,19,9,7,9,1,5,10,1,5,6,3,4,9,3,4,6,9,2,9,9,1,8,2,0
1,36,29,5,3,0,9,1,2,6,11,4,37398.0,1514,51818.0,6,9,60,66,22,54,91,12,3,4,6,1,4,1,3,10,4,6,3,9,6,4,9,9,5,10,7,2,7,5,1
0,34,34,6,2,0,4,2,4,2,16,1,55536.0,1405,55817.0,2,5,85,72,31,93,74,71,10,9,5,9,2,8,5,1,3,2,1,8,7,7,10,8,8,2,5,7,3,5,0
1,28,38,6,4,0,4,4,3,3,16,6,42762.0,1141,23647.0,4,3,28,30,93,22,61,16,10,5,6,2,5,1,6,2,10,10,10,3,3,5,2,8,5,1,6,6,1,2,0
1,25,23,3,6,0,7,1,4,6,3,9,121575.0,1076,22160.0,9,1,32,95,92,41,49,32,6,9,6,2,4,4,9,6,7,2,9,4,3,2,9,1,2,2,1,1,10,6,1
1,40,20,1,3,0,10,5,3,1,9,17,74431.0,1089,20987.0,8,7,75,93,59,77,51,16,6,7,1,3,7,5,3,7,3,3,2,6,4,2,5,7,7,9,3,4,8,6,0
0,22,32,3,1,0,7,1,5,2,17,4,73513.0,1205,24783.0,10,4,44,65,87,16,29,83,1,4,3,1,9,9,9,2,3,9,8,1,10,9,10,7,1,7,10,9,7,9,0
1,27,24,5,3,0,1,5,5,6,13,16,118164.0,1552,26921.0,5,7,37,79,42,4,95,43,4,1,5,10,3,9,10,4,9,7,6,5,3,5,9,7,1,9,9,8,3,6,1
1,24,23,1,6,0,1,6,7,3,10,4,105448.0,1480,47186.0,7,7,55,94,67,32,19,84,6,1,4,3,2,1,3,7,3,1,7,9,1,7,5,5,10,8,8,6,6,1,0
0,27,21,3,3,1,6,1,1,1,16,10,46211.0,1329,20701.0,3,1,86,93,44,19,78,44,1,6,1,7,2,8,4,9,6,8,4,6,6,3,10,9,3,6,7,3,2,3,0
0,21,36,5,6,0,6,6,2,4,10,16,26252.95,1201,21990.0,4,8,36,93,67,4,21,19,1,7,1,4,2,1,2,5,8,4,1,10,2,6,7,10,8,6,9,1,10,4,0
1,26,22,5,1,0,10,1,6,7,4,2,81793.0,1243,15167.0,10,5,65,38,4,68,22,26,4,7,4,4,6,7,1,3,10,1,10,10,2,3,1,4,4,10,8,3,10,10,0
1,43,20,3,4,0,2,3,3,2,9,8,34702.0,847,57566.3,7,5,96,95,32,81,46,91,8,10,3,2,4,8,9,3,2,1,10,5,4,10,7,8,2,2,5,1,4,7,0
0,43,43,6,5,0,7,3,7,2,15,2,143471.34999999998,1338,18929.0,5,7,5,23,67,13,13,55,6,6,5,4,8,10,8,3,1,4,4,7,10,7,1,2,1,3,9,10,6,9,0
0,31,42,4,2,0,1,1,1,1,4,12,99713.0,1052,38110.0,6,8,18,75,80,73,91,96,1,4,9,2,7,5,3,6,6,7,4,4,2,1,2,7,2,7,10,8,4,3,0
1,19,26,4,2,0,5,3,2,6,16,12,104306.0,1324,41229.0,8,6,51,6,71,71,95,4,6,1,4,4,2,2,6,9,2,4,1,4,7,2,1,5,3,2,9,7,10,4,0
1,42,23,6,1,0,5,2,2,5,12,13,36231.0,1110,13339.0,9,3,33,95,8,61,29,53,5,9,2,1,1,3,10,4,2,10,3,9,4,7,6,4,7,6,10,8,5,4,0
1,26,30,6,5,0,5,2,6,2,7,4,131746.0,909,35499.0,10,6,6,73,96,53,57,34,9,6,1,4,10,7,7,9,6,6,7,10,4,2,8,6,5,2,6,10,6,7,0
1,38,43,2,5,0,1,1,2,6,16,9,38770.0,1194,34791.0,6,7,92,41,21,88,28,9,8,3,3,9,1,3,2,7,4,8,5,2,7,5,4,3,4,8,1,4,2,8,0
0,43,39,1,5,0,6,5,2,5,7,2,79837.0,1250,48075.0,1,4,37,49,90,86,79,58,1,1,5,3,2,7,3,6,8,10,1,8,9,2,5,4,7,10,7,7,3,3,0
1,19,37,6,3,0,8,6,1,1,3,17,77940.0,1311,15701.0,2,5,96,57,4,4,76,21,10,3,3,2,9,1,8,9,10,4,9,3,4,4,9,8,4,5,7,6,10,1,0
1,40,21,3,4,0,9,4,1,2,6,12,43074.0,1345,19449.0,1,4,96,77,80,75,53,21,5,7,3,1,2,3,8,10,2,2,5,9,9,2,10,6,3,6,8,3,9,2,0
0,27,19,4,5,0,3,1,7,2,12,13,47990.0,1211,52526.0,1,8,15,4,32,77,5,33,9,3,10,3,10,3,9,9,9,6,5,3,4,1,10,8,1,1,9,1,9,10,0
1,27,43,5,6,0,7,5,2,5,13,11,85300.0,1467,33697.0,4,6,10,80,14,88,13,65,3,2,4,7,7,4,6,8,7,10,1,7,1,7,8,3,9,4,8,3,7,7,0
0,37,21,2,3,0,8,3,5,4,12,9,26252.95,893,44794.0,4,7,96,95,60,10,17,62,6,7,7,1,9,2,1,7,4,1,2,10,5,8,6,8,10,1,10,1,7,8,0
1,42,25,1,1,1,8,4,5,3,11,5,78915.0,837,51508.0,7,3,96,7,94,49,69,72,3,10,8,9,3,3,8,5,1,2,9,1,8,9,9,9,1,7,8,7,8,8,1
1,39,30,3,4,0,2,2,5,7,14,4,62786.0,1558,12502.4,4,2,63,21,64,55,88,32,10,8,4,8,3,2,6,4,1,3,6,6,9,6,4,9,10,5,3,9,4,9,0
0,20,27,4,4,1,6,5,3,3,6,3,108778.0,1351,46369.0,1,2,7,62,81,77,77,62,4,4,5,5,1,3,3,7,10,3,5,2,6,6,1,4,9,5,2,5,5,4,0
0,23,35,4,6,0,10,6,1,3,18,2,29271.0,855,41628.0,1,2,31,27,96,74,5,76,5,9,4,5,7,3,4,8,1,1,8,10,7,9,6,7,9,8,2,5,2,8,0
1,43,26,3,2,0,1,5,3,3,9,15,63441.0,845,33285.0,3,1,73,29,35,62,43,96,3,8,8,8,4,9,10,2,4,7,9,10,5,10,2,1,4,1,6,4,3,3,0
1,23,19,3,2,0,6,4,4,7,2,13,30737.0,1159,20449.0,3,9,19,49,25,22,66,21,5,8,4,8,9,3,8,4,4,9,4,5,8,7,1,5,3,8,7,6,2,3,0
1,38,30,4,4,1,2,2,6,2,18,8,26252.95,936,40103.0,5,7,42,75,76,36,82,31,7,8,5,8,9,3,4,7,1,2,8,6,8,9,9,5,5,9,10,3,5,6,1
0,19,35,2,6,0,10,5,5,5,9,1,115040.0,1189,26155.0,5,9,14,85,27,57,83,76,5,1,8,10,7,3,2,8,8,1,10,3,1,8,8,4,8,9,10,3,4,9,0
1,43,32,4,4,1,6,4,7,3,8,10,143471.34999999998,837,26409.0,4,8,29,82,13,48,58,16,2,9,6,10,1,8,10,3,1,5,1,2,6,3,4,6,5,3,5,6,5,1,0
0,43,19,5,1,0,7,5,4,2,8,3,136862.0,867,13462.0,9,9,77,22,46,42,73,64,9,3,4,4,2,5,8,1,7,9,7,6,3,8,8,7,7,5,8,5,2,3,0
0,35,28,2,1,0,9,2,6,4,9,16,121792.0,1310,37336.0,7,9,92,12,13,38,45,24,4,10,7,6,7,1,9,4,1,7,10,4,8,1,4,7,10,10,7,9,1,2,0
1,40,31,3,6,0,9,4,2,2,6,6,85214.0,844,53740.0,4,6,70,59,95,18,24,87,9,9,2,3,9,6,6,5,9,5,10,7,10,5,1,3,8,4,1,3,2,9,1
0,19,39,3,1,0,5,4,6,5,5,3,94481.0,1498,12502.4,8,9,68,23,4,23,23,82,2,1,3,9,8,2,10,4,1,7,7,10,1,3,7,8,1,7,9,3,7,9,1
1,29,32,6,1,0,3,4,1,6,13,5,36239.0,1397,23490.0,9,7,83,25,96,50,5,54,10,1,6,9,10,7,1,5,8,6,2,8,3,10,9,5,2,4,8,7,8,4,0
1,39,31,4,6,0,6,2,7,4,7,16,104416.0,1554,50760.0,10,4,4,95,4,83,41,81,2,5,5,4,10,10,7,4,7,9,8,4,3,4,6,3,2,9,2,9,1,2,0
1,22,33,2,1,0,4,3,3,2,11,1,143471.34999999998,1172,12502.4,8,2,49,60,37,52,94,43,3,9,6,9,9,5,7,8,1,2,4,3,2,1,9,4,6,8,7,5,9,2,0
1,37,40,2,2,1,8,6,4,1,13,13,143471.34999999998,1281,15484.0,7,7,48,37,69,47,60,96,7,9,10,3,9,4,2,3,7,3,1,3,7,6,2,10,3,6,2,2,2,2,1
1,24,32,4,3,0,4,6,6,5,15,8,85024.0,837,40187.0,4,9,38,78,69,38,45,81,4,4,9,10,2,4,6,4,3,7,10,8,4,7,3,3,6,9,4,10,4,10,0
0,41,36,2,1,0,5,6,7,5,7,10,56148.0,941,55344.0,9,6,56,39,16,14,95,42,9,5,2,8,2,7,7,7,8,9,1,6,5,6,5,2,7,1,10,10,5,10,0
0,33,43,2,3,0,10,4,1,5,14,3,93497.0,1198,53798.0,3,9,50,78,19,40,33,54,6,3,9,3,9,10,7,1,2,7,7,4,7,4,1,1,5,1,4,6,5,1,1
1,37,26,2,1,0,3,4,1,4,14,15,26252.95,1450,28717.0,1,3,43,90,60,61,78,4,6,3,2,7,6,6,2,10,4,9,5,10,8,5,4,7,4,10,8,9,6,3,0
1,19,22,6,2,0,2,3,6,2,13,3,33088.0,1052,55973.0,7,1,11,23,96,89,26,51,6,3,5,7,2,3,6,5,9,2,2,10,1,9,6,3,5,2,10,9,2,4,1
0,19,22,4,4,1,2,6,2,3,4,17,143471.34999999998,842,57566.3,7,3,49,11,95,6,89,83,7,2,7,3,6,10,4,8,5,6,6,7,4,10,7,1,8,3,5,6,1,1,0
0,34,28,1,2,0,5,3,3,5,16,7,75365.0,960,14080.0,8,2,7,74,71,72,83,79,8,9,7,5,7,10,8,10,3,6,9,6,2,3,9,5,10,6,7,1,1,3,0
0,43,37,6,5,0,10,2,7,7,6,1,36499.0,1171,13676.0,6,5,96,68,6,37,55,8,10,3,10,4,3,3,9,1,4,6,2,1,4,6,7,6,7,8,7,10,7,7,0
0,19,42,6,4,0,3,6,3,4,7,13,77215.0,1132,17838.0,3,9,32,70,19,86,78,44,5,9,4,5,6,6,6,3,2,4,6,3,7,4,6,1,7,10,3,7,1,6,0
1,38,41,1,3,0,10,3,7,7,12,13,125984.0,837,16538.0,8,3,93,37,60,14,38,80,3,6,1,4,3,4,1,8,7,10,10,4,1,5,6,4,9,3,5,5,1,6,0
1,37,21,4,5,0,4,6,4,2,15,3,52559.0,1450,54261.0,9,2,58,40,23,92,5,63,8,9,5,2,8,7,7,7,8,6,3,8,9,5,10,8,8,6,8,8,7,9,1
0,30,37,3,2,0,4,1,6,4,2,11,116490.0,1252,29882.0,9,3,18,5,18,42,65,68,8,7,3,3,7,2,3,2,10,5,9,5,1,3,9,1,7,7,2,4,8,10,0
1,26,35,3,6,0,5,6,4,3,6,10,53128.0,1099,35153.0,5,6,62,27,55,20,27,84,10,4,5,3,8,8,2,6,3,1,9,1,3,7,2,8,8,2,7,7,10,8,0
0,32,42,2,2,1,1,2,5,2,7,4,116004.0,994,14267.0,6,3,29,95,66,38,35,49,8,5,8,1,2,3,6,6,10,8,9,3,9,6,2,8,8,10,3,2,3,5,1
1,20,20,2,5,0,6,6,5,5,13,3,143471.34999999998,1559,42159.0,9,7,23,52,70,14,81,33,6,8,4,1,4,7,3,7,5,9,6,10,5,2,6,3,10,2,8,10,3,6,0
0,31,21,4,2,0,7,5,4,6,15,2,28397.0,1337,23222.0,2,5,23,49,71,47,66,53,7,2,6,3,3,1,10,5,5,7,4,1,9,2,9,1,9,6,1,8,4,9,0
1,40,31,4,1,0,7,3,5,2,16,3,53774.0,1417,12502.4,4,6,11,45,21,13,12,49,6,2,9,4,9,1,4,5,9,7,7,1,10,1,10,1,5,3,5,1,5,6,1
0,28,24,6,4,0,6,4,4,7,5,3,143471.34999999998,837,12672.0,3,4,71,8,8,14,15,37,9,2,10,8,6,4,8,5,5,5,4,3,7,1,4,6,2,9,1,5,10,3,0
0,41,43,2,3,0,6,3,2,7,10,17,43436.0,837,12502.4,10,6,85,81,53,96,29,53,8,10,9,7,6,4,1,6,1,9,1,4,9,3,3,7,7,8,3,7,2,8,1
1,39,25,6,5,0,4,6,3,4,11,4,26252.95,1191,47362.0,10,5,86,11,38,70,72,96,2,10,9,4,2,7,7,2,6,10,10,5,5,9,4,4,3,1,2,5,9,2,0
0,29,41,5,5,1,10,3,5,7,15,8,26252.95,977,15264.0,6,9,39,69,96,12,17,7,1,8,4,9,4,4,3,7,2,7,4,3,8,6,4,10,6,3,3,8,10,3,0
1,30,33,3,6,0,5,3,5,3,16,17,71284.0,1054,51008.0,2,6,86,18,15,5,32,90,8,1,7,1,9,4,4,9,3,4,9,4,9,10,4,9,3,9,10,10,5,3,0
1,43,37,5,5,1,6,2,5,1,14,6,132395.0,1252,39181.0,2,1,35,94,20,72,16,78,1,5,6,9,2,4,9,7,10,6,6,9,1,8,3,8,6,9,7,10,9,8,0
0,30,32,3,2,0,2,3,1,6,9,2,74972.0,1496,18326.0,10,4,75,33,23,23,18,51,6,9,4,2,9,4,10,10,9,4,6,2,7,9,4,3,8,4,9,4,10,4,1
1,19,24,2,5,0,10,1,4,3,5,16,140483.0,940,22960.0,6,1,68,15,25,71,56,7,9,9,3,10,8,4,6,5,4,2,6,3,8,5,8,2,4,10,3,4,6,9,0
1,41,43,4,6,0,10,1,1,6,12,6,26252.95,1310,34068.0,8,7,4,35,78,41,31,9,8,9,5,9,10,9,3,6,9,4,7,3,1,1,10,9,9,6,1,2,8,2,0
1,27,34,1,3,0,6,6,6,4,14,1,118472.0,1282,16650.0,6,6,42,52,67,75,41,18,3,2,5,6,7,6,1,9,3,10,10,2,6,2,6,3,6,1,7,8,10,9,0
1,20,39,3,1,0,5,4,5,5,15,11,63263.0,1559,25710.0,5,2,57,9,96,17,92,96,6,9,4,5,5,6,9,9,9,8,1,4,1,4,10,4,2,6,1,6,7,1,1
1,41,39,6,3,0,1,6,1,7,9,17,87799.0,1054,33272.0,1,7,90,39,37,4,40,33,6,2,10,5,6,8,3,9,9,4,3,7,3,4,8,2,2,8,9,8,2,1,0
0,21,39,5,1,0,2,5,2,7,15,15,49164.0,845,22631.0,8,8,6,38,63,56,38,58,6,10,1,10,3,4,10,9,8,2,3,9,5,4,10,5,2,3,5,5,6,10,0
1,33,29,3,5,0,6,5,4,1,1,4,104460.0,1123,18049.0,3,6,5,87,39,78,32,21,9,6,7,9,3,6,3,3,7,9,3,1,9,1,5,1,6,5,2,9,9,1,0
1,25,35,5,3,0,1,1,6,4,9,1,86004.0,1508,30031.0,2,4,27,21,78,64,86,90,1,9,8,10,2,10,6,6,5,9,7,4,7,4,5,1,4,4,10,6,8,5,1
1,33,41,5,1,0,1,2,6,2,11,9,28072.0,1068,44113.0,1,3,56,73,12,37,35,92,4,8,2,8,3,8,8,9,5,10,3,7,7,10,10,5,7,5,9,5,5,7,0
1,43,31,6,6,1,4,6,3,7,3,14,45139.0,1327,27496.0,6,7,23,62,45,25,67,58,5,2,2,8,6,7,8,1,8,10,10,3,8,3,9,3,9,5,10,1,6,7,0
1,34,32,6,1,0,5,4,4,1,11,10,143471.34999999998,1372,47819.0,5,3,94,49,23,47,79,27,5,8,5,6,6,5,9,8,9,10,1,6,7,1,1,7,3,5,2,4,8,8,0
0,36,32,6,1,0,1,5,4,2,1,9,89818.0,975,15367.0,5,5,64,95,34,59,64,65,1,10,3,10,4,9,6,7,5,8,1,2,4,3,7,7,8,5,3,9,5,1,0
1,39,22,4,5,0,2,5,5,2,18,2,26252.95,1381,14539.0,1,1,22,52,61,70,74,42,5,10,5,7,2,10,8,5,9,10,3,5,10,9,5,10,5,7,3,3,1,6,0
0,32,33,3,5,0,1,5,3,6,11,10,85454.0,1150,38231.0,8,3,49,46,22,88,47,80,1,6,9,2,2,8,7,1,4,2,2,7,9,1,4,9,1,5,6,10,9,3,0
0,33,22,3,3,1,3,2,7,6,6,15,44794.0,1460,32329.0,7,3,52,75,16,45,72,42,3,1,8,4,3,6,3,9,5,4,7,4,7,5,2,2,3,10,4,9,9,3,0
0,32,19,5,4,0,8,6,3,7,18,13,89063.0,1024,31479.0,8,5,55,33,6,26,57,77,7,2,3,7,9,5,1,1,5,7,2,2,7,10,6,5,8,4,7,2,7,4,0
0,42,37,3,3,1,9,4,3,4,7,2,113805.0,993,25563.0,9,2,94,29,73,38,83,59,7,3,7,9,3,1,8,6,2,6,3,10,1,7,6,1,1,4,7,3,7,4,0
1,19,42,2,6,0,4,2,5,4,11,2,133805.0,856,57566.3,1,7,38,85,29,7,35,73,1,5,4,2,9,2,4,3,8,2,10,10,9,7,3,3,4,2,3,8,4,9,0
0,28,26,6,6,1,1,1,6,5,2,14,72268.0,1202,12502.4,4,5,21,95,92,4,17,59,8,7,7,1,10,7,1,4,7,5,6,6,2,10,1,1,9,4,5,9,1,6,0
0,19,39,5,5,1,6,3,2,2,6,13,40230.0,840,18298.0,2,3,12,77,77,37,53,64,6,10,9,9,2,10,6,9,3,8,6,1,3,7,9,7,4,2,1,10,6,4,0
1,32,43,4,1,0,8,4,1,6,1,13,67926.0,1428,19771.0,9,4,44,56,59,35,33,75,2,7,5,2,7,7,1,3,2,5,8,9,3,9,2,7,2,8,4,2,1,10,0
1,43,26,5,6,0,8,1,5,1,18,7,98078.0,1351,38155.0,7,7,48,65,31,43,79,84,7,8,8,8,4,1,6,7,4,9,6,9,6,4,3,8,9,1,8,4,5,6,1
1,36,21,3,5,0,6,2,4,2,2,13,74107.0,837,57566.3,9,4,7,95,41,36,5,45,2,4,3,4,10,8,7,4,3,10,9,5,10,7,1,3,1,4,8,3,4,5,0
0,21,32,5,5,1,7,2,1,2,12,2,107533.0,837,12502.4,4,2,41,40,53,19,45,54,9,6,4,5,10,7,6,8,3,10,7,3,4,7,9,4,1,3,1,8,2,9,0
1,28,28,3,5,0,7,6,7,3,13,15,44239.0,1244,57438.0,5,6,55,4,87,52,95,38,10,10,9,6,4,8,8,8,4,5,2,5,7,6,7,6,5,7,6,7,9,6,0
1,22,19,1,4,0,8,6,7,1,6,11,65117.0,1317,57566.3,3,3,4,40,96,30,30,66,1,8,4,6,4,2,1,10,2,6,5,10,5,4,2,6,2,9,2,4,2,5,0
0,20,35,6,6,1,9,5,5,1,8,5,88231.0,943,43221.0,7,1,23,67,32,89,36,79,4,3,3,9,4,3,7,1,2,8,10,9,7,9,3,8,2,6,1,6,9,2,0
1,30,19,3,2,0,9,3,5,2,1,13,114198.0,963,54220.0,10,3,46,45,10,67,45,4,10,1,5,3,4,8,6,6,1,2,5,4,10,4,2,4,6,9,7,4,2,5,1
1,27,25,1,1,1,6,2,2,2,6,7,77517.0,1389,21225.0,5,6,29,74,46,35,92,4,9,2,7,1,7,1,10,6,7,9,6,7,10,7,5,8,5,1,8,8,9,6,0
1,28,42,2,5,0,8,6,5,2,18,4,57624.0,1348,23028.0,5,8,34,95,70,27,22,92,10,8,2,4,10,1,3,8,7,6,7,4,8,4,5,8,7,9,6,9,8,8,0
1,35,33,1,6,0,1,6,2,4,14,2,77329.0,1255,25523.0,7,5,80,48,7,65,28,65,3,7,6,3,7,7,4,9,3,4,9,6,8,8,1,8,10,7,4,8,10,1,0
0,19,43,3,4,0,10,2,1,3,7,5,120725.0,837,43535.0,3,2,40,24,35,51,54,51,3,10,7,8,10,4,7,10,6,3,4,2,10,2,6,9,4,5,10,9,1,10,0
1,24,39,1,1,1,5,4,4,1,17,4,124852.0,837,35954.0,9,6,85,94,95,93,67,93,9,1,5,9,10,1,5,4,10,1,10,4,2,4,3,10,9,10,2,4,4,3,0
1,26,35,5,6,0,1,1,3,2,18,15,42139.0,1088,12966.0,2,6,21,29,59,69,38,31,8,6,9,8,4,3,8,1,10,6,10,7,3,10,9,2,5,10,1,2,6,9,0
0,27,39,1,6,0,9,2,7,3,18,5,78948.0,867,20274.0,10,6,35,88,45,5,10,42,10,9,10,10,6,6,10,5,10,4,8,6,5,1,6,4,9,7,6,1,8,3,0
1,35,26,3,1,0,2,2,2,6,15,16,74534.0,968,56563.0,3,7,13,26,24,30,14,96,4,10,6,1,6,5,4,4,9,3,8,2,6,3,4,2,1,1,7,2,10,2,0
0,40,29,5,4,0,2,5,5,3,15,14,85602.0,1198,57566.3,8,3,60,75,4,14,45,24,10,8,3,7,1,7,9,8,7,6,2,3,2,2,2,2,8,7,3,1,6,2,0
1,24,36,2,4,0,3,3,1,1,18,4,138612.0,1355,47761.0,7,8,40,4,96,28,33,56,8,9,5,8,6,2,6,3,4,6,9,5,6,4,1,10,8,1,5,2,3,3,0
0,43,42,3,3,1,7,2,7,2,11,9,68080.0,926,28161.0,2,2,18,84,62,75,29,45,1,9,6,3,1,1,2,1,1,3,5,1,4,5,7,3,1,9,3,1,4,9,0
0,24,35,4,3,0,8,6,6,3,13,7,39439.0,1059,45377.0,2,7,5,6,24,30,78,84,5,4,3,5,2,3,4,10,6,9,3,6,10,4,7,5,1,10,1,8,1,4,0
0,20,43,3,4,0,5,2,1,3,15,14,98535.0,929,23079.0,5,7,12,4,88,74,89,29,4,4,7,3,8,9,7,4,4,2,2,4,3,8,4,8,2,4,5,8,5,9,0
0,29,22,1,2,0,2,1,7,6,3,8,70004.0,1074,35494.0,5,2,84,58,5,67,43,44,7,8,4,1,10,6,5,9,2,9,9,10,10,5,9,10,4,2,9,5,9,1,1
1,24,43,6,5,0,9,4,2,4,5,10,50391.0,1421,56126.0,4,8,29,37,67,94,56,40,2,2,7,2,7,9,5,7,7,6,4,8,9,4,5,10,8,5,7,5,7,5,0
0,34,19,6,1,0,3,4,3,5,11,3,113596.0,1421,25208.0,5,6,58,81,6,81,88,12,10,10,7,3,2,1,8,5,10,9,6,4,9,1,10,9,2,6,7,9,2,6,0
1,43,24,2,5,0,3,2,3,7,10,8,75912.0,1118,41661.0,7,1,13,33,74,4,28,32,8,9,3,8,1,4,6,1,8,5,1,6,3,8,10,6,5,4,8,7,3,6,0
0,19,43,5,4,0,8,4,7,3,5,1,82566.0,1156,46098.0,3,4,38,6,69,75,23,16,10,6,2,8,10,1,1,1,10,2,8,7,8,3,1,8,7,7,1,6,2,4,0
0,22,27,6,6,1,4,4,1,6,9,11,66162.0,1201,57566.3,9,6,67,8,48,29,9,25,7,1,6,9,5,6,3,7,1,1,4,7,3,3,2,5,6,5,4,7,3,10,0
0,33,32,3,5,0,7,2,4,2,11,14,128611.0,1485,14690.0,2,9,20,92,59,78,38,75,6,6,9,4,4,5,1,2,5,9,6,10,3,7,10,1,9,7,3,7,6,1,1
1,32,42,2,6,0,3,3,6,5,6,15,42013.0,1214,56573.0,5,2,23,7,10,88,15,80,10,2,4,1,10,4,6,5,5,1,7,4,1,8,5,9,4,5,3,4,9,6,0
0,19,24,5,3,0,2,5,2,7,8,3,87688.0,876,14756.0,10,3,94,72,31,76,95,91,7,10,3,2,3,6,7,1,3,2,9,9,8,7,2,1,9,3,9,4,5,6,0
1,26,22,3,4,0,3,3,6,2,17,9,130344.0,869,33652.0,2,6,24,29,57,88,58,68,2,10,7,5,6,4,2,9,5,1,1,8,3,3,6,3,8,1,8,1,6,8,0
1,24,32,4,1,0,2,1,1,4,8,2,143471.34999999998,1559,14219.0,5,2,14,40,82,10,48,31,2,6,9,4,7,2,2,8,2,8,9,2,6,8,7,1,8,5,7,8,2,3,0
1,21,37,5,5,1,6,4,4,1,7,3,113284.0,1267,56239.0,5,9,63,10,40,47,27,8,3,6,9,2,10,6,1,9,7,4,7,3,7,5,8,5,6,7,1,5,3,1,0
1,37,37,2,2,1,5,4,7,2,12,4,105012.0,1559,12502.4,5,9,20,80,68,88,48,7,10,5,2,8,3,4,10,1,3,6,1,9,8,10,3,8,1,5,6,3,3,9,1
1,35,32,3,3,1,6,4,5,1,6,3,120005.0,837,57566.3,8,7,35,60,28,52,36,20,3,8,2,7,2,10,9,10,4,9,7,2,5,2,8,5,3,8,5,7,5,5,0
1,38,27,5,2,0,6,3,4,5,12,16,43632.0,1471,57566.3,5,4,17,49,55,22,42,7,5,6,10,4,5,1,7,9,1,10,4,4,6,2,8,1,4,9,1,6,7,7,0
1,21,41,5,6,0,4,3,2,6,12,14,26252.95,1133,45213.0,9,5,96,53,93,23,7,58,3,10,5,10,2,2,10,3,2,9,1,10,6,1,8,1,8,4,2,3,7,4,0
1,30,43,5,2,0,4,6,1,6,9,14,35906.0,946,17005.0,1,3,51,66,64,96,43,80,8,2,8,10,10,6,6,8,4,2,2,10,4,1,5,6,5,9,9,4,2,3,0
1,19,43,1,3,0,5,6,6,6,16,9,36205.0,1455,14463.0,6,5,44,84,32,28,87,40,1,6,9,6,6,8,4,2,9,7,5,10,1,5,3,9,9,9,1,8,3,1,1
0,41,31,1,5,0,7,4,7,4,12,12,95902.0,837,33254.0,4,7,73,38,24,90,12,7,8,3,8,7,10,8,1,9,10,7,2,10,6,2,3,10,8,5,2,9,4,5,0
0,20,43,4,4,1,7,6,4,4,8,8,26252.95,837,41077.0,9,9,79,53,57,55,17,11,2,4,7,2,7,2,9,10,5,6,10,2,9,9,9,7,2,5,6,7,5,6,0
0,33,43,5,5,1,3,4,1,1,10,13,110301.0,1559,23126.0,5,3,39,87,75,27,67,59,4,4,2,8,6,2,8,3,5,9,1,5,7,9,7,3,5,6,2,4,4,8,0
0,39,27,3,5,0,8,1,4,7,4,13,84751.0,1477,19795.0,3,9,39,49,96,91,40,49,10,4,3,8,10,3,4,3,1,6,5,1,3,6,5,7,10,1,5,1,9,4,0
0,21,34,3,3,1,1,2,3,5,17,13,79154.0,1006,14388.0,4,7,5,13,87,14,61,35,5,5,1,6,7,6,9,4,2,10,6,10,7,2,5,10,9,8,1,2,10,2,0
1,42,38,4,3,0,10,6,2,5,12,8,113254.0,1001,46358.0,10,2,44,4,79,66,95,86,6,1,9,7,10,7,5,5,9,2,9,8,4,10,2,5,5,6,6,5,1,2,0
1,40,31,1,2,0,8,1,5,6,8,16,104363.0,1032,19758.0,4,4,14,40,21,44,95,56,10,4,2,2,4,9,1,2,3,1,7,9,9,2,2,6,3,1,5,9,4,2,0
1,42,19,6,2,0,5,4,4,2,15,2,68497.0,1229,55381.0,1,9,4,9,41,95,29,56,1,4,6,9,2,6,4,9,1,1,8,7,1,9,7,2,2,7,8,10,3,3,0
1,33,33,6,5,0,10,4,5,2,10,15,92500.0,1430,44036.0,5,3,93,89,28,49,10,51,10,9,3,5,10,7,10,1,2,4,5,2,6,10,9,3,10,9,8,1,6,8,0
1,43,30,6,2,0,8,2,6,4,16,2,64781.0,1221,40464.0,4,3,65,36,68,51,83,84,1,4,10,4,4,3,6,2,1,8,9,8,5,4,7,7,5,8,6,7,5,8,0
1,36,43,1,1,1,6,5,5,3,3,11,81125.0,1191,41065.0,2,4,22,75,38,35,51,81,4,7,8,7,5,10,5,10,4,1,6,6,10,9,10,8,3,2,2,3,9,5,0
1,19,26,1,4,0,8,1,1,1,10,1,123782.0,1048,30278.0,6,3,22,70,17,89,95,5,4,10,6,5,6,9,1,9,2,8,5,10,8,2,2,1,3,8,5,2,10,6,1
0,22,24,6,2,0,7,3,1,5,4,11,123883.0,894,43029.0,2,7,50,95,47,29,25,85,10,7,9,3,8,5,1,8,9,2,4,6,4,1,8,10,1,3,8,3,10,3,0
0,36,33,4,6,0,8,3,6,5,17,1,143471.34999999998,1088,17961.0,1,5,68,90,58,23,42,75,9,2,1,2,3,7,6,5,6,7,1,5,2,1,4,7,9,10,2,8,9,10,0
0,39,27,4,2,0,3,3,3,4,14,1,48523.0,1491,17984.0,1,7,21,34,4,7,78,22,10,7,10,8,4,6,2,1,8,4,2,7,9,9,7,2,2,3,9,9,10,4,0
0,41,41,3,4,0,2,1,1,3,9,5,35156.0,992,33545.0,10,3,31,4,7,72,22,89,7,3,5,5,9,9,8,1,1,7,3,1,2,8,2,9,1,3,7,4,8,2,0
1,28,39,3,2,0,8,6,7,6,2,11,26252.95,1349,20000.0,1,1,96,65,70,92,7,36,9,6,6,10,10,6,7,2,7,10,9,4,1,3,4,8,1,7,3,5,10,7,0
1,30,26,3,4,0,7,2,3,5,17,6,94919.0,1497,47549.0,4,9,69,17,31,73,82,83,8,3,10,3,2,2,3,9,8,4,7,9,9,8,5,5,5,6,1,3,3,3,0
1,37,39,3,2,0,7,1,1,4,12,2,101765.0,1151,45969.0,2,8,25,76,45,51,23,73,10,1,9,3,3,6,8,6,4,6,4,6,5,7,6,7,6,5,4,5,10,6,1
0,22,40,2,3,0,10,2,7,1,7,8,107425.0,1360,45714.0,5,7,74,12,63,71,89,25,7,10,5,5,10,3,8,8,2,10,1,3,8,7,3,8,6,2,10,3,10,9,1
1,38,24,6,1,0,6,6,6,5,16,9,111248.0,1553,51523.0,8,9,38,93,63,54,36,35,4,4,7,5,10,3,9,9,2,9,10,4,3,2,5,9,6,4,3,7,7,8,0
1,21,33,5,5,1,4,1,5,7,8,11,126350.0,1460,16515.0,5,4,16,69,26,43,16,9,9,6,2,2,10,8,9,5,3,8,9,3,7,3,10,5,5,2,7,3,3,8,1
1,21,26,1,3,0,1,1,5,5,14,13,113805.0,895,26185.0,1,7,89,75,68,30,37,20,10,3,7,3,2,7,2,4,5,4,3,2,5,7,1,4,6,6,4,9,9,3,0
0,21,43,2,3,0,9,4,4,6,10,13,96160.0,965,22020.0,8,2,16,12,14,96,84,94,2,7,4,8,10,2,2,1,10,10,7,3,1,6,8,5,9,4,2,6,8,6,0
1,21,41,3,1,0,9,1,1,3,3,2,143471.34999999998,837,27331.0,1,4,37,57,47,52,86,19,8,10,4,10,9,3,7,4,1,4,2,7,9,6,9,4,5,8,9,2,2,9,0
0,37,34,3,6,0,1,2,2,3,1,16,89323.0,1127,35002.0,2,4,88,40,4,52,80,79,10,4,2,9,8,7,1,8,2,2,10,8,5,7,1,2,7,4,6,7,5,6,0
0,38,37,4,3,0,6,2,6,7,7,6,75909.0,1127,12502.4,5,3,75,23,42,44,10,48,10,7,7,7,4,7,8,7,10,10,5,9,1,4,3,10,9,2,9,3,7,8,0
0,35,24,4,2,0,3,1,2,3,8,12,26252.95,1559,54528.0,6,1,9,51,32,83,95,81,4,7,9,4,1,10,7,8,2,8,2,10,9,3,7,9,2,9,6,4,4,2,0
0,35,28,3,4,0,9,5,1,7,2,4,69849.0,1302,18004.0,7,2,4,81,46,62,89,38,3,1,7,4,6,10,4,3,8,1,8,8,4,7,10,2,2,8,9,6,8,2,1
1,33,25,2,5,0,4,4,3,2,1,5,45862.0,1185,12502.4,5,3,82,87,10,31,93,95,6,1,10,4,3,2,6,1,5,10,1,3,5,9,7,10,6,5,10,3,9,9,0
0,26,24,2,1,0,5,2,4,2,8,5,29882.0,1524,50412.0,10,1,78,45,14,30,58,30,4,10,1,3,4,7,2,2,6,9,6,9,9,4,5,1,10,7,1,3,5,3,0
0,35,36,3,2,0,9,2,1,6,13,1,64213.0,1539,49417.0,10,3,5,10,44,51,42,31,7,2,3,9,8,7,3,7,8,10,3,3,5,9,3,9,7,4,9,8,1,4,0
1,39,37,2,4,0,10,3,7,6,5,6,44261.0,956,15048.0,8,6,40,78,40,5,41,81,7,8,8,3,10,3,2,10,2,7,9,7,9,4,1,7,3,10,3,10,3,3,0
1,19,29,2,6,0,5,1,2,5,15,15,122544.0,1033,24512.0,9,1,17,9,54,32,15,65,1,5,5,6,5,6,5,7,4,8,5,2,3,9,8,9,9,7,8,7,5,5,0
0,38,24,6,1,0,10,4,7,3,16,17,26252.95,1424,16428.0,2,7,4,95,12,46,5,77,10,8,3,3,2,1,10,10,1,2,8,4,5,5,3,4,1,2,5,4,2,7,1
1,21,25,4,4,1,8,5,2,2,15,7,129724.0,1029,14457.0,3,9,49,88,89,61,51,29,5,2,9,5,7,4,8,1,7,6,9,10,2,3,9,7,5,5,1,3,9,7,0
0,29,24,3,6,0,7,6,7,2,2,9,44488.0,1115,38411.0,2,9,62,80,4,48,39,96,3,10,8,1,9,10,2,5,10,10,9,5,8,10,6,8,7,2,3,6,5,1,1
0,24,23,5,1,0,8,5,3,2,3,3,78601.0,1031,40426.0,9,6,59,62,80,63,76,45,8,6,3,3,9,5,5,7,10,8,7,5,9,3,2,8,1,6,6,1,7,8,0
0,32,42,3,3,1,2,6,7,6,10,7,70903.0,1369,45128.0,1,6,24,63,90,70,29,28,8,4,9,8,9,3,1,8,5,1,7,9,10,7,8,5,7,10,1,2,2,10,0
0,24,26,4,6,0,5,2,7,3,5,6,36334.0,1559,34060.0,1,3,35,80,93,96,36,95,5,2,2,9,9,6,10,3,2,5,4,4,4,8,3,7,2,3,4,2,2,2,0
1,39,43,5,5,1,6,3,2,1,7,17,50037.0,1157,20766.0,3,6,66,28,4,15,73,4,2,1,3,5,6,4,7,8,9,3,2,3,4,1,1,6,9,8,7,8,2,1,1
0,43,30,2,6,0,2,4,4,3,1,3,84851.0,895,19415.0,3,5,12,95,91,16,84,90,7,7,2,4,1,2,5,4,1,6,9,9,9,8,10,1,2,9,9,2,1,6,1
1,38,24,4,4,1,10,2,5,6,17,17,130519.0,897,14137.0,3,2,96,56,59,54,87,49,8,5,8,8,9,1,6,8,1,5,7,6,2,10,7,9,9,8,2,5,1,6,1
1,34,25,1,5,0,7,3,5,7,5,16,95300.0,1119,52877.0,9,7,77,60,34,64,46,54,1,5,7,6,10,8,9,10,9,1,8,10,3,9,1,6,6,5,9,2,10,8,1
1,33,39,1,3,0,8,4,5,2,9,17,122324.0,837,40074.0,10,7,39,19,16,69,86,32,7,6,10,5,6,2,3,10,9,4,4,9,8,9,10,5,8,8,1,10,9,5,0
1,36,34,5,2,0,5,6,7,5,6,3,90015.0,1441,17153.0,6,9,67,92,69,71,95,5,1,9,2,8,9,2,2,1,2,10,1,9,6,8,1,4,3,7,1,1,10,2,0
0,26,34,2,5,0,1,5,4,2,2,17,93321.0,1006,26895.0,2,4,82,13,82,5,49,95,10,5,5,3,1,7,2,9,2,10,8,5,5,5,7,1,6,7,7,3,2,1,0
1,31,33,3,5,0,10,6,6,3,3,12,26252.95,911,32001.0,7,3,4,57,19,4,79,34,10,4,10,6,4,5,5,2,3,3,4,1,1,5,8,9,7,4,7,4,3,6,0
0,34,39,2,3,0,8,4,7,4,3,11,73026.0,1005,12795.0,7,2,22,55,59,54,36,28,1,2,8,5,4,1,5,6,3,5,6,9,4,6,10,2,1,10,10,4,4,2,0
1,22,19,5,6,0,8,6,2,2,8,7,105493.0,837,40017.0,9,1,75,31,81,43,12,50,9,4,3,9,4,9,3,9,7,4,4,10,6,4,7,1,9,4,9,2,8,6,0
1,19,25,2,3,0,10,1,5,5,11,13,38522.0,1284,32565.0,2,9,6,10,47,52,37,52,1,3,1,5,8,3,2,9,2,5,10,5,3,2,6,10,6,6,2,1,5,2,0
0,37,34,1,2,0,10,2,1,3,4,17,138264.0,1150,38740.0,8,9,58,61,56,31,40,73,3,6,8,9,5,2,9,9,2,5,8,4,6,7,6,2,2,2,4,1,7,3,0
0,33,30,1,4,0,6,3,7,1,6,12,132737.0,1559,47170.0,1,3,24,17,13,8,63,62,3,3,8,1,10,5,6,3,3,8,8,4,1,8,5,8,7,8,4,4,6,8,0
0,31,35,2,2,1,2,3,5,6,4,7,33278.0,1092,36730.0,8,6,48,8,96,88,27,29,2,3,7,3,7,8,8,7,10,2,6,2,7,1,4,7,3,7,4,10,6,8,1
1,31,41,1,2,0,10,2,5,4,16,17,35674.0,1473,48172.0,8,1,19,7,31,51,88,10,9,5,10,2,9,10,8,5,8,5,1,7,6,10,7,8,7,9,7,8,5,5,0
1,43,39,3,4,0,10,1,3,3,4,3,62394.0,1246,14465.0,7,8,83,21,25,85,14,28,9,3,1,2,8,8,9,6,3,6,9,2,6,2,8,7,1,3,3,1,6,4,1
0,19,27,6,4,0,1,6,2,2,15,16,77704.0,1316,35468.0,4,8,24,95,29,96,8,92,10,3,6,9,6,9,10,3,10,4,9,6,8,10,5,2,1,9,2,1,6,6,0
0,20,19,5,1,0,3,5,4,4,1,1,60938.0,845,12502.4,4,8,15,68,17,16,17,36,10,10,2,5,9,3,9,6,9,1,9,5,5,9,3,3,8,4,7,10,4,5,0
0,43,19,1,2,0,9,3,4,4,9,9,143471.34999999998,1202,36773.0,9,7,75,4,67,96,6,60,4,7,2,4,7,5,4,10,9,3,9,5,4,9,1,8,7,2,7,4,6,2,0
0,24,43,1,6,0,1,3,5,7,11,1,46088.0,1468,57566.3,6,6,4,49,18,75,28,96,3,1,7,4,4,1,8,8,10,7,2,6,8,4,8,2,8,7,6,2,1,8,0
1,43,31,1,1,1,7,2,4,4,7,8,45784.0,1246,13709.0,3,5,43,94,4,28,5,23,2,10,6,2,2,3,6,4,3,5,7,10,6,3,2,1,9,10,10,2,2,6,0
0,32,33,6,2,0,5,1,2,5,9,12,127926.0,1214,52132.0,4,7,91,12,89,61,94,70,1,5,7,1,8,4,6,1,6,2,10,4,3,10,4,5,2,4,6,1,4,2,0
0,36,24,2,5,0,9,6,2,6,15,15,123113.0,1521,47941.0,9,6,5,38,96,8,50,96,3,5,9,1,5,1,4,6,2,5,3,3,2,3,5,7,4,7,7,7,4,8,1
0,37,38,6,1,0,3,4,6,5,7,14,122603.0,1025,27654.0,9,5,42,69,70,41,9,39,1,3,3,6,5,10,8,8,8,1,10,9,5,9,8,6,6,6,9,9,2,7,0
0,19,38,4,5,0,8,3,1,3,15,9,31472.0,852,13841.0,4,8,47,52,78,86,60,10,4,4,5,4,8,1,6,9,4,1,1,9,6,4,9,5,5,9,7,6,1,5,0
1,36,41,6,5,0,4,6,7,1,15,9,73505.0,1364,44241.0,3,1,66,32,55,56,21,28,3,7,8,1,3,10,2,8,4,8,10,7,5,8,5,9,1,10,3,10,1,6,0
0,26,29,1,1,1,10,5,5,1,1,6,53454.0,1478,38027.0,7,7,88,19,95,4,33,46,7,3,2,2,7,6,9,8,4,5,5,9,6,4,10,1,3,4,10,7,10,5,0
1,36,40,1,5,0,3,2,5,3,13,14,54047.0,1023,26183.0,1,5,87,76,25,96,31,50,5,8,9,1,7,10,2,4,7,1,9,10,9,4,3,1,3,7,3,3,8,6,0
0,43,31,5,2,0,3,3,6,5,3,1,70139.0,896,33726.0,7,7,52,74,57,8,8,4,1,2,9,10,9,4,3,2,7,3,5,2,8,9,6,6,8,4,2,6,9,7,1
0,22,42,3,3,1,5,6,4,1,13,2,109543.0,1287,12502.4,2,4,18,40,93,4,95,15,6,5,8,4,8,8,7,9,8,1,9,1,3,4,1,1,9,9,2,9,3,8,0
1,35,21,6,3,0,10,1,2,3,17,3,43129.0,958,32930.0,5,3,35,11,78,20,65,60,4,9,1,4,3,10,3,1,3,7,4,1,3,6,6,4,9,6,10,2,7,3,0
0,33,43,3,5,0,5,2,4,7,14,5,143471.34999999998,1559,15493.0,8,6,58,17,54,47,32,79,9,2,6,6,6,5,10,1,1,10,2,9,4,2,10,7,5,6,6,3,10,6,0
1,21,21,5,4,0,8,2,4,1,17,9,51781.0,1171,32795.0,7,7,37,84,68,16,94,46,9,10,6,8,3,2,7,10,7,7,9,2,4,7,1,4,2,6,6,4,3,10,1
1,29,35,5,6,0,9,1,3,2,9,5,32569.0,1534,52196.0,4,5,53,9,77,61,95,62,8,5,6,9,7,6,6,6,4,10,2,4,3,3,8,6,1,7,9,8,9,10,0
0,24,20,1,6,0,6,3,4,7,18,2,53076.0,1107,47908.0,9,7,47,81,87,39,36,30,6,9,10,1,4,7,5,4,7,5,7,1,8,1,8,4,8,5,2,8,6,4,1
1,31,19,6,4,0,3,1,4,4,18,17,106114.0,1027,37271.0,1,4,9,93,44,39,39,84,7,9,3,8,5,3,1,10,4,10,4,10,4,8,9,3,8,3,5,4,8,3,0
1,40,34,6,1,0,3,3,3,5,13,1,140387.0,1543,28907.0,1,7,69,39,67,24,58,40,5,4,1,6,9,9,1,8,5,5,8,8,3,2,1,10,8,5,3,4,9,7,0
1,29,24,3,4,0,5,5,3,7,3,9,104789.0,1127,14548.0,9,5,73,73,28,71,82,4,10,9,5,8,10,6,1,1,4,9,9,10,4,5,3,4,8,8,6,10,5,4,0
1,20,33,4,3,0,9,1,2,2,6,13,71521.0,1011,20127.0,5,8,9,8,32,80,95,28,5,4,3,2,5,6,6,7,3,10,6,6,4,9,4,3,8,7,9,8,2,2,1
1,22,22,5,3,0,9,1,5,4,12,6,100153.0,984,52651.0,10,5,75,52,9,79,7,88,1,8,1,5,9,4,1,5,10,5,7,9,5,4,1,9,9,8,1,6,7,4,1
1,34,36,5,3,0,3,2,7,1,6,14,127327.0,1559,19742.0,7,5,40,43,96,68,40,89,6,1,4,10,8,2,3,6,2,8,1,2,10,4,8,10,5,1,4,2,7,8,0
1,43,24,6,3,0,1,2,6,5,7,16,143471.34999999998,1181,53349.0,3,8,8,81,15,44,38,21,9,7,10,6,4,8,6,10,1,4,4,1,10,8,4,6,4,10,2,9,6,4,0
1,27,31,4,6,0,10,5,2,3,9,7,48774.0,1153,48129.0,6,6,67,92,66,4,6,29,2,1,6,8,5,7,3,3,9,1,8,4,6,8,1,7,1,2,2,4,2,3,0
0,27,19,6,4,0,1,1,3,3,17,5,90036.0,1199,48195.0,5,3,15,4,60,6,32,63,2,1,10,9,3,5,8,7,3,9,9,7,10,7,5,8,9,6,2,7,6,2,0
0,28,20,1,4,0,4,3,2,1,1,5,26252.95,906,39119.0,3,8,14,46,96,44,14,72,2,2,8,7,6,9,6,10,9,4,3,8,10,1,10,1,10,2,5,10,3,10,0
1,34,34,4,6,0,8,3,3,5,7,6,137859.0,992,12502.4,5,1,24,9,22,77,25,60,7,4,4,3,9,8,8,1,4,5,1,8,10,8,2,3,6,9,7,10,4,1,0
0,22,33,4,2,0,6,1,6,3,2,15,63668.0,1035,48001.0,6,3,47,5,51,88,24,11,2,6,3,10,5,6,7,7,9,2,10,5,7,7,5,6,8,1,4,2,9,2,1
1,30,25,2,6,0,4,6,5,3,4,9,80488.0,1376,23726.0,4,9,75,85,87,86,5,96,10,10,8,9,5,10,8,9,3,10,2,1,5,1,9,4,8,9,10,6,2,3,1
1,27,35,6,1,0,7,2,2,5,17,9,129662.0,1113,57566.3,4,5,37,40,56,24,63,81,7,6,2,10,2,6,6,3,3,3,2,9,2,6,3,6,1,4,4,4,2,1,0
0,26,32,4,6,0,6,5,7,3,4,17,53889.0,1187,23369.0,9,6,92,20,25,55,59,45,2,1,6,5,4,5,4,1,9,4,10,8,5,5,9,5,2,1,8,3,4,6,0
1,34,24,3,2,0,6,1,4,4,13,15,65693.0,884,47940.0,2,8,44,88,19,96,94,96,2,7,8,6,6,9,4,9,10,7,1,1,6,3,7,4,2,3,2,6,6,5,0
1,19,43,5,1,0,3,3,6,7,11,11,103188.0,1244,45905.0,6,3,96,24,50,22,5,53,8,8,10,8,7,5,5,8,6,5,2,8,3,1,7,9,5,5,7,10,6,1,0
1,21,26,6,3,0,2,4,1,2,6,14,127750.0,1031,50081.0,8,7,34,63,96,38,11,41,4,6,2,1,5,7,3,5,1,10,9,10,1,9,2,6,10,4,6,4,6,7,0
1,21,23,5,5,1,1,3,7,7,9,6,48572.0,1483,43064.0,9,1,36,31,31,20,59,70,9,9,4,7,7,6,10,3,3,5,9,2,7,1,6,1,7,1,5,2,4,3,1
0,35,35,1,2,0,5,5,4,1,10,10,135622.0,1269,27270.0,1,4,58,40,44,30,94,85,5,2,7,8,10,7,6,1,8,7,10,4,8,4,8,2,6,4,5,8,3,6,0
1,26,35,1,5,0,3,3,5,4,18,16,88591.0,996,12502.4,4,4,7,64,67,82,34,16,6,1,8,1,7,4,6,4,9,10,8,2,10,2,8,10,10,1,7,3,3,2,0
1,42,42,5,2,0,5,2,1,7,2,12,27601.0,1559,31731.0,5,6,61,56,68,34,15,71,2,10,6,4,1,9,2,1,5,1,3,5,9,5,10,6,4,9,4,3,1,3,0
1,35,43,4,1,0,10,3,7,7,9,11,67376.0,920,40862.0,10,1,72,93,88,4,7,24,8,1,10,4,1,7,7,1,10,8,3,6,1,1,8,4,8,1,8,4,9,7,0
0,31,41,1,1,1,10,2,3,3,13,11,133907.0,1559,57566.3,10,6,53,40,50,41,9,64,4,1,6,7,1,8,1,3,2,7,10,9,10,7,2,10,8,3,10,6,1,2,0
1,42,31,5,6,0,1,5,5,7,1,17,130454.0,987,55481.0,5,9,80,24,89,15,5,73,3,6,1,9,10,6,2,5,5,9,9,3,6,10,1,7,2,10,5,3,10,9,0
0,32,31,5,4,0,7,1,4,7,15,11,88688.0,1114,14713.0,1,7,68,68,31,80,88,15,3,7,9,1,4,8,6,4,9,7,3,2,7,4,2,1,4,5,8,5,8,4,0
0,23,31,3,5,0,10,6,5,7,4,2,140054.0,874,33360.0,4,4,25,24,5,95,11,63,7,1,1,6,6,6,6,1,3,9,4,4,2,8,9,1,3,7,7,9,10,9,1
1,41,42,2,4,0,10,2,2,3,17,2,82926.0,1009,57566.3,1,7,96,38,45,24,20,76,10,7,3,9,5,9,8,2,3,8,4,6,10,10,1,6,10,9,6,4,3,6,0
1,27,21,4,5,0,4,6,3,6,7,9,77898.0,1232,49609.0,3,4,60,12,24,66,43,53,3,10,4,6,10,9,10,10,10,1,5,6,3,10,2,9,5,1,5,1,10,7,0
0,32,21,6,6,1,3,1,7,3,9,8,88641.0,1555,37591.0,5,4,14,55,80,42,28,21,4,8,2,10,6,5,1,9,2,5,1,1,8,8,9,2,10,3,10,2,2,10,1
1,21,32,2,2,1,7,1,3,6,5,14,131435.0,1559,24618.0,4,5,70,95,50,81,91,4,6,9,6,9,7,2,10,1,10,7,3,10,1,10,4,4,9,7,1,10,9,5,0
0,35,32,4,6,0,3,4,7,1,13,1,76006.0,924,38323.0,8,4,31,7,11,17,9,22,3,3,9,1,10,1,1,6,1,9,3,10,6,9,3,3,1,2,9,5,9,3,0
0,35,35,6,3,0,4,5,6,4,18,16,54138.0,837,20739.0,7,1,19,14,80,8,68,73,5,2,9,6,9,5,7,3,3,3,5,9,6,4,3,10,5,7,1,4,1,1,0
1,42,31,5,5,1,4,1,2,7,8,17,78436.0,1244,24704.0,4,9,26,83,4,96,11,4,7,10,8,9,6,4,9,4,7,6,2,5,3,5,1,6,4,4,9,6,9,2,0
1,34,43,5,1,0,10,2,5,2,1,16,102759.0,1361,26384.0,5,8,36,27,96,13,35,24,1,7,5,1,6,6,10,7,5,3,7,3,1,10,7,7,5,10,4,1,2,4,0
0,29,19,4,6,0,5,4,7,4,12,13,74781.0,1333,48917.0,5,4,95,43,18,11,76,96,4,7,1,4,3,8,5,4,10,4,1,10,7,8,3,1,1,6,2,7,7,5,0
0,24,27,2,3,0,7,2,1,4,12,2,121247.0,1362,27789.0,5,4,45,35,38,22,5,22,3,1,10,2,5,1,3,3,4,7,4,7,4,6,7,3,3,6,5,5,9,6,0
0,33,37,2,2,1,10,2,2,5,18,16,143471.34999999998,1472,52853.0,8,9,6,58,6,49,5,49,9,9,3,9,7,7,3,5,3,1,5,5,8,3,8,3,6,6,4,10,5,8,1
0,28,27,1,2,0,5,3,6,5,2,8,143471.34999999998,1020,15972.0,5,3,23,90,76,80,49,55,8,2,5,1,7,10,2,10,1,4,3,1,7,1,7,6,8,2,6,9,7,3,0
1,31,27,6,3,0,10,1,4,3,2,7,26252.95,1465,28655.0,10,2,52,4,96,29,42,16,6,3,5,6,3,4,4,4,7,9,8,4,6,2,10,5,1,4,5,2,3,1,0
1,20,43,2,1,0,6,5,7,1,12,13,107324.0,1055,30539.0,7,3,70,8,67,70,26,4,3,2,7,6,1,1,8,6,5,9,6,9,6,8,8,3,10,3,5,8,3,8,0
1,36,41,2,1,0,8,4,6,3,8,12,33503.0,1338,13790.0,1,9,17,50,27,43,74,26,9,10,9,3,10,4,8,6,6,2,10,1,4,9,5,2,3,10,4,2,3,10,0
1,35,19,6,1,0,3,5,6,3,11,8,61624.0,1478,47799.0,7,9,54,10,50,95,12,20,10,6,10,10,8,1,4,2,9,2,2,4,3,9,2,9,9,7,10,10,3,3,0
1,27,43,3,3,1,4,2,2,5,5,10,135296.0,1421,12502.4,9,8,93,19,37,12,23,50,6,3,8,3,2,2,9,10,10,5,7,2,3,9,4,1,6,2,2,7,7,10,0
0,23,25,6,6,1,1,1,6,4,16,15,47016.0,1235,18688.0,5,9,32,23,77,77,86,96,6,6,10,7,4,1,6,8,1,6,7,4,8,3,2,7,3,1,2,3,7,10,0
1,30,19,1,5,0,6,6,1,1,2,15,75908.0,1293,28107.0,6,2,13,84,4,96,56,27,10,3,8,10,1,9,9,8,4,2,9,5,9,2,4,10,2,9,10,10,1,8,0
1,27,19,3,4,0,7,1,1,6,10,2,99749.0,1251,45219.0,4,2,75,79,38,42,37,77,6,6,10,1,7,10,3,10,1,3,10,7,10,10,3,10,3,4,1,2,6,5,0
1,35,21,5,2,0,3,3,3,3,8,3,97352.0,930,24690.0,1,5,30,7,59,4,41,50,2,7,6,6,7,3,6,8,10,10,2,5,3,3,2,3,5,8,2,10,8,1,0
1,43,24,3,5,0,3,6,2,7,10,8,127548.0,837,27095.0,9,6,7,38,68,93,13,80,1,1,3,9,6,7,8,6,8,7,2,7,9,2,6,5,5,9,6,6,10,4,1
1,37,26,1,5,0,3,1,7,7,8,4,50100.0,1324,22043.0,1,9,44,31,24,96,84,61,1,9,1,4,9,3,3,9,9,4,7,2,7,8,7,6,7,4,8,1,5,7,0
0,43,33,4,5,0,4,6,2,7,2,6,74996.0,974,56307.0,9,3,12,80,64,96,43,25,2,8,4,2,7,4,5,7,4,4,1,1,6,7,6,2,7,10,6,6,1,1,0
0,33,22,1,6,0,6,2,7,4,1,12,90145.0,837,25716.0,5,9,62,83,47,33,57,67,4,3,1,1,1,9,3,1,8,9,2,1,8,4,9,6,7,10,4,9,8,6,0
0,42,19,3,6,0,4,6,5,4,16,12,74811.0,1408,42081.0,1,2,4,72,60,39,29,81,2,8,3,5,4,6,4,6,9,10,4,5,3,6,3,10,10,2,5,8,5,5,0
1,42,40,1,6,0,3,4,5,2,14,8,129096.0,841,41905.0,4,5,29,23,13,84,92,79,4,5,2,3,5,4,2,9,3,9,2,3,10,8,1,8,2,3,6,9,6,10,1
0,23,28,5,4,0,5,6,2,1,13,8,79360.0,1003,17029.0,6,1,7,62,26,27,72,96,1,3,3,2,8,8,7,1,4,3,9,4,4,2,1,8,9,6,4,5,7,6,0
0,30,35,2,2,1,10,1,7,7,14,16,107983.0,1551,21696.0,2,5,7,42,32,96,43,95,4,8,9,9,1,6,3,6,3,3,1,2,1,9,4,3,3,6,8,3,3,5,0
1,21,42,6,4,0,2,6,5,5,7,12,76081.0,1110,51461.0,10,7,13,21,62,45,66,4,2,5,8,4,4,6,5,8,7,6,6,8,7,3,2,2,8,1,7,8,3,7,1
1,40,42,2,2,1,8,1,2,2,4,4,26252.95,1486,52212.0,6,8,52,12,82,6,42,38,8,8,6,4,4,10,6,1,2,2,3,1,4,9,10,7,8,2,5,1,4,9,1
1,31,36,4,4,1,3,6,6,5,5,4,92727.0,1504,12502.4,8,9,72,58,73,82,91,75,3,5,6,4,7,6,9,10,10,10,10,9,1,4,7,8,6,7,1,1,9,10,1
0,19,30,3,4,0,2,2,2,6,9,4,76224.0,844,41549.0,2,3,33,9,4,9,75,96,7,10,5,7,1,4,4,5,7,10,6,3,4,7,9,5,8,2,5,6,5,4,0
0,37,41,1,6,0,5,4,1,6,10,11,143471.34999999998,1277,26894.0,3,5,69,72,46,43,95,66,10,8,3,7,1,2,10,9,10,3,5,9,2,6,5,5,4,4,4,10,8,4,0
1,22,28,2,4,0,9,2,1,4,3,1,30420.0,959,38748.0,1,5,68,5,67,15,90,50,3,4,8,9,5,4,3,2,9,10,4,6,3,9,6,10,10,3,10,8,7,10,0
1,25,37,4,6,0,5,1,3,2,14,6,122100.0,1280,57566.3,10,4,54,79,29,67,28,26,8,10,9,9,4,5,9,2,6,6,5,2,1,10,3,9,1,2,10,10,4,10,0
0,29,36,2,6,0,8,5,1,2,11,9,108081.0,1180,12502.4,7,2,26,64,29,83,40,6,3,3,3,6,5,2,3,6,2,4,9,1,8,2,3,6,3,10,7,8,6,8,0
0,19,34,4,2,0,10,4,7,5,6,8,135201.0,1064,35074.0,6,1,7,5,95,17,81,68,8,4,7,9,6,8,1,7,4,10,6,9,5,4,10,6,10,3,8,4,10,10,0
1,29,22,6,6,1,7,1,1,7,3,6,69035.0,1289,13659.0,9,6,14,25,96,59,36,39,5,5,3,5,6,5,9,7,7,8,8,5,10,8,2,1,6,10,10,6,6,1,0
1,22,30,3,4,0,8,6,6,2,7,16,83942.0,1307,50742.0,7,1,4,87,87,10,52,71,8,2,4,1,3,6,1,2,3,2,5,6,1,10,2,3,5,9,3,6,2,9,0
0,39,43,5,2,0,10,2,3,2,17,9,122076.0,969,31908.0,6,4,29,76,55,30,66,72,6,9,7,3,6,3,2,9,10,2,7,5,8,4,1,1,7,3,4,5,3,1,0
1,22,37,2,3,0,3,4,7,4,2,3,107356.0,1193,16272.0,8,1,42,76,54,7,53,10,10,8,5,7,3,3,7,6,5,10,3,10,3,3,1,8,5,2,2,7,1,10,1
0,30,19,2,1,0,6,3,5,2,9,6,90094.0,1001,54615.0,9,4,19,55,16,28,95,42,8,4,10,6,10,7,3,6,4,6,6,1,10,5,2,3,8,1,7,8,2,8,0
0,26,27,3,3,1,10,5,7,7,10,8,62384.0,1559,44217.0,2,5,96,4,96,90,5,29,7,9,10,7,9,6,6,8,6,3,6,10,10,2,7,1,7,3,4,10,4,4,0
0,27,25,6,1,0,6,2,6,5,16,7,29171.0,1266,32416.0,5,5,37,41,74,13,19,49,5,7,6,4,8,4,7,3,8,4,9,1,5,10,2,5,7,5,8,8,10,4,0
0,19,41,2,6,0,9,2,7,1,6,12,92523.0,837,48952.0,3,9,8,87,81,46,85,85,1,5,5,10,1,5,9,1,7,8,8,4,8,3,3,5,10,10,6,7,4,3,0
1,20,25,6,4,0,2,1,4,1,8,8,96067.0,1065,36336.0,7,5,59,30,96,16,82,56,3,3,10,3,4,6,6,2,9,3,7,5,1,2,9,10,9,9,7,4,8,8,0
1,35,36,2,6,0,6,4,3,7,15,10,43951.0,1127,43334.0,9,2,96,13,41,37,14,11,6,1,10,10,1,8,7,6,6,7,7,3,1,8,1,5,4,8,1,4,1,9,0
0,29,23,2,6,0,9,6,6,7,11,5,85221.0,1279,36500.0,10,1,96,55,7,4,12,93,10,7,1,7,7,5,4,9,3,7,2,5,10,2,8,10,3,1,6,7,3,5,1
0,20,29,3,6,0,8,3,1,1,16,6,123798.0,1387,17800.0,7,5,4,41,47,28,70,66,3,2,7,9,9,1,6,8,7,2,7,1,3,1,6,4,9,5,5,8,8,10,1
0,43,24,1,3,0,1,1,5,4,9,15,87924.0,1246,57566.3,6,7,48,84,4,71,34,96,8,7,7,1,9,7,3,7,1,8,7,6,4,5,5,6,3,4,4,10,8,6,0
0,42,33,3,2,0,7,2,3,1,4,17,77513.0,898,37474.0,6,5,89,72,26,77,49,6,8,2,7,10,4,2,3,7,3,8,9,8,10,4,6,7,4,7,5,7,10,6,1
0,26,26,6,6,1,3,1,3,4,6,5,141403.0,1101,49938.0,1,5,37,11,36,6,68,4,2,5,4,3,10,4,10,4,4,5,5,4,3,6,7,1,10,3,2,7,8,8,0
1,43,38,5,5,1,5,4,4,6,18,15,90868.0,1527,16314.0,6,3,5,59,82,35,95,11,5,4,7,5,1,8,3,3,5,8,5,6,3,9,7,7,5,7,4,1,4,8,0
1,19,42,4,6,0,4,2,3,3,16,3,128351.0,1353,23713.0,6,4,17,45,4,87,71,58,4,7,3,9,5,4,8,3,2,8,6,6,9,4,5,6,2,2,7,1,2,8,1
1,20,39,6,1,0,4,5,7,4,8,8,64858.0,1397,40733.0,2,9,96,7,74,76,54,34,3,7,2,5,8,5,1,4,2,10,10,9,5,4,10,6,4,5,4,8,7,10,0
1,31,27,6,5,0,5,3,1,1,1,14,41199.0,1222,12502.4,4,2,96,8,68,37,33,79,5,6,9,8,1,10,8,7,5,4,8,4,5,7,6,9,5,10,9,8,4,10,0
0,21,27,3,5,0,9,1,6,7,18,11,61498.0,917,35934.0,10,3,43,83,49,33,71,5,5,6,10,9,1,5,2,10,7,5,1,4,6,9,3,5,8,6,7,6,1,9,1
0,42,27,4,1,0,10,2,4,6,2,13,109729.0,1530,55332.0,2,8,12,35,11,71,56,4,9,8,10,8,1,3,10,4,4,4,8,5,7,5,10,2,6,3,5,9,1,7,0
0,36,37,5,4,0,3,2,2,4,2,4,94838.0,1017,56740.0,10,4,71,56,4,73,56,95,10,9,1,7,4,6,4,5,1,6,8,10,2,10,2,5,4,3,5,2,4,9,0
0,30,33,2,3,0,6,3,6,4,12,14,116500.0,1559,38704.0,1,3,25,29,63,51,59,82,4,3,5,1,10,3,3,2,4,5,9,2,2,2,10,1,7,9,4,10,10,1,0
0,24,19,2,6,0,10,3,3,4,3,9,101446.0,1425,14823.0,8,3,70,4,55,14,25,75,4,5,3,8,4,6,1,8,2,9,3,9,4,3,10,3,9,2,10,9,7,9,0
1,29,34,4,2,0,2,3,2,7,8,7,126673.0,1058,56677.0,5,5,10,87,38,42,11,75,8,10,8,7,3,4,7,4,6,6,1,8,10,9,1,9,3,1,10,6,9,7,0
0,20,43,3,3,1,1,4,3,2,11,15,26252.95,1261,53491.0,8,2,35,15,84,73,95,86,1,4,6,1,8,5,3,4,4,8,10,1,4,7,2,2,6,3,7,5,4,9,0
1,40,38,3,1,0,8,5,2,7,2,13,81057.0,1016,52208.0,4,8,96,59,62,20,67,66,7,1,4,1,2,4,3,8,6,5,1,8,7,4,10,4,10,5,2,6,5,2,0
1,40,31,1,4,0,1,1,2,1,14,10,143471.34999999998,1559,21865.0,8,6,42,60,30,4,84,96,3,1,2,6,7,1,2,10,7,5,9,3,8,2,5,9,6,5,10,6,3,6,0
1,26,36,2,6,0,5,1,3,4,10,2,116415.0,1220,18689.0,8,8,78,94,58,44,31,10,1,8,1,4,7,4,10,1,9,10,1,1,2,4,9,8,3,8,3,2,9,10,0
1,19,38,4,4,1,8,2,4,2,5,12,133324.0,1051,24721.0,8,8,91,26,68,18,85,92,3,5,5,6,2,5,1,6,2,3,10,2,10,7,7,5,4,5,4,7,8,6,0
0,39,38,1,3,0,5,6,5,7,10,9,126408.0,1234,33509.0,1,7,16,59,16,4,74,90,10,2,6,9,10,3,3,2,5,4,7,4,4,4,7,6,9,9,10,10,5,5,0
1,26,34,5,3,0,7,5,1,6,6,8,104533.0,1394,54877.0,9,9,52,20,20,88,36,84,7,6,1,4,7,3,4,5,2,1,3,3,1,5,4,4,7,7,9,5,7,9,0
1,29,31,6,5,0,8,2,1,2,12,17,81139.0,837,12622.0,8,8,96,33,48,42,9,27,4,4,10,6,3,5,10,8,8,10,10,9,4,3,7,9,9,6,7,3,4,4,0
1,29,25,3,3,1,4,4,4,7,5,16,124859.0,871,16938.0,10,3,82,68,4,89,82,8,8,4,3,3,6,9,6,1,5,6,10,8,6,3,10,10,7,6,2,8,8,8,1
0,32,38,5,6,0,9,2,1,1,9,3,137213.0,1349,19657.0,2,2,46,69,39,75,30,62,10,8,9,4,1,1,7,8,6,8,2,4,1,3,3,7,6,1,6,10,7,6,0
0,19,38,3,3,1,8,1,5,7,1,15,38303.0,1416,22321.0,3,3,71,19,37,88,89,83,8,4,1,6,7,3,1,6,2,5,6,9,10,8,3,6,10,7,8,1,4,3,0
0,35,26,2,6,0,1,5,5,1,13,13,64889.0,1517,17961.0,8,7,63,18,82,82,66,80,6,5,6,2,10,6,8,9,6,9,10,10,6,7,2,9,4,4,5,5,5,6,0
1,30,25,6,2,0,10,5,3,1,7,5,102127.0,1549,45600.0,6,4,81,90,81,96,58,39,2,10,7,1,9,7,10,9,8,5,6,4,2,4,8,4,6,10,1,7,10,3,0
1,31,30,1,6,0,5,5,6,6,8,3,94244.0,1145,18697.0,2,4,82,93,39,50,84,29,1,10,4,9,5,6,6,3,10,4,9,1,10,1,5,9,3,1,7,4,3,4,0
0,22,34,6,5,0,9,5,7,1,17,4,39430.0,1000,22070.0,5,8,72,16,50,43,69,80,3,2,4,8,9,1,2,7,3,10,8,3,2,3,2,7,9,1,7,4,3,1,0
1,43,36,3,6,0,7,5,2,2,7,4,94392.0,850,34685.0,4,2,96,21,47,62,66,13,9,5,6,4,7,8,6,8,8,3,5,10,6,7,9,2,2,10,8,5,1,2,0
0,27,24,2,5,0,6,1,2,3,8,1,109301.0,1444,37727.0,1,3,59,95,34,87,66,69,6,4,4,2,9,6,1,4,9,5,8,3,2,7,7,10,10,8,5,4,4,2,1
0,29,34,1,5,0,8,3,5,1,1,7,118225.0,1067,57566.3,7,4,77,65,96,94,18,82,10,1,8,4,1,10,2,6,3,10,4,8,6,10,6,5,3,9,9,2,9,10,1
1,27,19,6,5,0,2,2,5,4,18,3,26252.95,1388,36828.0,10,9,24,85,48,96,47,12,6,3,8,9,3,1,7,6,1,7,8,7,2,6,3,9,9,2,7,7,10,6,0
1,41,22,5,6,0,8,2,5,6,3,4,87900.0,1151,21447.0,6,7,25,8,15,62,70,96,10,8,2,7,9,9,9,7,10,8,7,9,10,3,6,5,9,6,2,2,8,2,0
1,28,42,1,5,0,2,5,1,5,18,17,114202.0,1094,54200.0,7,7,20,5,86,4,27,78,9,6,10,2,5,10,5,6,9,6,1,6,10,8,4,1,2,6,7,5,2,9,0
1,42,23,2,3,0,1,6,4,3,1,14,112431.0,933,13918.0,9,8,42,7,72,20,71,57,10,5,8,3,6,10,2,3,1,1,9,5,6,9,3,2,5,2,3,7,9,6,0
0,19,43,4,5,0,6,4,1,6,4,10,81152.0,1210,14255.0,6,2,45,70,96,90,89,40,8,4,3,1,9,8,5,3,5,4,3,5,1,3,10,2,7,3,3,2,5,8,1
0,22,19,2,6,0,9,3,3,3,13,5,30420.0,1414,27006.0,2,8,74,68,4,40,58,16,2,3,7,7,6,2,5,4,2,10,4,8,8,5,4,9,10,2,2,4,6,4,0
0,24,43,6,4,0,3,2,1,1,1,8,26252.95,894,30679.0,5,8,57,95,40,72,95,22,6,8,8,3,4,8,2,6,2,5,3,9,10,10,9,2,7,7,8,9,2,3,0
0,23,42,6,3,0,6,1,4,4,6,2,111326.0,1559,31926.0,6,7,40,91,71,45,75,47,1,9,9,3,4,3,10,2,2,9,5,5,4,7,1,4,5,3,4,9,4,5,0
0,39,33,3,6,0,6,1,7,2,11,16,134944.0,1546,55992.0,7,6,96,18,33,49,90,66,2,7,1,1,4,1,9,8,4,3,7,8,6,7,6,10,5,10,2,8,8,10,0
1,40,39,4,2,0,2,1,7,2,8,2,70049.0,1431,38393.0,4,1,96,30,19,67,55,23,1,2,3,3,2,8,5,4,4,9,10,10,4,7,3,10,6,8,9,9,6,5,0
0,20,22,5,6,0,9,4,1,3,12,13,86816.0,1220,37299.0,3,1,5,86,7,4,5,95,3,4,10,7,1,2,9,5,2,9,2,9,7,3,2,5,1,7,8,8,6,10,1
0,30,22,6,1,0,9,1,2,1,10,13,76678.0,1413,12502.4,5,8,91,25,82,54,31,10,1,10,2,9,1,4,6,5,10,3,8,9,7,8,2,8,6,9,8,9,4,9,0
0,20,29,4,1,0,5,6,3,1,14,4,68044.0,874,14869.0,2,4,87,26,80,66,88,47,1,6,1,6,7,8,7,7,10,4,3,7,6,9,2,10,7,9,9,9,1,1,1
1,43,20,5,1,0,5,5,1,4,16,8,124397.0,1271,22087.0,9,2,32,41,14,96,6,6,1,1,9,3,3,1,6,9,5,5,5,1,1,5,4,5,4,1,5,2,3,3,1
1,42,33,2,5,0,1,2,1,5,10,10,125602.0,1073,27296.0,10,9,19,90,15,37,5,51,7,7,2,3,6,5,2,3,7,4,4,3,6,8,6,10,9,2,2,3,3,4,0
1,41,23,4,6,0,8,4,6,5,6,7,74846.0,837,16851.0,6,2,88,63,4,46,41,15,2,9,2,8,6,5,4,8,7,10,1,5,8,7,9,3,8,7,10,1,7,5,0
1,38,32,5,1,0,4,6,6,4,17,15,79944.0,879,12502.4,5,2,64,53,59,17,40,66,10,8,9,6,3,4,3,4,6,8,7,3,10,5,8,3,10,5,5,9,8,5,0
0,23,32,3,4,0,8,6,4,1,12,14,112146.0,1559,48077.0,10,2,22,95,20,16,25,86,10,6,3,2,5,3,7,9,2,5,5,2,3,6,2,10,1,3,3,7,8,9,0
0,28,33,6,5,0,7,5,7,5,8,3,101727.0,1167,40724.0,7,9,40,6,23,60,10,57,7,2,10,8,2,8,7,3,4,9,6,6,6,1,4,7,1,5,1,2,7,4,1
1,43,37,4,1,0,9,1,3,7,6,2,52435.0,1465,40880.0,7,9,33,15,62,25,92,44,8,10,10,9,5,4,2,9,8,4,5,5,6,1,10,10,1,4,6,3,5,5,1
1,34,30,5,4,0,4,6,1,3,7,16,122157.0,945,17902.0,4,5,53,26,68,96,5,11,1,5,3,5,3,7,4,8,7,1,1,8,3,6,10,10,4,8,9,4,3,7,1
0,27,29,6,6,1,3,5,3,5,10,12,105823.0,963,46249.0,2,9,18,19,58,66,37,51,2,5,4,8,5,6,1,9,1,2,1,7,4,9,3,3,9,7,9,10,9,10,1
0,29,27,1,2,0,9,3,7,5,14,8,75138.0,938,57566.3,7,2,48,12,91,96,77,54,3,5,3,5,4,8,10,7,3,4,7,9,9,10,10,6,4,7,5,5,3,1,0
1,34,31,4,1,0,8,1,3,4,17,13,26252.95,1501,54619.0,4,8,49,69,37,35,81,14,6,1,10,9,2,2,6,10,3,5,3,4,7,6,4,8,10,7,6,3,6,5,0
1,21,19,4,5,0,1,6,7,4,10,6,52036.0,1182,13369.0,4,8,65,16,17,96,53,85,7,6,6,7,3,6,9,6,1,7,9,4,8,3,5,3,10,8,7,8,10,3,0
1,19,20,4,1,0,1,2,1,2,7,6,97534.0,896,25956.0,7,2,85,95,25,19,85,22,10,7,7,9,2,10,6,2,5,4,2,4,10,10,10,5,9,10,1,8,2,4,0
1,28,26,2,2,1,5,2,5,5,7,11,83136.0,1167,52765.0,1,4,59,44,43,94,37,66,9,3,9,10,4,6,7,6,3,8,1,9,3,9,1,3,6,2,5,7,6,8,0
0,24,28,5,2,0,3,2,1,4,9,7,132433.0,1151,28483.0,1,9,82,71,75,50,85,78,3,2,6,8,5,8,4,6,6,6,7,10,2,7,3,6,10,3,9,2,4,5,0
0,19,28,4,2,0,2,5,1,2,5,3,75171.0,837,45292.0,4,6,25,59,4,94,25,51,10,3,10,6,3,2,1,4,2,7,5,1,2,2,6,8,4,4,7,5,4,5,0
0,43,42,5,5,1,9,5,2,4,2,3,127834.0,1498,47052.0,1,1,89,37,66,71,5,39,3,1,8,6,2,4,9,5,7,4,2,2,7,1,8,1,2,2,7,10,9,8,0
1,35,39,1,5,0,10,3,1,5,16,16,78082.0,919,30114.0,7,4,11,6,32,66,9,96,2,3,6,3,4,4,9,4,3,4,8,10,1,5,4,2,3,7,9,6,2,3,0
1,38,27,4,5,0,6,3,1,1,4,6,143471.34999999998,1105,31027.0,4,1,4,37,24,58,64,46,1,4,2,6,3,2,9,8,5,8,3,4,7,10,8,1,5,8,3,6,3,9,0
0,21,43,2,6,0,7,2,4,5,18,3,49340.0,837,15276.0,4,3,42,89,17,88,30,12,2,6,6,2,5,4,4,6,1,1,5,2,7,7,2,7,7,6,5,5,4,10,0
0,25,31,4,4,1,3,2,2,4,4,6,133331.0,1504,37798.0,10,7,4,24,35,87,18,8,5,6,10,5,1,2,1,8,5,7,10,3,5,6,7,10,4,6,2,8,4,5,0
0,37,26,6,1,0,10,3,6,3,7,8,43099.0,1159,32644.0,2,9,69,87,78,18,66,84,9,7,7,8,4,1,6,9,8,9,5,1,3,6,3,4,9,2,7,2,10,2,0
0,31,37,5,4,0,2,3,1,4,14,3,106884.0,1476,17732.0,5,9,54,19,4,41,91,87,1,4,7,8,9,6,7,9,4,4,3,6,2,7,4,8,7,1,1,9,8,2,0
1,29,43,4,6,0,7,5,4,6,8,9,130002.0,1154,18388.0,7,7,4,39,36,77,88,29,3,9,7,5,9,8,10,3,1,7,4,5,1,1,9,7,7,8,3,4,3,5,0
0,39,38,3,5,0,7,6,4,7,3,8,96049.0,1397,45216.0,4,8,42,83,96,17,62,63,9,6,3,9,2,6,10,4,2,5,2,7,6,10,8,9,5,4,6,3,7,10,1
0,38,27,2,5,0,8,2,6,3,14,15,129730.0,1520,24867.0,10,9,87,60,8,83,61,33,3,5,7,9,7,5,8,5,2,6,2,3,1,6,8,4,7,9,3,3,8,9,0
0,43,39,1,2,0,10,5,7,5,13,6,99195.0,1478,38685.0,4,1,44,75,71,86,52,21,7,6,8,7,7,3,6,2,7,10,4,8,5,5,1,3,2,5,10,4,3,8,1
0,35,26,5,5,1,4,2,7,3,1,5,129059.0,971,49144.0,8,8,81,94,80,88,83,47,1,9,7,4,7,9,7,7,8,7,7,9,9,6,8,8,8,9,5,2,2,3,0
0,28,22,6,2,0,8,6,6,2,8,16,132425.0,935,37301.0,8,2,67,22,78,41,95,43,4,5,2,7,1,3,10,5,1,2,10,4,2,6,10,9,4,8,9,3,8,3,0
0,25,25,1,5,0,10,3,7,2,6,11,134634.0,1042,19503.0,8,9,82,15,41,64,29,36,9,1,8,8,5,6,6,10,1,1,4,9,3,5,1,1,8,2,1,8,5,4,0
0,19,28,5,1,0,7,1,5,5,15,17,69113.0,849,12861.0,1,4,64,61,86,23,71,55,9,3,2,3,4,9,7,2,7,10,3,1,2,10,5,7,2,3,3,9,5,10,0
1,42,19,6,1,0,6,1,2,5,15,17,69658.0,1255,13434.0,8,7,57,24,56,49,30,27,5,1,6,6,9,2,3,10,2,7,10,2,2,5,2,1,4,1,5,5,9,5,0
1,32,38,3,2,0,3,5,2,2,7,6,88151.0,1166,51674.0,7,4,60,65,59,66,42,23,4,7,7,10,5,9,6,6,6,1,2,3,10,3,2,8,7,8,10,7,5,10,0
1,26,27,5,3,0,4,2,3,6,1,10,81416.0,1559,43895.0,3,1,26,16,28,9,9,96,10,5,3,4,4,9,5,2,9,2,7,3,4,4,6,2,4,7,5,10,9,3,0
1,36,19,1,2,0,8,4,6,3,1,15,119814.0,891,38916.0,5,8,16,82,41,5,7,88,1,2,9,9,3,3,3,10,3,1,3,5,7,2,6,4,6,2,1,2,3,7,0
0,37,43,5,3,0,9,5,7,3,12,2,143471.34999999998,1071,51256.0,7,4,75,35,51,83,81,54,9,3,4,9,6,4,9,6,10,9,3,10,1,10,1,5,1,7,3,3,2,3,0
1,25,39,2,4,0,3,4,5,4,15,7,38995.0,1130,17075.0,9,8,76,76,44,25,38,30,8,9,10,3,4,1,1,6,10,2,10,5,3,10,10,9,3,8,5,3,3,5,0
1,42,24,6,6,1,7,2,2,1,13,14,109365.0,1362,57566.3,3,8,24,11,27,67,34,53,7,4,1,5,3,4,8,5,3,7,7,3,4,10,10,7,10,5,7,7,4,6,0
0,36,31,4,4,1,2,2,5,1,2,1,64616.0,1559,21335.0,5,6,18,93,68,91,95,80,8,3,8,3,4,7,2,5,9,7,5,2,5,5,5,4,4,6,7,2,7,7,0
0,22,22,1,5,0,10,1,2,7,5,7,60964.0,903,57566.3,3,8,4,65,42,23,60,11,10,9,10,4,1,1,9,10,1,3,8,1,9,3,10,8,1,5,9,10,8,9,1
1,28,34,2,4,0,10,1,5,6,6,13,76240.0,1076,12755.0,7,4,56,65,45,82,39,96,2,6,6,4,3,3,7,1,1,5,4,7,3,3,8,7,5,5,1,3,6,2,0
1,32,39,5,5,1,1,3,6,1,14,1,124890.0,1456,32060.0,3,6,71,73,23,20,82,35,7,6,9,10,10,3,3,10,7,7,6,7,1,4,4,10,2,5,3,3,6,5,0
0,25,43,6,4,0,9,1,3,6,8,15,55247.0,1475,57566.3,8,2,66,34,87,96,51,74,4,10,1,3,9,5,5,7,10,3,3,7,5,3,3,1,4,6,7,2,8,3,0
1,36,38,4,4,1,6,6,7,1,10,10,104700.0,1544,55242.0,10,2,71,57,30,9,13,44,10,3,6,2,5,8,8,3,10,2,8,5,8,9,8,5,6,3,6,9,8,8,0
0,40,23,4,6,0,4,6,3,7,10,14,55723.0,1348,46588.0,4,3,4,54,5,37,34,96,9,6,7,7,7,6,3,3,1,4,3,2,3,3,5,3,10,1,9,4,7,7,0
0,43,33,5,5,1,2,2,7,3,14,14,124959.0,942,36857.0,6,2,63,41,88,68,5,4,1,3,3,8,7,10,7,8,9,6,8,7,9,6,2,2,4,9,7,4,5,3,0
0,25,28,5,4,0,2,5,5,5,15,8,138433.0,1191,16833.0,6,8,96,28,9,91,95,26,3,2,10,10,7,7,8,7,4,5,10,2,7,9,6,1,5,8,9,6,1,4,0
0,43,27,4,1,0,5,2,5,3,8,5,106546.0,1189,44076.0,1,1,4,65,84,12,95,93,6,7,5,1,5,1,5,10,2,1,7,9,8,5,6,6,8,8,1,10,8,6,1
1,43,32,1,4,0,3,4,7,5,5,11,135822.0,1377,43950.0,2,3,94,84,26,41,25,18,5,2,6,8,4,6,7,1,2,8,1,5,3,9,7,5,6,2,2,6,7,9,1
0,36,24,5,1,0,8,3,1,6,10,3,40638.0,993,51707.0,5,5,10,68,4,20,6,34,7,5,9,4,2,8,10,4,2,2,7,7,1,9,4,3,1,8,10,3,1,3,0
0,35,40,3,6,0,9,2,7,2,4,5,128860.0,1559,28473.0,5,8,49,71,35,75,90,4,4,8,1,3,7,3,2,2,2,1,2,5,4,3,4,9,9,7,9,9,3,6,0
1,27,19,5,2,0,6,2,7,6,7,2,91383.0,1481,47169.0,5,6,87,78,54,90,37,24,4,7,2,1,1,10,6,6,2,10,10,6,10,10,7,9,3,6,6,6,3,4,0
0,24,29,6,3,0,1,6,3,6,2,10,143471.34999999998,1373,29775.0,4,6,18,93,65,75,28,94,5,1,5,4,5,8,1,5,4,8,1,1,1,1,10,1,5,10,2,9,2,5,0
1,26,36,6,4,0,5,4,7,6,14,4,45120.0,1171,36258.0,10,2,77,86,70,67,16,4,7,9,1,8,6,6,4,6,8,1,6,1,3,6,2,1,3,7,10,4,1,2,0
1,19,29,3,6,0,10,3,4,6,9,13,52899.0,872,36357.0,8,1,66,20,69,96,82,94,5,3,3,7,4,9,10,4,6,10,3,9,8,4,2,8,9,7,1,8,1,6,1
1,36,33,6,6,1,5,1,3,4,17,8,73545.0,1527,20345.0,1,5,78,79,44,51,22,29,6,6,6,3,8,4,8,4,9,9,7,2,1,1,3,10,5,7,6,9,2,4,1
0,22,23,2,6,0,8,2,5,2,5,6,81555.0,1059,17531.0,7,9,16,68,79,92,32,85,3,3,5,4,7,10,8,3,6,5,7,2,9,2,2,6,4,3,5,2,4,7,0
1,36,20,3,5,0,8,6,2,2,10,13,26252.95,837,27778.0,10,9,89,69,21,93,43,89,1,9,7,8,10,10,6,5,3,7,7,7,4,4,8,10,10,7,9,7,9,4,0
1,19,19,1,6,0,1,2,2,5,17,3,106857.0,1013,37923.0,7,9,94,20,63,9,65,56,9,4,10,4,4,6,9,3,1,2,3,10,10,9,10,4,9,3,1,6,4,3,0
0,32,37,5,2,0,6,3,3,5,5,13,85390.0,1355,40506.0,6,6,4,62,35,60,59,23,5,8,7,6,8,10,2,2,6,8,9,6,10,3,2,1,1,7,6,6,5,9,0
1,33,22,3,3,1,7,6,3,6,18,4,52035.0,870,12775.0,7,3,4,71,32,94,55,64,8,4,10,2,6,2,3,9,3,1,4,2,6,6,7,7,2,8,9,4,9,7,0
1,40,28,2,3,0,5,2,7,3,10,1,116099.0,1392,21962.0,7,1,77,4,87,50,95,37,7,4,8,10,9,3,1,10,8,4,6,7,6,4,1,3,2,6,9,10,6,7,0
1,24,43,6,6,1,6,6,6,5,13,17,103042.0,1086,42939.0,1,6,68,60,69,41,94,7,2,2,5,10,10,4,8,9,3,3,4,9,4,10,10,8,10,6,4,7,4,8,0
1,43,42,4,6,0,3,4,4,6,5,5,40756.0,970,54908.0,8,8,65,49,5,36,5,46,8,8,2,8,2,5,1,4,3,2,10,2,7,1,7,6,6,3,7,1,5,7,0
1,29,20,2,2,1,6,3,7,2,12,6,65093.0,1139,45785.0,6,2,45,60,61,96,69,33,5,9,1,5,8,1,7,10,4,5,8,10,9,7,4,8,4,8,1,10,7,2,0
0,25,20,3,2,0,3,2,3,6,10,9,55203.0,929,55046.0,5,2,62,22,6,60,18,56,7,2,5,2,3,2,6,3,8,3,1,5,6,5,2,8,2,1,8,9,7,1,0
1,22,39,3,6,0,9,1,7,2,2,15,66792.0,885,33457.0,9,2,52,80,42,96,10,66,3,5,2,4,10,4,8,7,1,8,9,6,7,3,1,3,7,5,6,8,5,4,0
1,27,22,1,4,0,5,2,2,2,10,2,37579.0,1546,35541.0,7,1,35,95,49,38,95,23,9,5,10,1,10,4,9,3,9,3,9,4,4,1,5,4,1,4,1,10,8,7,0
0,38,39,4,2,0,2,1,6,1,14,2,79817.0,912,50658.0,1,2,6,77,31,80,92,32,4,9,3,4,10,9,1,9,8,10,1,5,1,5,8,3,6,8,5,2,9,5,0
0,22,40,5,5,1,9,2,6,1,10,12,106219.0,1090,57566.3,9,5,92,23,24,47,38,37,10,7,6,7,5,5,4,1,5,6,4,8,7,10,10,7,6,1,7,2,3,9,0
0,34,28,1,6,0,2,4,2,1,10,12,99702.0,1097,17801.0,1,6,89,4,96,15,95,41,5,6,4,5,7,10,8,2,7,3,4,5,7,10,3,7,1,2,8,1,3,7,0
1,43,20,1,3,0,2,3,4,7,11,5,135936.0,1363,32723.0,1,3,59,51,71,82,11,11,4,8,5,3,6,10,8,1,7,7,5,1,3,6,7,2,10,8,2,2,10,8,0
0,22,30,4,1,0,8,1,1,5,17,3,105917.0,1479,12502.4,3,8,72,48,51,84,76,77,5,5,8,4,4,8,9,4,6,4,1,1,9,7,1,2,1,8,5,5,4,6,0
1,39,38,6,5,0,1,3,5,5,5,4,39022.0,980,52852.0,10,2,68,13,85,70,14,69,10,6,6,9,5,4,4,10,10,3,5,2,6,10,8,4,6,2,3,10,1,6,0
1,32,25,1,2,0,10,4,1,3,2,12,97700.0,1167,40867.0,6,1,57,73,84,68,23,4,5,8,2,6,6,10,3,10,2,3,1,10,10,8,3,2,10,3,10,5,7,2,0
0,30,37,3,2,0,8,6,4,4,3,10,104921.0,962,36139.0,4,4,47,7,42,4,79,4,8,1,3,5,7,5,4,5,2,10,5,2,6,8,4,4,8,8,4,1,6,4,0
0,19,27,6,3,0,6,3,5,2,11,17,110285.0,926,42644.0,5,7,33,43,5,46,52,64,1,1,3,9,6,4,9,2,6,6,7,7,5,5,2,10,2,6,5,10,1,3,0
1,28,19,2,4,0,5,3,6,6,8,15,125408.0,1432,27964.0,5,3,4,58,96,76,81,49,3,4,4,9,3,9,3,5,10,6,6,5,1,4,2,4,7,2,5,4,4,8,0
0,40,21,6,4,0,4,4,5,7,1,15,80258.0,837,45104.0,2,3,20,27,39,82,69,4,1,5,3,7,9,9,6,7,1,3,9,2,2,7,3,8,10,6,9,5,2,9,0
1,19,35,4,1,0,10,4,4,4,18,3,87543.0,1313,35682.0,8,4,27,35,71,9,75,46,8,8,9,3,10,5,5,2,4,3,3,4,5,8,2,8,1,1,4,1,2,2,0
0,28,36,4,3,0,4,5,7,4,14,17,56217.0,1346,44482.0,5,6,81,21,4,82,85,95,3,7,9,10,8,1,7,5,9,8,3,8,2,2,8,6,7,5,10,3,9,9,0
0,35,21,5,3,0,3,3,6,4,5,5,37349.0,1163,53766.0,8,1,86,19,34,89,54,27,7,2,8,6,1,5,9,7,10,9,8,6,5,8,2,1,8,2,5,4,1,4,0
0,35,37,3,3,1,3,1,3,6,10,11,57067.0,1105,38596.0,4,3,10,20,94,54,77,86,7,3,8,4,4,4,10,3,4,10,8,5,2,4,8,8,2,8,2,5,7,10,1
1,38,43,6,4,0,6,1,7,5,4,7,126657.0,949,53818.0,4,1,15,19,20,67,7,7,3,3,8,7,6,2,1,10,6,5,8,10,1,10,7,4,3,4,8,1,1,8,0
0,43,26,6,2,0,6,5,1,4,8,7,126660.0,1476,24587.0,9,2,94,55,56,76,50,31,10,6,3,5,7,8,9,2,7,7,3,5,1,1,5,8,10,6,2,2,9,1,0
1,33,33,2,3,0,3,1,5,3,9,13,97916.0,1012,16868.0,2,8,55,85,56,50,34,4,1,5,4,6,5,3,3,1,7,2,1,5,8,10,1,7,2,8,2,10,1,4,0
1,30,43,2,1,0,4,2,3,3,3,6,139017.0,1120,14059.0,1,8,42,7,39,59,74,44,7,7,2,10,6,10,9,3,10,6,6,8,1,4,4,2,10,7,3,8,6,1,0
1,24,23,6,3,0,3,1,7,6,18,1,52398.0,1137,56489.0,3,8,76,51,96,65,63,78,3,3,3,9,1,8,2,9,6,10,2,4,9,10,2,8,3,6,3,4,8,10,0
1,19,42,4,3,0,3,6,4,7,8,16,133660.0,1527,53896.0,8,5,42,80,90,89,86,96,9,5,8,8,10,7,5,10,8,9,10,10,2,5,4,4,6,1,8,6,10,9,0
0,43,21,1,5,0,4,5,6,7,5,15,86485.0,837,57566.3,4,8,68,43,9,47,84,38,9,5,9,1,10,8,10,2,1,10,7,4,3,5,6,8,9,3,10,3,5,7,0
1,33,26,6,6,1,3,5,7,5,9,16,143471.34999999998,1148,48508.0,9,9,13,95,56,27,67,76,5,5,10,6,6,10,9,2,3,2,7,1,3,4,1,7,6,6,7,4,6,4,1
1,19,43,2,2,1,8,4,7,7,15,2,35792.0,1120,26320.0,6,2,17,51,24,94,65,84,2,6,5,10,4,1,5,7,7,5,9,3,10,3,5,3,5,5,4,5,1,6,0
0,34,30,6,6,1,3,4,4,1,18,13,143245.0,1221,40673.0,9,7,83,16,91,4,5,61,2,2,9,4,3,10,3,8,4,3,9,1,5,5,2,7,1,2,4,3,9,10,0
1,23,26,4,5,0,9,1,4,3,5,6,93735.0,969,57566.3,1,7,81,75,14,32,95,60,1,2,5,7,1,1,2,3,8,6,3,3,7,3,1,8,3,4,6,5,9,10,0
0,19,23,5,2,0,7,3,4,5,10,4,91859.0,1087,22301.0,6,1,27,82,94,90,50,76,8,5,9,8,1,5,5,6,5,6,10,6,5,5,6,5,5,9,10,8,9,5,0
1,34,38,2,1,0,2,3,3,3,14,9,43846.0,1271,48772.0,7,2,57,42,89,61,27,56,6,9,6,3,8,5,2,2,4,1,3,7,9,9,8,2,9,1,5,2,7,9,0
0,23,36,3,2,0,2,3,4,2,15,13,34558.0,954,20178.0,7,7,37,17,55,8,22,29,2,4,4,3,9,7,10,7,6,7,1,5,2,4,6,6,2,3,2,6,8,3,0
1,31,31,1,1,1,7,2,6,1,2,10,127710.0,1150,27591.0,4,7,4,33,61,20,59,95,1,5,2,3,6,6,6,9,7,7,2,3,5,9,2,6,8,6,4,9,3,7,0
0,35,38,6,4,0,1,1,6,5,15,1,102570.0,1092,30419.0,8,8,29,92,57,16,38,62,4,8,9,3,9,6,4,10,3,3,3,3,3,7,8,2,4,3,4,7,4,8,0
1,23,32,4,4,1,1,1,7,2,8,14,143471.34999999998,1559,49658.0,7,7,44,31,4,62,70,8,7,6,2,4,4,2,10,6,7,3,3,10,5,3,9,3,9,1,1,1,10,4,0
1,27,20,1,4,0,1,4,1,5,5,9,98056.0,895,19436.0,8,7,19,4,4,96,43,31,2,6,5,9,10,8,1,1,10,3,9,7,8,2,3,8,9,10,7,8,7,10,0
0,41,22,2,1,0,5,4,3,5,6,12,26252.95,1133,35976.0,3,9,23,32,96,56,12,81,9,2,9,3,5,3,4,1,10,6,7,3,8,7,9,1,2,2,7,2,6,8,0
0,35,38,6,1,0,9,6,4,6,2,6,42931.0,1133,55191.0,7,3,35,73,92,93,95,67,7,2,8,8,4,3,8,6,2,1,9,1,4,2,3,10,4,8,2,10,1,5,0
0,43,35,4,2,0,1,5,5,1,10,17,43482.0,1458,13578.0,1,8,71,4,95,86,51,40,4,2,9,3,1,5,1,4,8,6,2,3,10,3,6,3,2,3,1,9,3,6,0
0,26,31,5,3,0,5,5,7,4,3,3,35331.0,1121,26854.0,8,3,77,83,19,57,38,13,6,5,7,4,8,6,6,10,3,5,6,2,8,10,6,5,9,7,10,1,8,4,0
1,25,33,1,2,0,10,4,1,4,9,9,114516.0,879,26149.0,9,1,30,90,48,66,39,7,2,10,4,5,1,8,5,3,4,4,7,10,5,1,4,1,3,3,9,7,10,10,0
1,27,31,1,1,1,7,1,2,1,13,14,143471.34999999998,1196,39796.0,7,4,80,92,65,78,91,25,1,10,7,10,5,8,8,6,2,2,9,9,6,5,2,8,1,8,6,9,10,2,0
0,34,26,1,4,0,1,5,4,6,5,1,123184.0,1116,48869.0,9,7,44,87,75,40,86,96,7,10,1,3,9,5,4,6,5,1,2,8,3,1,3,4,4,7,1,3,4,8,1
1,40,32,4,3,0,9,1,3,7,15,15,123906.0,965,54307.0,3,2,79,14,48,78,24,66,3,5,1,9,3,2,7,9,4,10,4,2,6,4,9,1,1,3,1,1,1,1,0
0,43,24,6,2,0,1,3,4,7,6,1,85982.0,1324,42362.0,6,6,93,32,69,70,28,30,8,6,1,7,3,2,1,3,3,3,8,1,5,8,1,2,3,8,1,9,2,7,0
0,23,31,1,3,0,8,5,2,3,11,12,134776.0,1559,37378.0,3,8,33,4,50,33,63,34,5,7,4,4,9,9,8,2,7,3,9,10,7,4,7,8,1,8,7,10,1,10,0
1,31,23,6,1,0,5,6,6,6,16,10,101716.0,1052,56047.0,4,4,49,26,13,13,95,61,7,6,10,3,10,9,4,7,10,5,8,2,1,5,4,8,3,4,2,2,10,3,0
1,39,38,4,6,0,6,6,7,1,4,10,51928.0,1037,49697.0,6,3,48,4,40,43,93,52,5,7,4,1,4,4,9,1,9,4,1,3,5,4,8,3,1,9,8,5,7,5,0
1,39,32,4,3,0,5,4,1,7,6,1,39408.0,1559,28231.0,9,5,22,88,51,46,63,31,7,7,5,5,2,2,8,1,2,10,3,9,5,9,8,7,10,3,7,6,3,6,0
1,23,37,5,6,0,3,2,7,7,5,12,26252.95,931,12502.4,1,9,4,50,4,85,9,86,1,7,4,10,7,8,2,10,4,10,10,8,4,6,3,1,3,1,4,2,1,2,0
1,43,25,5,5,1,6,3,2,2,14,15,33332.0,1207,57566.3,8,3,70,81,39,23,22,48,8,6,1,10,4,6,4,5,6,2,2,5,9,10,2,2,3,1,2,7,3,4,0
1,24,19,6,4,0,3,5,2,3,5,17,26252.95,1432,54587.0,3,3,5,61,25,19,83,84,9,1,10,5,5,5,8,5,10,6,10,10,2,5,9,7,8,4,7,3,4,10,1
1,29,25,2,1,0,5,2,1,3,13,4,117622.0,943,57566.3,1,8,4,63,27,7,61,96,5,7,7,9,3,4,9,3,5,1,3,8,10,1,3,3,8,10,10,9,6,9,0
0,20,19,2,4,0,6,1,3,5,17,16,29997.0,1316,54670.0,3,9,81,95,13,31,89,94,2,4,6,6,7,8,7,9,6,9,6,6,4,8,2,1,8,8,6,8,8,6,0
0,31,43,1,1,1,4,6,7,3,12,12,67629.0,873,57566.3,8,2,4,33,33,64,5,96,3,5,1,7,7,4,6,2,2,7,5,9,8,10,3,1,4,9,5,10,7,5,0
0,39,34,6,2,0,4,6,4,5,12,5,120500.0,1192,50600.0,9,1,77,42,57,46,42,15,9,9,1,7,7,6,3,10,10,2,3,6,9,5,4,2,2,8,4,3,1,5,0
0,36,36,6,4,0,7,1,2,7,15,4,102945.0,1067,34095.0,8,2,16,95,70,41,71,83,5,1,1,10,6,1,8,7,4,1,3,1,9,3,4,9,10,7,4,1,1,7,0
0,40,22,4,6,0,6,2,3,4,15,16,45937.0,1020,24382.0,1,1,32,93,96,86,47,77,9,10,7,6,2,9,3,6,6,5,5,10,10,4,2,4,9,9,4,2,10,8,0
1,33,39,4,3,0,10,2,1,5,1,16,90964.0,1122,30834.0,7,8,38,92,66,27,11,55,6,10,4,4,5,10,1,2,1,2,3,7,6,2,6,5,9,3,4,7,5,5,1
0,24,37,1,4,0,8,4,3,3,13,17,84818.0,981,12502.4,4,9,96,31,29,58,41,45,1,9,2,7,5,6,9,2,6,2,1,6,1,9,1,10,6,1,10,3,5,10,0
0,25,33,3,3,1,2,3,1,5,14,13,128200.0,962,54913.0,8,3,83,94,34,70,29,25,6,2,8,7,5,1,2,6,3,8,6,3,8,10,2,9,9,4,7,8,7,8,0
0,35,24,5,1,0,4,6,4,5,15,2,67250.0,1143,20241.0,4,7,9,6,84,77,88,83,8,8,9,10,3,7,7,6,9,5,8,10,7,6,5,10,1,2,5,6,9,9,0
0,42,24,4,5,0,2,6,7,2,12,5,132037.0,879,32582.0,6,1,4,38,16,31,63,83,9,2,3,1,6,4,4,3,4,10,9,10,10,2,9,2,9,9,8,3,8,3,0
0,30,35,2,6,0,4,1,4,5,16,17,51631.0,1311,49438.0,3,2,17,7,16,4,13,17,3,3,3,3,10,5,1,6,2,6,1,7,5,7,3,6,3,10,4,4,1,4,1
0,38,35,3,3,1,8,2,2,4,12,11,139823.0,1078,43343.0,3,4,51,32,38,51,5,68,2,5,5,1,1,6,3,5,10,10,4,4,2,2,9,8,3,5,8,7,1,3,1
0,26,19,4,6,0,10,1,7,2,16,15,136808.0,1297,54511.0,3,3,64,24,73,15,80,82,8,4,9,5,9,10,7,2,10,3,3,9,9,9,2,7,7,4,2,7,10,2,0
1,27,32,5,3,0,6,5,2,3,13,4,143471.34999999998,1419,57200.0,8,5,30,95,27,60,90,42,9,8,4,4,8,1,3,10,7,4,9,3,8,1,1,2,3,7,3,2,2,7,0
1,38,31,6,2,0,2,3,2,5,3,3,132769.0,938,18404.0,7,6,43,70,72,4,50,84,6,9,9,1,2,10,10,1,2,3,2,7,6,3,6,5,6,6,6,9,5,6,0
0,40,35,3,5,0,10,3,1,4,16,9,99632.0,1554,21798.0,2,4,85,33,69,30,22,31,2,9,2,2,9,10,8,10,9,4,2,6,2,9,6,4,7,1,7,9,8,7,0
1,43,26,6,1,0,3,3,3,1,2,15,47330.0,928,39975.0,9,8,80,83,32,58,5,62,7,10,2,6,8,9,7,10,1,3,1,7,8,2,7,3,8,2,6,8,5,6,0
1,26,31,3,2,0,10,5,4,5,8,8,26252.95,1077,12502.4,7,5,78,63,31,37,95,96,6,5,10,7,9,7,7,9,3,7,6,2,10,7,2,7,5,6,9,3,6,3,0
1,32,22,3,2,0,6,5,1,4,13,6,143471.34999999998,1028,15036.0,5,9,16,86,18,16,73,46,8,9,6,1,5,4,7,9,9,1,9,10,7,3,5,9,3,4,9,10,7,2,0
1,37,28,6,2,0,10,3,2,2,11,12,83725.0,1010,25610.0,4,5,5,13,41,58,70,81,5,8,8,2,1,5,5,9,2,3,9,6,4,8,6,1,8,3,5,3,7,1,0
0,19,25,2,4,0,10,2,5,5,4,10,62891.0,1306,30910.0,8,5,20,78,68,23,34,4,9,4,3,7,3,5,10,9,6,4,1,1,1,7,9,7,10,8,2,8,5,2,1
1,42,22,6,3,0,3,6,1,6,9,13,130117.0,1559,35467.0,6,8,8,12,71,34,65,4,7,3,4,2,3,2,4,8,9,5,9,4,10,5,2,10,6,1,2,9,8,5,0
1,30,28,6,2,0,3,3,4,6,2,13,122778.0,1152,37746.0,3,8,80,65,4,38,13,7,2,9,7,1,6,1,2,2,8,8,10,2,9,4,10,10,8,9,3,5,1,8,0
1,19,22,6,5,0,5,3,2,6,8,14,67147.0,1511,12511.0,9,8,23,57,65,87,74,25,8,5,8,4,10,10,3,3,8,3,7,4,4,3,5,7,2,6,7,10,9,1,0
0,36,34,6,3,0,7,6,1,4,10,11,33828.0,1559,31728.0,10,8,50,23,6,93,91,70,3,10,9,7,7,1,9,3,4,10,3,10,9,2,7,10,5,5,7,5,7,1,0
0,43,39,2,1,0,7,3,3,3,10,9,41614.0,1154,45078.0,7,3,78,83,53,42,10,12,8,1,6,1,2,10,5,6,4,8,6,2,2,5,5,1,7,8,7,3,7,8,0
0,19,21,3,4,0,2,2,5,2,1,17,139361.0,1537,40866.0,7,6,9,62,86,93,94,89,9,2,4,9,3,10,4,3,9,9,2,9,3,1,10,5,1,9,8,9,9,6,0
0,20,32,5,6,0,1,2,4,2,16,15,96857.0,1464,46900.0,7,6,31,83,33,96,61,86,3,5,4,5,8,4,7,5,4,8,4,7,9,4,2,2,10,3,8,5,9,9,0
0,23,36,2,6,0,5,4,4,2,15,8,131826.0,1518,26114.0,9,7,40,36,12,61,54,31,7,2,9,4,9,3,7,7,4,4,9,3,9,5,6,5,6,9,7,5,10,4,1
0,20,39,2,6,0,5,1,1,5,16,1,89438.0,1052,27488.0,1,2,33,31,81,22,50,86,9,10,4,4,2,2,1,2,3,1,4,6,2,8,10,4,7,2,8,10,4,2,1
0,27,19,2,5,0,9,4,1,7,10,11,58034.0,1436,23399.0,10,8,87,91,63,15,41,56,3,10,10,6,9,6,5,10,5,6,5,8,1,1,10,9,10,9,9,6,2,2,0
1,41,41,1,4,0,3,6,6,2,17,17,77110.0,1315,12502.4,6,2,10,28,17,47,95,73,5,3,8,2,5,4,6,1,2,1,3,1,6,9,5,4,1,2,10,9,7,2,0
1,43,34,3,2,0,6,1,1,1,18,15,40715.0,837,31063.0,10,8,79,28,16,4,50,29,5,9,8,9,4,5,1,5,5,6,1,9,10,4,5,8,9,6,2,5,2,9,0
1,23,29,5,6,0,8,4,3,3,13,9,31117.0,1117,34412.0,3,3,83,83,65,60,47,65,8,1,6,6,10,1,5,4,1,1,7,1,7,7,2,9,8,9,3,8,1,5,0
0,40,42,5,3,0,8,4,6,6,6,11,136427.0,1418,21149.0,8,5,53,49,89,94,54,4,4,5,2,7,7,4,10,2,6,1,6,5,4,7,7,10,6,4,1,10,9,10,0
0,33,41,1,3,0,7,2,2,2,16,17,99119.0,1559,46907.0,10,6,61,35,93,7,31,62,5,9,5,4,10,1,7,10,9,4,2,1,7,1,4,5,8,3,7,4,5,9,0
0,34,34,6,1,0,5,5,6,2,1,14,54682.0,1041,41920.0,10,2,59,52,61,96,78,21,8,4,1,8,8,10,4,4,4,7,1,7,5,6,3,5,10,4,1,7,5,5,1
0,36,27,2,4,0,1,4,5,7,4,16,73605.0,1117,12584.0,10,1,76,84,48,24,59,26,5,5,2,4,4,7,7,4,3,3,9,7,9,9,7,8,3,8,2,5,6,10,0
0,20,42,5,6,0,5,5,5,5,10,10,114208.0,1385,51387.0,6,4,45,83,49,96,20,53,3,4,8,6,8,6,8,10,6,2,5,5,7,5,1,2,7,5,4,7,2,3,0
1,35,35,2,2,1,6,2,5,4,17,10,30043.0,930,55217.0,4,2,27,45,25,14,5,64,4,2,4,5,10,7,5,8,8,8,6,4,2,2,2,5,10,4,5,3,5,3,0
1,24,36,2,6,0,10,1,2,5,6,15,143471.34999999998,1522,22316.0,8,5,22,38,47,78,40,4,6,10,4,4,7,6,3,9,3,5,5,7,6,8,8,8,3,8,3,5,5,2,0
0,26,35,6,4,0,7,5,4,2,5,10,41049.0,856,38290.0,5,5,20,83,39,89,34,55,3,2,10,6,7,7,1,9,4,1,9,8,2,8,10,8,7,7,7,2,6,1,0
0,37,30,4,6,0,9,2,1,5,12,2,40551.0,1468,38892.0,9,3,61,86,39,11,77,51,1,4,8,7,8,6,3,7,5,9,10,2,8,7,9,8,4,5,3,8,3,6,0
0,29,31,5,2,0,1,6,4,5,7,5,127212.0,1123,57355.0,9,1,76,92,83,58,16,79,1,5,6,10,9,5,7,9,8,7,8,2,1,5,7,5,7,8,3,9,3,6,0
0,22,41,4,6,0,6,2,7,4,10,17,84776.0,1065,12502.4,4,2,55,95,82,11,76,4,5,1,1,1,5,6,2,6,4,2,1,7,2,2,8,10,4,2,4,4,5,10,0
1,20,33,1,6,0,10,2,3,5,12,6,93348.0,1550,43256.0,7,3,68,80,21,53,37,82,7,6,4,5,5,8,10,5,6,8,8,6,1,10,9,7,8,1,6,6,2,6,0
0,28,35,3,5,0,9,4,3,5,18,3,84574.0,956,37843.0,3,1,96,45,8,71,59,58,9,6,5,9,4,5,1,9,10,10,7,1,8,7,5,3,1,4,4,6,9,2,0
0,42,43,3,5,0,3,5,3,2,12,12,125277.0,1508,13940.0,9,9,37,34,4,22,87,82,3,3,10,2,6,4,3,10,2,2,3,1,5,3,7,6,1,8,2,2,3,4,0
0,21,35,3,1,0,3,6,4,4,10,14,26252.95,1314,12502.4,7,3,50,45,51,51,69,6,3,10,4,8,9,2,1,3,9,5,8,1,4,5,4,6,7,8,10,2,1,10,0
0,22,33,3,4,0,8,5,4,2,10,8,129491.0,1059,56275.0,5,6,86,28,49,58,83,4,6,8,4,1,3,9,10,7,5,7,2,10,10,1,3,10,10,4,7,2,1,4,0
1,19,34,5,4,0,1,3,5,6,18,2,111223.0,1437,38915.0,4,5,52,35,74,26,20,79,10,6,4,9,10,3,3,3,8,3,9,9,1,4,10,2,5,9,3,9,10,8,0
0,43,24,4,4,1,1,1,2,5,3,16,56797.0,935,43559.0,9,7,41,73,94,25,57,67,9,10,1,7,6,4,7,8,10,3,3,8,9,9,1,4,3,6,1,6,7,5,0
0,35,29,4,4,1,6,5,5,5,13,7,59794.0,1146,57566.3,10,2,13,55,96,30,75,12,9,9,1,2,6,3,10,8,6,9,7,3,7,7,10,7,3,2,1,10,1,8,0
1,29,19,4,3,0,1,3,4,1,16,1,109168.0,1313,28175.0,1,5,68,23,28,94,54,53,3,3,9,7,8,8,1,7,4,5,7,9,5,10,4,10,8,8,1,8,5,5,0
1,30,27,4,4,1,10,5,6,5,8,1,140995.0,837,26578.0,2,1,13,4,35,19,49,30,8,9,9,6,6,5,8,7,5,6,8,8,10,1,5,9,3,4,3,3,7,5,1
1,26,22,2,6,0,8,6,3,4,14,4,33466.0,1381,46993.0,5,5,54,16,19,9,42,15,10,3,9,2,1,5,7,2,3,4,2,8,2,8,8,10,9,6,6,1,4,2,1
0,19,38,1,1,1,4,4,7,1,4,14,26252.95,1455,36420.0,8,3,28,31,39,6,20,9,6,10,2,9,7,10,1,7,4,3,8,5,6,7,10,6,10,1,9,2,3,4,0
0,22,20,4,4,1,8,4,4,7,13,4,121997.0,1304,19759.0,10,8,72,22,11,37,66,7,7,7,5,10,1,10,1,8,1,6,6,2,8,5,9,3,3,7,1,4,4,1,0
1,30,36,5,4,0,9,6,5,5,15,11,32882.0,1546,36876.0,8,2,78,66,67,96,65,4,5,8,8,8,8,6,2,7,10,2,10,6,1,2,5,2,9,6,5,5,9,5,1
1,33,30,3,1,0,6,2,5,2,8,3,46141.0,1191,54287.0,1,1,28,91,17,4,69,53,7,2,4,5,8,7,10,4,7,6,3,10,6,4,5,7,1,10,6,4,7,7,0
1,33,29,5,4,0,1,6,4,4,8,1,26252.95,1533,37900.0,10,8,80,7,96,4,95,54,3,7,10,6,10,2,5,1,1,3,7,9,3,4,6,1,7,10,10,3,4,2,0
1,41,20,1,5,0,9,1,7,6,16,7,54433.0,1559,54285.0,4,3,28,19,92,77,75,54,4,5,8,10,2,4,10,8,5,3,2,1,9,9,7,3,6,1,9,9,5,6,0
1,20,23,6,6,1,8,6,1,5,13,13,127534.0,1523,49194.0,9,1,15,95,69,4,24,67,3,8,2,7,2,8,2,7,3,7,9,6,8,8,7,8,10,4,2,2,1,1,0
1,39,31,4,6,0,6,4,3,1,8,7,52038.0,1207,55843.0,6,1,78,58,79,20,47,96,7,7,2,3,9,3,10,9,8,2,5,8,4,1,9,2,10,6,7,7,1,1,0
0,21,21,1,3,0,10,1,1,7,18,8,100987.0,966,18949.0,8,2,44,38,13,63,69,48,1,3,5,5,8,2,3,6,9,6,3,7,8,2,1,5,7,10,6,2,5,6,0
0,28,30,6,2,0,6,2,4,5,10,5,74947.0,1151,13307.0,1,5,71,45,23,82,62,60,2,5,4,7,6,6,5,6,5,10,5,2,10,8,7,6,10,1,5,4,9,6,0
0,40,36,4,1,0,4,5,2,2,11,6,95923.0,1282,46883.0,10,6,77,4,59,14,61,96,4,5,2,6,2,8,6,6,10,6,10,5,1,9,10,5,1,8,10,10,3,10,0
1,43,35,3,4,0,5,2,7,7,3,2,34831.0,1048,47447.0,6,6,68,12,39,46,92,31,1,5,4,7,3,4,3,9,8,6,8,10,8,3,1,5,5,9,5,2,2,2,0
1,31,20,3,5,0,7,1,7,3,18,2,107167.0,1481,46196.0,6,6,87,94,4,14,10,9,10,7,7,10,9,7,10,3,2,4,6,5,1,10,7,3,8,10,7,6,9,5,0
1,20,37,2,6,0,1,1,2,5,6,12,38834.0,1559,55197.0,9,7,28,59,63,58,21,43,4,9,5,6,10,3,9,9,2,9,10,3,9,3,4,1,6,6,2,4,2,10,0
1,33,23,1,4,0,5,3,7,7,4,13,85163.0,1426,57566.3,10,7,9,4,7,4,81,68,8,6,4,4,8,4,10,9,1,8,4,4,9,6,5,2,1,2,9,1,2,9,1
1,39,33,2,5,0,6,4,2,7,11,8,114301.0,1511,24551.0,2,6,94,67,77,31,59,4,4,8,8,5,6,7,4,9,10,2,10,5,7,7,1,4,2,3,1,10,8,3,0
1,32,37,2,2,1,8,4,6,6,4,11,125653.0,1237,31935.0,3,3,21,57,12,62,89,67,6,10,1,4,5,1,8,9,6,1,10,10,8,2,4,10,3,4,9,4,9,5,1
0,27,41,3,1,0,10,5,5,6,14,15,110864.0,1160,30000.0,1,3,35,42,16,25,7,56,2,3,3,2,7,2,4,3,3,4,10,7,2,6,6,2,4,4,5,3,1,2,1
0,26,20,4,5,0,7,1,5,6,17,4,125402.0,1559,20168.0,8,1,94,39,9,55,15,11,7,6,2,8,1,4,6,1,5,1,4,4,7,10,6,5,3,1,5,2,3,1,0
1,28,29,2,2,1,10,2,5,1,10,11,143471.34999999998,1252,33342.0,8,6,4,68,85,6,65,4,5,4,7,3,3,3,8,3,1,2,10,9,9,10,10,8,9,10,8,9,7,2,0
0,33,36,3,6,0,3,5,5,5,2,7,143471.34999999998,1168,24304.0,5,3,68,49,40,80,11,20,9,1,5,8,6,1,8,2,5,6,3,4,5,2,6,4,2,10,2,5,5,4,0
1,27,36,4,2,0,7,1,3,4,16,5,99927.0,1419,26666.0,3,2,51,65,15,88,45,65,5,3,8,1,9,2,3,8,5,7,5,10,1,4,4,6,2,3,4,3,4,3,0
0,34,41,3,3,1,5,4,4,5,7,7,143471.34999999998,837,22675.0,2,5,70,70,21,5,31,88,7,5,1,10,10,7,9,8,8,1,2,5,2,9,6,2,8,7,10,2,9,6,0
1,36,21,2,2,1,10,6,2,5,5,3,103035.0,1172,34588.0,10,8,46,6,59,90,94,51,9,8,5,7,8,10,6,5,7,1,8,9,7,7,3,1,1,3,2,10,6,2,0
1,19,19,4,6,0,2,3,3,2,13,9,143435.0,1243,44784.0,5,4,49,15,62,55,5,22,7,10,5,1,5,7,7,4,7,5,7,6,10,3,9,5,3,4,1,1,5,6,1
0,41,19,6,3,0,2,6,4,3,17,9,104501.0,1504,51720.0,7,8,39,52,33,70,42,53,9,1,4,10,6,2,10,7,8,3,6,9,6,1,5,4,4,4,4,2,3,7,0
0,40,30,6,5,0,1,4,2,2,3,15,124345.0,941,55468.0,9,9,96,79,96,5,60,11,7,1,10,7,4,7,2,7,7,9,5,1,8,8,7,5,10,4,4,10,8,5,0
1,19,43,6,1,0,3,5,1,1,7,1,54965.0,1145,53967.0,2,3,70,25,90,38,41,80,10,9,7,5,7,5,10,5,9,7,1,5,4,1,10,5,6,2,9,6,6,2,0
1,23,30,2,4,0,4,4,7,6,14,1,143471.34999999998,1068,52410.0,4,3,77,34,32,12,31,74,3,3,5,2,10,9,1,4,3,9,7,2,6,3,9,10,5,4,8,3,6,4,0
0,36,19,3,2,0,7,6,7,5,18,16,143471.34999999998,1176,14564.0,4,8,33,4,84,79,35,82,4,10,9,7,6,2,6,8,5,9,9,7,3,6,9,5,10,2,2,4,3,3,0
0,25,36,4,1,0,5,1,1,4,5,2,93224.0,997,18921.0,10,2,96,27,80,28,12,4,4,4,9,3,10,4,4,6,10,5,3,1,1,4,9,2,7,8,3,9,4,8,0
1,43,39,2,1,0,1,4,1,5,17,8,141712.0,1178,45343.0,9,4,8,95,4,37,61,66,1,10,8,5,6,8,5,8,5,8,2,1,4,4,6,9,8,4,1,7,9,8,0
0,20,41,6,1,0,1,3,5,4,9,12,127242.0,993,55618.0,1,9,77,12,52,59,29,93,5,3,9,5,8,7,3,2,10,6,10,5,10,2,7,3,6,5,10,9,2,4,0
1,43,33,1,3,0,8,2,2,6,7,17,124164.0,1520,12502.4,6,9,95,89,18,85,8,76,10,1,4,5,10,2,3,9,6,9,3,1,5,8,3,2,9,9,7,4,1,4,0
1,31,29,3,3,1,6,4,1,1,9,2,46490.0,1055,41381.0,8,6,4,45,52,69,30,74,3,4,8,10,10,8,7,10,2,3,4,3,5,7,3,10,3,9,1,6,5,10,1
1,42,19,1,2,0,9,1,7,2,11,17,84025.0,880,17003.0,1,9,61,32,58,52,56,66,3,3,2,5,3,5,6,3,1,2,6,3,10,4,3,6,1,8,2,3,5,2,0
1,33,26,6,3,0,9,3,7,3,13,12,30335.0,1460,42603.0,4,6,51,73,90,73,22,14,2,3,1,1,8,10,3,2,6,2,10,1,7,3,10,6,8,1,7,8,3,4,1
0,19,34,4,5,0,4,1,4,3,1,1,140975.0,1157,52521.0,3,5,7,66,52,34,82,15,8,10,4,9,7,9,9,1,2,2,6,3,3,7,2,5,9,2,6,1,10,8,0
0,38,27,2,5,0,8,6,5,4,5,6,44903.0,1335,12502.4,3,1,23,16,32,18,5,82,2,5,10,8,8,1,4,1,1,2,1,5,8,10,6,2,3,10,1,9,7,5,0
0,20,35,3,5,0,10,1,6,5,14,16,90204.0,952,35998.0,7,4,17,81,85,48,75,26,5,5,10,7,8,7,3,3,4,9,2,3,4,3,7,7,9,1,3,9,7,2,0
0,39,36,5,3,0,4,5,4,2,6,14,57683.0,1242,18363.0,6,9,90,39,94,71,68,73,6,3,8,2,6,8,3,10,8,9,10,7,5,10,7,4,6,1,6,10,6,1,0
0,43,24,4,3,0,3,2,4,3,1,13,37327.0,1362,53477.0,9,8,61,63,96,82,26,96,8,6,8,8,7,6,5,7,5,4,1,4,3,10,9,6,10,9,2,4,7,5,0
0,35,42,1,4,0,3,4,3,6,17,11,68680.0,886,51358.0,10,8,15,7,17,13,5,86,1,5,4,2,4,4,5,1,2,8,3,7,6,10,9,10,6,4,7,2,9,5,0
0,26,36,4,4,1,2,3,1,6,18,2,83368.0,1047,26353.0,3,3,14,36,21,15,16,31,2,2,1,5,2,8,5,3,2,6,4,7,4,1,10,2,3,1,2,2,9,3,0
1,23,41,4,6,0,6,4,3,4,2,17,66798.0,1157,52846.0,3,7,25,7,4,14,68,55,3,5,8,7,7,2,6,2,1,8,3,6,5,10,9,3,9,4,4,3,4,6,0
0,40,32,5,5,1,6,2,6,5,12,14,113335.0,1296,57566.3,1,3,96,41,90,96,58,76,2,10,1,7,7,6,9,10,6,6,9,6,8,5,3,8,4,9,7,5,4,6,0
0,38,26,4,5,0,1,1,7,1,9,14,84650.0,1250,50437.0,2,4,48,94,44,40,15,48,8,6,2,9,2,4,7,5,1,1,4,10,1,8,7,9,5,10,7,6,8,1,1
1,42,27,3,6,0,5,4,4,5,11,5,118297.0,937,53792.0,5,6,41,27,22,8,40,71,5,8,10,9,2,6,9,8,5,6,9,1,4,4,9,4,6,8,5,5,3,3,1
0,19,40,2,2,1,5,3,3,3,15,10,86523.0,965,13972.0,2,3,25,63,42,71,43,4,7,10,7,7,3,7,2,9,1,5,7,7,5,8,3,7,4,2,7,4,7,7,0
0,38,37,6,5,0,1,5,7,4,18,2,64719.0,1185,42604.0,8,3,74,42,96,42,14,36,3,4,1,3,9,10,8,7,7,7,7,8,8,10,9,4,9,5,6,9,5,3,0
1,43,37,1,3,0,8,2,3,7,11,5,30137.0,1504,44857.0,1,4,61,54,37,4,21,96,5,7,7,4,10,1,7,10,9,1,10,5,8,7,7,2,10,6,10,3,10,10,0
0,27,21,4,4,1,8,1,1,1,17,8,126312.0,1325,14705.0,2,6,14,37,53,41,10,46,7,9,10,5,9,7,9,8,1,7,4,9,7,7,7,5,1,1,2,4,1,9,0
0,43,23,2,1,0,7,5,7,4,11,14,49143.0,1215,54857.0,5,3,12,4,67,96,89,72,4,7,2,3,8,5,1,9,1,7,5,8,4,6,4,1,7,2,7,3,8,10,0
0,23,21,2,6,0,2,2,7,4,14,3,56471.0,946,53911.0,3,4,38,81,82,90,81,91,6,7,10,6,4,6,3,10,6,7,2,6,5,2,10,4,6,9,2,5,7,1,0
1,40,22,3,6,0,1,2,3,6,15,7,26412.0,1221,19058.0,3,5,28,9,11,96,25,74,7,3,4,2,8,10,10,6,9,7,3,1,2,7,1,1,2,1,4,4,6,6,0
0,29,26,1,6,0,9,2,3,6,4,12,29439.0,1255,51802.0,1,9,88,66,74,32,16,41,9,1,1,9,9,8,10,5,10,7,8,8,5,4,2,1,1,9,6,4,2,6,0
0,21,29,6,3,0,8,5,2,5,6,16,63479.0,1493,57566.3,6,1,11,7,38,4,37,6,10,9,1,10,2,6,3,3,9,7,8,10,5,3,3,8,9,9,8,8,1,3,0
1,30,40,4,1,0,9,3,7,2,8,13,54331.0,856,30211.0,2,2,36,25,91,24,19,13,4,8,4,1,6,1,9,8,5,2,1,4,10,3,8,1,10,5,2,10,7,1,1
0,34,25,2,5,0,8,6,5,4,2,17,26252.95,1484,56414.0,4,4,34,45,32,7,77,25,5,2,6,3,4,1,3,1,9,8,8,10,8,5,6,7,10,8,6,7,2,9,1
1,43,38,2,5,0,8,2,6,5,5,11,133795.0,1559,27668.0,6,6,65,43,10,25,45,87,9,4,2,8,8,3,7,6,3,10,10,2,2,1,2,5,2,6,3,8,8,5,0
1,25,22,4,1,0,5,3,2,7,3,3,57763.0,1284,16803.0,2,2,32,13,55,68,95,87,5,2,7,7,9,9,8,4,5,9,7,1,4,4,3,6,2,1,9,3,8,1,0
0,43,28,6,2,0,10,3,3,5,2,11,60313.0,1190,12502.4,1,7,59,4,72,62,88,14,10,4,10,1,5,10,7,10,9,7,8,2,9,2,3,9,5,5,5,6,2,5,1
1,37,40,3,3,1,8,2,2,1,4,15,39450.0,1534,44874.0,8,2,96,30,62,35,86,60,8,3,8,4,10,1,8,7,6,10,2,10,8,4,8,9,1,5,1,5,6,6,0
1,20,28,3,6,0,6,5,7,6,16,9,82354.0,1559,57160.0,9,7,88,18,22,65,43,16,7,4,1,7,9,4,1,2,3,10,3,6,9,7,4,10,10,5,5,10,4,2,0
0,29,30,3,4,0,6,5,4,6,5,8,93427.0,1009,57487.0,8,1,86,26,67,9,5,96,3,3,5,5,2,4,9,7,10,6,2,4,9,2,9,2,4,8,9,2,5,9,0
1,24,31,4,2,0,8,3,1,2,6,7,43664.0,837,17295.0,2,5,10,24,64,83,20,19,8,8,7,5,4,2,5,7,1,2,9,6,6,8,4,5,7,9,7,2,8,3,0
1,29,25,5,4,0,1,1,4,7,17,16,119007.0,936,31393.0,1,6,73,43,22,32,62,21,4,3,4,8,2,10,3,1,1,9,9,6,6,2,9,8,10,3,7,8,8,5,0
0,19,42,4,5,0,5,4,3,4,8,14,118605.0,878,57074.0,10,8,96,38,45,92,5,72,7,4,1,3,3,9,9,10,4,1,9,3,2,6,5,10,10,9,7,6,5,1,0
0,41,35,2,4,0,1,3,3,3,14,2,55898.0,1004,45660.0,7,4,19,62,89,18,48,95,5,2,6,10,5,7,6,5,5,4,8,10,10,1,4,8,4,10,4,9,7,9,0
0,31,36,4,5,0,1,3,6,7,2,8,96900.0,1200,39589.0,10,5,9,95,83,91,30,4,1,2,2,7,9,9,5,3,3,1,4,5,8,4,7,9,3,4,4,7,2,3,0
1,39,29,4,4,1,5,6,2,5,10,8,67256.0,837,39326.0,6,6,70,55,45,19,49,4,5,8,10,5,2,8,5,9,9,6,4,2,8,5,7,8,8,6,5,2,1,1,0
0,40,29,5,3,0,4,6,2,7,15,16,129756.0,1284,21578.0,8,1,92,13,25,49,21,81,8,4,10,7,1,4,3,9,6,2,5,10,5,7,2,5,1,10,8,6,5,7,0
1,22,35,6,5,0,1,2,2,7,10,17,48183.0,1415,31035.0,6,3,4,6,84,26,72,45,6,9,4,5,6,4,7,2,3,3,3,10,7,2,9,9,3,1,7,6,5,1,0
1,26,27,5,5,1,6,2,7,7,10,1,58659.0,1417,12502.4,2,9,42,85,26,18,65,72,5,1,5,3,9,8,6,1,3,6,9,10,10,3,5,4,8,9,7,2,10,5,1
1,38,24,6,4,0,10,5,1,5,14,8,87160.0,1130,45444.0,9,3,87,27,50,11,55,69,9,5,9,9,1,4,6,1,5,10,4,1,8,7,9,8,7,6,5,3,7,9,0
1,28,35,1,1,1,6,3,4,7,10,4,90319.0,1187,26763.0,5,6,4,31,8,22,6,91,4,4,10,4,5,9,8,7,5,8,4,8,9,4,10,8,5,4,5,8,6,5,0
1,22,29,4,6,0,1,3,5,3,12,2,132303.0,1077,30072.0,9,3,26,45,49,94,68,12,6,2,10,9,5,5,3,9,1,3,5,1,10,5,9,1,2,4,6,5,7,1,0
1,20,31,3,4,0,1,5,1,3,5,17,85510.0,935,32059.0,1,1,52,34,36,65,62,54,4,1,2,3,6,7,5,6,6,1,3,2,8,7,1,4,4,6,4,5,7,2,0
1,43,32,1,3,0,9,5,6,3,2,3,41314.0,1471,12912.0,1,6,19,74,4,59,33,22,3,2,7,4,7,5,9,10,1,5,1,2,1,2,10,5,7,4,9,7,8,7,0
0,34,33,4,6,0,9,2,2,1,1,2,56192.0,978,40899.0,3,1,5,75,31,74,95,42,3,1,8,9,2,9,8,7,7,2,10,9,5,2,3,7,5,8,8,8,7,8,0
0,19,19,6,5,0,3,6,3,5,16,15,132124.0,1402,18217.0,4,4,79,78,96,8,37,26,5,6,3,5,9,8,1,10,9,6,9,10,9,9,4,7,1,5,9,5,4,9,0
1,41,35,5,3,0,10,1,1,4,2,7,135973.0,907,26665.0,10,2,20,42,40,18,66,34,7,3,10,8,4,6,9,3,9,5,5,1,1,10,3,6,9,3,6,4,7,1,0
1,19,29,6,5,0,9,1,1,1,1,1,54528.0,931,16384.0,5,7,72,95,4,64,51,51,4,1,7,6,6,4,10,8,6,2,5,3,6,4,8,9,3,3,10,8,10,8,0
0,24,33,4,3,0,6,5,7,2,13,8,133245.0,1545,33314.0,10,1,53,56,20,24,41,27,2,9,2,5,2,9,10,6,3,5,8,4,2,1,6,2,10,4,7,6,4,5,1
1,31,30,1,5,0,1,1,5,7,11,7,90596.0,837,49429.0,1,9,54,52,91,56,78,88,4,6,5,10,9,9,1,10,1,2,9,5,8,3,8,10,7,5,10,8,1,7,0
0,22,37,6,1,0,9,3,1,6,6,2,33247.0,877,54651.0,10,5,94,46,12,4,37,53,4,4,10,5,6,7,2,7,4,4,10,8,8,10,4,7,1,9,1,7,1,10,0
0,36,34,3,5,0,6,1,3,6,10,11,129409.0,1490,12502.4,10,3,62,93,79,80,60,96,9,8,9,6,4,3,4,2,6,1,10,5,2,1,1,8,4,7,9,10,5,4,0
0,28,35,3,4,0,2,1,3,2,5,10,121808.0,1038,55515.0,10,1,11,57,81,96,94,13,9,5,10,4,6,1,4,1,2,7,3,10,9,2,10,1,4,9,6,6,2,8,0
1,40,20,4,6,0,7,2,1,3,3,8,104787.0,1525,45665.0,2,2,9,13,71,24,95,38,9,5,4,9,6,5,7,4,7,7,8,7,5,2,4,1,4,3,1,4,2,4,0
1,42,40,1,2,0,4,4,4,2,3,17,110481.0,1559,49189.0,5,3,38,12,93,4,15,52,3,7,6,9,7,7,10,7,5,8,10,10,8,7,3,4,1,1,2,9,9,5,0
0,19,27,1,3,0,3,4,6,1,8,1,79623.0,1202,29074.0,1,5,92,34,4,85,93,44,7,3,4,3,10,3,4,3,9,2,7,10,2,4,1,5,10,6,4,6,1,1,0
0,25,19,3,3,1,2,1,4,7,16,10,129087.0,1517,44640.0,1,8,40,12,92,81,41,79,10,4,5,2,2,10,2,4,7,6,5,8,2,3,4,7,8,6,10,6,6,3,0
0,26,23,6,5,0,4,6,5,3,14,1,88222.0,1444,22642.0,10,4,41,74,8,60,11,89,6,6,5,6,7,9,1,9,1,6,1,10,7,1,2,5,8,1,4,5,9,3,0
0,43,20,2,6,0,6,3,3,4,7,7,41956.0,1378,46760.0,6,8,40,69,17,44,52,86,6,6,9,3,10,2,6,10,5,6,3,7,6,1,2,1,3,8,9,10,3,1,0
0,20,36,5,5,1,3,3,2,5,9,17,37383.0,1559,47676.0,1,1,90,17,86,59,94,59,1,4,8,4,2,1,1,7,7,10,6,5,1,5,6,4,4,8,10,8,6,2,0
1,19,21,3,4,0,1,4,1,3,1,5,97142.0,1500,33240.0,5,9,20,19,4,23,47,9,7,10,10,4,8,6,3,9,1,6,7,3,1,1,4,8,2,3,4,4,5,10,0
0,24,37,2,3,0,8,6,4,1,17,3,143471.34999999998,978,49917.0,8,6,23,82,86,89,62,89,9,5,3,9,8,4,5,1,4,6,4,10,3,8,2,8,3,1,1,6,7,5,0
1,22,40,4,5,0,10,2,7,5,10,16,125413.0,1559,38790.0,6,1,16,92,91,55,43,36,9,4,8,4,10,2,4,10,1,4,7,3,4,10,7,8,9,7,10,5,1,3,0
0,38,20,2,5,0,3,2,3,4,15,3,143269.0,1130,38903.0,6,9,86,15,23,77,53,90,10,3,9,1,3,1,7,9,2,10,9,8,7,3,3,2,4,3,4,7,4,6,0
1,43,25,4,4,1,5,2,1,7,12,4,105530.0,1461,12502.4,10,5,44,68,30,48,43,56,8,8,2,10,7,9,2,10,5,6,1,5,6,4,3,2,10,2,2,3,8,9,0
1,22,25,3,1,0,4,6,7,3,8,9,86107.0,1474,37962.0,1,1,38,61,81,55,67,96,3,4,3,6,4,6,5,10,5,3,3,4,6,1,7,9,2,4,4,3,10,3,0
1,37,43,5,4,0,3,4,3,1,10,15,104960.0,1085,55601.0,10,4,47,16,67,86,23,43,2,9,9,9,1,4,2,9,5,7,2,9,7,9,4,4,3,1,10,2,5,9,0
1,30,24,6,1,0,3,2,1,5,11,9,127576.0,1257,56478.0,4,2,4,4,62,35,90,37,9,2,9,10,6,3,4,9,7,9,1,3,4,9,2,6,6,5,6,2,4,8,0
1,38,19,4,4,1,2,6,6,2,13,2,78069.0,1122,14445.0,6,6,36,50,30,85,23,15,7,1,5,10,4,1,8,10,2,6,10,4,8,10,2,3,9,2,9,4,8,4,0
1,37,38,2,3,0,7,5,5,3,15,13,103677.0,1527,42200.0,2,1,80,56,96,78,20,5,10,10,8,6,5,9,3,8,6,8,4,2,1,10,3,3,9,1,7,2,6,2,0
0,23,23,2,1,0,7,4,7,2,1,11,104571.0,1478,53737.0,1,3,24,22,65,40,82,38,9,2,4,10,4,1,9,9,8,1,4,3,9,1,5,3,7,3,2,8,5,1,0
1,37,33,2,3,0,6,5,1,6,15,8,67761.0,1023,19689.0,9,8,54,49,78,45,66,26,3,7,5,9,10,7,8,5,3,6,10,2,1,7,9,3,4,9,2,8,3,8,0
0,35,27,4,2,0,7,3,7,3,18,10,104577.0,1531,25905.0,8,3,82,54,7,21,67,27,1,1,8,6,6,7,5,7,3,7,6,3,2,9,1,6,1,8,1,6,10,9,0
1,42,21,4,2,0,7,2,5,3,5,3,57101.0,1534,46599.0,7,4,24,95,81,60,5,17,7,1,2,1,6,4,7,2,9,7,2,3,8,9,8,3,5,8,9,5,5,8,0
1,19,30,5,2,0,5,4,2,1,6,2,126753.0,1108,14451.0,7,2,94,39,60,28,25,81,4,4,4,10,2,5,4,4,10,10,6,1,1,1,10,1,9,1,4,1,4,5,0
0,42,27,3,4,0,2,1,1,7,9,4,89899.0,1555,50905.0,7,8,17,67,4,74,11,8,6,1,3,9,4,6,7,4,2,2,9,8,9,1,10,8,10,8,5,2,6,6,0
1,43,38,4,6,0,10,5,3,5,14,10,134985.0,1154,15911.0,10,9,93,27,54,38,54,35,5,4,1,4,7,9,4,4,10,5,3,8,9,1,1,7,2,4,6,7,8,9,0
0,23,31,6,2,0,4,1,4,2,8,3,38253.0,913,19696.0,5,4,89,21,16,91,77,4,9,10,7,6,10,8,7,9,4,8,6,5,8,3,2,10,8,7,2,3,1,9,0
0,26,26,4,4,1,5,4,1,1,7,17,29650.0,883,44644.0,3,9,62,50,22,83,52,23,1,6,5,6,2,8,8,10,3,2,4,2,8,6,7,1,9,9,2,1,1,6,0
0,42,28,1,2,0,6,6,5,6,15,17,28248.0,927,47897.0,8,1,75,90,5,70,33,19,7,7,2,9,1,9,1,3,5,6,8,2,2,7,1,9,1,1,8,8,5,4,0
0,20,40,3,4,0,6,4,5,1,14,2,77330.0,1124,25536.0,10,1,59,17,81,22,85,22,1,6,6,5,1,7,9,3,10,9,1,5,9,10,4,3,9,3,7,2,6,3,0
1,19,35,2,4,0,3,6,3,5,18,5,49511.0,1118,53564.0,8,4,4,67,80,66,15,36,6,3,4,7,5,1,10,4,9,5,9,10,10,5,2,8,8,8,4,1,2,9,0
1,19,28,5,2,0,4,2,3,1,12,14,79496.0,1233,27821.0,6,7,16,43,10,35,76,50,9,4,4,9,2,3,2,1,8,9,1,3,4,3,2,4,6,3,5,5,4,8,0
0,36,34,1,1,1,9,3,4,4,11,5,81386.0,1284,31150.0,2,9,27,68,67,81,95,80,3,5,3,4,3,9,8,9,4,1,10,4,8,7,5,4,4,1,7,9,3,4,0
1,22,19,6,5,0,4,6,7,6,5,4,71418.0,842,41838.0,6,2,4,36,95,4,33,71,8,9,8,6,8,8,10,2,3,6,1,2,7,6,2,2,9,2,3,7,6,5,0
1,30,20,5,5,1,6,6,7,5,1,16,26252.95,982,56277.0,7,1,4,62,76,86,71,60,10,2,2,2,8,1,2,7,5,7,10,4,1,4,1,6,10,7,10,8,2,10,0
0,36,28,2,3,0,6,3,1,4,2,9,34946.0,1020,28396.0,5,6,77,88,51,64,76,32,4,5,8,2,3,7,8,6,5,4,4,5,5,5,6,5,4,6,8,4,8,2,0
1,29,35,1,4,0,8,4,2,7,17,17,89490.0,1179,32290.0,3,7,28,41,84,13,29,4,6,3,8,8,3,6,8,7,4,8,6,9,8,8,6,2,4,7,9,4,6,6,0
0,33,43,5,3,0,9,1,6,6,10,10,71503.0,922,18489.0,3,7,10,17,92,20,68,4,4,4,8,1,5,2,9,4,1,1,10,8,7,7,10,2,9,6,1,9,6,9,0
0,42,20,5,6,0,3,6,6,1,13,7,137370.0,1475,46816.0,7,2,92,95,44,91,36,76,8,10,2,10,9,9,7,3,8,6,2,8,7,1,5,8,7,10,5,5,1,2,0
1,42,43,1,3,0,4,5,3,4,2,10,137633.0,1419,25583.0,4,9,10,14,94,70,73,51,4,3,3,1,9,5,3,8,2,9,9,2,7,1,4,9,8,1,2,7,4,6,0
1,36,32,3,5,0,10,1,2,6,10,8,119266.0,1459,35520.0,10,7,70,74,10,34,20,49,4,7,9,5,7,5,1,1,4,3,8,8,5,2,5,10,4,4,4,3,6,5,0
1,20,28,2,2,1,2,2,7,5,6,9,62101.0,1541,27087.0,1,3,12,16,93,86,72,79,3,7,1,6,7,3,1,3,10,4,9,9,3,10,9,3,4,7,7,5,10,7,0
0,29,28,2,6,0,5,4,3,4,18,17,63648.0,1229,44160.0,2,1,83,65,13,57,21,50,7,2,10,4,1,5,5,9,1,5,4,9,7,6,1,7,3,6,9,8,5,2,0
0,22,42,4,4,1,3,3,6,1,9,10,127169.0,995,13743.0,8,1,10,38,18,40,38,13,4,10,9,4,3,3,8,8,2,1,2,5,5,6,5,10,1,4,8,9,10,1,1
1,19,37,6,4,0,10,6,7,3,16,3,29263.0,1219,57566.3,8,3,73,50,75,53,46,96,9,3,4,6,1,2,10,2,5,6,8,7,3,3,2,6,7,3,3,4,7,10,0
1,39,42,2,1,0,5,1,3,6,16,5,94911.0,1538,21942.0,1,7,4,20,9,72,26,94,5,5,7,7,2,3,10,8,5,1,10,2,4,3,6,10,7,4,3,10,3,8,0
1,24,28,3,1,0,8,4,1,2,2,17,57715.0,1479,13565.0,3,1,69,69,66,31,5,51,9,4,10,8,8,9,2,8,4,7,7,1,5,7,7,4,9,1,6,7,8,2,0
1,30,36,2,1,0,6,5,3,3,17,17,136384.0,1260,13479.0,1,3,10,25,41,28,14,87,2,3,9,1,8,5,1,9,3,3,3,7,1,3,7,10,5,7,6,6,10,5,0
0,42,19,6,2,0,5,4,3,2,18,12,67252.0,1431,43719.0,8,5,57,22,6,45,70,95,9,2,4,6,9,1,10,4,1,2,8,8,3,5,4,3,2,2,7,8,7,6,0
1,32,43,1,4,0,6,4,3,2,6,16,26252.95,1532,57566.3,4,8,92,19,80,43,74,83,2,9,3,8,9,9,7,8,5,2,1,7,9,4,9,1,7,7,3,1,8,5,0
0,39,22,1,1,1,3,5,2,1,11,1,31026.0,1559,45191.0,8,8,93,77,62,4,12,19,5,1,5,4,2,1,9,3,7,8,8,6,4,10,4,4,10,1,2,1,1,10,1
0,20,27,5,4,0,8,2,7,5,11,4,47027.0,837,13712.0,8,5,93,94,89,96,31,64,4,1,2,7,5,5,10,4,9,7,6,9,1,9,4,10,9,2,1,6,1,6,0
1,38,27,3,1,0,10,2,3,4,17,13,98089.0,1388,55339.0,1,4,11,23,4,91,45,62,7,6,9,4,5,1,2,10,4,6,4,2,3,8,9,10,9,10,8,10,3,9,0
1,37,31,1,2,0,5,2,7,2,1,12,70134.0,1559,44192.0,1,1,70,56,44,87,29,38,8,9,3,3,6,7,8,1,4,8,6,10,1,1,6,10,7,9,2,10,3,3,0
1,22,19,4,3,0,2,3,6,7,6,8,95959.0,1365,12502.4,6,3,6,43,95,40,10,53,9,4,5,1,2,2,6,8,5,10,4,8,4,6,5,1,1,3,9,2,9,4,0
0,41,21,3,4,0,7,6,3,4,2,1,100834.0,1318,45549.0,7,4,89,11,67,64,54,87,6,5,7,1,7,4,9,5,7,9,4,2,3,4,2,3,7,9,5,6,2,8,0
1,25,19,5,5,1,4,1,1,5,1,17,52829.0,1176,19519.0,7,6,25,10,7,4,37,96,5,1,2,1,3,10,7,6,1,3,6,5,9,9,8,5,4,4,2,7,8,3,0
1,39,35,1,3,0,1,6,3,5,15,15,90126.0,1387,32764.0,4,3,39,93,25,27,20,29,7,6,8,1,5,7,6,10,5,2,1,2,1,9,3,9,9,7,9,9,4,7,0
0,19,30,5,2,0,3,1,2,7,4,6,60213.0,1466,57113.0,7,4,24,89,90,38,50,53,9,4,10,10,8,2,1,5,9,6,3,10,5,3,6,8,9,7,3,1,10,10,0
1,25,36,5,2,0,7,2,4,6,3,12,119874.0,841,16595.0,4,5,27,8,46,4,95,57,9,8,4,1,3,7,7,8,10,6,7,6,5,3,1,9,5,9,7,4,3,3,0
0,41,22,6,6,1,2,5,2,6,13,16,95396.0,881,12502.4,3,2,92,67,65,65,46,43,9,6,7,4,5,6,6,8,2,3,5,8,4,7,2,8,10,6,5,7,8,9,0
1,35,37,3,2,0,10,1,3,5,16,8,43710.0,1257,46437.0,6,1,72,6,21,65,95,44,8,4,9,7,2,6,8,2,4,10,9,9,4,3,7,4,7,2,10,3,9,10,0
0,37,19,4,2,0,4,2,1,3,17,14,143218.0,837,36647.0,6,6,38,93,29,71,9,93,6,8,1,7,4,3,9,8,3,6,1,10,6,6,10,9,3,3,2,1,5,7,1
1,33,28,4,4,1,9,1,6,7,8,2,62247.0,943,48127.0,8,9,96,5,88,68,10,37,2,9,3,2,9,8,4,2,8,2,10,9,2,6,9,8,8,6,6,8,8,7,0
1,35,43,6,6,1,8,6,3,7,8,6,41965.0,1249,35987.0,10,4,9,7,22,93,87,8,10,10,2,5,4,6,6,6,10,3,1,10,10,5,5,10,3,1,3,6,8,8,0
0,37,35,2,5,0,4,2,2,4,12,1,121510.0,1437,47671.0,4,8,55,4,65,41,60,26,8,10,7,1,4,6,2,5,9,10,4,1,9,1,2,8,9,3,1,8,2,8,0
0,29,23,3,1,0,9,6,4,6,8,5,32541.0,1535,53103.0,1,8,67,95,96,86,95,55,5,5,8,7,1,2,8,9,4,8,4,7,4,9,1,6,5,2,8,8,8,1,0
1,30,40,1,1,1,9,1,4,1,5,17,94034.0,1335,55771.0,5,6,73,70,5,78,56,53,4,9,2,2,2,8,1,6,7,3,6,10,9,7,7,10,4,7,1,2,8,5,0
0,30,27,1,1,1,9,6,2,5,2,3,100800.0,1536,22087.0,3,5,76,93,87,96,7,62,1,7,6,4,6,5,3,2,2,2,6,7,2,8,8,5,2,3,10,4,8,7,0
0,27,39,2,1,0,1,1,1,5,11,6,107136.0,1405,12502.4,2,8,27,4,55,7,90,21,3,8,2,5,6,2,7,10,2,2,6,3,2,10,6,8,6,10,3,4,6,4,0
0,24,40,5,1,0,1,1,7,1,12,5,43383.0,1453,28586.0,2,2,37,94,92,16,53,96,10,2,9,1,5,4,3,9,3,10,7,9,2,4,4,2,9,5,1,9,10,10,0
0,42,34,5,6,0,8,4,3,2,16,3,138808.0,1280,34475.0,9,5,66,4,52,58,59,14,8,5,3,4,1,5,9,3,3,9,5,4,10,10,7,7,7,7,10,5,3,1,1
1,31,39,3,6,0,5,3,4,3,3,5,109302.0,1020,43306.0,6,8,39,10,15,50,95,54,9,8,10,8,1,7,1,10,5,1,10,5,6,5,2,9,6,5,4,2,4,1,0
1,41,28,6,4,0,7,2,3,4,17,1,62630.0,1198,19619.0,8,7,15,4,78,24,27,20,1,7,3,6,3,10,9,2,4,7,7,5,1,5,4,7,3,10,7,1,8,6,0
0,33,36,3,4,0,7,3,2,5,5,13,109203.0,1422,13565.0,3,1,42,52,25,7,36,96,1,4,7,4,4,10,8,6,10,9,2,9,4,1,7,2,10,2,7,3,6,6,0
0,32,34,1,1,1,9,1,5,7,15,8,100954.0,1232,30576.0,8,1,41,38,12,96,17,62,10,7,3,2,9,5,1,9,10,2,2,2,8,7,4,9,3,2,10,7,9,5,0
0,29,41,5,6,0,9,1,4,3,8,14,33214.0,876,56211.0,5,1,62,19,72,43,88,77,10,7,4,5,7,3,2,10,4,7,4,9,8,7,1,8,3,7,2,3,8,8,0
0,26,21,5,5,1,4,2,7,1,3,17,101024.0,1226,42521.0,9,6,8,41,96,67,41,61,5,1,6,9,7,4,10,10,3,6,7,1,3,5,7,4,4,4,9,10,10,6,1
1,25,43,6,1,0,2,5,2,3,10,2,75974.0,1453,37463.0,8,6,33,4,21,53,73,96,4,6,1,7,2,6,1,6,1,1,5,7,6,7,4,9,9,5,1,9,1,3,0
1,35,41,2,2,1,1,5,2,4,6,2,127737.0,1446,40061.0,1,2,57,32,32,69,19,66,10,2,1,1,3,9,1,7,4,10,4,6,3,1,8,5,4,1,1,6,3,1,0
0,40,43,6,6,1,6,6,2,7,2,8,143471.34999999998,890,25259.0,6,1,60,4,88,79,10,85,7,3,4,1,7,4,8,5,3,3,5,8,8,1,7,10,6,4,8,6,5,9,0
0,35,31,6,3,0,2,1,7,4,6,10,36054.0,1287,45316.0,4,7,40,78,67,4,86,45,1,8,3,7,1,3,3,7,6,8,7,4,9,6,2,8,2,10,6,3,10,4,0
0,30,43,6,5,0,5,2,7,1,10,14,124224.0,845,48164.0,1,3,84,86,67,57,58,93,7,3,9,8,4,7,8,4,3,10,1,1,2,10,3,1,6,5,3,6,6,1,0
1,43,37,4,5,0,8,4,2,7,16,16,143471.34999999998,1261,25854.0,9,5,21,72,93,39,88,20,4,5,8,5,1,2,5,7,4,6,4,2,10,4,10,3,8,1,1,4,6,1,1
0,35,21,6,5,0,1,2,4,6,4,9,56007.0,1231,21304.0,3,1,37,47,73,6,68,96,6,5,7,6,10,2,7,7,1,3,5,5,7,8,7,10,7,6,8,4,2,2,0
1,32,31,2,4,0,3,5,3,5,17,7,29209.0,994,37253.0,4,8,72,79,32,74,23,14,6,9,9,6,3,1,7,10,7,4,9,9,3,1,4,4,9,7,8,9,3,10,0
0,21,43,4,4,1,3,2,6,6,3,16,116263.0,1270,57566.3,6,5,39,38,69,12,57,72,10,6,2,3,8,8,2,10,3,5,7,10,1,8,7,8,7,3,5,1,9,8,0
1,34,21,4,6,0,2,6,7,2,13,6,135022.0,1093,38607.0,9,3,32,4,88,71,14,38,9,5,8,5,10,3,5,2,4,5,8,1,5,9,2,5,9,2,9,3,5,8,0
0,22,23,5,5,1,3,5,3,5,4,14,138551.0,969,30615.0,9,4,31,22,95,17,39,59,10,6,6,1,3,1,4,5,10,4,2,6,8,5,5,4,5,3,1,3,8,1,1
1,39,26,6,6,1,3,5,6,2,15,12,53715.0,1106,42345.0,2,4,96,18,39,69,88,87,6,8,10,7,8,10,10,4,6,5,10,4,8,7,8,5,9,7,4,2,10,7,0
0,33,38,3,1,0,9,4,6,4,8,14,32600.0,1286,57566.3,9,1,96,44,74,72,8,14,2,7,7,8,10,9,7,4,3,2,2,1,7,5,4,8,1,3,5,8,6,1,0
0,26,29,1,4,0,4,5,5,2,10,12,85123.0,956,50920.0,5,7,31,16,73,96,75,47,4,2,1,10,3,9,1,10,1,1,10,9,7,2,2,10,7,8,6,8,2,8,0
0,27,43,5,6,0,9,4,6,4,5,17,42760.0,1457,24704.0,8,9,23,43,67,52,5,55,5,9,4,8,6,3,3,8,6,6,2,9,8,10,5,8,4,3,6,1,10,4,0
1,41,25,1,6,0,4,4,6,3,3,10,33180.0,1310,14283.0,6,3,66,25,37,62,13,76,5,6,4,3,7,10,1,6,10,9,10,7,7,5,1,2,7,1,7,10,2,1,0
0,35,41,5,4,0,7,1,3,6,8,12,138848.0,1085,29838.0,9,5,58,61,4,19,64,63,5,10,10,6,7,5,5,9,2,8,10,4,6,1,2,2,8,1,3,1,4,1,0
1,34,21,3,5,0,5,6,4,5,9,3,38919.0,987,51836.0,9,1,6,34,73,10,35,58,5,5,4,5,5,3,1,8,7,5,6,2,6,9,10,7,10,2,1,1,3,5,0
1,35,43,5,6,0,2,4,1,3,3,17,107170.0,1540,26962.0,5,7,11,64,29,79,84,10,1,7,1,5,2,1,6,1,7,3,7,5,5,8,4,9,7,9,6,9,10,7,1
0,24,43,3,4,0,6,5,4,4,16,2,47780.0,1458,44832.0,8,4,18,79,39,36,28,34,6,9,3,7,8,6,7,7,3,3,5,3,4,5,7,1,4,5,4,8,3,10,0
0,21,42,5,5,1,7,2,3,5,13,11,91251.0,1553,50408.0,8,4,67,16,35,4,13,6,2,9,7,7,1,8,6,5,4,2,5,1,2,5,1,4,3,9,3,10,3,4,1
0,43,42,3,4,0,3,4,4,4,3,12,72936.0,912,19777.0,7,6,89,39,17,87,53,4,9,1,8,7,1,3,6,2,3,6,3,10,2,9,3,6,8,6,3,9,5,3,1
1,22,22,6,4,0,5,4,1,6,2,12,106792.0,1357,32400.0,5,3,67,31,96,72,41,46,4,3,5,3,1,3,9,4,8,9,2,7,10,9,1,6,3,7,10,5,7,9,0
0,40,23,2,2,1,1,1,4,5,10,6,55162.0,1411,52803.0,1,6,96,92,4,57,84,17,9,6,2,10,5,5,4,4,1,7,3,10,1,5,5,8,7,6,9,9,8,4,0
1,33,22,6,5,0,6,5,3,3,17,11,41079.0,1485,15355.0,10,7,30,68,30,39,65,65,3,3,3,3,4,4,5,1,8,5,5,5,10,3,2,7,3,2,5,7,6,7,0
1,20,36,6,1,0,2,5,7,1,9,4,71559.0,1411,20301.0,6,1,30,57,38,14,48,70,9,3,5,3,10,2,1,5,3,4,6,9,1,10,9,8,5,10,3,10,1,4,0
0,43,43,1,2,0,8,5,6,6,3,4,143471.34999999998,951,22835.0,4,5,6,34,38,21,5,66,9,6,2,8,8,9,2,4,2,5,5,9,1,8,7,8,2,8,8,8,1,7,1
0,35,25,6,3,0,5,6,6,7,14,8,49573.0,837,45460.0,1,3,91,73,96,71,68,57,9,10,3,1,7,8,2,8,8,8,8,8,1,10,2,8,4,4,5,3,4,5,0
0,40,26,1,3,0,8,3,1,5,16,3,119005.0,1130,50288.0,10,7,14,79,80,61,30,4,5,10,8,8,4,1,6,8,10,3,8,1,9,3,1,9,7,10,3,5,6,8,1
0,38,32,5,3,0,7,6,2,5,13,11,79421.0,1343,27932.0,6,4,64,24,50,68,18,7,2,1,1,4,2,10,7,1,9,7,2,3,10,7,1,5,2,7,10,10,2,9,0
0,31,21,3,3,1,9,3,7,6,12,16,121068.0,1386,13406.0,5,7,50,11,96,80,37,80,6,9,8,3,7,3,9,3,3,3,9,6,10,6,1,6,6,6,9,9,6,10,1
0,32,42,3,5,0,4,1,7,5,14,6,72379.0,898,52105.0,9,1,48,68,94,4,41,66,4,3,2,9,4,1,6,10,4,3,8,1,5,4,8,2,1,2,1,6,6,6,1
1,34,26,3,6,0,8,2,4,6,18,6,99785.0,1279,23477.0,9,7,89,55,38,54,85,4,7,2,5,4,5,3,10,9,7,8,1,3,9,8,6,6,1,10,3,4,2,2,0
1,19,24,6,6,1,3,5,3,5,13,7,111154.0,930,57566.3,5,5,45,31,18,48,5,4,9,9,7,4,2,6,7,6,9,5,5,1,7,7,4,4,3,4,4,8,9,3,0
1,42,25,4,5,0,1,6,1,4,13,13,143471.34999999998,837,18579.0,9,9,16,19,73,60,7,6,6,5,5,10,8,9,9,3,10,10,6,4,5,6,1,4,1,2,7,10,2,8,1
0,38,32,1,6,0,4,1,5,5,12,17,119162.0,1084,52212.0,7,4,37,4,7,91,95,65,4,10,5,2,10,10,10,2,3,9,4,10,7,5,4,4,6,10,4,6,4,2,0
1,34,36,4,6,0,1,4,4,2,7,5,77446.0,1354,12502.4,3,8,62,47,13,71,87,56,5,9,8,6,2,10,9,6,4,1,2,10,1,6,8,8,2,8,10,2,7,7,1
1,40,32,2,6,0,2,1,6,2,18,8,28595.0,1156,22935.0,8,2,33,54,43,94,57,95,4,1,7,1,1,4,1,6,7,1,10,6,1,9,9,1,10,3,10,5,10,8,1
1,42,22,4,2,0,6,4,1,7,4,15,68311.0,1539,39178.0,3,4,4,69,43,53,71,44,6,8,4,5,9,8,10,10,8,2,6,8,2,8,1,9,5,7,10,4,2,10,0
1,28,36,3,3,1,2,3,5,3,8,10,143471.34999999998,1228,30678.0,2,2,14,60,26,77,9,10,10,4,3,8,3,5,10,7,2,6,1,4,7,9,8,6,10,9,3,4,7,9,1
1,34,24,3,5,0,2,2,7,6,16,6,119014.0,1046,53724.0,4,7,23,76,83,32,40,57,7,10,6,4,5,10,7,2,2,3,10,2,8,4,9,7,5,10,8,1,1,5,0
0,43,23,3,5,0,3,1,7,3,9,5,60176.0,1559,20646.0,5,9,17,12,47,42,5,96,2,1,4,7,9,2,6,10,5,1,5,9,5,1,2,5,2,2,10,6,1,5,0
0,31,43,5,4,0,9,1,6,6,15,9,72960.0,1024,42836.0,1,1,61,59,57,55,58,49,4,1,9,2,8,10,4,3,6,1,2,10,9,6,2,6,2,1,2,5,9,8,0
1,37,36,3,1,0,2,4,4,1,6,17,119166.0,1325,46789.0,8,7,47,75,6,25,38,57,9,7,8,4,9,7,6,4,10,10,6,8,2,10,5,5,2,4,2,2,8,7,0
1,36,42,3,1,0,4,1,6,6,11,6,29227.0,979,38939.0,3,9,96,56,50,73,5,5,5,7,2,7,5,10,7,2,10,4,1,10,10,1,7,4,10,3,5,4,5,1,1
1,38,34,1,2,0,7,6,5,6,9,5,131384.0,1308,46363.0,8,4,38,60,96,37,18,92,6,4,6,1,8,1,3,1,5,9,2,7,9,6,5,9,2,4,6,6,9,4,0
0,24,27,4,4,1,5,1,3,4,9,1,127110.0,876,29352.0,1,1,70,94,6,75,50,46,7,9,7,9,8,8,6,10,8,5,2,4,5,3,10,7,5,10,2,1,10,2,0
0,41,36,5,3,0,6,2,1,5,7,17,32981.0,1333,38124.0,3,4,74,71,61,4,30,64,3,7,7,9,3,8,6,8,1,3,9,1,1,6,3,3,6,2,3,8,7,4,0
1,30,28,6,3,0,6,2,3,4,6,8,143471.34999999998,1110,54437.0,7,2,80,46,21,73,56,53,4,1,8,2,4,5,1,9,2,2,2,7,1,6,7,1,6,8,4,5,7,1,0
0,35,32,3,5,0,3,2,4,7,13,5,61161.0,1406,17816.0,8,6,76,21,96,63,47,85,4,10,2,7,1,6,3,2,1,4,1,1,9,7,6,1,7,6,10,8,1,4,0
0,40,27,3,4,0,2,1,2,4,16,2,28270.0,1452,17608.0,1,7,96,5,96,41,47,79,10,3,6,5,8,1,3,1,4,4,6,6,5,8,8,1,5,2,9,6,3,3,0
1,31,28,4,6,0,10,1,7,6,10,15,91098.0,1044,34975.0,9,9,12,82,73,55,47,68,10,10,5,2,5,8,4,6,5,3,6,5,2,6,4,9,1,6,1,10,1,5,0
0,19,40,1,2,0,4,3,4,3,16,9,138994.0,1520,57566.3,10,6,95,20,28,39,94,30,1,7,9,10,5,8,3,10,2,1,2,6,4,5,4,2,4,6,8,2,3,10,0
0,24,20,1,4,0,9,5,2,2,1,12,97363.0,1055,47199.0,9,2,66,17,51,10,14,68,5,5,2,2,2,8,7,5,6,8,4,4,7,6,5,2,2,6,5,4,5,9,0
1,25,20,6,1,0,6,3,6,7,2,13,53209.0,1347,21744.0,9,4,85,36,62,14,81,6,8,8,2,7,5,8,7,3,5,3,2,4,2,7,8,8,8,1,3,2,1,1,0
0,35,35,3,3,1,3,6,1,5,9,17,26252.95,1440,49200.0,7,7,50,4,57,41,9,91,6,1,2,7,10,10,7,7,9,5,6,6,8,3,1,7,8,10,6,5,6,8,0
0,26,42,3,6,0,9,2,5,6,7,9,53388.0,997,57488.0,3,9,14,60,51,45,87,54,2,8,6,9,2,9,4,8,5,7,5,9,10,3,1,7,1,4,6,8,6,4,0
1,19,28,4,4,1,10,1,5,1,3,13,121260.0,1019,41743.0,10,9,32,13,49,52,35,56,1,8,3,8,4,1,1,9,4,4,7,6,10,7,3,5,6,7,6,10,2,7,1
0,39,37,4,4,1,1,5,1,5,4,7,113223.0,1002,46392.0,3,5,21,36,71,68,24,93,9,2,7,1,7,6,4,9,7,1,5,10,4,5,8,6,9,1,6,10,3,8,0
0,34,43,1,1,1,8,4,1,6,4,17,35954.0,1518,57566.3,9,9,72,24,59,4,5,24,2,7,8,1,4,6,4,8,3,9,7,10,2,1,1,2,10,1,5,9,3,8,0
1,36,39,2,6,0,10,1,2,1,14,3,54769.0,1469,37277.0,2,7,36,4,14,92,93,9,9,4,5,9,4,1,2,6,5,9,7,1,5,2,10,4,10,8,4,1,7,9,0
1,43,35,1,4,0,9,1,6,7,18,8,96810.0,1436,34582.0,6,2,4,36,47,5,83,53,1,10,3,4,4,1,9,2,5,8,9,2,4,2,9,7,10,4,9,7,2,6,0
1,23,42,1,1,1,7,3,2,1,10,9,92691.0,945,44992.0,7,4,55,7,46,36,95,17,4,10,7,7,1,1,1,4,7,4,8,9,5,5,1,5,8,5,3,4,6,1,1
0,20,32,6,3,0,8,3,4,5,10,12,26252.95,1506,31818.0,9,8,32,28,45,35,74,5,4,2,8,6,10,9,7,4,1,8,10,10,4,9,9,4,3,10,9,5,3,10,0
1,41,24,5,1,0,3,5,3,4,5,17,63681.0,1069,46177.0,8,4,36,62,47,15,17,79,8,2,9,6,1,1,5,1,8,10,2,1,2,6,6,4,10,1,5,9,7,1,0
0,22,27,5,3,0,9,1,1,7,4,17,117218.0,1165,23633.0,10,3,67,95,24,69,94,82,3,7,6,10,4,5,3,8,2,5,9,9,8,7,2,8,8,4,5,10,7,9,0
1,19,38,1,4,0,1,5,3,5,5,5,143471.34999999998,1499,12502.4,6,6,76,15,75,62,64,59,2,5,7,9,4,9,6,10,5,7,7,8,7,2,8,2,10,1,5,10,9,6,0
0,37,40,3,5,0,3,5,5,6,16,4,41501.0,1019,42186.0,9,5,13,66,66,96,54,17,8,9,6,6,1,1,6,6,3,7,3,8,4,4,4,5,5,1,6,2,2,3,0
1,42,37,4,6,0,1,5,3,6,6,12,121559.0,1334,35666.0,3,3,44,19,60,51,63,60,9,5,1,9,5,5,7,3,5,4,7,4,3,8,10,8,1,7,6,3,10,5,0
1,21,27,3,1,0,1,6,4,2,13,4,26252.95,1282,53214.0,9,4,52,9,74,58,53,40,5,5,6,4,2,1,6,3,1,7,8,3,1,10,8,8,5,8,8,7,8,2,0
1,27,30,3,2,0,6,4,6,2,10,12,39858.0,1229,18892.0,3,1,56,53,31,92,26,63,4,4,6,2,7,2,4,10,5,6,8,3,2,8,3,6,2,9,1,10,6,5,0
1,27,32,2,5,0,1,3,3,7,12,8,70620.0,891,56190.0,4,6,75,13,33,74,5,90,6,7,7,6,8,4,4,8,8,9,9,2,1,2,3,5,5,5,3,5,5,7,1
0,41,40,6,2,0,10,2,1,4,3,8,26252.95,1236,30081.0,3,1,96,86,12,28,16,48,3,9,1,4,8,3,7,3,4,7,1,8,9,5,10,7,7,2,10,7,2,9,1
1,38,35,2,4,0,8,5,5,2,11,16,57029.0,884,50238.0,4,1,69,50,89,32,45,9,8,4,4,3,3,10,3,8,1,8,6,9,8,9,7,1,1,5,4,2,5,3,1
1,28,40,4,4,1,3,5,2,4,7,16,130269.0,955,46692.0,7,1,47,59,53,80,40,56,8,5,1,8,4,2,5,8,8,7,7,5,3,2,6,3,3,10,1,9,2,3,0
0,43,21,6,1,0,1,2,4,2,2,10,52823.0,972,45395.0,4,5,85,62,92,57,39,41,2,2,1,8,7,5,6,3,1,1,3,9,9,7,6,7,8,7,1,9,7,5,0
1,33,37,5,3,0,10,4,1,5,17,1,128310.0,967,19269.0,9,6,46,28,52,54,40,4,3,6,7,2,10,4,4,1,1,8,4,5,7,3,2,1,6,9,9,7,7,10,0
0,43,34,2,1,0,7,1,3,2,2,16,47473.0,863,40706.0,1,1,51,56,10,38,22,96,3,8,1,10,5,5,1,3,3,4,5,4,6,7,9,9,8,8,9,1,8,9,0
1,34,20,4,3,0,3,3,6,5,15,7,98326.0,1347,15566.0,1,1,48,38,4,60,95,69,1,2,8,9,4,1,4,9,10,4,7,8,1,5,2,8,7,10,4,8,7,2,0
1,33,38,4,2,0,10,4,2,7,16,2,71056.0,837,48880.0,10,2,54,82,56,17,19,83,5,10,2,4,7,8,10,4,7,6,10,10,8,3,5,7,2,5,3,10,5,7,1
1,24,38,4,1,0,5,4,2,6,17,15,82617.0,1319,17055.0,10,9,80,95,80,51,67,4,10,3,5,10,4,7,3,8,9,9,5,3,10,10,1,4,2,2,4,2,4,4,0
0,33,19,2,1,0,10,2,3,6,9,13,26252.95,1036,12502.4,3,5,15,52,47,4,93,12,10,6,5,6,4,3,4,9,7,9,7,3,6,7,4,1,1,7,3,4,3,8,0
1,20,21,2,2,1,9,6,3,6,14,16,117747.0,1458,37598.0,10,4,23,15,21,96,7,60,6,9,5,8,5,8,7,8,9,3,7,6,9,9,9,8,4,8,9,7,6,4,0
1,43,19,1,4,0,9,3,1,7,1,4,64611.0,846,26609.0,10,7,42,47,40,33,88,89,4,8,5,4,8,10,4,8,8,2,5,9,2,6,5,8,4,9,7,10,8,3,0
1,33,32,5,3,0,8,3,7,3,9,9,38796.0,983,24877.0,1,8,15,75,87,61,89,29,8,1,2,1,6,2,4,8,5,3,1,6,6,10,5,6,1,8,1,2,3,9,0
0,25,42,2,6,0,7,3,6,7,2,5,82121.0,1449,55433.0,7,3,35,19,38,70,48,12,9,9,6,4,10,10,3,4,1,7,9,3,6,8,1,4,5,6,6,6,6,3,1
0,29,19,3,1,0,3,5,1,4,2,4,121333.0,841,20868.0,6,2,42,40,49,73,32,96,3,3,1,5,3,7,1,2,2,8,2,9,1,6,7,2,4,9,7,8,6,2,0
1,20,23,6,6,1,7,2,2,2,5,14,81158.0,1431,22286.0,5,9,63,59,4,90,70,7,3,2,2,4,6,2,8,8,8,9,3,5,4,9,4,7,9,2,3,1,5,7,1
0,34,24,4,4,1,6,6,2,7,2,15,124554.0,1311,28915.0,9,9,4,7,30,30,23,31,3,10,3,1,4,2,5,9,1,5,1,5,8,6,9,3,8,1,9,7,10,6,0
1,38,36,1,2,0,8,1,1,1,13,13,32694.0,1414,36514.0,7,4,95,44,79,71,15,4,2,10,3,6,9,10,3,10,9,2,8,9,9,3,5,7,10,10,2,3,7,2,0
1,35,29,4,6,0,2,5,4,1,18,13,54527.0,1548,25438.0,1,6,4,55,8,51,90,87,10,4,6,7,9,7,3,7,10,6,8,1,3,4,5,8,7,1,5,9,1,1,0
1,28,19,6,4,0,1,5,5,2,7,17,74765.0,901,48361.0,3,7,39,55,51,32,79,25,2,1,4,6,7,4,4,2,7,6,3,6,9,10,10,6,2,4,6,8,3,5,1
1,21,24,1,2,0,9,5,6,3,2,5,116500.0,1017,56006.0,3,9,15,87,96,4,69,91,4,9,9,3,10,3,2,3,8,3,6,3,9,10,10,5,6,9,7,5,7,3,0
1,33,36,1,3,0,1,3,3,3,10,10,55277.0,946,18852.0,4,9,22,23,88,58,32,53,8,2,8,4,1,5,2,6,10,9,8,5,10,4,1,1,10,5,1,3,9,9,0
1,34,30,6,4,0,6,5,6,4,17,11,138830.0,1029,12502.4,7,8,22,64,96,16,37,4,8,1,2,6,1,10,8,3,10,8,6,10,3,3,3,6,4,10,9,9,6,3,0
1,26,43,1,1,1,1,1,7,1,12,10,104774.0,983,16064.0,8,1,96,28,58,6,91,12,4,6,2,9,7,1,9,1,1,7,5,6,7,10,4,9,1,5,8,5,3,3,0
0,23,29,1,6,0,10,6,3,5,3,9,67622.0,1559,47413.0,6,6,28,37,29,79,5,38,2,2,8,1,6,3,6,5,9,6,3,6,7,1,5,5,4,2,3,2,7,7,0
0,41,29,4,3,0,4,2,1,4,16,8,49552.0,989,46711.0,7,7,89,78,14,14,77,58,6,3,1,8,3,5,2,10,6,6,4,6,5,9,6,7,7,3,9,7,3,5,0
0,43,39,1,5,0,6,6,4,3,17,9,95487.0,1401,54343.0,1,2,93,67,37,19,83,91,10,5,1,4,7,10,9,2,5,8,9,4,8,4,5,7,8,3,8,4,6,7,0
0,37,30,1,5,0,5,4,4,4,2,7,104247.0,1216,12502.4,8,4,71,52,32,51,65,16,5,3,9,5,10,6,2,4,8,9,6,7,7,8,4,3,8,3,10,6,5,6,0
0,42,31,1,1,1,5,5,4,6,15,14,143471.34999999998,892,26737.0,10,5,67,78,56,94,44,79,7,5,9,3,4,10,3,6,5,4,8,9,8,4,5,9,8,7,2,5,8,6,0
0,19,39,1,3,0,8,1,7,1,7,12,143471.34999999998,1246,22477.0,10,9,36,40,90,6,39,67,9,6,5,3,8,6,10,1,10,4,10,9,5,4,10,10,8,5,5,3,1,1,0
0,26,29,4,2,0,7,3,2,1,14,5,26750.0,1191,37777.0,5,2,66,70,72,47,50,17,10,6,2,9,3,10,10,10,2,7,2,1,5,1,4,7,8,5,5,8,7,3,0
1,38,37,2,3,0,5,4,6,6,18,12,92702.0,1036,21532.0,2,6,58,4,73,11,42,47,2,5,10,1,9,3,3,9,8,10,8,3,2,8,4,8,1,9,2,5,9,10,0
1,23,29,4,6,0,1,5,5,3,4,16,128418.0,1510,35534.0,10,9,34,77,4,55,86,63,3,9,5,7,1,4,1,6,3,4,7,7,5,6,10,9,4,8,4,8,9,9,0
1,20,43,3,1,0,3,2,5,4,16,14,122617.0,1350,12502.4,4,7,74,4,25,10,29,40,7,3,7,5,7,5,4,1,5,7,10,6,5,7,10,5,9,9,10,8,4,7,0
1,37,23,1,3,0,7,6,7,1,2,4,119045.0,1092,55630.0,3,8,68,10,35,55,22,84,10,10,8,6,2,7,1,8,8,1,10,10,4,1,9,10,8,3,10,7,2,6,0
0,23,43,3,6,0,4,1,5,3,1,4,115540.0,1243,12502.4,6,6,49,86,14,28,63,26,6,10,6,8,4,8,9,9,10,1,2,8,6,4,2,6,1,7,2,1,6,8,0
0,24,27,1,1,1,5,4,3,2,6,16,100046.0,1095,19909.0,9,2,25,90,4,52,45,25,8,1,2,9,6,8,8,1,3,7,3,10,1,7,1,6,1,2,3,2,6,3,0
1,19,37,6,4,0,8,6,4,3,4,2,40308.0,1437,44342.0,8,2,12,36,95,86,69,42,7,1,8,4,4,4,7,8,3,9,1,3,2,4,4,7,1,4,1,6,8,6,1
1,40,41,3,6,0,9,6,1,7,13,9,27600.0,882,57566.3,3,7,50,95,63,83,12,4,4,3,5,9,10,3,6,9,5,8,9,7,4,10,3,9,8,9,6,7,3,9,0
0,19,26,4,5,0,7,3,6,5,12,12,95334.0,1486,16074.0,1,9,39,35,15,7,23,81,1,7,7,6,8,4,5,8,6,3,2,6,2,2,4,9,5,6,3,7,1,7,0
1,22,19,1,6,0,4,2,3,6,13,12,79275.0,837,57566.3,10,2,80,4,20,10,70,59,2,6,8,10,10,5,7,1,4,4,3,3,8,9,5,8,6,4,8,8,4,8,1
1,23,24,1,6,0,10,4,7,5,15,12,33570.0,1511,29654.0,5,8,21,94,96,14,79,85,4,1,4,9,7,5,6,9,9,3,10,9,10,5,4,10,7,3,3,10,6,6,0
1,30,26,4,1,0,7,2,6,3,14,4,101912.0,1267,17544.0,10,9,73,95,39,44,56,76,8,4,1,4,4,2,6,8,6,3,9,2,10,6,1,9,1,7,5,1,9,1,0
1,19,42,4,1,0,5,6,6,5,11,12,26252.95,1352,47610.0,9,7,66,74,87,90,50,29,7,1,4,5,3,4,8,1,8,6,10,5,5,8,6,5,1,6,6,6,5,4,0
0,32,29,4,1,0,1,5,4,4,2,4,30363.0,982,29099.0,7,8,56,61,67,88,23,81,8,5,4,3,10,9,2,10,10,3,8,9,6,9,2,4,10,5,8,3,7,5,0
1,32,22,3,4,0,8,6,7,1,13,16,71242.0,1438,39749.0,5,4,62,50,67,53,37,46,7,6,10,6,8,5,3,2,5,7,8,9,1,3,5,3,10,8,10,5,4,9,0
1,30,19,6,3,0,4,5,4,6,1,1,68741.0,1303,57566.3,2,3,63,50,53,77,8,42,6,8,7,10,5,1,2,10,2,7,4,3,5,5,5,3,10,8,7,4,5,5,0
0,43,39,3,4,0,3,5,3,6,15,12,106526.0,1527,54783.0,10,6,33,38,35,82,69,23,8,2,9,1,1,1,5,1,8,5,8,1,4,8,9,1,6,1,5,8,2,5,0
0,42,32,3,6,0,8,2,1,6,13,14,100846.0,1252,25811.0,8,9,87,49,25,45,84,67,10,9,2,7,4,3,6,9,9,9,4,6,2,9,1,10,8,6,8,8,2,3,0
1,31,25,3,3,1,9,1,2,1,11,3,73819.0,1513,49981.0,10,9,4,81,23,66,5,15,4,4,2,2,3,1,4,2,1,7,5,1,1,8,7,9,4,7,4,4,4,1,0
0,43,19,4,2,0,4,3,2,1,6,8,39089.0,848,18975.0,9,1,57,64,96,33,44,5,4,5,6,3,7,7,2,9,9,4,3,9,1,7,1,9,9,7,4,10,10,4,0
1,39,35,5,4,0,2,3,6,1,14,15,88810.0,996,50905.0,6,1,4,49,71,13,13,72,1,6,9,7,6,1,9,10,8,2,6,10,4,8,2,1,1,5,2,6,10,7,0
1,24,30,4,6,0,8,3,7,2,12,15,86938.0,1243,48296.0,8,4,80,95,18,93,27,64,6,5,8,4,7,9,6,7,1,6,2,10,4,2,7,6,8,7,10,6,4,7,0
0,31,19,1,6,0,7,4,6,3,18,9,124665.0,997,47905.0,5,2,6,32,49,82,62,10,4,2,1,7,5,2,1,7,5,8,1,7,6,9,3,5,3,7,2,2,10,3,0
1,43,22,2,5,0,7,4,6,7,17,12,79563.0,1255,13436.0,7,8,51,72,67,35,49,71,7,8,7,6,2,3,7,1,10,8,9,6,7,8,10,5,3,10,5,7,8,6,1
1,41,35,2,3,0,7,4,5,7,16,6,56514.0,944,52570.0,5,1,38,49,52,96,23,45,6,8,5,7,9,8,7,7,1,3,9,10,7,7,6,5,8,10,6,8,7,3,0
1,43,33,5,6,0,5,6,3,6,13,2,26457.0,1020,25482.0,5,4,73,93,96,66,69,69,4,2,9,7,10,6,4,2,8,8,4,7,9,4,3,8,4,6,8,10,4,9,0
1,27,43,1,5,0,9,3,5,4,14,8,85938.0,1218,42083.0,10,4,45,20,41,64,67,55,6,1,5,8,7,7,7,2,6,3,2,7,9,1,8,3,4,9,7,6,6,3,0
0,34,27,3,4,0,2,6,7,6,2,9,137201.0,1180,26803.0,5,2,44,80,11,91,88,16,10,3,6,2,10,8,3,7,5,4,5,6,10,8,9,7,4,8,2,9,6,3,0
0,31,21,6,2,0,4,5,4,3,6,6,52635.0,1202,47827.0,3,1,89,54,46,32,34,25,7,4,1,5,5,9,1,3,1,1,6,7,1,7,7,4,8,10,2,5,8,1,1
1,25,19,1,1,1,2,2,4,2,18,13,50923.0,1187,12502.4,5,4,19,7,57,40,27,4,8,5,10,7,6,5,10,3,6,6,9,7,7,4,8,3,5,9,6,10,4,3,0
0,21,40,5,3,0,5,5,2,1,7,16,92999.0,1122,36694.0,1,3,4,4,82,65,77,52,3,8,5,7,6,9,1,4,4,10,2,8,7,9,1,2,3,8,9,8,3,4,1
1,43,25,6,6,1,10,3,6,3,18,6,143471.34999999998,1028,42122.0,4,5,84,72,13,93,22,4,3,9,8,1,1,5,2,5,3,7,4,2,7,6,5,2,6,10,1,5,7,9,0
1,33,22,2,6,0,10,2,7,5,17,4,93684.0,837,52709.0,4,2,35,87,52,4,95,6,7,9,10,3,1,4,10,8,6,10,6,8,5,9,4,7,9,1,7,10,5,2,0
1,41,19,1,5,0,8,2,3,3,2,11,26252.95,1385,41563.0,4,4,73,80,46,49,95,5,4,4,4,9,1,10,5,4,9,1,3,5,2,7,4,9,4,6,2,2,10,9,0
1,30,41,3,1,0,2,3,3,2,4,13,46710.0,1277,43077.0,5,9,10,59,21,52,42,96,10,6,5,3,4,9,8,1,9,10,7,4,9,1,7,3,4,2,2,10,1,2,0
1,39,34,3,6,0,1,4,4,6,14,5,121226.0,1283,19720.0,3,7,90,84,85,96,73,5,8,8,1,1,6,10,10,9,5,2,9,4,9,6,7,2,5,1,8,5,8,4,1
0,43,24,3,2,0,6,3,5,6,18,16,67246.0,1282,30975.0,7,8,4,14,84,29,11,24,10,3,7,7,8,6,1,7,2,5,2,10,3,4,1,6,4,10,8,4,8,7,0
1,42,34,3,4,0,5,3,3,1,3,5,137032.0,1259,50278.0,3,9,17,19,29,22,75,30,4,2,1,6,5,6,7,5,1,2,8,9,7,7,9,7,10,9,10,1,2,10,1
0,43,23,2,3,0,10,1,7,2,8,4,118677.0,1304,22656.0,4,3,14,42,4,4,5,56,7,8,1,2,1,5,3,9,8,4,4,5,4,10,10,3,9,8,5,9,5,7,0
0,37,39,5,4,0,3,6,3,6,12,5,132323.0,987,34100.0,4,6,88,67,22,26,46,17,8,1,2,5,6,7,4,7,3,5,2,7,4,3,2,5,4,8,3,3,1,4,1
1,35,32,4,4,1,5,2,6,6,5,8,52161.0,853,12502.4,1,9,4,95,77,75,66,38,8,9,6,5,8,3,3,3,2,7,1,7,7,1,6,6,5,4,3,1,8,2,0
1,31,22,1,3,0,2,6,3,3,10,17,116642.0,1028,56127.0,10,5,20,22,92,92,40,57,5,4,2,7,10,8,4,6,10,4,2,4,10,7,3,4,7,4,5,6,5,3,0
1,35,32,5,1,0,6,4,5,7,12,2,80754.0,1559,29353.0,5,3,31,7,55,4,80,81,9,5,1,4,3,6,5,1,5,6,2,4,7,5,7,8,3,1,1,1,3,8,0
1,22,35,6,4,0,8,6,2,6,12,9,68074.0,1222,51832.0,2,6,65,90,16,12,30,90,7,2,7,1,6,7,8,8,5,2,10,8,9,8,4,10,7,8,8,7,10,10,0
1,43,35,1,2,0,8,1,6,5,16,6,88469.0,936,40437.0,4,7,82,40,4,96,76,20,2,8,9,6,6,7,5,6,7,5,7,6,4,4,10,4,8,6,5,2,4,8,1
0,26,42,4,3,0,6,2,3,5,1,10,46243.0,1308,32290.0,8,2,48,63,11,16,40,4,7,5,5,2,5,7,8,3,5,8,3,7,3,5,2,5,10,8,10,2,10,8,0
1,20,38,3,1,0,6,5,3,4,9,6,126785.0,1330,57566.3,4,3,70,69,55,89,94,59,3,4,5,2,4,2,10,4,5,10,4,1,1,4,9,6,4,9,3,1,8,10,1
1,25,38,4,5,0,8,6,4,1,10,7,143471.34999999998,1118,25889.0,10,1,52,89,56,54,23,50,7,3,7,6,7,5,2,4,9,10,3,2,1,6,10,4,9,7,8,3,1,3,0
0,37,40,3,1,0,8,1,5,2,3,10,70598.0,1322,54071.0,7,6,62,94,74,71,80,84,2,7,9,9,4,9,6,10,1,1,10,10,1,3,8,1,9,2,2,4,3,7,0
0,39,23,2,1,0,1,6,1,6,10,11,143471.34999999998,1112,56492.0,8,7,79,95,81,84,39,25,3,3,2,1,5,4,3,2,5,2,3,2,2,4,8,1,5,7,2,8,3,3,0
1,27,19,1,3,0,4,5,1,3,17,17,118374.0,1244,31685.0,6,4,59,26,50,75,45,16,10,7,5,10,8,10,4,4,2,10,10,9,5,1,10,6,7,5,1,7,2,10,0
0,39,43,3,5,0,4,6,2,4,3,17,40635.0,1457,16960.0,1,4,69,10,69,46,69,64,3,6,8,2,6,6,2,7,4,8,3,5,4,2,3,8,1,1,3,3,6,6,0
1,36,34,2,6,0,9,4,1,6,8,14,130829.0,1046,29338.0,5,7,88,49,21,28,69,95,1,6,10,8,3,2,1,5,5,10,4,7,2,8,4,10,10,1,4,4,9,5,0
0,38,38,6,3,0,7,3,6,6,8,8,69593.0,837,31474.0,2,3,32,56,56,34,95,34,8,3,6,6,8,9,3,10,6,6,6,3,10,8,10,10,9,10,6,2,5,6,0
0,20,21,6,6,1,2,5,5,4,4,11,134005.0,1210,54304.0,9,4,50,14,37,69,13,67,1,8,3,6,3,6,6,5,10,10,2,8,1,10,8,7,8,6,1,3,5,2,0
1,28,29,2,2,1,8,6,3,4,2,6,80917.0,1369,12502.4,3,6,53,48,62,4,77,25,3,8,5,7,5,2,6,10,1,8,7,8,3,2,10,8,1,6,8,6,4,8,1
0,28,36,4,6,0,1,4,6,6,17,16,45376.0,1280,21231.0,6,1,79,25,60,4,13,95,5,5,3,7,3,6,9,10,6,2,5,1,6,2,10,9,7,3,4,6,3,9,0
0,34,19,1,5,0,8,4,1,7,5,1,31300.0,1154,12502.4,8,5,26,15,96,60,7,22,4,10,10,9,2,6,8,2,8,5,1,9,5,6,4,8,7,3,1,4,8,6,0
0,33,43,2,1,0,3,2,6,5,3,15,61012.0,1559,57566.3,10,3,5,26,47,71,23,89,6,9,10,10,5,9,9,1,6,9,2,3,10,6,2,2,7,10,4,7,6,8,0
0,24,19,4,1,0,5,3,1,1,17,3,64260.0,915,49892.0,4,4,14,66,31,14,46,66,7,9,8,5,5,4,8,7,4,7,7,7,9,1,1,9,10,7,4,1,2,5,0
0,21,31,1,5,0,9,1,3,3,6,7,116828.0,1229,36720.0,7,1,61,27,64,96,74,90,8,6,8,7,1,3,10,8,5,3,4,5,7,3,7,7,7,1,5,2,5,3,0
0,40,32,6,1,0,9,6,1,5,16,3,123507.0,853,25422.0,4,4,62,16,96,37,13,78,10,3,10,3,5,1,1,3,9,3,9,3,8,5,8,3,9,6,4,3,8,9,0
1,36,37,4,5,0,9,4,6,3,7,1,30957.0,1486,26834.0,4,8,96,61,4,22,37,24,3,6,7,10,2,4,9,6,2,10,4,10,3,4,7,1,8,6,4,2,5,2,0
1,29,19,6,6,1,1,1,6,5,8,12,72332.0,1080,12839.0,3,8,39,82,59,94,11,43,10,3,7,1,3,4,10,3,4,5,3,7,7,2,3,8,8,7,1,2,9,6,1
0,32,21,5,3,0,2,3,1,6,2,1,109904.0,930,32837.0,2,9,46,90,4,26,44,24,4,1,3,1,5,2,9,9,8,9,3,6,6,5,4,7,6,5,8,6,7,6,1
1,28,36,1,6,0,6,6,5,1,13,1,42976.0,1327,47862.0,6,2,93,17,80,28,89,56,1,7,7,4,2,10,10,9,3,6,7,4,8,6,4,4,8,2,1,9,2,9,0
1,22,26,3,6,0,6,5,7,6,15,12,61751.0,1406,21780.0,10,3,19,28,43,22,95,4,4,4,8,7,7,1,2,4,9,4,4,6,4,6,4,9,4,9,4,7,3,9,0
1,22,24,4,4,1,3,2,5,3,13,1,67802.0,1005,44433.0,2,5,89,42,80,63,68,91,3,2,5,10,8,7,1,2,10,4,5,5,5,9,3,8,5,6,1,9,9,6,0
0,32,30,4,4,1,8,4,3,3,11,8,111768.0,1113,34083.0,2,7,71,19,93,11,33,9,10,2,1,3,4,7,9,1,10,9,4,1,1,10,4,4,7,7,2,8,7,5,0
1,35,43,1,4,0,2,5,1,4,5,17,126836.0,1558,22320.0,3,4,8,44,12,44,24,28,7,1,4,9,1,1,10,5,6,7,7,10,10,4,3,6,1,4,7,8,4,10,0
0,28,29,4,1,0,5,1,3,3,4,6,74560.0,1314,34806.0,7,8,62,59,9,34,43,57,7,6,8,8,6,10,8,2,9,10,4,5,3,10,7,10,10,8,2,10,10,2,0
1,43,20,3,5,0,5,1,5,3,14,14,64218.0,996,25366.0,3,5,29,27,27,23,5,80,1,3,5,10,5,2,6,7,2,9,3,1,1,4,7,8,6,8,8,2,5,1,0
0,29,30,6,5,0,10,5,3,4,13,17,117319.0,1437,36917.0,4,6,31,26,41,96,5,49,10,4,8,6,8,4,6,9,10,1,4,10,7,2,4,7,1,5,4,2,3,5,0
0,19,32,4,4,1,2,5,3,1,14,2,112845.0,1046,43733.0,8,3,54,51,85,96,91,96,1,7,7,3,9,9,4,2,2,4,9,2,4,2,8,5,7,8,10,7,2,8,1
1,37,31,3,4,0,10,2,2,7,14,17,114835.0,1158,50376.0,5,3,92,68,57,54,95,19,10,6,4,4,10,8,8,2,6,3,7,10,7,1,4,2,8,8,1,9,1,9,0
1,32,41,1,1,1,4,3,2,7,11,3,135028.0,1555,51715.0,8,8,20,66,14,8,29,86,7,4,6,8,1,2,3,7,5,8,9,5,5,1,10,9,10,5,7,8,3,4,1
0,37,26,3,1,0,1,2,4,4,16,14,107698.0,1455,56264.0,9,4,68,47,48,64,36,79,2,2,4,5,10,9,4,2,10,8,4,10,9,3,9,8,2,8,2,1,8,9,0
1,21,30,1,5,0,6,1,6,3,8,7,78475.0,1559,14411.0,9,4,93,23,63,7,44,80,5,10,2,3,8,3,3,4,2,9,7,10,1,8,8,7,5,10,4,8,1,5,0
1,39,40,4,3,0,10,6,5,2,18,7,83270.0,1552,26765.0,3,3,81,93,33,11,90,90,10,2,4,4,2,8,8,1,5,1,6,7,9,10,4,4,10,1,4,7,9,3,1
1,35,39,3,5,0,5,4,1,2,10,14,116041.0,1250,25689.0,10,9,62,38,36,96,95,4,10,5,2,2,6,10,5,5,8,9,7,10,4,4,3,7,5,1,1,9,6,2,0
0,23,21,4,5,0,9,2,5,1,6,5,134145.0,1338,16440.0,7,5,63,84,28,58,90,93,7,10,3,6,7,2,10,9,8,10,2,7,2,6,8,4,2,4,2,6,2,1,0
0,40,38,5,4,0,3,5,5,4,10,15,143471.34999999998,995,43703.0,10,6,4,19,51,51,13,43,5,8,8,6,7,5,2,4,10,9,4,6,8,4,3,8,1,9,1,10,4,1,0
1,43,25,4,2,0,6,6,6,5,7,11,76341.0,1202,28032.0,8,8,96,75,74,41,26,17,7,7,9,9,7,6,9,7,4,5,10,9,1,5,8,1,7,5,3,8,1,5,0
1,43,20,3,3,1,3,3,7,6,8,6,114239.0,1365,32096.0,2,4,48,66,50,83,46,46,1,3,4,7,5,4,5,10,6,3,1,8,3,9,8,3,9,1,2,1,7,5,1
1,36,19,4,6,0,8,1,6,2,3,3,52291.0,1244,46899.0,1,2,4,4,85,72,35,68,7,6,3,7,8,1,6,4,8,8,6,4,2,6,1,4,3,3,2,3,8,4,0
0,28,36,2,2,1,4,1,5,6,4,14,101730.0,957,40625.0,9,1,50,55,51,96,5,53,6,2,5,7,6,3,5,7,8,7,1,6,2,4,7,7,7,5,9,2,5,6,0
0,41,40,2,3,0,2,4,3,7,14,17,38864.0,1553,51754.0,7,4,78,4,24,96,6,58,3,8,1,3,3,2,8,7,4,1,3,2,3,6,8,8,10,1,5,4,7,2,1
1,19,25,3,1,0,9,3,6,3,15,10,108252.0,1166,57566.3,4,9,63,75,17,77,80,48,7,2,3,1,8,8,4,5,4,1,2,4,9,5,7,8,5,5,10,4,1,9,1
1,43,34,2,1,0,4,5,3,3,7,1,27090.0,1435,34591.0,2,9,52,28,29,78,46,95,8,2,2,6,4,1,9,3,9,7,9,7,8,7,6,4,1,6,6,10,7,10,0
1,25,30,4,1,0,1,3,6,1,6,6,31912.0,1470,24455.0,2,3,71,69,82,53,65,52,8,7,4,2,4,9,6,4,3,4,5,10,1,9,3,4,10,9,5,4,10,3,1
1,28,24,5,6,0,4,3,1,3,8,9,71056.0,1382,46480.0,2,3,55,47,64,4,26,16,7,3,3,1,4,4,2,7,1,4,8,10,5,7,2,10,3,1,7,6,5,5,0
1,22,26,3,5,0,5,3,5,1,16,10,119535.0,837,25924.0,7,8,60,66,10,18,24,4,6,2,8,4,5,9,5,2,8,1,8,4,5,10,5,3,9,5,4,8,1,6,0
1,35,29,5,1,0,9,2,3,3,6,8,42085.0,1237,53378.0,5,1,70,69,96,44,31,8,7,2,3,6,5,3,5,4,3,1,1,9,9,9,6,3,8,5,3,6,4,7,1
0,40,31,3,5,0,7,5,6,1,5,13,143471.34999999998,1425,16833.0,2,6,60,58,46,66,56,16,3,2,8,9,10,4,4,10,9,4,6,4,3,3,5,6,2,2,10,5,1,8,0
1,35,31,2,5,0,6,6,3,6,14,14,55116.0,1412,50611.0,10,2,50,83,49,69,92,4,9,4,3,9,7,1,4,5,3,7,1,9,1,2,10,7,4,2,3,1,4,9,0
0,31,32,2,5,0,3,6,4,7,6,4,36582.0,1196,46974.0,4,9,28,78,34,49,38,64,8,5,8,3,5,9,8,5,7,8,1,7,4,3,5,7,2,10,4,10,3,2,0
1,39,20,3,2,0,2,6,7,2,16,9,28964.0,1559,17413.0,6,5,80,63,64,67,68,81,4,1,10,3,1,5,7,7,9,8,10,2,4,7,8,3,2,8,7,10,6,3,0
1,27,32,2,2,1,10,4,2,5,15,3,80627.0,1401,47349.0,7,1,64,5,4,22,62,56,5,10,9,4,1,6,1,4,9,6,2,1,10,4,8,7,3,9,2,10,1,5,0
0,20,36,1,6,0,6,5,7,1,8,4,73596.0,1370,20697.0,7,7,71,95,18,17,83,36,1,3,7,5,3,5,5,9,6,3,3,3,1,5,2,3,3,2,2,1,5,2,0
0,26,41,3,4,0,2,6,6,7,11,17,49813.0,1393,12502.4,8,9,96,92,49,34,25,26,8,10,8,3,7,5,5,3,2,6,3,1,7,4,8,10,3,10,9,3,10,2,0
0,20,37,1,5,0,7,1,6,6,8,10,137253.0,962,54704.0,4,1,93,61,6,7,5,39,5,8,1,8,4,2,8,3,3,4,3,5,1,4,7,10,10,6,5,5,3,9,0
0,28,31,2,6,0,1,6,6,5,15,13,143471.34999999998,1019,15503.0,2,4,52,85,96,18,40,57,6,5,3,4,9,1,6,9,4,4,1,1,2,10,6,5,2,10,2,7,7,3,0
1,29,25,2,4,0,10,4,5,7,17,5,109384.0,1464,50414.0,9,5,91,95,96,87,46,64,6,10,3,10,10,10,5,7,10,8,9,9,9,9,5,9,1,8,3,7,1,10,0
0,29,22,4,2,0,2,4,2,5,17,12,80560.0,1061,50347.0,9,6,21,90,30,64,90,17,10,9,9,2,10,5,6,5,8,4,1,7,1,5,6,4,8,10,5,7,7,3,0
1,20,36,1,5,0,3,4,2,1,9,7,83092.0,1381,28327.0,1,7,27,19,4,54,77,41,8,5,6,5,5,7,1,4,2,7,2,5,4,10,2,1,2,4,3,4,5,1,0
0,38,21,3,6,0,6,5,2,4,9,4,38429.0,965,12502.4,4,4,34,35,96,62,48,71,3,2,10,5,5,1,10,4,6,6,2,8,1,2,10,2,5,9,1,4,8,1,0
1,24,31,1,4,0,2,1,5,6,18,4,100258.0,1100,25164.0,7,4,4,16,80,96,95,24,3,7,1,8,3,6,1,7,10,7,8,3,2,9,4,8,8,4,6,10,9,5,0
1,31,33,4,4,1,9,3,7,6,11,8,129452.0,1150,23101.0,7,4,40,95,32,65,34,95,10,10,3,9,9,10,1,9,6,8,5,5,9,7,6,5,4,5,5,4,5,5,0
1,41,37,5,3,0,10,2,1,5,10,13,83745.0,1033,38317.0,5,4,85,7,68,4,87,11,6,4,6,2,6,9,4,9,4,10,10,8,2,3,1,1,8,9,7,10,8,7,0
1,28,41,1,5,0,5,5,1,7,14,17,83740.0,1178,52360.0,1,3,21,74,12,4,5,26,8,1,1,9,9,2,4,2,3,4,10,6,3,6,4,9,5,9,5,7,8,7,0
1,24,23,5,1,0,9,2,1,4,12,9,131720.0,1130,37722.0,10,4,57,6,50,48,19,4,9,7,6,9,10,4,7,9,6,9,10,10,9,6,9,6,3,9,4,7,3,7,0
1,42,40,5,5,1,3,4,1,7,3,2,59878.0,1085,14811.0,4,3,20,9,31,89,26,86,7,7,10,5,3,7,8,2,5,8,2,7,9,5,4,4,5,8,7,1,10,7,1
0,38,42,1,2,0,8,4,7,1,2,12,29949.0,1429,22119.0,9,5,79,5,90,30,71,79,3,5,6,3,6,6,4,3,1,3,3,2,8,1,4,5,7,9,5,5,8,6,0
1,27,23,1,4,0,1,5,5,2,6,14,109426.0,1144,27204.0,1,1,45,81,55,93,33,4,6,6,5,8,1,6,5,8,10,6,8,6,2,5,2,6,1,10,8,4,3,4,0
0,28,20,1,1,1,3,2,2,5,1,13,96296.0,974,26354.0,9,8,91,81,83,14,17,96,8,10,1,9,10,1,10,6,10,8,4,3,2,4,3,10,3,9,2,1,3,5,0
0,32,32,2,3,0,4,6,1,4,13,16,126183.0,912,29212.0,2,4,28,46,45,95,45,83,2,8,6,2,4,6,3,8,7,9,4,5,4,2,10,5,7,9,7,3,6,10,0
1,36,20,1,3,0,6,3,5,3,17,11,88715.0,1536,15442.0,3,7,41,19,21,58,41,96,2,5,8,8,8,10,8,9,3,4,2,8,6,1,7,1,10,10,9,8,3,4,0
0,33,28,1,6,0,9,2,7,2,3,6,93838.0,1026,31299.0,10,9,70,11,85,14,53,47,10,10,8,10,4,8,4,9,3,1,5,9,8,4,9,5,7,1,5,8,2,9,1
1,39,20,4,5,0,3,2,1,2,2,7,94661.0,1231,33288.0,7,1,4,11,7,41,67,23,1,8,2,10,4,4,2,9,2,9,5,4,7,4,2,8,1,1,1,2,9,8,1
0,38,27,3,6,0,3,3,4,6,4,4,141558.0,1381,53016.0,4,6,7,94,66,74,35,85,6,5,7,5,5,10,1,1,1,4,5,3,2,7,4,3,5,1,2,9,3,3,0
1,37,35,3,4,0,9,3,4,6,4,8,126820.0,1020,46040.0,1,6,27,39,9,4,88,4,10,2,2,9,10,2,5,7,7,1,9,4,9,4,9,8,3,9,6,2,9,1,0
0,29,19,2,6,0,5,2,7,6,17,7,43723.0,1238,27617.0,1,8,36,50,16,79,20,64,2,2,5,10,1,4,1,7,2,3,2,9,9,8,1,6,7,10,8,5,3,6,0
1,35,33,3,3,1,1,2,2,7,6,7,80349.0,1116,38022.0,9,4,82,69,77,16,94,27,4,8,1,10,1,6,9,9,3,2,5,3,9,5,9,1,3,4,8,9,9,4,0
1,40,33,1,6,0,8,1,7,5,17,9,90062.0,878,27997.0,10,8,44,75,72,7,5,96,6,5,5,10,9,9,10,8,3,10,1,2,1,2,6,7,1,7,3,8,8,7,0
1,30,43,3,6,0,8,4,3,2,17,4,141862.0,874,48287.0,2,8,4,84,84,79,95,9,10,7,7,1,3,2,3,9,8,6,5,5,6,6,9,3,9,4,4,3,8,5,1
1,22,27,5,2,0,2,6,5,6,8,9,131482.0,1119,41116.0,10,9,78,76,14,58,63,33,4,5,8,4,8,3,10,2,4,1,5,10,5,8,8,5,4,9,10,7,7,9,0
0,21,19,3,5,0,5,4,3,6,17,12,59499.0,1299,36893.0,6,5,54,88,11,70,21,5,4,3,4,8,8,4,1,6,1,3,2,9,1,9,1,10,7,3,8,3,2,10,1
1,31,21,6,4,0,1,6,1,3,5,7,27648.0,1113,34325.0,3,1,18,8,22,80,84,5,4,9,5,3,9,2,8,4,3,9,8,4,8,4,3,1,6,8,7,6,3,7,0
0,25,20,3,3,1,2,4,3,4,4,8,143471.34999999998,1338,50793.0,10,8,13,18,56,47,37,33,6,1,3,4,3,10,8,8,10,8,2,6,6,7,3,10,5,9,6,7,9,9,0
0,26,22,4,6,0,6,6,7,6,5,8,111734.0,1116,22634.0,7,4,84,25,74,45,78,87,1,5,7,9,10,2,7,3,5,1,10,10,1,1,3,10,4,7,4,2,9,2,0
0,42,29,2,6,0,4,6,2,2,16,6,36338.0,1219,12502.4,6,3,17,18,44,45,53,84,3,2,6,2,9,3,3,4,9,8,4,3,4,1,8,10,8,3,9,4,1,3,0
1,36,42,4,4,1,2,1,7,6,15,10,26252.95,837,25344.0,1,4,26,8,21,49,5,70,6,2,9,4,5,2,6,4,9,3,9,8,3,2,8,4,8,5,8,10,6,6,0
0,20,29,6,1,0,7,4,6,3,17,5,94326.0,1411,13363.0,7,4,14,33,4,81,52,84,7,6,2,9,3,5,7,2,10,5,2,7,4,8,6,6,9,2,3,5,8,7,0
0,22,30,2,5,0,8,6,1,7,14,6,121768.0,1041,52039.0,5,7,65,80,7,22,5,35,1,2,1,2,5,9,2,3,9,3,9,7,10,2,5,4,4,6,2,3,10,7,0
0,38,41,3,3,1,10,5,4,7,5,7,108719.0,1053,17856.0,3,8,61,46,53,52,36,10,8,8,4,9,4,8,6,7,9,2,2,5,10,8,4,5,9,8,2,2,9,1,0
1,43,29,6,4,0,5,5,6,7,14,2,143471.34999999998,951,21253.0,7,4,4,48,74,12,60,9,7,6,1,3,3,2,8,8,4,8,5,3,5,8,9,1,10,5,7,4,3,5,0
1,35,42,3,6,0,4,5,5,1,1,4,93554.0,1559,53284.0,6,6,42,29,62,56,10,96,5,5,7,1,2,7,3,4,8,7,3,5,3,5,9,8,5,5,1,10,7,7,0
0,19,33,2,5,0,10,1,1,4,18,15,63107.0,1305,56371.0,9,2,4,80,37,43,85,32,4,8,5,10,4,7,2,2,3,1,10,4,8,3,10,3,9,4,6,8,5,9,0
1,25,30,3,3,1,7,1,4,4,18,13,65485.0,1443,15196.0,10,1,76,68,57,67,95,81,6,9,5,2,3,9,5,6,8,6,3,2,3,4,9,3,1,9,7,4,6,9,0
1,36,22,6,4,0,9,6,7,6,14,12,71589.0,852,44610.0,5,3,96,44,10,14,6,40,2,3,5,9,1,10,10,4,6,6,1,4,9,4,4,8,6,1,4,4,3,10,0
0,34,41,2,1,0,3,6,5,6,8,7,67387.0,1118,47172.0,9,3,45,9,51,90,30,11,1,3,1,10,3,7,6,9,10,6,8,4,3,4,2,5,10,2,8,1,4,7,1
0,34,21,6,5,0,10,6,3,2,6,8,51948.0,1057,45040.0,8,1,36,10,7,73,25,92,3,2,2,3,4,8,7,1,8,9,1,9,5,3,5,3,1,4,4,4,2,6,0
1,28,38,4,6,0,8,6,5,1,6,1,106343.0,1460,48618.0,3,7,91,95,61,51,5,96,1,7,6,2,10,2,8,8,7,2,10,8,3,10,9,6,8,9,8,4,4,5,1
0,19,32,6,5,0,9,5,4,6,6,12,64600.0,1288,38181.0,7,9,69,29,71,60,50,43,7,4,7,5,7,6,7,5,6,4,4,1,5,9,2,6,3,10,10,9,7,9,0
1,23,29,4,2,0,6,6,7,2,5,7,74006.0,1284,56009.0,1,1,34,16,56,11,57,27,9,7,1,2,1,9,2,10,10,7,7,10,6,1,5,3,1,5,1,10,1,3,0
1,39,36,3,5,0,3,6,1,2,1,9,52528.0,1470,54407.0,5,7,31,77,10,53,83,53,5,2,1,9,10,10,10,9,5,5,2,8,7,2,9,6,2,10,6,1,9,3,1
1,31,38,6,1,0,5,2,1,3,9,10,84119.0,923,27437.0,7,9,18,28,72,78,48,72,4,6,1,9,7,8,7,1,4,9,8,3,10,1,3,7,10,8,5,5,7,1,0
1,20,36,1,4,0,9,3,2,7,3,2,128106.0,1166,25996.0,4,5,35,4,52,7,46,29,6,3,3,4,2,9,8,3,3,2,3,4,2,4,5,2,4,7,3,5,1,3,0
1,29,38,5,1,0,9,6,4,3,5,13,30780.0,1186,49490.0,8,8,82,73,40,36,36,27,3,8,5,8,4,3,6,1,5,9,6,4,2,7,4,5,2,7,7,10,4,2,0
1,21,28,2,2,1,1,1,2,6,12,14,108239.0,1154,15501.0,10,5,29,39,9,95,38,94,1,5,2,5,4,9,6,2,5,9,4,6,2,3,6,7,9,7,8,9,2,6,0
0,29,38,6,6,1,3,3,4,4,1,17,132026.0,1367,17688.0,3,4,74,60,53,5,46,78,4,1,6,10,3,1,4,7,9,7,1,1,2,9,3,5,10,3,4,7,1,3,0
0,30,23,5,3,0,3,3,6,5,11,14,52961.0,1279,28730.0,1,8,82,4,78,30,62,7,1,6,2,1,5,4,4,1,8,6,4,8,1,6,9,1,3,9,2,10,5,3,0
1,19,26,1,3,0,5,4,4,6,3,13,26252.95,1121,56733.0,10,6,25,95,72,50,5,96,5,7,4,9,7,3,4,9,4,4,5,4,6,3,7,1,4,3,7,7,2,5,0
1,19,19,6,4,0,10,1,4,1,7,14,122809.0,1300,12502.4,3,2,52,55,47,49,29,38,5,10,4,9,7,5,10,7,2,9,7,4,9,1,7,8,10,1,2,9,6,8,1
1,32,29,1,3,0,9,1,3,5,6,2,74144.0,1541,56726.0,10,2,39,32,46,21,5,74,10,10,10,10,8,9,3,8,1,1,7,6,9,5,5,1,1,2,4,4,4,2,0
0,40,43,6,1,0,7,6,5,3,10,6,135552.0,979,57566.3,1,6,63,16,62,74,36,96,7,8,4,9,1,1,4,4,7,3,1,8,9,1,10,5,3,1,8,8,4,9,1
1,34,31,4,4,1,1,1,3,5,3,7,94999.0,1405,28684.0,8,6,46,93,89,75,6,21,10,10,10,6,8,5,5,8,6,1,8,9,1,7,3,7,4,3,10,1,10,4,0
0,24,23,3,4,0,7,2,4,3,17,5,109378.0,1288,55750.0,10,4,84,28,91,55,67,15,4,10,3,5,8,9,3,10,5,4,10,6,8,8,2,5,9,9,8,1,8,6,0
1,31,19,4,5,0,3,5,3,1,8,10,48839.0,1337,41599.0,10,5,23,43,59,46,83,63,2,7,5,3,6,8,9,9,9,8,9,5,1,7,9,10,6,1,4,7,7,1,0
1,29,39,4,5,0,6,1,2,2,1,12,114335.0,1469,41231.0,9,1,96,95,42,51,95,54,4,10,1,9,5,2,5,6,5,7,6,1,10,4,9,4,3,7,9,4,5,1,0
0,34,19,3,1,0,7,4,7,3,12,12,32515.0,1234,43566.0,4,3,36,19,91,59,46,73,2,4,10,8,9,1,2,1,4,10,8,6,1,6,3,4,3,9,6,10,3,6,0
0,31,41,5,3,0,10,5,2,7,2,13,111436.0,1391,46272.0,1,7,90,45,35,30,95,7,8,1,4,2,5,1,7,3,4,5,9,1,1,5,4,9,1,2,6,2,7,6,0
1,23,28,4,4,1,3,3,6,7,9,8,115076.0,1225,53491.0,5,7,32,34,17,96,81,94,5,5,8,2,7,2,8,6,2,1,2,7,6,10,2,3,4,7,4,2,4,3,0
1,36,20,4,4,1,10,5,4,2,16,2,109300.0,1559,27252.0,5,8,4,12,68,56,25,34,7,1,4,3,10,5,6,1,4,7,2,1,3,3,1,4,4,10,6,4,4,3,0
1,41,27,6,2,0,2,6,6,2,12,7,58940.0,1156,41763.0,4,1,96,14,36,15,40,77,5,4,6,7,8,5,5,3,3,7,8,8,8,6,5,1,9,8,8,4,1,10,0
0,23,23,4,4,1,7,5,1,5,15,16,33851.0,1385,41858.0,5,1,20,27,92,90,95,4,8,8,1,5,8,2,4,5,1,10,4,3,2,1,5,7,7,1,3,8,5,10,1
0,43,23,4,3,0,3,6,7,4,7,14,68906.0,1496,16706.0,9,3,31,4,4,67,95,84,9,1,2,5,2,2,7,1,8,7,2,8,6,3,1,10,3,4,8,5,8,3,0
0,35,37,5,2,0,7,4,6,5,2,2,103765.0,1030,46068.0,2,9,22,91,40,63,54,96,6,6,3,9,2,3,1,1,6,8,8,5,5,4,5,3,9,10,1,6,4,10,0
0,41,38,6,3,0,6,1,7,6,13,4,143471.34999999998,971,34727.0,2,1,88,21,4,46,70,73,10,8,5,1,9,5,8,10,1,10,1,5,2,8,4,6,4,10,8,9,5,5,0
0,22,19,3,6,0,10,6,1,1,13,2,136034.0,1342,48093.0,9,9,53,88,26,4,35,74,1,5,3,7,10,10,10,8,2,8,1,4,2,2,2,4,6,4,4,5,8,10,0
0,41,43,1,2,0,10,4,6,7,3,13,52984.0,1139,33090.0,7,4,10,92,87,79,44,37,10,10,8,3,4,9,3,4,10,5,3,3,6,4,1,1,6,6,6,9,8,10,1
1,41,43,3,1,0,7,2,6,6,1,6,32548.0,1125,43760.0,10,2,79,56,46,54,7,14,6,6,3,9,5,6,9,7,10,8,8,2,1,8,1,6,2,5,3,5,3,8,0
1,23,41,5,3,0,3,1,3,7,11,2,110594.0,1218,54449.0,5,1,58,29,96,34,91,76,9,8,10,10,6,6,8,4,8,4,1,1,3,6,5,9,2,9,7,3,9,10,0
0,19,27,1,6,0,3,4,6,2,15,2,131599.0,1356,46344.0,3,9,45,74,75,96,49,36,7,5,8,10,9,8,2,9,7,6,3,2,3,5,8,7,2,5,9,10,1,5,0
1,25,40,1,6,0,8,6,3,4,13,9,123113.0,837,22653.0,5,2,96,79,96,22,16,46,10,1,6,4,6,6,9,7,7,8,2,8,10,1,9,1,1,4,7,4,8,9,0
1,32,43,5,3,0,3,1,6,5,12,7,139768.0,1006,20215.0,4,4,96,30,77,31,34,26,4,5,8,9,5,2,5,4,2,6,5,1,9,2,2,4,4,6,5,3,2,7,0
0,32,23,2,3,0,10,3,3,6,6,4,91384.0,1367,57566.3,9,1,4,31,63,78,88,64,1,10,10,9,8,8,3,3,8,6,7,2,9,7,4,8,3,1,4,2,1,5,0
1,28,40,5,1,0,8,1,6,7,8,2,114134.0,849,55210.0,1,2,6,18,80,91,5,62,7,1,9,3,2,2,5,3,6,7,1,4,10,5,9,1,7,10,1,2,6,3,1
0,39,34,6,2,0,8,1,7,3,4,9,88194.0,1334,57566.3,3,1,92,84,96,69,95,69,8,2,3,3,2,9,9,10,3,8,10,7,1,8,2,3,9,6,6,7,1,4,1
0,39,31,5,4,0,10,4,6,4,15,7,69061.0,1559,31258.0,5,6,79,95,64,42,35,11,2,10,5,7,3,5,6,8,8,1,4,6,1,3,4,7,2,6,6,7,2,9,0
1,41,22,1,2,0,4,1,6,3,16,17,108200.0,1027,29846.0,10,4,35,93,66,58,20,64,8,7,9,8,7,9,6,2,10,4,4,1,6,10,7,9,7,3,8,5,4,7,0
0,19,40,1,2,0,8,5,3,2,9,7,128716.0,1447,17044.0,5,8,39,95,93,79,81,47,6,7,6,1,9,2,6,2,5,8,9,6,9,9,6,9,8,4,4,9,2,7,0
0,35,34,4,1,0,10,1,5,6,18,5,26252.95,1333,32384.0,4,2,76,15,42,22,5,49,2,3,2,6,1,3,8,6,6,8,9,3,3,3,1,6,10,1,5,1,2,8,0
0,29,19,1,6,0,3,3,2,1,3,4,29360.0,952,19642.0,7,1,69,13,14,52,58,63,4,3,10,9,2,6,4,10,9,7,1,7,10,2,2,5,3,2,8,1,3,3,0
0,29,26,4,4,1,7,3,1,3,7,17,70595.0,1441,17107.0,5,8,45,46,20,78,48,56,9,6,9,7,7,3,7,1,9,8,8,5,7,6,8,3,6,4,10,9,2,2,0
0,42,29,5,5,1,2,3,6,1,3,5,122641.0,1449,12502.4,9,7,96,95,93,57,39,49,6,10,1,6,1,6,5,5,6,3,2,2,4,1,3,7,8,8,10,2,3,7,0
0,28,36,5,6,0,2,6,6,1,1,13,129520.0,1559,57566.3,4,1,31,79,24,17,26,21,10,3,3,1,5,10,6,7,6,6,6,5,4,6,6,3,4,3,5,3,4,5,1
0,25,39,6,2,0,5,1,2,2,9,15,142173.0,1018,56028.0,4,7,87,35,95,50,79,32,8,9,9,7,4,4,8,5,7,9,8,3,10,1,7,8,7,2,6,3,3,10,0
0,24,24,5,6,0,5,2,6,5,10,15,40716.0,1519,12502.4,7,3,26,56,40,27,74,11,4,8,9,5,9,5,4,2,7,6,10,5,3,4,4,5,5,3,4,2,5,6,0
1,40,26,1,6,0,6,6,1,3,17,7,134624.0,1488,34151.0,1,6,78,86,4,61,41,58,8,1,4,3,8,10,6,10,10,4,9,10,7,1,6,6,5,2,1,10,8,5,1
1,38,38,2,6,0,6,1,5,4,13,14,45101.0,1029,54450.0,1,7,79,58,14,86,39,37,10,1,10,6,9,1,10,4,2,10,5,7,7,10,7,9,1,2,1,1,7,8,0
1,19,33,1,2,0,2,2,2,5,11,4,84972.0,864,22578.0,6,6,18,15,81,4,45,16,1,6,8,9,10,7,3,4,9,9,7,6,4,10,4,9,10,4,4,3,1,5,0
0,28,37,2,2,1,6,5,6,7,16,5,140266.0,1213,12502.4,6,5,27,47,90,11,84,64,9,10,6,9,7,3,5,4,9,10,2,3,2,1,9,8,6,6,7,3,8,1,0
0,39,28,3,4,0,2,5,7,4,13,17,143471.34999999998,889,36238.0,5,1,9,73,39,67,61,92,4,2,7,9,9,6,5,2,9,5,8,1,8,8,2,4,4,8,1,5,1,2,0
1,27,29,6,3,0,10,1,6,3,1,6,134837.0,1089,18037.0,4,3,74,71,96,32,15,49,2,3,2,6,4,7,2,10,7,4,4,1,7,8,5,2,1,10,2,2,9,7,0
1,20,32,6,3,0,4,1,7,4,16,14,134096.0,1307,15753.0,7,7,46,16,54,31,44,77,4,9,9,5,9,5,6,3,10,8,1,9,5,3,9,10,1,7,6,4,10,9,0
1,37,35,4,2,0,2,4,7,1,15,16,37595.0,1047,34870.0,3,2,82,17,26,73,66,96,7,2,9,1,7,2,1,3,6,7,2,4,1,8,6,10,6,9,4,9,7,6,0
0,27,36,1,6,0,8,5,6,4,12,9,127570.0,913,51126.0,1,1,21,5,40,60,66,69,1,5,8,3,6,5,10,7,1,5,6,10,6,1,1,10,4,8,6,8,7,10,0
1,43,33,1,4,0,7,3,5,2,18,16,106534.0,1430,57566.3,6,4,5,89,56,96,82,4,9,7,5,1,8,10,6,8,4,3,7,5,7,7,4,8,3,7,4,2,5,5,0
1,35,32,3,6,0,2,6,1,7,17,8,126490.0,1219,57566.3,10,9,96,86,20,72,16,88,8,6,5,3,3,6,2,5,4,1,2,3,5,4,9,7,7,2,8,5,3,4,0
0,31,22,5,2,0,9,5,3,4,12,8,139624.0,1045,38405.0,8,4,50,29,14,77,93,51,7,2,3,1,9,3,1,4,8,5,5,6,6,10,5,4,4,5,3,8,2,4,0
1,35,28,2,6,0,1,3,3,7,13,6,26252.95,1466,12502.4,6,6,83,73,26,63,89,10,2,9,10,9,7,10,8,1,9,2,5,5,3,8,7,8,3,2,4,3,10,7,0
0,41,32,4,3,0,8,3,1,2,6,11,78221.0,1125,34409.0,8,2,67,4,83,43,50,4,6,9,7,8,4,8,3,5,10,9,8,4,3,9,9,9,7,3,10,1,2,5,0
0,25,35,6,2,0,2,6,6,6,15,5,143471.34999999998,887,35884.0,6,3,12,89,77,53,45,9,5,1,9,4,6,9,10,6,8,2,1,10,7,5,7,7,4,2,2,3,6,7,0
0,27,30,5,4,0,10,5,4,4,2,1,143471.34999999998,1337,41203.0,7,2,50,46,71,6,63,64,8,6,10,7,4,3,4,5,2,10,9,5,6,8,4,6,4,6,2,7,5,3,0
1,39,21,3,3,1,4,3,4,2,2,11,111823.0,1372,20003.0,9,3,46,63,43,12,21,29,4,4,1,3,10,1,7,8,9,7,9,5,5,2,6,4,4,9,10,6,2,6,0
1,30,34,4,6,0,8,2,5,5,10,2,49137.0,1488,33462.0,5,2,38,74,90,62,63,5,6,9,4,10,2,10,2,2,8,6,8,7,2,4,2,4,7,4,3,4,5,5,0
0,38,21,4,5,0,5,1,4,7,12,5,119741.0,1344,41606.0,2,3,94,56,15,80,41,76,4,4,4,7,5,10,1,10,6,9,2,2,1,10,4,4,7,2,5,7,6,3,0
1,25,33,4,1,0,1,4,4,6,4,8,130375.0,1374,41961.0,3,5,4,70,78,44,21,4,10,6,10,4,5,4,3,7,9,9,5,4,6,8,10,5,6,8,5,1,2,9,0
1,21,40,1,3,0,5,5,1,6,5,11,31231.0,1007,29845.0,8,6,19,52,68,79,28,55,8,1,5,8,2,3,1,5,2,3,2,3,5,8,8,10,7,6,3,3,5,2,0
1,43,32,1,1,1,4,4,2,4,8,13,35253.0,1132,27029.0,7,3,94,65,57,71,95,77,10,4,7,6,8,10,1,7,1,10,5,7,8,5,4,6,1,2,4,5,8,9,0
1,21,31,3,5,0,2,5,3,5,11,7,57660.0,1414,12502.4,9,7,67,77,8,90,89,63,6,10,5,5,10,10,9,8,3,2,8,5,9,1,5,3,8,6,5,4,4,5,0
0,22,29,4,5,0,7,5,5,7,4,14,56896.0,1188,46134.0,8,5,40,61,76,50,5,92,9,3,9,4,4,8,1,4,4,1,3,10,5,7,6,2,1,8,5,10,6,4,0
1,19,20,6,2,0,7,1,1,7,14,16,77324.0,953,48542.0,9,6,45,50,44,8,10,53,6,6,10,4,6,5,6,5,6,7,2,9,6,4,6,10,4,3,1,2,7,3,0
0,34,27,1,1,1,1,1,5,7,10,2,99500.0,1364,29276.0,4,6,59,19,8,60,26,18,8,8,3,1,4,10,5,4,8,7,10,2,4,7,5,5,7,10,6,8,10,4,0
0,19,25,1,2,0,8,3,2,6,6,2,53318.0,1210,54745.0,1,1,87,49,64,56,76,89,7,7,9,7,10,1,10,2,2,4,1,4,5,2,4,6,5,6,4,8,1,10,1
1,25,23,1,6,0,8,1,4,2,7,3,30493.0,1280,49434.0,10,8,82,95,83,96,81,54,3,1,6,5,8,1,5,8,2,4,1,4,9,3,4,9,3,10,4,10,10,6,0
0,24,39,4,3,0,8,5,4,1,1,3,78205.0,1111,57430.0,7,1,41,52,41,80,55,92,10,1,10,6,7,10,5,3,10,3,7,2,2,1,9,1,3,7,10,6,10,1,0
1,32,31,6,3,0,7,3,5,4,12,6,62551.0,1155,49538.0,5,6,41,36,70,59,30,35,10,4,6,5,10,7,10,1,5,3,8,5,9,4,2,10,2,5,1,2,10,6,0
1,43,34,3,1,0,6,4,3,4,14,17,107796.0,1295,35056.0,1,4,62,84,32,57,22,36,5,6,1,6,1,1,8,4,5,3,8,10,9,4,10,2,5,2,7,5,3,8,0
0,42,38,3,3,1,9,5,3,4,10,9,32109.0,1379,20100.0,6,1,24,95,4,60,26,51,2,3,3,8,2,1,7,6,9,2,3,2,2,3,9,10,4,2,6,6,1,9,0
0,22,36,6,5,0,4,1,1,2,12,17,113818.0,1145,23701.0,4,6,67,32,78,42,7,61,8,10,2,9,1,8,1,10,1,1,2,10,1,8,3,2,4,7,1,9,8,7,0
0,19,33,5,1,0,9,5,4,6,7,7,104670.0,1165,56073.0,3,6,65,42,91,20,36,96,1,5,1,7,3,4,9,5,3,2,5,10,3,6,5,4,6,4,10,7,6,9,0
0,24,32,2,5,0,10,4,2,6,2,16,121928.0,1559,35044.0,4,1,4,66,72,81,5,79,5,3,7,2,10,2,2,5,5,7,4,7,7,7,8,8,10,10,7,4,4,8,0
1,25,43,2,3,0,9,5,5,2,8,3,129654.0,974,23218.0,9,4,9,4,89,85,60,71,10,3,6,6,2,8,9,3,6,8,3,3,10,6,1,9,4,3,5,9,7,2,0
1,24,32,2,6,0,1,2,5,2,17,1,85898.0,916,57566.3,9,6,9,50,22,51,84,47,4,4,6,2,10,10,5,1,9,1,6,9,6,5,1,8,2,2,5,5,10,10,0
1,24,19,1,2,0,10,3,3,4,1,5,133739.0,930,12502.4,7,3,20,32,93,18,23,14,1,9,7,1,5,8,6,3,7,2,10,2,5,6,6,10,2,3,2,7,1,5,0
0,31,41,3,4,0,1,1,4,1,5,10,26252.95,1088,12502.4,4,9,92,57,32,26,31,47,1,2,5,7,6,3,9,4,1,6,2,4,10,4,5,6,7,9,6,9,7,4,0
0,38,40,6,5,0,8,2,1,6,16,17,43479.0,1069,47882.0,8,8,46,85,84,36,82,96,4,3,6,5,7,9,10,4,7,9,6,10,4,8,8,3,2,2,4,3,3,5,0
0,35,40,4,5,0,6,1,5,1,18,12,74388.0,1167,51313.0,3,5,24,84,57,29,78,96,6,7,1,7,8,3,8,9,7,2,2,1,2,8,8,2,8,6,1,8,1,8,0
1,23,29,5,2,0,10,6,7,2,9,14,133856.0,1272,39810.0,9,1,18,69,52,84,18,91,7,4,2,2,4,8,10,10,1,7,3,5,4,8,5,1,10,6,8,4,6,3,0
0,21,27,1,1,1,9,5,5,4,4,11,90570.0,1077,23685.0,4,3,4,76,30,42,40,78,8,2,6,2,7,7,7,7,7,8,5,8,3,2,10,7,10,5,7,8,9,7,0
1,27,31,1,3,0,3,6,7,1,4,17,72909.0,1369,56158.0,9,1,82,53,25,26,67,28,5,7,2,1,1,9,9,6,4,7,3,3,7,2,4,4,2,3,5,10,7,1,1
0,35,27,4,4,1,7,6,3,7,15,13,76941.0,1126,24679.0,7,8,85,91,73,96,89,4,2,7,6,2,4,9,3,5,10,5,1,1,1,10,2,9,2,1,5,1,9,4,0
1,29,27,5,5,1,7,5,2,3,8,1,101828.0,1232,27507.0,9,8,26,63,52,70,95,67,7,9,8,5,1,7,6,3,9,8,10,9,6,7,10,2,7,4,8,7,1,6,0
1,33,37,3,4,0,8,5,5,3,9,15,53634.0,1335,42204.0,5,7,29,72,71,35,95,57,4,4,9,5,2,5,6,7,10,10,6,2,5,7,9,9,5,4,9,9,2,7,0
0,42,28,3,5,0,7,3,2,3,9,8,64757.0,1107,57566.3,5,1,89,39,24,6,76,45,7,2,8,1,1,10,8,8,1,9,9,5,1,1,3,1,7,5,3,10,6,5,0
0,24,39,6,4,0,7,1,6,2,5,16,43809.0,1196,29868.0,1,2,4,18,76,49,50,31,8,4,8,5,1,10,7,7,1,5,1,1,1,2,2,7,5,4,8,2,10,2,0
1,23,33,4,5,0,5,4,3,4,9,16,93341.0,1380,29656.0,6,2,33,16,40,32,47,58,2,10,10,1,5,2,2,2,7,5,10,10,4,10,1,6,10,9,3,3,9,10,0
1,22,26,4,5,0,4,3,4,3,17,15,85693.0,837,14671.0,8,7,88,22,71,13,30,73,7,9,5,6,1,3,7,5,4,3,2,2,7,7,10,9,5,5,2,6,6,4,0
0,20,32,3,6,0,5,3,7,4,3,11,85794.0,1148,22628.0,3,8,66,74,96,25,56,5,10,5,3,2,1,8,6,1,9,4,7,1,6,8,4,7,4,7,6,6,1,5,0
0,29,31,2,1,0,7,2,2,2,17,16,26252.95,1438,17847.0,6,6,57,23,48,73,5,29,7,5,3,6,9,8,6,8,3,2,5,5,10,6,8,2,5,6,8,1,5,10,0
1,32,36,4,3,0,6,4,6,1,11,9,123141.0,969,25681.0,1,1,95,95,72,18,13,96,8,8,8,10,10,2,5,8,6,1,1,7,3,7,1,1,2,4,10,3,8,4,1
0,27,26,4,5,0,5,5,1,5,8,2,52770.0,1213,36536.0,3,6,66,16,41,19,90,13,2,8,10,5,3,8,8,4,9,2,5,3,8,3,7,8,10,3,8,7,6,3,0
1,43,21,2,2,1,3,1,4,7,17,5,46433.0,1310,41226.0,9,5,4,8,6,80,28,24,1,8,1,5,6,8,6,1,2,7,7,8,5,2,6,7,10,8,9,10,3,10,0
1,37,38,2,2,1,10,5,2,4,13,15,93763.0,1302,26754.0,5,7,63,74,50,96,57,89,4,7,7,4,6,3,2,4,4,7,10,10,5,1,1,5,5,8,1,8,9,4,0
0,36,24,6,3,0,2,5,5,5,17,7,142060.0,1103,46001.0,3,1,54,7,54,89,95,4,5,8,3,10,1,5,6,6,1,2,2,3,10,6,2,5,7,6,3,2,5,8,0
0,33,39,1,4,0,1,3,7,4,16,6,90089.0,1187,12866.0,6,7,4,80,63,96,95,92,9,7,3,8,5,7,4,9,7,4,5,1,8,9,10,1,6,1,5,9,7,9,0
0,28,43,2,5,0,10,3,7,6,18,17,64409.0,1424,31079.0,6,8,50,56,24,54,61,21,1,10,5,7,4,7,5,7,1,1,3,7,8,1,9,3,9,4,7,5,3,3,0
0,25,25,5,4,0,1,1,5,7,8,9,26298.0,1452,20736.0,9,6,73,48,34,96,85,59,5,2,4,3,7,8,4,9,7,6,2,9,10,4,2,4,3,9,10,5,7,4,0
0,20,41,5,3,0,1,3,6,7,6,12,80711.0,1311,12502.4,5,5,4,4,17,53,55,17,4,7,3,7,5,5,10,5,2,3,3,3,1,9,3,3,8,6,6,2,5,3,0
1,40,25,3,1,0,9,6,3,1,10,6,29529.0,855,31155.0,4,1,41,86,71,93,54,58,8,9,5,6,9,1,3,8,3,2,1,2,9,8,4,7,4,2,7,6,3,8,0
1,24,36,1,2,0,4,2,4,6,4,10,91626.0,876,40414.0,2,3,4,22,60,62,74,23,3,10,1,5,5,9,4,3,3,5,7,8,9,9,9,8,2,2,10,10,5,5,0
0,40,32,1,3,0,8,3,6,4,11,14,59740.0,1198,18186.0,9,2,70,4,13,15,82,24,2,7,3,7,1,9,8,4,1,9,6,10,4,5,3,6,1,10,2,2,9,7,0
0,24,33,1,1,1,4,4,4,5,15,3,139278.0,1011,13889.0,9,6,41,37,73,54,11,33,8,7,5,5,5,4,4,5,3,3,9,8,10,7,10,2,9,7,6,9,10,8,0
0,31,43,1,5,0,3,4,4,3,7,6,35737.0,1542,36043.0,1,3,11,92,4,64,48,35,3,1,1,6,10,3,6,8,4,3,3,4,2,8,6,3,3,9,7,2,8,1,1
1,19,39,6,6,1,2,1,6,2,10,12,118467.0,993,28216.0,9,3,40,25,17,4,44,12,8,8,5,4,2,8,8,3,8,4,9,6,1,6,2,8,4,7,5,10,1,2,0
0,27,40,1,4,0,7,5,6,5,5,9,70956.0,1443,13855.0,2,6,32,95,4,94,45,75,6,7,7,5,9,1,3,8,8,2,5,5,5,4,1,3,2,4,6,5,9,7,0
0,36,26,3,5,0,6,1,4,6,3,5,51420.0,1011,30500.0,2,7,44,92,90,24,87,72,6,4,3,8,7,6,3,10,1,4,8,3,2,4,8,8,5,2,4,8,4,9,0
1,43,43,3,2,0,3,1,5,3,5,16,101117.0,1186,33769.0,5,8,27,22,76,28,95,88,6,5,9,2,10,3,8,6,6,1,3,9,6,7,3,8,10,10,9,6,2,7,0
1,26,43,1,6,0,4,4,6,2,6,3,48555.0,1420,21470.0,1,6,96,70,64,72,54,20,9,1,4,1,5,4,9,4,5,9,5,5,4,8,10,8,8,3,7,6,4,3,0
0,33,29,4,6,0,8,2,7,5,16,7,74915.0,945,55999.0,9,7,49,95,4,25,89,65,6,4,4,6,5,8,4,10,10,9,1,10,5,8,2,2,3,10,3,8,9,10,0
0,36,33,6,6,1,3,5,1,5,5,6,64805.0,1558,12502.4,8,7,7,69,60,26,87,78,6,2,2,8,3,1,3,3,8,3,6,5,2,7,6,4,6,2,8,9,6,3,0
0,35,21,6,4,0,5,3,1,5,8,10,118727.0,1178,25320.0,6,2,46,38,12,55,67,39,4,6,9,8,1,3,4,6,1,3,6,2,6,9,3,6,7,6,10,2,6,6,0
1,26,22,2,3,0,2,5,6,4,3,4,103842.0,1550,23279.0,5,9,32,88,22,70,91,74,7,8,5,5,1,8,3,1,8,8,8,7,3,3,9,1,7,1,6,3,7,8,1
0,33,25,5,6,0,5,3,1,1,6,14,48321.0,1055,18140.0,8,4,91,86,22,89,28,82,1,5,2,10,5,1,2,2,7,10,8,1,2,4,8,2,8,5,10,1,9,7,1
0,30,19,3,5,0,5,1,4,3,18,5,132642.0,1448,30112.0,4,5,70,90,95,56,91,4,7,5,2,1,6,2,3,6,7,3,1,4,6,7,6,5,5,5,7,4,2,5,0
0,27,23,5,5,1,1,4,2,1,17,17,138403.0,1041,51404.0,5,1,93,83,42,17,60,86,6,10,7,6,6,2,10,2,6,8,3,1,4,1,2,7,4,1,6,4,10,9,1
1,42,32,5,2,0,7,1,3,7,16,8,26252.95,837,31007.0,7,9,75,73,22,73,71,83,1,5,6,1,5,4,6,2,2,6,8,5,1,5,1,9,4,5,5,9,2,5,0
1,37,21,2,1,0,3,6,3,1,14,5,100070.0,1361,14080.0,2,4,71,90,72,91,65,80,1,9,4,9,1,2,1,1,1,6,6,1,4,7,10,6,8,2,3,10,8,10,1
0,31,38,1,5,0,10,6,7,2,11,6,81201.0,1412,17310.0,9,9,22,71,90,79,70,29,10,8,6,6,6,4,4,7,1,8,7,9,1,5,6,9,3,10,9,5,4,2,0
0,29,28,6,2,0,2,6,6,6,2,1,35086.0,1456,12502.4,6,8,71,31,4,42,14,5,8,2,3,7,3,7,8,9,3,6,4,3,5,2,8,9,3,2,10,9,4,3,0
1,42,22,4,3,0,5,3,7,5,8,10,50790.0,1370,55280.0,5,3,37,35,32,67,53,70,5,1,3,2,10,8,8,5,8,2,4,4,10,10,7,8,9,10,7,9,1,3,0
1,36,35,6,5,0,2,6,1,4,1,2,69939.0,1164,47081.0,9,3,71,17,62,36,90,87,7,1,4,5,3,6,3,9,1,6,10,4,1,8,4,9,3,1,4,3,10,6,0
1,24,41,1,5,0,2,4,6,3,4,7,68612.0,1259,53898.0,8,1,11,62,55,59,38,22,5,10,2,5,10,1,6,10,8,7,9,8,10,7,2,10,1,6,9,10,9,10,0
1,40,32,3,5,0,7,3,3,2,18,13,80846.0,1559,16366.0,9,1,33,78,57,67,17,69,8,1,6,6,8,4,1,5,10,1,1,5,9,6,1,7,6,1,1,4,10,5,0
1,32,35,2,3,0,1,4,6,4,15,1,109593.0,838,18119.0,7,2,7,59,43,82,62,96,10,2,1,9,2,10,10,4,3,2,10,4,9,4,1,9,1,4,5,9,10,8,1
1,33,37,4,4,1,1,6,4,3,14,17,135169.0,1321,30411.0,8,9,92,92,59,96,73,63,9,5,7,10,3,9,3,10,9,9,9,5,6,7,9,5,9,8,5,10,3,9,1
1,43,30,2,4,0,4,1,7,7,6,4,135312.0,1550,48515.0,6,9,31,59,47,96,71,64,10,5,6,3,2,5,4,3,6,5,7,4,1,5,5,10,8,5,3,5,10,1,0
1,25,22,5,3,0,2,2,7,1,13,8,39981.0,1127,13377.0,9,2,9,47,96,6,22,6,6,9,4,5,1,4,3,3,7,3,5,10,10,4,9,2,8,4,10,6,8,9,0
1,27,19,4,5,0,9,5,1,5,16,10,76772.0,837,22440.0,5,9,35,53,46,11,58,36,2,10,3,1,7,1,8,4,3,8,6,2,10,4,2,9,6,8,8,4,6,5,1
0,21,39,5,2,0,5,5,4,5,6,5,40588.0,1434,53211.0,10,3,30,4,71,60,53,28,7,7,1,1,1,5,4,6,4,2,1,7,9,7,10,3,8,3,4,7,5,4,0
0,36,35,4,1,0,2,1,6,1,6,5,48035.0,1344,29190.0,9,1,72,95,37,96,29,37,2,4,7,10,2,3,10,5,5,5,6,2,2,4,4,1,9,10,1,1,7,8,0
0,36,31,4,2,0,10,4,6,4,11,13,135089.0,1559,28069.0,4,4,80,8,96,43,10,96,8,6,3,9,3,5,10,3,6,6,3,10,1,5,10,2,8,5,1,7,5,2,1
1,38,22,3,6,0,4,1,6,7,1,6,104354.0,1382,19022.0,9,2,83,34,88,74,26,20,3,2,1,9,8,8,6,3,3,10,2,5,9,2,2,8,9,5,4,8,8,3,0
0,43,23,2,3,0,6,4,7,1,16,6,26252.95,1330,55509.0,2,3,52,41,37,82,61,96,7,1,10,2,10,1,7,5,10,5,7,5,8,1,3,3,8,10,3,5,6,7,0
1,32,43,5,5,1,9,3,1,6,3,12,77974.0,1121,17105.0,2,3,5,8,8,69,81,88,7,4,6,1,10,3,9,8,10,7,3,10,1,10,5,4,9,2,5,6,3,10,0
1,31,41,6,2,0,7,1,7,2,7,5,31593.0,1366,18858.0,2,3,96,22,84,59,7,96,5,2,2,2,10,10,2,1,3,1,1,1,1,10,10,1,8,1,4,8,2,5,0
0,19,42,1,6,0,6,2,4,3,15,5,118885.0,877,55058.0,10,1,61,14,94,19,68,36,5,4,7,6,1,4,8,7,10,9,1,8,9,4,10,2,7,5,7,7,4,5,0
1,33,33,3,4,0,2,1,3,7,4,1,100335.0,1337,51045.0,9,2,91,49,89,75,61,66,8,10,8,9,3,4,7,9,6,8,7,5,4,4,2,1,2,4,4,9,7,1,0
0,27,39,1,5,0,10,3,2,6,12,8,96215.0,1464,42533.0,10,4,78,95,67,4,22,6,1,2,6,6,3,4,8,4,1,1,1,2,1,8,5,3,8,9,10,4,7,5,0
0,36,38,5,1,0,7,2,3,5,17,8,118783.0,1362,26692.0,10,7,44,41,96,71,51,69,7,4,10,7,1,7,1,2,1,2,4,9,4,8,8,1,2,7,3,1,9,7,0
0,39,29,1,5,0,9,5,6,6,1,1,131331.0,1384,16352.0,2,5,95,54,91,79,29,85,10,1,10,9,2,10,5,6,5,8,1,7,7,4,3,6,9,6,2,10,7,3,0
1,20,37,6,1,0,4,3,1,6,2,10,143471.34999999998,1503,49928.0,6,7,19,24,75,69,26,61,6,5,5,3,7,4,5,2,7,4,2,2,5,9,6,10,6,6,6,9,6,7,0
0,22,35,4,2,0,5,6,4,1,2,10,26252.95,1052,54949.0,8,3,92,71,8,18,13,23,7,1,4,9,1,9,3,8,5,3,8,8,7,8,9,10,4,5,7,5,5,9,1
1,26,19,2,3,0,6,3,3,6,6,17,134901.0,1327,55286.0,3,6,96,87,89,31,78,23,3,9,5,7,8,5,4,8,6,2,5,2,2,2,1,2,5,8,8,9,2,10,0
0,35,40,2,3,0,6,4,5,1,17,4,137672.0,1544,38028.0,1,3,22,84,73,38,83,42,9,5,5,2,1,9,8,1,10,5,9,10,6,6,3,1,1,3,10,8,4,4,0
0,28,38,3,3,1,2,6,2,7,5,5,36925.0,1138,57566.3,5,5,10,69,90,96,86,4,1,1,4,5,2,8,7,7,7,6,7,1,4,3,7,9,2,1,4,9,2,4,0
0,33,40,5,5,1,9,6,7,6,10,12,26252.95,1142,37143.0,8,4,33,56,53,58,91,63,10,4,7,10,5,8,8,6,9,8,3,8,6,5,8,2,4,3,2,5,5,6,0
1,19,30,1,6,0,9,4,6,6,13,5,50331.0,947,20551.0,10,7,4,14,89,44,95,56,8,1,6,8,8,8,2,8,3,8,8,5,3,10,9,3,4,7,7,3,7,2,0
1,29,43,1,5,0,7,1,5,5,9,16,143471.34999999998,1559,32056.0,7,3,37,87,39,35,86,70,9,8,5,6,4,3,6,10,1,7,8,2,1,8,3,8,2,9,3,1,2,2,0
1,39,34,1,2,0,2,6,2,5,12,17,120041.0,904,56111.0,3,3,82,73,88,42,49,43,1,5,1,6,10,9,7,3,10,1,8,2,8,8,5,8,5,4,1,6,2,4,0
0,23,34,4,5,0,4,1,2,7,17,15,64946.0,1027,16670.0,9,7,27,54,36,86,13,84,2,8,7,8,5,9,5,2,6,4,4,2,2,10,3,5,9,9,2,5,9,10,0
0,28,33,6,3,0,1,1,5,5,2,15,54845.0,865,41138.0,2,2,82,49,69,96,50,32,9,9,4,2,3,9,8,3,9,6,10,1,5,5,3,5,10,3,3,4,7,9,1
1,43,38,5,2,0,10,3,6,2,18,13,143471.34999999998,1247,15008.0,6,6,73,72,8,48,92,41,5,9,1,1,9,2,1,5,2,3,6,9,5,8,10,2,10,8,9,6,9,2,1
1,25,35,5,3,0,5,3,4,7,16,13,124028.0,985,39094.0,1,3,88,4,73,42,7,45,1,1,1,8,6,6,9,9,7,2,8,2,8,6,10,5,2,8,9,10,10,4,0
1,29,25,4,4,1,10,3,3,3,12,12,88682.0,1030,57473.0,1,3,37,81,17,26,69,32,4,9,6,8,4,6,2,4,4,10,1,6,9,4,10,4,3,7,1,8,1,9,0
1,43,20,5,1,0,1,3,1,6,2,16,42309.0,1250,17400.0,8,2,53,82,77,32,19,19,1,4,10,7,6,9,6,5,2,4,10,6,1,7,6,4,1,5,8,10,5,10,0
1,19,34,2,1,0,1,2,2,7,10,6,28259.0,1376,26881.0,8,5,92,95,80,26,6,96,3,6,5,3,10,3,9,6,8,8,1,9,4,1,7,10,10,2,8,8,3,9,0
1,26,35,1,2,0,9,2,6,1,11,11,94863.0,947,34400.0,6,9,16,78,62,77,46,41,4,9,7,6,9,2,8,6,10,4,3,3,4,10,6,10,1,2,7,7,10,1,0
0,32,43,4,5,0,10,5,1,5,15,9,49475.0,1098,23202.0,5,2,4,70,73,41,5,30,2,8,10,5,6,7,3,9,10,9,8,10,9,5,7,6,1,7,5,4,1,10,0
1,19,43,4,2,0,6,3,6,6,11,14,37970.0,914,12502.4,2,8,54,9,23,4,49,61,4,8,3,7,9,2,10,2,3,5,1,1,2,10,9,7,1,10,5,2,6,2,0
0,19,40,1,5,0,3,1,6,3,7,9,62921.0,1325,46649.0,10,6,31,21,41,27,14,83,10,9,7,10,8,5,10,1,10,7,6,9,10,2,8,5,10,5,9,7,1,6,0
0,27,23,2,2,1,8,1,6,2,9,7,109190.0,1046,43254.0,5,1,79,4,15,33,34,12,5,7,1,8,9,5,3,9,3,7,6,8,4,2,3,4,3,7,6,9,4,8,0
1,19,25,1,5,0,9,5,3,2,8,10,106270.0,1559,26254.0,8,3,4,89,96,39,34,4,3,8,1,1,7,2,3,7,6,10,2,2,10,3,6,1,5,7,3,6,4,4,0
1,29,40,5,1,0,4,4,1,3,18,15,98786.0,903,17223.0,6,1,16,64,96,65,72,45,5,2,7,1,8,10,9,4,8,5,5,5,7,3,9,7,1,2,6,10,6,10,0
0,40,43,1,1,1,3,1,1,1,15,16,100270.0,1083,12851.0,10,7,72,70,58,14,28,60,1,9,8,2,2,5,10,9,2,5,5,7,4,6,3,2,5,4,3,9,2,7,0
1,25,30,4,6,0,4,2,5,1,12,2,47405.0,1170,41884.0,5,5,25,22,4,35,17,88,7,7,9,8,3,4,9,2,6,4,1,2,8,4,2,8,3,2,5,1,1,8,0
1,22,25,3,1,0,5,1,3,6,9,11,143471.34999999998,1523,48938.0,7,2,50,95,86,34,24,30,10,4,9,2,6,6,9,4,3,10,7,5,4,2,3,5,3,10,5,9,9,10,0
0,39,36,1,3,0,1,6,5,4,11,16,128233.0,967,20178.0,6,7,4,52,50,5,5,75,9,9,10,8,4,1,10,3,3,1,5,4,8,8,10,10,1,8,4,3,3,5,0
0,19,23,2,6,0,6,4,2,5,11,13,117955.0,1264,29464.0,3,4,88,25,20,96,16,77,2,1,10,9,4,10,3,9,5,3,10,3,5,8,5,6,5,1,2,2,4,9,0
0,32,40,1,2,0,2,1,5,6,13,5,112260.0,1508,47334.0,5,7,30,43,36,36,79,24,1,10,2,7,2,5,1,4,4,6,7,3,8,4,5,1,1,8,1,2,7,6,1
1,23,32,4,6,0,4,4,1,4,3,17,40790.0,1196,16920.0,4,4,57,51,62,96,43,15,1,2,2,3,3,7,7,7,8,2,9,7,8,7,5,2,2,3,6,4,8,3,0
0,29,27,1,1,1,10,6,7,1,15,9,53431.0,1003,13453.0,5,1,77,95,70,96,14,33,3,9,6,5,8,10,4,5,7,5,7,10,1,1,7,8,2,6,4,10,4,6,0
1,25,43,1,6,0,1,4,4,1,8,11,101503.0,1142,36168.0,6,8,88,43,10,10,91,13,10,6,1,3,3,10,9,10,9,1,10,4,7,6,10,8,5,6,7,7,3,5,0
0,30,34,1,2,0,5,1,6,3,6,11,109243.0,1253,18696.0,8,5,18,76,33,38,8,88,10,9,7,5,5,5,9,9,9,4,10,3,2,4,3,2,7,4,1,2,4,10,0
0,36,19,5,5,1,9,3,2,6,5,15,26344.0,1386,19963.0,1,7,51,71,5,46,78,94,2,7,4,8,10,4,5,2,9,8,3,2,6,6,6,9,2,3,5,7,1,4,1
0,43,24,4,2,0,8,5,7,7,12,16,26252.95,1146,48036.0,5,3,87,87,78,4,55,52,5,6,2,8,10,9,2,4,10,7,6,10,5,8,8,5,4,1,3,3,8,6,0
1,19,43,3,2,0,4,1,2,6,2,7,110735.0,1333,20117.0,10,3,72,14,11,9,75,55,9,4,7,6,2,4,8,4,7,8,1,5,9,6,1,8,8,6,4,5,5,9,0
1,28,30,3,6,0,6,6,5,3,9,14,77224.0,1559,12502.4,8,2,96,92,38,38,22,56,8,9,5,8,4,3,3,4,6,7,3,9,8,2,7,1,2,3,3,8,5,4,0
0,37,20,6,6,1,1,5,7,1,8,2,100585.0,1559,18279.0,7,7,22,15,54,59,14,96,3,7,5,5,6,7,4,2,1,6,9,6,4,8,3,3,1,8,5,3,4,8,0
0,19,36,1,4,0,7,1,1,6,16,5,75789.0,1104,40781.0,3,4,4,42,31,61,38,24,6,7,6,5,2,8,5,2,1,10,5,10,10,8,3,4,3,5,5,10,7,7,0
0,25,32,6,6,1,9,3,5,3,14,10,142201.0,916,20776.0,8,6,5,29,35,17,95,56,10,1,7,5,5,2,10,5,2,2,10,8,10,5,3,8,5,3,10,9,2,8,0
1,22,22,6,1,0,7,6,3,5,9,17,57786.0,1559,51623.0,8,9,81,85,5,63,66,93,1,1,3,10,8,1,8,5,2,6,6,9,1,10,4,7,1,8,3,5,6,4,0
0,34,28,4,5,0,9,1,6,5,10,5,138338.0,1430,50061.0,5,4,89,18,12,7,5,68,5,10,1,9,4,9,8,2,8,1,6,6,1,5,7,2,9,9,6,7,6,9,0
1,25,39,2,2,1,2,1,1,2,2,6,75643.0,986,14020.0,6,8,77,26,76,25,83,41,8,4,2,4,1,6,2,5,7,5,10,1,4,6,8,3,8,1,9,1,9,8,0
0,42,35,5,3,0,10,3,4,7,13,8,77717.0,1456,43773.0,5,5,77,20,9,74,8,13,10,5,9,7,1,6,8,1,10,8,8,8,6,10,3,9,5,9,3,10,8,9,0
0,27,20,4,1,0,7,1,4,7,10,11,82794.0,1490,39122.0,7,7,51,13,19,15,48,16,7,5,3,6,2,5,2,1,6,10,4,2,4,3,1,7,7,4,4,9,5,7,1
0,19,23,5,2,0,6,6,5,6,17,6,143471.34999999998,1559,33696.0,4,6,51,29,83,96,55,96,4,3,9,2,2,7,3,2,5,9,4,3,1,10,3,3,4,4,3,4,2,7,0
0,26,20,5,2,0,1,6,4,4,9,10,54291.0,1517,20157.0,4,9,59,88,5,6,5,77,2,2,8,9,9,5,2,8,10,2,10,7,3,8,7,2,4,6,7,5,6,10,0
0,41,22,5,2,0,2,2,7,1,8,8,125874.0,1012,45163.0,1,4,28,20,74,78,71,5,3,10,4,9,6,1,9,4,2,1,9,8,7,1,6,6,7,6,4,7,4,3,0
0,40,26,6,1,0,2,3,1,6,9,12,57023.0,1258,55453.0,3,5,73,66,13,38,61,50,7,2,6,2,6,2,9,3,6,7,9,10,9,6,8,7,3,2,3,6,3,3,0
1,20,36,5,1,0,7,1,1,5,3,16,46745.0,1430,37673.0,3,3,70,31,5,76,66,96,5,9,8,3,10,9,6,1,10,5,7,8,1,10,8,9,6,2,10,1,9,9,1
0,35,43,3,5,0,2,3,5,7,10,15,38454.0,1546,51680.0,5,9,85,4,29,20,19,64,10,5,9,2,2,3,8,1,5,8,4,9,5,6,9,3,9,6,1,1,5,2,0
1,24,30,5,3,0,9,6,2,3,7,6,96100.0,845,34406.0,3,9,16,26,82,14,15,48,4,6,9,8,10,3,3,3,7,5,4,3,7,8,10,2,8,6,10,3,2,5,0
0,32,23,3,4,0,10,5,1,5,10,13,26252.95,837,19514.0,3,6,8,6,82,30,78,48,2,2,10,5,1,5,6,9,10,8,6,10,3,7,4,8,5,3,7,4,9,3,0
0,38,28,1,3,0,6,4,2,3,11,9,50142.0,1102,53246.0,1,8,42,43,41,86,79,50,10,6,9,9,9,3,5,3,10,2,7,2,5,9,4,1,9,7,10,8,5,5,0
1,39,38,3,5,0,5,2,7,6,10,7,85625.0,994,44267.0,4,9,66,7,30,72,36,59,7,3,10,9,1,9,5,8,4,9,4,7,1,4,1,9,1,2,10,4,2,1,0
0,37,38,4,2,0,9,2,1,1,11,4,26252.95,850,34570.0,4,7,24,5,67,49,44,56,6,4,4,5,5,5,5,4,1,8,2,5,3,8,9,5,4,3,8,7,3,10,1
1,35,43,2,2,1,3,6,4,6,8,11,59550.0,837,17836.0,1,7,6,55,55,19,15,24,3,5,1,1,4,6,10,4,2,6,9,1,8,6,1,3,8,5,7,2,3,2,0
1,42,31,4,6,0,7,1,2,4,2,3,116388.0,837,57566.3,8,9,24,4,16,4,25,4,6,8,6,7,8,8,4,7,4,1,5,6,10,1,8,2,1,2,6,5,7,3,0
0,20,23,6,4,0,4,4,5,1,9,4,136733.0,907,30274.0,10,4,25,86,89,96,39,77,4,1,5,5,7,10,5,5,8,1,2,7,3,1,9,3,2,10,4,7,7,5,0
1,40,23,4,3,0,3,3,3,5,10,13,60351.0,1326,40959.0,6,8,11,42,82,45,87,22,2,1,2,2,6,10,3,8,10,8,9,5,3,9,8,8,8,4,7,10,9,10,0
1,31,34,5,1,0,8,5,7,1,18,17,129865.0,1511,45158.0,9,3,10,95,60,64,95,19,8,6,4,10,9,4,8,2,6,4,8,1,1,3,10,9,5,5,9,2,7,9,0
0,41,28,2,4,0,9,2,2,6,10,17,26252.95,1409,32747.0,8,4,7,35,90,23,14,83,9,2,10,4,2,2,6,6,10,6,7,1,3,4,2,7,4,1,4,4,1,1,0
1,19,32,4,2,0,6,6,1,3,16,8,26433.0,1081,54250.0,1,6,93,80,30,94,49,94,5,6,5,1,6,5,8,4,10,10,6,9,3,3,10,3,7,5,2,8,1,2,0
0,31,26,4,1,0,3,5,3,1,11,3,39439.0,1500,56813.0,1,3,87,71,22,42,57,59,2,4,3,9,10,7,5,4,6,10,1,8,1,2,3,2,6,7,1,4,5,7,0
0,39,38,4,1,0,10,2,6,3,16,8,130724.0,1091,37858.0,1,8,88,4,4,14,20,38,5,9,4,5,2,9,1,8,9,3,4,2,9,9,7,5,3,4,6,9,5,10,0
0,28,34,1,5,0,5,6,3,3,15,3,65204.0,1414,29851.0,1,9,41,55,29,25,12,31,10,8,8,9,6,9,3,7,5,1,1,8,10,4,2,8,6,5,1,7,4,8,0
0,33,41,2,4,0,10,4,5,7,1,13,63315.0,1559,20093.0,2,5,30,71,40,95,44,96,8,3,1,6,3,2,9,6,6,8,1,7,9,2,3,2,6,5,3,3,3,6,0
1,25,24,4,1,0,5,3,7,4,12,6,40032.0,1559,29002.0,10,4,52,93,30,77,89,9,6,5,3,2,7,6,6,4,4,8,8,7,9,4,10,2,3,5,1,5,2,6,0
0,24,24,2,4,0,3,4,7,5,13,1,92141.0,1285,45909.0,3,5,76,76,54,29,15,89,9,4,9,7,6,4,1,2,7,9,1,5,10,9,6,6,7,6,4,8,9,7,0
0,28,38,4,1,0,2,2,4,5,18,10,64508.0,1130,43930.0,10,3,21,77,15,27,34,82,9,7,3,5,1,5,3,9,6,5,9,2,10,5,6,1,9,5,5,8,1,7,1
1,20,19,6,2,0,7,3,4,3,3,6,124377.0,1091,49062.0,3,5,77,77,88,42,58,8,3,6,9,8,7,10,10,3,9,9,6,10,6,9,10,10,3,1,4,4,8,10,0
0,34,42,5,4,0,7,1,2,6,5,9,83110.0,878,16574.0,8,7,89,88,74,4,54,21,3,3,2,1,2,8,2,7,5,7,4,6,4,7,8,7,10,5,3,4,8,10,0
0,31,43,3,3,1,3,5,7,2,7,11,124739.0,1009,57505.0,3,1,15,73,11,8,34,76,6,3,1,7,10,1,4,1,10,3,10,7,5,9,8,1,1,8,10,5,4,8,1
1,23,42,3,3,1,9,2,1,2,6,17,38515.0,960,39905.0,2,6,87,68,64,62,5,75,1,6,10,6,1,6,8,5,3,3,9,6,4,1,7,4,1,5,7,7,8,4,0
1,25,25,6,2,0,3,5,1,2,11,4,143471.34999999998,837,16972.0,5,3,66,4,35,96,87,13,6,5,1,5,5,2,2,5,10,1,1,8,10,2,4,4,6,9,8,8,4,10,1
1,39,22,3,3,1,8,1,6,5,9,13,106713.0,1206,33488.0,4,2,73,65,6,66,95,15,7,7,9,5,8,3,6,5,2,2,9,2,5,8,7,7,1,8,4,8,5,7,1
1,22,36,3,2,0,5,6,3,6,11,5,44492.0,1106,33504.0,6,5,4,46,54,50,95,93,1,8,9,1,7,6,3,4,6,4,2,4,9,8,1,8,8,3,2,2,7,10,0
1,43,25,2,1,0,10,6,4,7,16,17,143471.34999999998,1165,16513.0,2,6,29,88,20,33,92,96,2,6,9,9,8,2,6,10,10,3,9,8,5,4,9,2,1,3,5,1,8,9,1
1,25,34,3,3,1,8,3,1,2,13,10,37533.0,977,27109.0,6,2,75,46,89,26,45,49,10,3,6,5,1,7,1,10,5,2,6,3,10,4,10,6,10,4,9,10,8,2,0
1,19,36,4,1,0,9,4,2,3,16,4,43844.0,1559,50262.0,5,3,51,24,10,85,5,95,8,2,9,9,7,10,6,6,8,2,9,8,6,6,1,8,6,7,6,9,1,1,1
0,32,29,5,1,0,4,6,7,3,7,5,137806.0,1001,56039.0,7,9,64,5,15,50,36,65,8,5,3,6,3,5,7,3,6,5,3,6,9,4,4,10,1,8,6,3,9,4,0
1,29,43,1,1,1,8,1,7,1,14,9,137637.0,1559,49923.0,9,7,96,37,68,79,52,24,1,2,4,1,5,6,1,10,9,7,4,5,2,5,7,1,8,1,3,5,5,8,1
1,34,40,2,5,0,5,6,5,1,2,4,54113.0,1001,57566.3,1,5,76,49,96,85,5,84,10,2,10,7,3,3,10,1,5,9,8,1,6,10,5,5,10,1,4,3,10,8,0
1,19,32,2,4,0,8,2,5,7,8,7,37079.0,1185,21034.0,9,8,59,74,79,44,17,46,2,6,9,4,7,10,9,7,3,5,2,1,10,5,4,5,3,8,7,9,6,6,0
0,32,21,5,2,0,7,3,4,7,5,5,43191.0,1496,30626.0,1,9,56,73,96,8,5,81,3,2,7,5,4,7,5,6,7,5,3,8,3,4,3,6,5,5,10,4,3,2,1
0,31,40,1,5,0,10,6,1,3,3,2,116508.0,1394,12502.4,2,7,17,58,63,81,23,15,6,4,6,1,1,9,9,9,6,8,9,5,8,3,1,7,8,5,6,7,7,4,1
1,37,29,5,2,0,10,6,1,3,13,3,132232.0,837,21492.0,3,2,40,55,96,15,85,59,4,9,2,8,8,4,1,10,10,4,3,1,10,9,3,8,9,3,3,8,7,1,1
1,39,43,1,1,1,5,4,4,2,16,14,94530.0,1276,39634.0,10,3,4,60,50,45,22,50,8,1,3,7,5,6,1,6,9,6,3,8,8,2,7,5,2,4,10,2,2,5,0
1,33,30,3,3,1,2,6,5,6,6,16,143042.0,1375,32986.0,7,5,47,67,11,16,8,13,10,10,5,8,10,7,10,9,5,9,8,2,4,4,2,1,7,8,10,1,9,10,0
0,26,31,3,5,0,1,5,1,5,12,2,143471.34999999998,1091,51569.0,3,2,43,40,50,96,33,94,7,9,2,7,5,7,5,2,1,8,5,9,5,7,2,6,2,6,10,1,2,6,0
0,19,22,3,3,1,9,4,3,4,2,13,51206.0,1457,37728.0,9,3,43,4,60,53,71,18,6,7,7,2,6,3,5,3,6,4,7,7,3,1,6,3,6,4,10,4,3,1,0
1,34,39,1,2,0,5,5,5,5,15,11,110847.0,1151,31510.0,4,1,13,24,4,69,87,65,3,6,3,3,5,8,4,1,3,2,7,6,5,9,5,2,10,5,3,2,6,9,0
0,30,33,5,3,0,5,3,2,3,12,15,72778.0,1058,50738.0,2,1,78,9,43,59,57,69,10,6,2,1,6,7,2,6,8,1,9,5,2,8,9,5,4,2,5,5,5,5,0
1,38,24,4,2,0,4,6,7,2,15,16,143471.34999999998,837,22594.0,4,9,5,19,96,59,5,96,6,5,10,1,3,4,10,1,3,8,2,7,9,8,1,7,9,5,7,1,10,4,0
0,43,32,4,4,1,9,6,7,7,4,13,60876.0,901,41388.0,3,4,4,43,81,59,43,45,6,8,9,9,10,3,9,2,3,7,9,9,8,7,3,3,1,2,10,8,5,2,0
0,38,30,5,5,1,9,3,5,6,5,13,141191.0,1246,12502.4,3,5,75,93,4,88,34,68,3,5,1,3,7,2,6,9,10,8,1,7,5,7,10,4,2,6,8,5,2,2,1
1,22,43,4,3,0,3,6,1,5,17,11,139777.0,853,36741.0,9,1,58,68,57,9,61,44,1,7,5,10,6,10,5,4,8,6,9,2,1,3,9,9,2,9,5,9,10,6,1
1,27,33,4,6,0,2,6,1,1,13,3,48625.0,1152,20481.0,9,8,13,71,53,81,38,4,2,8,1,5,9,10,3,5,5,7,10,4,3,4,4,1,7,3,3,4,10,4,0
1,23,29,2,3,0,6,4,3,6,16,12,143471.34999999998,837,12731.0,10,1,55,16,88,78,71,53,5,2,1,9,1,3,8,10,9,10,4,3,4,2,8,9,3,8,4,3,7,8,1
1,41,24,4,1,0,5,6,2,4,3,11,143471.34999999998,1548,57566.3,4,9,20,75,15,52,12,96,5,4,3,6,5,8,6,1,6,7,8,6,1,6,5,6,10,6,1,8,4,8,0
0,36,33,3,4,0,7,6,2,7,18,11,45572.0,1449,19980.0,10,8,59,85,91,9,95,15,5,8,5,7,7,1,1,8,10,5,1,9,1,8,7,8,1,6,3,3,1,7,0
0,42,40,5,1,0,4,1,2,4,12,7,32443.0,1363,33320.0,1,9,7,22,96,89,35,7,1,2,3,6,9,5,10,8,10,10,8,1,4,4,8,6,4,5,1,10,5,3,0
0,30,40,6,6,1,10,3,5,4,4,2,47230.0,1032,57294.0,6,2,56,94,96,55,55,36,10,7,8,10,5,9,6,3,8,5,3,5,4,2,4,5,6,10,6,9,5,7,0
1,19,43,3,5,0,9,6,4,7,16,10,53574.0,1476,21528.0,9,2,83,4,45,22,35,41,3,7,6,2,7,4,7,9,9,7,9,9,3,6,5,4,10,2,8,5,10,8,0
0,37,30,1,6,0,4,2,4,1,4,17,102301.0,1015,46361.0,1,6,23,16,96,26,26,34,2,2,1,8,7,9,4,3,7,2,2,9,2,8,2,10,7,6,10,2,1,7,0
1,42,40,1,5,0,5,1,1,5,7,7,84942.0,1338,53009.0,10,9,26,85,89,11,95,24,4,10,2,10,10,8,3,5,6,10,4,7,7,4,1,3,1,6,3,7,2,2,0
0,32,20,4,4,1,2,6,2,4,11,9,63123.0,893,40686.0,8,3,87,22,7,96,64,66,6,3,6,9,9,3,4,7,8,2,2,5,2,7,6,1,6,10,1,8,8,2,0
1,31,32,4,2,0,1,5,5,3,14,11,70422.0,1358,12502.4,7,3,62,73,72,84,39,84,8,10,3,9,2,8,2,8,7,10,2,7,3,1,7,3,1,10,5,10,10,3,0
1,25,20,4,3,0,1,5,5,7,1,15,133906.0,1237,14532.0,2,5,37,95,22,60,15,4,7,5,7,1,2,3,9,10,6,1,10,6,1,7,3,7,2,5,3,5,3,10,0
0,27,24,2,1,0,1,5,1,2,7,7,138789.0,924,36221.0,8,8,74,49,15,86,67,21,9,3,9,5,7,2,3,6,6,1,3,8,5,2,4,2,5,4,3,7,9,2,0
1,26,35,6,3,0,1,6,6,1,15,2,104740.0,925,32541.0,4,4,33,89,16,64,38,18,4,4,3,4,7,5,1,1,5,3,5,10,3,2,10,2,3,6,6,9,10,6,0
1,34,31,5,6,0,5,4,4,7,4,14,28803.0,1317,33100.0,8,7,87,39,73,43,39,24,7,5,1,5,3,7,5,3,2,1,1,2,2,7,8,5,8,10,8,7,5,1,1
0,26,35,5,5,1,9,5,6,6,6,16,40467.0,1161,34062.0,7,5,66,6,11,71,7,29,9,3,3,8,4,10,9,7,7,5,1,2,5,5,10,9,8,6,6,5,8,10,0
1,20,36,2,2,1,7,4,6,5,17,11,81320.0,1341,12502.4,7,3,58,95,94,4,56,67,5,9,9,2,4,1,1,10,2,2,9,4,5,3,7,6,8,5,5,7,7,7,0
1,28,31,1,6,0,9,5,6,4,6,17,111563.0,1440,23870.0,10,6,52,87,88,44,83,6,1,7,6,6,6,10,7,10,1,1,3,9,1,7,6,2,2,3,10,3,2,1,0
1,29,37,1,4,0,6,2,5,3,14,12,109071.0,1478,19266.0,7,1,4,22,61,14,68,88,2,3,7,10,3,6,10,6,8,7,9,3,7,4,3,7,9,1,9,4,9,5,0
0,27,23,2,1,0,2,2,1,2,6,17,60494.0,1351,33708.0,9,5,73,81,53,96,33,85,5,8,8,10,8,2,1,8,1,7,10,4,3,10,7,4,7,1,7,1,4,4,0
0,42,25,3,3,1,5,4,4,6,3,3,143471.34999999998,971,12502.4,6,3,5,32,37,73,82,92,1,9,7,10,4,6,10,9,3,1,10,3,9,1,4,2,3,2,1,7,3,1,0
1,34,43,2,2,1,3,6,1,7,6,9,87016.0,876,28387.0,10,5,4,32,72,60,16,38,7,5,4,8,4,1,2,2,6,4,9,3,5,9,9,9,4,8,3,1,4,2,0
0,34,43,6,3,0,9,5,3,7,1,8,69941.0,1479,47822.0,6,5,74,30,72,18,14,82,5,9,10,8,6,4,8,1,8,9,3,9,6,10,6,4,9,2,9,7,1,8,0
1,42,24,4,6,0,8,4,4,2,3,13,43888.0,1215,52340.0,2,9,18,78,90,62,5,70,9,7,1,7,7,7,9,6,5,2,2,10,5,2,8,5,1,2,3,4,9,5,0
1,28,37,1,3,0,2,1,5,7,11,3,110619.0,1111,12502.4,2,9,15,11,64,96,81,29,8,3,5,9,6,10,2,1,4,2,4,10,6,6,2,3,6,7,6,5,4,4,1
1,39,35,6,1,0,3,5,2,1,17,12,53518.0,1487,52921.0,3,9,70,4,5,92,86,6,8,7,3,3,5,5,7,5,5,5,6,7,2,4,6,10,4,8,9,7,5,2,0
1,21,35,3,6,0,2,2,1,5,15,14,90816.0,1328,24857.0,8,3,80,75,5,95,83,68,6,7,8,10,10,1,7,9,3,8,3,3,9,9,3,4,2,2,1,4,2,10,0
1,24,32,1,5,0,10,2,2,3,15,3,61796.0,1260,36899.0,1,2,53,65,75,52,87,30,10,6,6,5,10,10,7,2,4,1,7,3,1,9,4,2,6,5,3,1,9,7,0
0,38,37,3,1,0,10,6,3,4,3,9,142249.0,1456,39435.0,9,9,38,69,4,30,66,82,10,3,5,1,4,4,9,10,3,2,8,2,2,7,10,4,1,8,5,7,8,8,0
1,43,39,5,6,0,7,4,2,1,3,15,68252.0,1508,54216.0,2,2,49,62,12,44,68,45,9,5,5,7,5,2,3,5,4,8,10,10,5,4,2,3,9,5,8,1,4,10,0
0,31,36,6,6,1,9,4,5,4,8,16,30878.0,1399,34019.0,3,7,70,91,78,71,16,52,5,2,8,6,3,8,1,9,2,1,7,2,6,6,2,5,5,5,9,3,6,5,0
0,24,39,6,3,0,7,5,1,7,7,2,94812.0,918,15451.0,9,9,83,94,18,96,86,87,2,2,3,6,1,10,4,6,4,4,1,2,6,6,10,9,3,7,6,2,3,8,0
1,41,38,2,3,0,4,4,7,1,18,11,137851.0,1422,39983.0,2,7,93,32,10,81,7,72,9,3,10,10,10,10,2,4,2,2,9,1,10,8,9,7,1,5,9,6,5,7,0
1,25,38,6,2,0,3,6,2,2,2,4,74626.0,1343,31133.0,5,6,34,48,44,41,27,54,7,7,7,3,6,3,10,5,7,6,8,4,7,10,6,1,9,3,9,10,5,9,0
0,19,19,4,4,1,9,2,7,4,8,12,141510.0,1133,39962.0,1,5,65,89,90,4,90,23,1,2,7,2,10,10,4,4,10,5,1,8,3,9,4,9,3,2,1,8,9,5,0
0,41,25,4,3,0,6,1,6,2,8,1,95775.0,1185,15907.0,4,7,4,58,59,4,72,21,10,9,8,5,4,1,8,2,4,8,4,4,6,6,2,4,8,8,3,3,6,1,0
0,39,38,6,5,0,4,6,1,7,15,15,87203.0,1172,47938.0,1,3,11,30,8,33,91,45,8,8,7,9,9,10,6,8,8,5,9,9,4,4,4,10,1,8,4,4,1,3,0
1,21,28,2,2,1,8,2,3,6,6,15,76255.0,1242,12502.4,10,1,85,72,24,88,57,13,7,9,3,8,3,2,4,6,7,4,2,3,6,1,8,2,8,4,9,4,6,7,0
0,29,35,3,5,0,2,5,4,4,4,5,130286.0,1207,42095.0,10,1,25,41,88,4,77,59,3,10,7,3,6,8,3,3,4,7,4,3,8,5,5,6,9,9,6,6,7,3,0
1,41,40,6,6,1,6,3,4,2,8,5,105665.0,1018,56766.0,8,3,5,62,96,61,15,92,3,2,5,2,6,3,2,10,5,8,3,8,5,9,1,4,7,9,4,7,2,9,1
1,20,30,4,1,0,2,4,7,4,9,4,64214.0,1358,42971.0,4,4,85,58,5,34,84,33,6,4,6,2,1,9,2,7,10,3,10,2,4,10,6,9,2,4,10,10,10,8,0
1,30,26,5,4,0,6,3,5,3,16,17,106308.0,837,43916.0,3,2,30,76,47,86,85,72,3,6,1,3,3,5,9,4,5,4,1,5,5,9,4,7,8,1,9,7,7,2,0
0,37,26,4,1,0,8,3,2,3,6,7,134430.0,865,13157.0,7,7,29,82,48,85,16,80,4,3,7,2,7,2,4,10,10,8,5,3,1,6,7,5,10,9,9,7,10,4,0
1,23,34,6,5,0,3,4,3,5,5,3,90747.0,974,38810.0,7,8,67,76,27,75,74,73,6,3,10,3,1,7,7,4,9,7,9,2,2,1,4,8,9,5,4,1,10,1,0
1,28,24,5,5,1,6,4,2,3,1,5,26252.95,837,56140.0,4,8,74,36,62,55,95,40,10,2,3,4,4,2,5,6,7,4,3,7,2,9,9,1,8,6,7,1,4,10,0
1,40,26,2,2,1,9,1,3,3,5,8,26252.95,890,24162.0,9,4,75,19,50,21,93,34,9,4,5,6,5,9,10,1,9,8,6,2,3,5,4,1,7,9,10,4,5,6,1
1,21,39,5,3,0,8,2,2,5,11,11,81393.0,1344,33242.0,8,9,8,57,80,89,5,44,5,5,2,8,8,7,2,2,6,7,3,4,4,4,10,5,8,7,7,1,2,7,0
1,37,19,4,5,0,3,5,7,3,5,16,26252.95,978,51113.0,9,6,64,62,14,57,88,4,9,4,3,1,9,1,7,2,6,6,9,1,8,7,10,2,4,9,4,6,8,6,1
0,33,19,6,3,0,6,3,4,3,12,4,26252.95,863,12502.4,8,4,11,28,8,32,27,80,8,5,2,2,3,10,5,7,4,9,4,1,7,10,1,1,1,10,1,2,6,2,1
1,24,21,3,6,0,7,6,5,6,10,5,95469.0,1276,17939.0,5,4,21,40,96,43,95,13,4,1,4,2,4,6,7,10,7,6,10,10,10,8,4,10,4,1,9,10,3,10,0
1,39,31,4,5,0,2,5,3,5,2,16,115143.0,1363,29908.0,7,9,43,24,46,45,62,95,2,4,2,8,2,9,1,9,5,5,10,8,2,6,5,3,10,1,7,10,6,10,0
0,28,21,1,1,1,5,5,5,5,14,6,96905.0,1249,13536.0,2,9,28,53,76,23,26,90,3,3,10,2,9,8,7,8,2,4,1,7,4,9,2,10,2,1,1,1,10,7,0
1,41,19,3,6,0,7,6,6,3,5,7,83834.0,855,34109.0,4,3,94,64,96,79,57,16,3,2,3,8,4,5,6,7,10,9,10,2,5,9,2,3,3,8,4,8,10,6,0
0,19,25,1,5,0,3,6,4,4,8,8,98006.0,1307,57566.3,4,7,4,7,80,57,78,96,2,7,9,1,7,6,9,6,3,10,9,3,10,10,9,9,2,5,3,5,10,6,0
1,43,35,6,3,0,10,6,4,1,10,15,92700.0,1470,52757.0,3,1,7,91,87,12,20,77,10,1,3,2,8,6,7,4,7,8,1,6,2,10,4,8,5,9,2,9,7,5,0
0,43,36,2,1,0,10,1,2,5,8,12,36267.0,1226,51283.0,6,9,92,47,93,55,68,22,2,10,4,3,9,9,2,6,3,6,6,5,10,10,5,10,6,10,2,3,8,2,0
0,24,31,2,3,0,4,5,3,4,14,5,142615.0,1006,34988.0,1,3,85,55,81,43,24,4,10,4,5,5,2,6,6,5,10,9,8,6,2,9,4,8,1,8,1,6,8,1,0
1,29,37,2,6,0,1,3,1,3,4,16,63188.0,971,15503.0,5,4,40,80,39,88,52,4,9,5,1,4,9,9,2,3,10,1,9,10,8,4,8,7,6,7,8,3,5,6,0
1,24,42,2,2,1,3,5,5,4,14,2,67262.0,1479,24539.0,1,8,17,8,46,32,68,4,10,9,4,8,8,7,6,3,3,6,6,4,6,2,10,7,8,5,2,1,8,9,0
1,43,27,4,4,1,2,4,3,2,10,12,119163.0,898,17721.0,3,2,58,52,81,96,67,22,10,7,5,6,7,5,3,10,6,3,4,1,1,6,8,8,6,1,8,4,10,7,0
0,40,34,4,5,0,2,4,2,5,11,9,35968.0,1387,19373.0,3,9,88,37,4,26,13,79,10,5,9,1,7,6,9,2,2,7,3,8,6,8,6,2,2,4,9,5,7,3,0
0,24,25,3,5,0,7,1,7,3,10,15,92065.0,982,43099.0,8,3,77,39,11,4,17,71,7,10,2,1,2,1,2,6,3,7,10,2,1,6,9,5,3,9,8,8,5,3,0
0,27,31,1,1,1,9,6,3,5,12,10,87697.0,868,29917.0,8,8,78,29,96,25,44,72,2,9,10,1,8,6,8,10,1,10,10,4,6,3,1,1,4,1,3,8,5,4,0
1,33,38,2,5,0,1,5,1,3,12,1,40580.0,866,35079.0,9,7,15,47,33,48,47,58,1,4,2,6,9,10,8,2,9,3,4,6,7,5,2,1,8,10,2,9,3,9,0
0,43,40,3,2,0,2,4,4,4,8,5,103532.0,1132,57566.3,6,5,12,88,43,77,55,56,2,5,5,8,3,4,1,7,9,8,3,4,4,3,9,5,9,8,8,5,9,4,0
0,25,25,4,5,0,4,4,4,3,6,3,79678.0,1190,53327.0,10,6,4,30,67,85,87,87,2,8,1,5,9,9,4,8,4,5,8,4,7,9,2,9,2,3,3,10,8,6,0
1,26,22,6,2,0,9,6,6,2,1,7,86380.0,946,53882.0,8,4,72,8,19,74,89,43,7,2,9,6,8,9,5,1,9,4,8,10,5,6,9,6,9,9,7,1,6,9,0
0,26,33,4,4,1,8,1,5,6,18,15,94413.0,1122,16712.0,3,4,4,27,80,21,95,7,7,3,7,8,1,2,5,5,10,9,1,5,10,9,3,8,8,4,3,10,4,6,1
0,19,25,4,5,0,8,1,2,4,4,6,131439.0,837,37416.0,1,3,4,95,24,4,29,8,4,10,8,6,5,10,9,5,3,7,1,5,5,9,6,5,5,9,5,9,2,5,0
1,30,27,6,1,0,9,4,2,5,18,15,132501.0,1559,37617.0,4,4,76,48,96,66,57,92,2,4,6,6,7,9,6,5,3,2,10,10,9,4,8,7,1,10,9,4,5,10,0
0,30,43,6,2,0,10,4,2,3,6,3,84451.0,1211,57566.3,6,5,47,32,62,66,39,13,2,9,1,5,3,3,3,1,3,3,3,4,8,1,1,8,4,3,8,5,8,1,0
1,40,25,1,6,0,6,5,5,3,7,1,51095.0,837,12502.4,6,8,49,21,15,55,5,29,10,5,6,6,3,2,8,1,2,2,1,6,3,7,2,1,4,3,3,3,10,6,1
1,40,26,6,1,0,9,4,2,7,18,13,102233.0,1559,21018.0,9,2,18,73,85,17,8,79,8,2,9,6,9,4,6,8,4,5,2,3,1,9,5,6,7,5,10,5,1,8,0
1,21,35,4,6,0,10,6,2,7,17,7,69693.0,1501,16196.0,10,5,45,91,84,45,95,86,7,1,7,4,4,5,4,10,2,4,4,1,1,3,8,2,8,9,3,6,3,9,0
1,42,20,6,1,0,9,5,6,1,9,15,136891.0,910,19185.0,1,4,73,22,27,96,7,51,4,10,4,5,4,3,5,7,4,6,3,1,9,4,5,4,5,8,7,10,9,3,1
1,41,34,6,3,0,3,2,7,1,3,14,63910.0,1458,48058.0,3,2,46,12,54,7,72,48,7,10,3,7,2,5,7,7,8,3,5,2,8,7,1,9,10,8,8,9,9,4,0
0,29,37,4,3,0,7,2,5,2,1,7,72032.0,1280,51234.0,6,5,86,21,12,4,78,75,1,5,2,5,7,9,8,7,2,7,6,3,10,9,6,5,8,9,3,6,1,1,0
0,34,32,3,6,0,5,6,6,3,6,7,75158.0,1490,41273.0,3,9,42,77,50,38,86,15,7,2,7,10,5,5,8,2,1,4,7,8,7,5,9,1,8,5,8,6,2,1,0
1,19,38,1,6,0,9,2,5,2,15,5,48315.0,1083,26214.0,5,3,83,31,96,84,30,82,6,8,6,8,9,2,4,1,6,4,6,2,9,4,7,1,5,2,7,1,8,10,0
1,30,43,1,3,0,4,3,3,7,13,17,143471.34999999998,1322,36699.0,7,1,65,4,42,65,93,12,2,9,7,3,3,10,8,3,7,1,2,8,9,5,4,10,7,3,7,7,5,9,0
0,35,34,4,5,0,7,6,2,5,15,9,49013.0,1439,42846.0,5,1,14,68,49,24,81,88,3,2,3,3,8,1,6,1,2,2,3,6,1,5,5,2,9,1,2,6,8,7,0
1,43,25,6,6,1,7,5,1,1,4,4,119781.0,950,33566.0,6,3,32,67,19,66,36,14,7,9,2,2,3,9,7,3,6,6,9,3,6,3,1,8,8,9,2,2,7,2,1
1,32,19,6,2,0,4,2,4,2,2,4,104148.0,1553,44006.0,8,6,96,81,59,34,68,40,9,7,4,6,7,8,3,6,9,3,4,9,1,9,7,2,5,10,9,9,4,3,0
1,25,34,5,6,0,4,1,7,7,15,3,76780.0,1488,45771.0,6,4,20,26,53,96,47,4,2,5,8,10,8,5,10,7,3,6,4,7,10,7,8,1,6,7,3,5,4,1,0
0,32,35,1,3,0,1,5,7,5,12,6,73533.0,1388,51924.0,7,2,7,35,96,91,88,57,9,10,7,3,1,8,10,6,1,4,6,10,7,9,5,6,2,3,8,10,10,10,0
0,19,22,1,1,1,6,3,3,3,1,10,109055.0,1313,18344.0,8,3,54,55,10,19,36,31,9,6,1,9,4,9,1,2,6,1,7,10,3,3,2,5,8,4,1,4,2,5,0
1,37,26,5,2,0,2,5,1,1,11,16,112516.0,1260,33467.0,9,3,23,4,96,74,22,46,1,3,10,5,3,2,9,5,2,7,1,5,7,2,1,10,6,3,7,3,7,6,0
1,27,26,6,3,0,1,4,2,6,16,2,118185.0,983,12502.4,1,5,11,12,36,4,30,31,3,8,7,2,6,8,5,9,8,8,5,5,7,10,5,1,9,10,4,8,2,6,0
0,29,19,3,6,0,7,5,2,3,6,8,59057.0,840,43729.0,9,4,28,77,14,14,78,51,1,5,3,7,5,10,3,3,6,8,5,10,1,1,9,2,6,5,6,10,3,1,0
0,22,19,3,5,0,4,5,1,3,17,17,115609.0,1059,28566.0,5,3,41,17,77,96,32,40,3,5,7,4,9,2,7,6,8,8,6,7,3,10,9,10,5,7,7,7,2,3,1
1,26,36,4,1,0,7,3,5,3,14,5,52092.0,1208,48416.0,1,3,25,84,44,66,22,83,6,10,5,1,8,6,4,2,9,4,9,9,4,4,4,5,8,4,1,4,2,2,0
1,40,40,4,3,0,7,2,7,5,11,11,63706.0,1237,45975.0,6,8,27,95,67,38,95,24,1,2,2,4,6,6,1,2,8,6,8,7,7,6,3,5,2,7,3,2,1,1,0
0,25,43,6,3,0,9,5,6,5,7,16,88304.0,1150,56125.0,7,3,74,70,87,64,24,4,9,2,4,4,5,6,8,10,9,5,9,9,9,9,10,1,5,9,9,6,4,8,0
0,33,20,1,5,0,7,3,5,7,6,17,143304.0,839,29702.0,6,6,31,75,53,46,75,65,2,3,6,9,1,8,10,4,3,9,7,9,10,3,10,8,7,3,1,8,6,7,0
0,31,34,2,1,0,8,3,6,6,13,9,104295.0,837,14829.0,5,4,96,4,90,81,33,45,4,1,9,8,10,5,4,10,4,9,1,7,5,5,1,6,10,3,4,5,4,6,0
1,43,31,3,6,0,2,6,4,1,3,17,104483.0,1033,49176.0,1,3,37,83,83,72,5,24,1,6,2,9,1,5,5,8,5,3,10,1,8,9,6,2,4,3,6,10,9,2,0
0,42,31,5,3,0,1,6,6,4,14,11,26693.0,1139,19728.0,2,6,6,41,46,11,91,36,3,6,3,5,7,5,4,3,3,3,1,4,2,3,8,9,5,1,5,9,7,6,0
1,30,31,5,6,0,7,1,7,6,5,6,26252.95,1228,12502.4,7,3,10,16,36,90,69,13,4,7,4,4,1,8,5,9,7,4,5,6,1,8,8,7,3,1,6,9,2,7,1
0,40,23,5,2,0,1,4,6,3,10,8,46457.0,997,22557.0,4,5,77,15,84,33,87,6,1,1,3,7,8,7,9,7,4,3,9,8,1,3,3,1,5,5,6,7,3,10,0
0,38,20,1,5,0,6,4,1,6,8,13,60400.0,1314,53786.0,2,2,51,59,45,46,68,31,7,4,4,5,10,5,2,1,4,10,10,9,10,9,7,9,4,4,1,5,8,3,0
0,30,19,1,1,1,3,4,4,5,12,10,118929.0,1559,24010.0,4,5,37,6,36,51,49,85,4,3,5,8,9,4,10,1,8,2,5,1,7,1,2,8,5,5,1,7,1,5,1
0,22,33,1,1,1,7,2,7,7,7,10,113601.0,994,57566.3,7,8,16,87,16,44,70,43,2,6,5,8,3,6,4,7,6,7,9,6,2,5,10,4,4,6,2,8,7,5,0
1,33,21,3,6,0,6,6,2,1,3,7,67906.0,1559,17387.0,6,6,4,4,58,14,64,86,4,5,4,6,3,10,5,7,1,4,3,2,9,8,7,1,2,10,1,8,6,2,0
1,43,19,3,1,0,4,2,2,4,10,15,107280.0,898,47465.0,1,5,83,86,34,54,28,46,1,8,6,5,10,9,8,1,2,3,7,2,3,3,9,6,7,2,6,10,8,8,0
0,28,34,3,4,0,6,5,3,2,2,14,118908.0,1547,22084.0,9,9,74,4,86,12,65,48,3,6,7,1,6,4,9,5,4,8,6,4,9,9,3,10,2,1,8,5,10,10,0
1,39,35,2,6,0,7,3,5,5,11,5,29626.0,1145,51394.0,2,3,60,95,4,96,45,88,4,3,8,2,8,1,8,5,7,4,4,4,4,6,9,7,2,2,4,4,8,6,0
0,22,43,6,2,0,10,2,1,2,13,2,89053.0,1103,38101.0,8,1,4,95,89,74,77,43,9,9,9,10,10,5,1,9,2,1,9,10,6,8,7,6,9,3,10,8,3,7,0
0,30,25,2,5,0,3,6,1,4,5,6,26252.95,1017,51217.0,4,6,11,85,74,65,41,31,3,3,6,4,5,1,1,10,4,10,2,3,9,6,4,3,6,7,2,10,3,3,0
0,28,19,4,4,1,4,2,2,7,17,13,87713.0,1540,31627.0,5,6,19,76,60,68,95,4,3,3,10,3,4,5,2,5,9,2,5,8,7,1,7,6,3,2,1,8,8,2,0
0,42,43,2,1,0,9,2,5,4,7,5,140755.0,1013,54905.0,9,6,91,5,76,24,81,23,8,8,8,9,6,6,3,4,7,8,7,2,8,1,6,10,3,2,6,8,9,10,0
1,36,35,3,6,0,1,1,3,5,5,2,86560.0,858,13334.0,5,5,12,95,82,27,5,63,7,1,7,10,10,9,5,4,2,9,3,8,4,1,2,7,5,10,4,9,6,5,0
0,20,43,4,3,0,7,4,5,3,15,11,143471.34999999998,1143,29680.0,5,2,59,5,96,9,19,47,5,2,6,5,6,3,9,5,4,2,9,6,1,5,10,8,9,3,9,9,1,7,0
0,32,43,5,6,0,8,6,2,2,10,2,86173.0,1100,39309.0,1,6,58,93,17,21,19,61,2,1,10,9,4,6,2,2,7,10,1,9,10,10,5,7,6,2,10,4,3,2,0
1,24,33,1,2,0,7,6,7,6,14,15,53716.0,837,54585.0,3,7,96,95,5,28,8,30,6,3,8,4,2,1,2,1,4,8,7,5,2,7,5,3,5,4,1,6,9,7,0
0,24,43,4,4,1,5,5,1,6,18,11,116629.0,1402,57566.3,3,9,75,4,44,68,9,90,8,7,2,5,7,7,7,7,10,8,5,6,2,2,7,6,8,2,8,6,6,7,0
0,23,27,5,1,0,2,2,2,3,13,11,89038.0,837,55015.0,1,3,33,5,20,28,94,33,4,6,10,5,2,6,9,1,3,2,3,1,7,9,4,2,10,1,5,5,10,8,0
0,20,25,2,4,0,8,2,7,3,14,2,101816.0,1378,42837.0,3,1,85,68,36,4,69,68,1,4,3,8,7,6,4,9,3,10,1,5,5,6,3,10,5,6,10,6,5,10,0
1,30,29,2,5,0,1,5,6,1,14,16,65280.0,1305,33174.0,8,8,13,65,82,72,81,86,6,4,4,7,7,9,1,2,9,1,1,3,5,9,7,1,9,10,2,4,5,5,0
0,24,39,2,3,0,10,5,3,1,15,13,26252.95,1370,44819.0,2,5,26,77,47,85,43,24,7,6,7,10,3,8,1,2,9,9,5,1,10,2,9,2,6,8,7,2,6,2,0
1,22,33,4,2,0,3,6,6,1,1,12,135516.0,859,21216.0,8,2,17,4,54,33,11,44,2,6,9,7,4,3,10,5,9,9,10,4,4,2,7,6,7,3,4,9,3,2,0
0,40,29,5,4,0,1,4,5,6,4,7,128255.0,837,45839.0,3,7,71,11,8,90,77,17,9,5,1,9,8,1,1,5,1,10,2,6,2,7,8,7,3,2,4,5,1,3,0
0,35,28,3,2,0,3,1,1,7,11,7,90500.0,1559,12502.4,5,6,86,93,38,53,38,49,4,1,10,3,10,7,9,10,9,4,10,8,7,1,2,8,7,6,10,9,9,2,1
1,39,37,3,1,0,6,5,2,2,8,9,142825.0,1110,25334.0,5,2,41,49,53,57,95,45,9,6,4,9,4,2,7,5,1,10,7,1,4,2,2,3,4,4,4,4,1,8,0
0,25,36,5,6,0,6,1,4,7,12,3,63437.0,1123,12502.4,2,9,30,56,79,96,5,73,5,10,3,2,2,4,1,9,3,10,10,10,3,3,3,3,8,10,10,3,5,6,0
0,34,19,6,5,0,5,3,5,4,13,4,72570.0,857,16813.0,10,1,56,26,29,23,62,27,6,8,7,7,1,5,7,1,10,4,10,3,10,2,2,1,1,6,5,7,8,4,0
1,37,43,6,4,0,7,2,7,5,13,9,52392.0,1146,16459.0,2,8,29,10,30,48,47,32,6,9,9,2,8,10,10,9,8,2,7,9,8,9,2,4,10,3,5,4,2,3,0
1,43,20,1,5,0,9,2,2,6,14,5,130096.0,908,28716.0,4,9,50,53,36,23,5,4,8,4,9,9,6,2,8,6,9,2,5,3,4,1,6,8,3,2,2,3,7,6,0
1,19,29,5,5,1,3,2,1,7,14,17,98092.0,1147,39088.0,2,4,91,72,96,11,78,24,8,9,6,10,9,3,1,8,9,3,5,4,6,3,5,8,7,5,4,3,3,8,0
1,31,26,2,6,0,3,2,1,5,15,14,100799.0,876,50614.0,4,7,7,57,86,12,9,26,10,2,6,3,1,8,5,7,7,3,4,8,1,5,10,10,3,9,10,7,8,6,0
1,34,38,5,4,0,4,4,1,6,1,8,98287.0,1030,19948.0,9,8,52,15,53,64,48,32,1,3,7,2,10,4,6,9,8,6,9,2,6,10,7,8,5,3,9,2,8,7,0
0,27,39,3,3,1,6,6,1,5,8,1,88339.0,1435,40470.0,7,2,46,90,66,85,22,19,10,7,3,8,9,3,9,6,2,8,8,9,8,8,6,10,9,10,5,8,9,3,0
1,29,22,6,4,0,9,5,7,1,11,13,49063.0,1093,17631.0,7,7,28,69,45,21,45,21,4,7,6,10,1,8,2,5,10,6,4,7,8,3,6,5,5,6,5,1,2,10,0
0,33,19,3,2,0,1,1,4,6,1,14,88171.0,1128,35782.0,1,7,87,87,44,22,95,28,7,8,2,5,9,9,5,5,9,9,8,7,3,2,5,2,5,1,3,7,6,9,0
0,31,27,6,6,1,4,3,2,2,7,3,113237.0,1480,30798.0,3,6,24,4,8,18,32,83,5,10,4,3,8,3,2,2,8,3,6,7,3,10,6,5,9,3,7,3,4,9,0
0,43,34,4,5,0,3,2,3,5,18,11,51964.0,1151,18971.0,1,4,6,17,39,18,20,93,9,1,2,2,3,9,5,4,10,2,6,2,10,5,4,7,10,1,2,9,8,10,1
1,33,21,2,5,0,9,4,3,3,3,17,84101.0,1559,33161.0,1,9,36,4,76,7,47,4,3,6,5,1,3,9,2,4,6,2,3,9,10,3,9,5,1,9,6,10,8,7,1
1,25,32,6,2,0,2,4,5,7,13,2,132866.0,1342,57566.3,2,6,96,92,11,29,50,83,7,7,6,8,2,8,4,5,2,8,1,4,2,7,5,5,8,5,6,6,5,5,1
0,40,36,6,3,0,4,6,7,2,6,1,107630.0,869,47959.0,7,7,39,88,45,18,83,35,3,2,7,5,4,5,3,9,9,9,10,5,2,10,1,9,7,5,8,5,4,4,0
1,27,43,2,2,1,3,4,2,6,8,14,51073.0,1066,32199.0,1,9,96,95,96,38,23,42,10,7,6,10,5,9,4,9,4,8,7,7,10,3,6,3,6,6,9,4,2,10,1
1,34,25,1,2,0,9,4,7,3,13,17,37935.0,1077,37476.0,2,7,4,50,84,41,13,69,6,8,3,4,1,7,10,8,9,9,4,1,9,4,3,1,8,10,10,10,2,8,0
1,43,40,5,1,0,10,1,5,2,5,1,27613.0,881,39545.0,10,7,68,52,35,75,13,27,8,10,10,9,8,9,3,1,1,3,6,6,2,2,3,2,3,5,5,3,10,4,0
1,35,32,4,2,0,4,1,1,3,14,6,33959.0,1265,52998.0,9,9,89,50,96,9,67,40,9,5,9,2,3,9,7,4,9,7,7,2,10,9,6,4,9,9,8,3,7,6,0
0,37,43,5,5,1,2,4,4,5,14,6,48703.0,1096,44541.0,9,1,79,69,85,69,37,64,10,4,5,2,10,5,1,8,5,2,10,3,6,7,10,3,5,6,8,3,1,9,0
0,33,24,5,6,0,8,4,5,2,8,8,65436.0,1453,33731.0,10,2,96,94,59,96,67,96,2,10,6,7,4,1,10,4,1,8,2,7,4,5,2,10,8,9,4,9,5,10,0
1,34,32,2,5,0,4,4,2,4,11,17,64073.0,977,21820.0,1,2,4,45,25,4,82,10,9,10,10,3,4,7,2,1,1,3,7,9,6,2,10,6,4,8,2,1,7,3,1
0,33,25,2,3,0,2,6,4,5,11,2,84829.0,1229,49191.0,4,6,48,88,79,4,52,12,2,9,10,10,7,10,7,8,1,7,5,10,3,3,2,2,7,4,7,7,3,10,0
1,36,43,2,1,0,6,1,4,5,9,6,38368.0,837,14118.0,8,6,12,65,64,74,17,96,2,6,7,3,9,6,5,10,3,1,2,10,9,4,1,10,8,10,10,3,3,10,0
1,41,40,3,5,0,7,6,2,5,1,16,141371.0,1171,24835.0,9,7,69,56,96,91,62,13,8,8,7,1,1,8,6,7,1,1,1,1,3,6,6,8,5,1,5,6,7,10,0
0,41,27,4,5,0,9,3,6,6,16,12,43259.0,1439,21083.0,1,1,9,8,19,44,48,54,1,6,4,10,5,7,5,6,8,7,8,2,1,2,7,9,3,6,3,6,9,4,0
0,25,35,6,4,0,7,3,4,4,2,16,78788.0,1317,33671.0,3,9,93,17,53,47,28,55,3,1,7,1,7,2,3,10,8,10,8,5,5,5,5,5,8,3,6,1,6,6,0
0,23,21,5,4,0,4,5,4,3,8,4,132655.0,1319,31594.0,4,9,51,13,9,72,95,50,1,7,2,7,2,6,6,5,2,9,7,7,6,2,4,2,7,5,2,5,2,1,0
1,23,32,3,6,0,7,3,6,4,9,10,81351.0,837,24574.0,7,5,92,14,61,47,63,14,9,9,7,10,2,6,7,2,2,2,1,2,5,6,9,1,10,10,6,2,1,9,1
0,38,28,1,4,0,4,6,1,3,9,14,51480.0,944,21663.0,9,6,69,69,96,71,53,29,5,10,2,7,4,7,1,8,6,4,7,2,7,2,6,7,4,8,8,8,1,9,0
1,26,39,5,6,0,6,1,2,3,16,7,34195.0,901,45568.0,2,2,78,95,29,73,51,89,3,4,6,9,9,7,8,9,7,5,3,3,8,10,9,8,2,8,5,3,4,4,0
0,21,20,2,4,0,6,5,7,4,11,2,57823.0,972,25450.0,1,7,4,95,44,82,13,38,2,7,10,6,6,2,4,9,8,9,9,4,8,3,10,8,1,6,6,6,3,1,0
0,43,32,3,4,0,5,2,7,7,8,7,56012.0,853,19911.0,8,8,74,87,23,19,9,58,5,8,6,2,10,10,1,6,10,7,3,9,3,3,9,8,9,4,8,9,5,2,1
1,29,20,4,3,0,3,2,5,2,3,1,55259.0,1477,44142.0,2,5,95,36,30,33,36,81,4,1,5,1,9,9,9,4,2,6,1,9,6,10,10,4,1,8,8,8,3,10,0
1,29,32,2,6,0,9,2,5,5,3,10,26252.95,1206,47265.0,7,7,78,84,5,37,24,15,3,10,1,3,4,9,5,10,6,10,7,6,10,8,9,9,9,3,2,6,10,7,1
1,40,23,6,2,0,5,5,5,2,12,11,134909.0,1294,12502.4,1,5,96,4,67,4,27,41,5,7,1,3,4,4,5,8,9,6,10,8,3,7,8,7,10,10,6,2,3,2,1
1,34,19,6,6,1,9,6,3,1,7,4,143471.34999999998,1366,29339.0,4,4,35,87,43,15,30,76,5,5,7,2,5,7,2,8,10,2,6,1,1,8,4,1,9,5,5,3,10,2,0
1,32,31,5,5,1,9,2,3,7,7,11,80391.0,1240,15354.0,9,2,52,26,91,67,5,48,4,10,10,3,1,6,9,10,6,2,5,5,4,9,7,8,6,7,8,1,3,9,0
1,26,33,1,4,0,2,3,5,2,13,12,59535.0,918,25823.0,4,4,15,28,96,6,50,36,10,10,8,10,7,6,4,3,5,1,7,4,5,4,9,1,4,9,6,7,9,5,0
1,24,19,2,5,0,2,3,4,4,1,16,70168.0,1359,34676.0,9,7,11,89,80,91,59,68,5,9,1,5,4,4,9,2,3,8,2,7,2,10,3,6,2,4,10,8,4,6,0
1,27,38,3,4,0,10,4,4,5,16,6,135820.0,1355,28466.0,4,6,48,91,84,40,18,83,4,4,1,2,6,6,10,9,1,1,4,2,2,5,1,10,8,2,3,8,3,4,0
0,33,34,4,5,0,2,2,5,3,10,8,143471.34999999998,1255,51947.0,4,3,79,21,12,76,66,4,4,7,3,3,2,4,4,7,5,7,2,7,8,4,3,8,10,9,4,4,3,3,0
1,29,43,3,5,0,2,4,2,1,1,11,66158.0,916,57566.3,2,8,15,11,27,34,70,68,2,9,5,10,6,3,3,1,5,10,1,2,2,6,7,7,5,1,6,7,5,3,0
1,42,25,3,2,0,3,6,7,1,13,8,36937.0,1386,43983.0,2,8,90,9,4,4,40,90,9,4,7,9,1,8,1,3,1,6,2,2,4,8,9,9,10,10,6,5,10,4,0
0,24,35,3,1,0,2,5,5,5,11,8,97440.0,1108,55569.0,5,6,73,21,87,22,28,39,6,5,9,7,8,9,6,7,6,7,1,1,6,1,9,3,6,1,4,7,3,7,0
1,35,33,1,2,0,1,1,3,2,13,8,48068.0,1155,47429.0,7,9,68,6,4,44,95,75,5,8,9,3,6,5,2,2,4,9,5,6,2,8,6,2,6,8,8,9,3,10,1
0,32,23,6,1,0,2,3,2,3,10,16,109697.0,1270,20177.0,3,1,4,76,92,70,65,15,1,1,5,4,6,6,6,4,4,7,9,8,7,1,8,6,5,7,1,1,3,1,0
0,23,27,6,5,0,6,2,7,6,9,6,111030.0,1244,42938.0,8,1,70,15,34,50,12,50,10,8,10,10,8,8,8,5,9,10,2,9,7,9,9,5,7,8,8,3,6,2,0
1,43,27,6,2,0,1,2,1,4,15,8,26252.95,938,18774.0,9,4,79,69,70,5,48,65,3,7,5,1,10,1,3,3,1,7,2,3,2,1,9,9,9,2,4,5,2,5,0
0,29,22,6,1,0,4,4,3,7,3,5,73322.0,1143,16986.0,4,9,86,19,38,27,37,44,7,10,10,1,5,6,7,3,10,3,1,6,5,4,5,1,1,7,4,7,1,8,0
1,28,43,5,1,0,10,5,1,6,17,13,125544.0,975,19968.0,7,1,36,33,84,42,16,4,3,3,9,2,2,4,5,6,8,10,2,10,1,7,10,8,3,10,6,7,5,8,0
0,37,29,6,4,0,6,6,3,1,14,11,75258.0,1008,49688.0,6,5,74,43,26,91,82,96,8,10,8,2,8,9,9,9,6,4,8,6,3,3,7,1,2,1,6,6,6,2,0
0,20,37,1,1,1,8,5,4,4,17,1,105446.0,1340,41494.0,5,5,5,72,33,71,46,18,5,5,8,6,1,6,4,8,1,2,3,10,8,7,3,5,6,10,2,8,8,10,0
0,19,34,3,1,0,10,5,7,6,7,8,143471.34999999998,839,41870.0,2,7,89,44,76,15,26,60,6,3,3,5,1,8,8,4,6,2,1,3,1,2,7,4,4,4,9,7,6,3,0
1,23,31,2,2,1,8,4,1,5,7,16,129692.0,1233,41446.0,3,3,55,78,60,33,95,30,3,6,5,2,8,5,9,1,10,9,1,8,5,10,3,4,4,1,6,2,6,1,1
1,41,31,3,4,0,8,5,7,2,12,1,64540.0,986,23173.0,3,2,91,50,76,71,8,54,10,9,9,1,2,5,3,7,9,1,6,5,6,2,5,10,9,2,9,4,10,4,0
0,39,20,1,3,0,5,5,2,2,14,8,115766.0,1093,13242.0,1,4,6,26,42,87,89,71,9,7,9,8,7,1,2,7,8,7,10,5,3,3,2,7,6,5,1,2,6,4,0
0,42,29,1,4,0,8,5,5,4,5,17,134884.0,1340,52175.0,5,6,90,4,70,96,95,23,1,9,4,1,8,10,10,2,1,1,6,5,7,2,3,8,1,2,7,6,3,1,0
1,22,37,2,2,1,8,4,3,5,14,8,127555.0,978,34182.0,1,9,66,92,81,81,90,4,1,4,2,2,6,9,5,3,5,4,9,6,6,10,4,10,10,4,10,1,2,5,0
1,35,35,1,4,0,1,2,1,2,4,13,63539.0,867,17196.0,4,6,65,61,96,65,50,77,10,3,4,3,7,5,1,1,6,8,10,2,1,7,1,4,8,9,2,2,3,6,0
0,33,29,4,2,0,3,4,5,7,9,11,54170.0,1149,17681.0,8,9,7,4,72,61,40,8,4,2,2,5,3,4,10,8,5,9,9,1,9,5,5,10,2,6,7,10,7,3,0
0,25,19,4,5,0,1,2,7,1,18,17,28326.0,933,56915.0,5,8,11,67,60,84,75,7,6,7,5,2,7,8,10,2,4,6,1,4,5,3,1,6,4,3,4,10,8,2,0
1,42,19,5,4,0,4,1,2,4,12,2,104496.0,860,29316.0,1,6,96,32,59,42,19,84,7,10,4,7,6,9,7,9,6,9,5,8,9,8,10,6,1,3,1,4,7,6,1
1,43,43,1,2,0,4,5,4,5,5,12,143471.34999999998,1025,57566.3,3,4,43,57,96,46,48,34,7,8,3,6,2,7,2,2,1,6,6,3,2,9,5,4,8,8,8,3,7,6,0
1,37,34,6,3,0,3,3,4,3,8,2,76673.0,1421,23768.0,1,9,66,95,8,45,7,91,8,3,1,6,4,9,6,7,7,2,1,6,5,8,9,1,6,7,3,9,10,7,0
1,39,27,6,6,1,3,6,1,3,4,15,124043.0,1083,47222.0,10,7,19,21,16,42,21,42,5,2,3,9,1,7,6,7,7,5,3,3,3,7,7,9,7,7,2,8,1,7,0
1,28,35,1,4,0,1,6,1,2,16,16,105985.0,1000,16890.0,6,4,24,89,26,42,33,56,7,6,2,8,10,3,1,7,9,2,9,1,3,5,6,10,6,3,7,9,4,1,0
0,27,39,1,6,0,3,6,5,1,8,10,75713.0,920,42432.0,5,7,25,46,77,77,22,92,8,6,4,9,2,8,9,3,8,9,3,5,1,1,1,4,9,8,7,6,5,1,0
1,41,36,4,6,0,1,1,4,7,17,9,98903.0,1194,39231.0,2,3,82,46,79,32,13,47,1,6,3,4,4,10,10,5,6,8,3,7,7,5,2,1,10,2,1,4,3,5,0
0,42,43,2,1,0,10,1,3,2,7,14,100890.0,1336,21657.0,9,2,28,48,90,28,15,87,7,3,3,5,6,1,2,8,2,1,1,6,3,5,3,7,6,7,9,8,2,8,0
1,29,38,6,5,0,10,6,1,5,6,2,36915.0,1465,23255.0,6,1,44,93,4,11,79,57,9,8,8,5,8,4,7,3,9,10,8,6,10,4,8,9,7,4,9,1,6,7,0
0,38,19,5,2,0,1,4,1,1,7,5,26295.0,1240,30556.0,9,2,61,55,41,44,95,49,9,5,9,5,4,10,2,1,2,2,5,8,7,10,3,3,3,4,1,7,10,1,0
1,23,41,3,5,0,9,1,3,3,3,3,130527.0,1213,30491.0,8,6,33,94,10,58,39,19,2,9,9,6,9,6,1,3,3,5,3,2,8,5,6,9,9,6,2,10,5,10,0
1,43,21,6,3,0,2,6,4,2,16,3,64219.0,1461,17486.0,10,9,4,70,21,87,63,19,2,3,3,7,1,4,3,2,8,2,10,1,3,8,1,10,5,9,2,1,4,1,0
0,37,42,4,6,0,1,1,3,2,3,17,120014.0,1506,47236.0,10,4,89,47,4,4,69,65,1,8,10,2,2,1,4,4,8,10,6,8,1,10,6,6,7,7,6,2,2,8,0
0,22,21,3,1,0,9,5,4,7,14,1,101550.0,1124,17954.0,8,5,42,84,69,44,49,45,6,5,8,6,2,4,4,9,5,2,10,8,2,10,7,1,8,5,2,6,7,7,0
1,40,19,3,5,0,3,6,2,1,4,4,49655.0,1174,31874.0,8,3,17,27,19,7,68,79,3,4,7,1,7,1,6,1,8,7,8,3,10,1,8,10,2,5,10,7,9,2,0
1,26,36,2,4,0,5,3,7,4,18,15,45511.0,837,27010.0,5,1,13,27,96,63,21,48,9,6,10,10,4,3,4,5,3,6,2,2,5,4,9,8,3,1,9,5,5,8,0
1,43,38,6,5,0,10,4,6,4,7,1,88058.0,889,26014.0,6,6,84,63,86,73,92,60,3,2,1,6,2,2,3,5,10,2,10,5,6,2,4,1,2,9,3,2,1,2,0
1,43,29,5,4,0,1,5,7,6,1,5,45420.0,1245,13436.0,1,7,4,34,4,78,9,80,10,6,6,1,8,3,2,2,8,7,8,8,7,2,10,4,1,7,5,10,1,4,0
1,33,27,5,5,1,4,4,4,2,12,17,143471.34999999998,1430,31566.0,7,4,4,32,10,4,54,75,3,7,2,8,1,4,4,2,2,1,8,9,2,6,2,6,3,3,3,6,2,5,0
0,39,30,5,5,1,3,1,4,1,7,13,143471.34999999998,837,42477.0,1,5,21,95,15,72,83,10,3,3,7,5,3,10,4,2,3,9,6,7,2,10,8,9,9,6,2,7,5,4,0
0,31,39,1,5,0,1,2,3,3,16,17,138459.0,837,55250.0,5,9,37,71,42,52,66,92,10,2,8,10,9,6,4,3,5,7,10,6,8,2,8,1,7,4,8,10,7,1,0
1,39,40,1,6,0,2,5,5,3,18,4,49493.0,982,21530.0,2,7,70,12,39,9,95,96,3,10,6,3,3,5,2,10,8,5,10,2,3,4,8,8,1,7,4,6,9,7,0
0,25,37,6,5,0,1,3,4,5,9,3,67691.0,1042,43857.0,3,1,44,65,16,68,33,51,1,1,2,1,3,4,7,1,1,5,10,4,1,5,4,8,3,6,1,6,1,7,0
0,43,40,6,3,0,6,5,4,1,12,3,103926.0,1135,28968.0,9,3,21,76,62,30,7,69,5,10,8,8,9,6,4,4,2,6,3,5,4,9,3,5,2,10,7,9,4,5,0
0,37,32,6,4,0,10,1,2,6,10,13,95440.0,1220,13998.0,9,2,96,54,17,29,60,91,8,3,8,7,10,7,8,8,5,1,4,3,10,6,10,4,5,6,5,5,6,7,0
1,36,43,6,4,0,10,3,5,3,15,6,92884.0,1069,34639.0,5,8,32,57,41,94,64,42,5,2,4,3,8,7,8,4,4,9,3,6,2,5,7,6,7,3,5,1,3,4,0
0,31,20,4,4,1,5,2,6,4,16,9,26252.95,1070,15003.0,9,4,96,81,39,83,75,4,8,1,9,6,10,6,2,4,6,5,1,5,6,1,1,6,7,3,10,2,2,3,1
1,24,40,1,6,0,9,4,1,1,18,2,142682.0,1259,36860.0,3,2,4,35,36,44,14,96,8,8,7,8,2,6,1,9,7,2,6,3,6,6,8,6,4,9,10,10,4,3,0
0,22,37,3,1,0,1,4,2,2,13,10,94571.0,1117,32051.0,1,3,72,30,21,84,58,40,10,8,8,10,6,7,9,9,2,3,2,2,4,1,7,4,4,1,1,7,4,4,0
1,35,30,4,5,0,10,6,6,4,2,3,36495.0,1038,52074.0,8,9,59,38,8,35,24,22,3,8,4,10,1,1,1,4,1,9,1,3,4,10,10,6,9,4,5,3,6,4,0
0,19,25,4,5,0,1,1,6,3,11,16,26252.95,1446,24521.0,3,2,41,91,61,96,25,4,8,4,1,6,10,7,4,5,9,3,7,5,9,4,7,3,9,1,2,5,7,5,0
1,28,42,4,1,0,9,3,6,1,7,5,68676.0,1491,57357.0,7,5,49,95,31,4,49,76,2,2,10,5,9,10,3,6,5,6,8,4,8,6,10,10,9,5,2,4,9,4,0
1,39,24,5,5,1,4,4,1,7,14,8,107723.0,1010,18460.0,2,6,37,30,78,4,9,40,10,9,5,1,1,4,9,1,6,10,8,7,7,5,10,3,3,5,3,3,9,6,1
0,25,41,6,6,1,9,4,1,7,12,8,118287.0,844,42622.0,7,7,35,84,51,31,91,78,7,3,8,6,1,8,8,8,4,3,8,7,8,1,6,5,10,3,4,6,2,3,1
1,19,25,6,6,1,6,1,5,5,5,4,116270.0,1541,27150.0,8,2,38,23,17,21,77,90,4,5,1,2,3,2,1,5,9,9,9,3,3,2,10,8,6,3,1,7,5,3,0
1,43,35,2,6,0,3,6,1,3,17,17,87122.0,1096,41643.0,8,1,49,65,34,43,75,62,9,7,1,8,8,4,6,6,8,9,8,1,9,8,2,5,8,3,4,1,7,9,1
1,39,26,4,5,0,10,3,1,3,10,11,102658.0,1055,55594.0,8,6,4,24,31,56,46,18,5,7,4,7,5,5,4,10,1,2,6,2,8,4,8,5,8,10,9,9,3,10,0
1,29,23,5,3,0,5,4,2,6,5,9,39472.0,1371,13475.0,5,7,93,19,90,4,62,15,7,8,9,5,7,3,9,9,8,2,7,8,7,10,5,1,9,5,3,1,9,3,0
1,19,43,1,3,0,6,3,1,7,15,3,102035.0,1322,49213.0,6,4,41,80,44,93,89,86,7,7,7,10,8,10,2,10,7,7,9,3,9,7,8,7,3,9,10,9,3,4,0
1,35,21,1,3,0,10,5,1,7,7,7,67294.0,1154,16684.0,1,7,27,52,8,58,95,16,5,1,3,5,2,3,3,5,2,9,1,7,9,7,4,1,3,10,2,10,4,2,1
1,24,32,1,6,0,2,1,4,4,6,14,126687.0,1073,19557.0,7,2,33,95,96,25,67,95,7,7,8,8,6,3,1,10,8,1,5,10,10,8,1,7,8,4,10,1,2,7,0
1,43,22,2,5,0,3,1,5,2,18,4,100143.0,1515,22454.0,2,5,4,14,96,62,81,58,7,4,1,1,5,9,10,6,4,1,8,10,4,1,7,6,3,1,5,2,4,10,1
0,34,43,6,3,0,10,6,7,3,6,17,26339.0,1478,18727.0,4,3,79,22,66,4,41,70,6,10,10,9,8,2,7,2,3,7,9,10,4,2,2,5,9,1,1,8,5,10,0
0,39,22,1,5,0,2,4,5,4,10,12,120486.0,1115,19720.0,8,8,72,33,83,10,89,68,3,2,3,1,9,4,7,10,8,9,6,6,9,10,5,8,9,3,2,7,2,4,0
1,40,24,3,6,0,7,6,7,7,18,1,76285.0,1043,45183.0,9,3,9,34,68,94,91,79,9,7,6,4,5,4,4,4,9,9,7,7,5,1,5,6,10,9,8,8,6,5,0
1,31,26,2,2,1,7,5,7,1,7,9,122288.0,1021,42611.0,6,4,88,22,47,7,93,57,2,1,5,6,5,5,10,9,10,7,8,2,4,3,9,1,5,6,5,8,5,4,0
0,41,24,3,4,0,8,1,4,1,7,12,122993.0,1193,57566.3,1,8,59,88,80,74,5,66,3,4,6,7,1,1,1,9,2,8,3,9,8,10,7,6,6,9,4,9,5,2,0
0,24,26,5,6,0,3,3,7,4,15,13,84017.0,1182,12502.4,4,2,31,86,56,47,47,69,2,1,10,8,7,1,3,7,1,10,3,2,3,7,9,7,3,3,6,2,10,10,0
0,39,37,1,1,1,2,5,7,1,2,7,68349.0,1117,20878.0,5,9,89,38,18,71,91,33,10,2,7,3,8,2,1,2,10,4,6,1,1,5,9,2,9,2,10,4,9,4,0
1,42,27,6,6,1,4,5,1,1,2,3,143471.34999999998,1470,32639.0,9,3,55,94,17,69,70,39,5,9,10,1,10,6,9,5,8,9,7,5,4,5,1,10,9,1,6,8,7,1,0
0,20,43,2,6,0,1,6,4,7,9,16,26252.95,837,12502.4,9,6,41,79,42,36,78,52,1,7,6,10,10,9,10,8,2,10,7,2,6,10,3,3,4,6,4,10,9,9,0
1,43,21,4,5,0,9,6,3,4,6,12,28561.0,925,12502.4,1,2,79,33,70,96,10,32,7,1,5,10,7,4,4,10,10,5,5,4,5,9,9,9,4,5,8,9,9,8,0
1,23,23,1,6,0,7,1,6,1,16,11,37307.0,1051,12502.4,10,6,96,95,32,33,91,59,2,6,8,8,2,6,3,2,6,9,8,5,9,7,4,9,4,4,4,7,4,4,0
0,37,41,6,1,0,1,2,3,3,17,11,111454.0,1272,43610.0,2,4,33,70,23,90,13,14,2,8,8,8,9,1,7,7,5,7,8,3,4,9,1,3,4,4,2,8,4,2,0
1,19,31,2,6,0,9,4,3,5,14,9,80428.0,902,31626.0,3,7,85,77,87,78,51,16,5,3,9,6,4,5,1,9,2,1,5,1,5,9,4,7,9,5,1,10,4,9,0
1,34,26,4,4,1,1,1,2,5,1,8,55180.0,909,34972.0,6,6,62,63,84,50,44,50,6,7,7,1,3,7,3,1,9,1,6,6,4,7,2,5,7,5,6,6,4,2,1
1,29,19,1,1,1,6,5,4,5,14,12,80094.0,1035,25505.0,1,4,10,8,49,26,52,26,5,7,3,6,7,7,8,7,9,1,7,3,8,9,8,4,9,8,2,4,8,2,1
1,29,34,1,3,0,7,2,6,6,16,8,132098.0,1206,23789.0,6,3,96,73,4,59,87,50,7,10,7,4,3,3,8,5,3,10,7,7,5,5,4,8,6,6,1,9,6,4,0
0,34,30,3,3,1,8,5,3,1,10,9,117368.0,1107,13924.0,5,6,22,29,70,76,74,4,6,10,10,8,5,5,10,5,10,9,8,7,10,9,10,5,7,6,10,1,4,8,0
0,43,41,1,2,0,6,6,4,7,10,13,39396.0,1539,53794.0,2,5,10,34,14,74,32,80,4,4,1,10,5,8,5,10,8,7,6,10,10,3,10,5,5,1,8,8,1,4,0
1,27,43,2,3,0,7,2,2,5,16,15,26252.95,1073,36793.0,6,7,4,95,96,88,51,25,6,8,6,4,3,9,10,7,4,9,2,9,8,7,5,4,6,3,4,2,6,9,0
1,20,24,5,4,0,5,6,3,6,14,11,34909.0,1081,34918.0,3,7,87,11,61,71,29,95,3,10,1,2,7,6,4,1,7,5,10,1,5,4,4,5,6,6,5,10,8,2,0
0,37,26,3,1,0,2,6,6,6,6,2,64942.0,1129,42634.0,9,5,52,92,10,43,12,88,8,8,10,8,5,2,3,1,1,10,4,8,4,5,5,5,2,1,2,3,7,9,0
1,35,28,4,5,0,9,1,3,5,15,7,26252.95,837,43742.0,9,7,90,27,9,11,27,46,9,7,5,1,5,6,6,7,4,1,4,7,1,5,2,9,3,5,7,1,1,7,0
0,30,20,4,2,0,1,6,6,3,5,14,114066.0,837,12502.4,9,5,96,26,43,92,35,44,2,9,4,7,2,5,9,1,6,1,8,2,10,4,3,5,2,9,9,7,7,7,0
1,29,43,4,6,0,6,1,6,3,8,9,29499.0,1497,56068.0,8,5,13,72,14,35,41,96,10,5,1,6,7,4,3,2,5,10,5,3,1,9,1,6,6,1,5,5,4,7,0
1,43,29,1,1,1,1,5,7,2,7,6,123068.0,1011,54176.0,10,9,29,57,65,10,36,61,5,5,6,8,1,10,8,1,8,6,3,2,6,2,2,8,7,5,4,6,4,6,0
0,43,38,4,4,1,4,5,2,5,16,4,84307.0,1230,16337.0,10,6,4,33,6,85,85,70,3,9,5,1,4,4,10,1,8,6,9,10,6,4,1,2,6,9,8,3,1,5,1
0,43,20,3,4,0,4,6,2,6,15,15,143471.34999999998,968,28735.0,10,3,65,29,94,67,81,22,5,6,6,8,9,7,3,8,5,2,7,2,5,5,3,1,10,5,8,3,8,8,0
0,34,32,3,4,0,9,1,4,1,2,8,95087.0,1559,57566.3,1,6,96,73,51,53,58,20,2,7,6,8,8,1,10,5,8,1,2,7,6,4,9,8,10,6,2,1,2,2,1
0,21,38,1,1,1,5,2,2,1,3,16,75612.0,876,52288.0,4,1,31,87,12,44,33,66,7,8,1,3,3,6,10,6,7,1,4,9,10,8,2,4,8,2,1,1,1,4,0
1,40,27,6,2,0,8,2,6,5,5,5,60313.0,1559,57102.0,4,1,66,90,72,58,5,67,10,2,10,4,2,4,5,4,1,5,1,4,3,3,10,6,4,4,9,1,6,3,0
0,27,19,6,2,0,4,2,6,6,14,10,53056.0,1260,43701.0,10,6,50,34,96,24,15,4,2,10,4,10,6,8,9,9,9,3,7,3,3,4,8,9,3,8,10,3,10,5,0
1,28,31,2,2,1,1,6,2,2,3,13,30340.0,904,14289.0,3,8,17,69,70,34,89,86,4,7,8,6,9,3,3,3,5,3,3,2,3,8,1,5,10,1,4,5,8,4,0
0,23,43,1,5,0,1,5,4,6,13,4,45004.0,1185,40248.0,9,8,27,64,63,7,95,68,1,5,5,6,4,8,9,5,3,2,7,4,9,9,7,7,2,5,7,1,9,6,0
0,23,37,1,6,0,7,2,5,7,16,12,91902.0,1559,51624.0,2,9,28,6,10,65,15,62,8,8,7,7,9,4,2,8,2,9,10,1,1,3,3,5,7,5,1,7,2,9,0
1,43,23,4,3,0,1,2,6,7,18,2,105158.0,1439,39193.0,9,5,65,78,31,39,5,56,2,2,5,1,3,6,10,5,5,5,5,2,4,8,6,4,7,1,4,4,5,9,0
0,26,19,3,4,0,9,4,5,5,16,17,102268.0,1386,44520.0,3,5,22,91,64,85,49,74,3,8,6,9,10,8,8,8,5,1,9,8,4,2,4,2,2,10,3,4,4,5,0
0,32,40,1,6,0,8,3,1,1,9,17,102463.0,1559,16428.0,6,6,48,49,42,62,37,52,6,7,8,1,2,6,8,3,4,1,4,2,10,1,5,10,5,8,6,2,5,9,0
0,19,25,5,4,0,6,3,2,4,11,17,38368.0,1341,37939.0,3,2,95,5,4,21,30,72,9,1,2,9,9,6,8,7,7,8,8,10,6,2,5,8,4,2,10,5,2,10,0
0,21,19,3,5,0,5,4,2,7,8,13,49179.0,1406,23355.0,3,9,74,95,79,78,84,96,9,4,5,4,8,3,1,1,4,8,6,6,10,4,4,1,9,8,7,8,6,6,0
1,22,21,4,6,0,9,3,7,7,5,7,42777.0,1476,31566.0,10,6,4,66,38,16,5,31,9,1,5,4,9,5,3,9,9,2,10,6,4,1,7,9,3,8,5,8,1,2,1
1,34,43,5,4,0,7,3,7,5,11,5,51773.0,1508,42810.0,7,3,60,48,12,82,27,5,4,8,7,5,2,5,2,2,6,3,3,9,2,3,9,1,3,3,8,7,6,2,0
0,25,21,3,6,0,9,2,1,7,13,4,135550.0,1234,19830.0,1,7,27,6,7,86,21,9,7,4,6,8,3,3,7,9,3,6,6,4,5,5,10,8,7,5,3,10,4,3,0
0,25,22,5,6,0,1,4,4,7,17,11,48550.0,1172,18417.0,5,3,74,20,6,30,21,27,4,5,6,3,2,6,4,7,3,6,9,2,9,3,8,5,2,2,2,5,9,3,0
0,39,37,6,5,0,8,1,6,4,1,14,87363.0,1467,26062.0,4,6,96,69,21,83,76,23,7,4,5,7,4,5,7,1,8,3,6,7,3,8,3,9,4,10,3,7,3,10,0
1,29,26,6,5,0,6,4,7,4,10,17,138177.0,1421,56136.0,7,6,16,8,61,35,5,50,7,7,9,4,1,1,5,10,1,5,5,7,9,7,7,2,9,4,5,6,7,5,0
1,38,40,1,4,0,1,1,1,5,6,4,119231.0,888,27358.0,10,5,96,27,4,95,13,89,2,8,1,2,1,7,8,1,10,7,3,8,4,1,3,2,9,8,6,3,1,6,1
1,25,30,4,2,0,10,6,4,4,17,11,79281.0,933,36567.0,5,4,27,4,56,60,59,78,6,2,10,2,7,4,2,1,6,4,9,2,4,8,3,1,9,1,9,10,9,3,1
1,36,35,5,3,0,9,5,2,6,13,10,62789.0,908,17283.0,7,3,9,6,19,89,57,15,8,5,10,3,7,1,7,8,2,9,8,2,5,9,7,8,2,10,6,9,10,8,1
0,20,34,2,3,0,10,5,7,3,7,2,143471.34999999998,1095,29537.0,1,6,34,15,53,34,72,13,10,7,5,1,7,4,8,3,10,3,9,5,10,3,5,10,1,5,4,5,1,3,0
0,35,42,4,4,1,1,2,6,5,14,6,104115.0,1311,57566.3,9,6,76,62,7,96,95,69,2,6,9,5,4,7,4,10,10,6,7,2,8,5,10,7,1,6,8,5,5,2,0
0,38,19,4,5,0,10,6,1,2,13,10,137756.0,1052,56784.0,1,9,43,82,86,6,11,48,6,7,4,7,8,9,8,9,10,2,4,4,6,1,10,5,5,5,9,7,4,9,0
1,36,39,1,6,0,4,2,6,2,18,3,49232.0,1337,39340.0,5,1,87,32,96,12,49,5,1,8,4,8,4,6,2,8,7,3,2,9,7,6,1,5,8,4,10,7,8,3,0
0,36,32,4,2,0,2,2,7,3,15,12,44769.0,1043,27715.0,3,5,87,59,49,87,40,94,9,7,1,8,10,5,4,8,10,2,2,4,4,4,1,3,1,8,6,2,10,5,0
1,32,19,1,1,1,5,4,6,1,15,14,28026.0,869,54797.0,4,2,23,23,33,28,32,44,8,9,4,2,5,8,8,8,3,10,3,9,5,5,5,9,6,6,9,1,6,5,1
1,23,33,6,6,1,6,3,1,6,12,10,91703.0,1287,41743.0,7,9,84,60,45,86,15,63,10,10,7,3,9,10,3,3,2,5,1,9,4,7,6,3,3,10,1,9,7,7,1
0,33,37,4,4,1,7,2,3,3,1,7,117127.0,1055,55243.0,7,2,34,82,47,76,73,20,10,7,10,10,1,2,4,2,2,7,5,5,4,9,10,3,3,8,7,6,9,10,0
0,25,39,6,2,0,2,2,1,3,12,5,26252.95,1179,21491.0,6,8,62,74,47,91,63,5,5,7,1,4,4,1,10,2,10,6,10,3,1,5,7,5,8,8,10,10,6,2,0
0,33,22,3,4,0,3,6,3,2,11,8,49060.0,1534,55293.0,7,3,26,72,42,46,92,96,1,9,6,10,7,7,5,3,2,10,10,1,8,8,3,4,7,4,3,6,1,9,0
1,35,43,6,3,0,10,2,7,2,1,5,37309.0,1350,43228.0,3,7,65,9,58,57,90,75,10,4,5,6,8,7,8,10,7,9,2,8,6,3,5,1,7,8,1,4,9,6,0
1,37,39,1,2,0,8,2,3,4,5,17,133366.0,1262,16090.0,1,9,23,95,55,81,14,90,4,4,8,3,8,7,7,8,5,7,3,10,5,3,4,2,6,7,1,1,3,2,0
0,33,36,6,4,0,8,6,2,3,1,2,94679.0,1559,44225.0,5,2,38,81,17,67,91,37,4,5,10,1,4,2,10,5,6,6,8,7,8,5,7,9,3,10,6,3,4,7,0
0,28,22,2,6,0,3,3,3,4,1,11,41304.0,969,57566.3,10,5,24,23,15,16,70,96,8,10,4,6,6,8,9,3,6,9,2,8,4,9,6,7,3,8,1,9,10,9,0
1,24,19,3,1,0,4,6,5,6,16,10,64305.0,1274,19390.0,9,7,6,62,26,4,83,85,2,7,5,10,5,1,5,6,6,1,3,10,6,2,6,1,9,3,6,1,5,3,0
0,34,24,2,3,0,7,2,6,4,10,9,100542.0,987,16732.0,9,7,52,79,4,57,78,4,3,9,2,3,6,2,5,3,4,9,4,10,10,1,3,1,9,5,5,9,1,5,0
1,34,20,4,4,1,10,6,2,5,14,3,85110.0,1559,32910.0,9,8,78,17,45,91,73,7,2,10,10,5,6,2,6,1,2,1,2,9,10,10,10,2,6,6,9,9,3,9,0
1,29,34,3,2,0,6,5,5,6,2,3,126089.0,1022,28441.0,6,2,47,63,10,63,38,75,9,7,3,8,2,4,4,5,8,2,10,2,4,2,9,9,8,4,7,2,1,1,0
0,30,41,6,5,0,7,6,3,4,2,2,143471.34999999998,987,24107.0,9,7,31,35,80,96,11,34,1,9,6,10,1,3,3,6,4,5,7,7,2,10,8,5,10,1,7,1,7,8,0
0,27,41,5,2,0,2,3,2,7,8,9,119116.0,868,22769.0,9,4,24,57,12,9,27,32,8,5,6,10,8,6,3,7,9,4,5,2,4,10,4,3,4,4,4,4,2,4,1
0,24,20,6,3,0,7,2,2,7,4,13,117264.0,1483,15089.0,3,7,88,31,34,10,64,86,1,9,1,10,10,1,6,4,1,2,8,9,4,7,8,3,3,3,4,5,1,2,0
0,31,30,5,6,0,4,5,3,2,18,6,126839.0,1185,26513.0,7,1,66,67,6,77,84,46,3,9,10,8,6,7,3,6,3,3,1,5,9,2,6,8,5,7,3,6,6,10,0
1,40,24,6,2,0,2,6,3,5,3,9,27147.0,1174,17131.0,2,2,58,67,36,66,78,12,2,10,7,6,6,6,9,6,5,5,3,5,4,10,7,6,1,5,1,9,2,3,1
1,19,42,4,3,0,5,4,3,3,11,13,81501.0,1096,48172.0,10,6,79,31,25,96,95,67,4,3,7,8,7,5,6,5,9,10,3,8,8,9,4,1,9,3,1,7,2,10,0
1,34,41,2,5,0,9,3,2,4,5,1,105314.0,1351,18171.0,4,1,9,41,49,12,84,96,8,5,2,7,7,6,1,3,3,5,10,6,8,1,1,2,8,9,1,9,4,1,0
0,21,20,5,1,0,1,4,4,7,1,8,143161.0,1528,13690.0,9,5,32,95,40,87,67,50,4,5,10,8,1,9,5,4,4,5,9,5,4,2,3,2,10,4,3,6,4,1,0
1,38,32,4,3,0,8,4,4,4,6,1,143471.34999999998,857,44000.0,6,2,87,35,35,85,41,46,4,1,3,9,8,4,7,8,10,2,7,8,6,9,9,3,4,3,7,8,5,3,0
0,22,35,4,6,0,5,5,1,4,18,16,119586.0,1231,31690.0,9,7,87,42,11,4,41,63,5,5,6,3,6,3,7,10,9,8,10,10,9,4,6,2,10,7,2,3,10,10,1
0,37,27,2,3,0,4,4,4,3,4,16,47414.0,1482,21931.0,6,9,56,95,78,62,86,8,8,9,7,8,4,1,5,3,5,10,1,5,7,9,10,7,1,1,8,2,3,5,0
0,41,40,6,3,0,7,6,6,6,10,16,36966.0,930,52347.0,6,8,30,23,15,22,17,96,5,10,6,5,9,2,10,4,7,10,1,5,10,6,7,8,2,1,8,8,9,5,0
0,40,24,6,4,0,10,2,6,2,9,4,90587.0,908,22029.0,4,8,4,24,69,50,70,51,3,9,9,4,10,6,4,8,10,3,6,8,6,6,5,8,6,4,3,7,9,6,0
0,42,26,4,4,1,8,4,5,4,7,16,143471.34999999998,1016,30148.0,1,1,96,12,29,8,41,4,2,8,2,1,9,7,3,7,8,10,3,5,1,10,3,7,9,9,7,7,8,7,0
0,24,22,5,2,0,10,1,7,4,6,1,87326.0,871,26483.0,4,6,33,51,87,83,45,93,4,10,6,4,7,10,8,8,7,4,1,3,2,8,8,7,3,1,4,3,10,10,0
1,27,37,3,6,0,7,3,1,7,14,6,32597.0,1057,27156.0,5,3,38,55,91,96,59,57,8,10,9,3,7,8,10,4,7,2,7,8,6,5,6,6,6,7,6,1,1,9,0
0,34,25,5,1,0,9,4,3,7,1,4,142853.0,1559,25004.0,10,9,21,49,96,16,21,34,7,4,7,7,4,3,2,3,6,7,8,8,1,6,4,5,4,5,9,10,4,2,1
1,24,31,3,5,0,5,1,1,5,7,15,115222.0,1019,46650.0,10,2,85,28,31,31,10,24,5,3,9,9,5,6,7,9,6,10,4,6,6,1,7,1,2,4,7,9,4,5,0
1,19,21,3,5,0,10,1,3,3,6,10,143471.34999999998,1524,12502.4,2,1,94,47,64,63,15,28,3,4,9,4,3,7,7,3,4,10,2,8,3,9,9,3,7,1,1,4,9,10,0
0,24,37,3,1,0,2,2,4,5,14,9,98788.0,1474,50911.0,10,7,90,8,63,52,49,44,8,7,5,8,1,3,7,2,3,8,5,4,4,2,2,8,4,3,6,1,5,2,0
0,43,31,2,4,0,4,6,1,3,3,13,89583.0,1559,49755.0,4,1,80,38,96,63,25,70,7,5,6,5,7,3,8,5,3,1,2,1,5,9,9,10,3,4,8,2,3,10,0
0,41,29,1,5,0,7,5,1,2,16,6,27611.0,1559,46936.0,3,8,23,77,10,74,35,47,2,10,7,5,1,2,2,8,5,4,10,1,4,8,1,5,7,2,9,1,8,4,1
1,28,19,5,5,1,9,3,1,5,3,11,26252.95,1538,17362.0,3,3,22,88,62,46,85,9,5,10,7,10,1,4,4,5,5,5,7,4,1,6,4,1,5,6,4,2,5,3,0
0,26,30,6,2,0,5,3,2,7,10,1,26252.95,1195,33519.0,6,4,68,75,83,85,90,39,3,6,1,5,9,5,10,2,6,8,2,7,6,2,6,10,10,9,2,10,4,6,0
1,29,19,2,3,0,7,4,6,2,4,2,121437.0,1507,28451.0,9,3,52,84,11,59,95,70,3,9,5,1,6,8,1,2,3,2,3,2,3,2,4,7,7,2,6,10,1,5,0
0,20,37,5,4,0,10,4,7,2,15,10,103718.0,1306,22302.0,1,1,58,27,38,34,44,96,9,4,10,5,5,7,6,2,2,1,7,8,3,8,9,10,10,1,7,2,7,8,1
0,21,24,4,2,0,8,1,6,2,5,12,68363.0,1272,23921.0,3,7,47,19,52,21,51,89,4,3,4,6,1,1,8,1,6,8,5,10,10,4,2,3,6,1,6,10,6,4,0
1,21,42,6,6,1,2,5,2,4,3,11,42551.0,1366,50616.0,5,6,94,48,4,12,54,40,2,8,7,5,9,7,7,7,6,4,7,10,10,9,7,5,6,4,9,6,7,2,0
1,42,26,3,4,0,8,3,4,4,16,5,121760.0,990,13394.0,6,9,74,41,73,96,77,96,5,2,4,5,4,4,4,7,3,7,7,3,2,10,3,4,7,10,1,10,7,5,0
0,30,43,3,5,0,3,5,6,2,5,2,66908.0,1082,52019.0,10,5,21,53,67,77,72,27,5,8,8,8,6,9,1,1,2,10,3,6,7,10,5,6,9,7,10,7,6,7,0
1,40,34,5,2,0,6,6,1,7,7,2,129319.0,1001,35784.0,9,4,96,12,19,33,31,32,5,2,7,10,7,5,4,6,2,4,2,4,6,8,6,3,3,5,7,3,8,1,0
1,36,38,2,4,0,7,4,7,7,5,8,33827.0,1459,17651.0,10,1,30,66,35,35,23,35,4,2,5,3,8,5,5,9,3,6,5,9,2,1,7,9,2,1,5,3,1,5,0
1,27,40,2,5,0,3,3,5,5,14,11,128175.0,1029,24987.0,5,7,84,4,69,48,6,65,3,9,4,10,6,6,2,1,3,1,1,2,2,1,5,4,9,1,9,7,10,6,0
1,22,30,5,5,1,7,3,7,5,14,9,60752.0,958,16726.0,6,2,39,63,50,60,72,81,6,8,1,8,2,1,7,1,10,2,9,10,8,9,4,4,1,8,10,2,5,2,0
1,24,40,6,5,0,4,1,6,7,12,3,143471.34999999998,892,27129.0,4,6,71,95,64,9,8,93,4,5,1,1,3,10,2,10,2,6,4,9,8,7,4,8,3,7,8,2,4,1,0
0,41,27,1,6,0,8,5,7,1,9,1,46064.0,1107,13103.0,1,8,28,66,20,89,60,50,3,8,9,9,9,8,5,9,8,7,1,4,10,9,4,5,10,3,5,2,9,10,0
0,33,33,4,2,0,5,3,5,2,12,9,143471.34999999998,1095,36114.0,3,3,75,70,11,39,88,68,7,8,1,3,7,9,4,1,6,3,1,4,6,5,4,8,3,4,6,4,7,7,0
1,19,23,6,4,0,8,6,5,6,11,15,62906.0,894,52155.0,4,7,70,16,88,50,91,22,2,7,5,9,8,2,3,6,1,6,6,5,10,4,2,4,8,10,4,3,6,3,0
0,29,33,4,5,0,4,5,6,4,1,3,73720.0,1318,53241.0,10,1,66,83,25,32,24,13,8,1,3,1,5,9,10,1,10,2,4,2,8,7,6,2,8,7,8,7,9,9,0
0,19,28,5,3,0,10,5,1,4,11,13,142527.0,1330,41171.0,1,7,38,48,25,6,71,10,5,6,7,5,9,3,3,10,3,8,4,6,3,4,2,2,7,3,2,8,1,6,0
1,24,43,6,5,0,3,3,1,5,6,6,93743.0,1411,42247.0,9,4,33,25,37,41,79,88,4,1,4,9,10,10,3,3,7,3,3,9,8,2,6,6,9,1,8,1,3,3,0
0,28,37,3,5,0,1,1,6,3,12,9,117368.0,860,32096.0,3,3,4,72,74,81,71,50,7,6,6,8,4,2,7,3,1,3,4,1,7,6,7,1,5,4,8,3,2,3,0
1,30,20,1,4,0,2,1,7,6,14,14,83700.0,1114,14111.0,9,5,19,46,15,54,60,59,10,9,4,5,9,10,2,8,4,9,10,5,7,7,5,8,6,1,1,10,8,8,0
1,19,26,3,6,0,3,5,4,5,5,1,136626.0,962,29181.0,10,4,36,17,96,96,5,10,3,2,5,4,6,3,8,10,6,2,4,6,1,2,6,2,5,6,8,3,2,3,0
0,24,32,3,3,1,2,3,7,3,2,8,107262.0,1222,57566.3,8,7,26,53,42,63,87,30,7,1,9,8,6,10,1,4,4,10,5,4,3,10,7,1,3,6,10,8,7,4,0
1,32,30,1,2,0,3,5,7,3,17,9,119076.0,1327,25407.0,2,5,52,44,14,96,5,19,5,5,6,9,1,6,7,6,2,1,6,4,9,5,2,3,3,9,8,6,3,2,0
1,42,27,6,3,0,10,6,1,7,7,7,68272.0,837,49818.0,3,6,33,95,37,75,51,7,7,4,5,1,3,3,7,1,1,4,2,10,6,10,7,10,9,10,3,10,1,7,1
1,28,37,4,4,1,6,5,6,6,15,7,65054.0,1219,32414.0,10,2,92,42,13,81,74,17,2,4,7,5,8,5,1,2,10,6,9,3,10,6,3,10,9,8,7,3,5,2,0
1,19,41,1,3,0,10,5,3,2,15,6,27725.0,1082,22341.0,3,7,50,95,29,47,67,4,5,1,8,7,3,7,8,7,10,7,5,3,1,5,1,3,5,3,1,8,3,2,0
1,24,30,6,1,0,4,4,1,5,8,13,143471.34999999998,1559,24555.0,3,7,88,4,81,34,82,15,4,10,4,5,4,6,4,4,5,3,1,8,1,1,7,9,10,4,1,8,9,8,0
0,21,34,1,5,0,1,6,5,6,9,7,128077.0,837,55559.0,8,9,4,72,82,57,37,7,5,8,9,2,5,3,7,4,3,7,6,5,8,6,4,4,5,5,4,7,10,9,0
0,28,24,2,2,1,4,5,6,6,3,9,63894.0,879,12502.4,2,3,21,37,76,5,52,86,8,2,3,9,6,1,1,4,1,4,1,1,1,2,2,5,6,9,7,6,6,5,0
1,19,23,6,4,0,2,5,7,1,12,1,89136.0,1014,14631.0,1,4,39,94,9,92,14,17,8,9,6,10,6,9,1,5,1,6,1,9,3,2,2,8,5,7,8,2,6,10,0
1,33,30,4,4,1,7,5,1,2,16,14,50522.0,1250,42091.0,3,3,76,82,33,66,92,28,2,9,2,7,5,10,2,1,7,2,1,10,6,6,6,10,5,4,7,10,8,5,0
0,24,34,1,6,0,8,3,7,2,14,9,107503.0,1399,47293.0,10,9,79,4,57,32,78,72,8,4,5,10,7,3,5,8,8,5,5,5,9,4,6,2,7,6,3,3,8,9,0
1,30,32,2,4,0,8,1,1,6,13,14,129171.0,1139,16206.0,9,5,56,8,80,92,68,86,10,2,9,1,5,6,5,9,9,9,2,8,5,7,1,4,4,4,9,7,10,6,0
0,22,21,1,4,0,3,1,3,7,2,11,31664.0,999,29530.0,5,3,4,67,20,60,5,56,2,7,3,10,3,4,10,6,1,2,5,1,2,4,5,10,7,4,1,2,10,5,0
1,34,32,6,1,0,4,3,1,2,2,14,26252.95,1315,15217.0,3,7,21,58,8,72,12,67,2,6,1,3,7,10,5,5,1,2,5,8,5,8,7,3,4,9,2,8,10,3,0
1,38,31,6,2,0,6,1,1,3,17,1,85515.0,1043,55621.0,6,2,51,95,36,77,75,4,10,7,6,4,1,6,10,5,10,3,5,6,7,6,2,1,2,10,9,5,2,4,1
1,29,38,2,4,0,3,1,7,6,2,7,143471.34999999998,1468,35393.0,4,3,90,65,94,64,7,23,4,8,6,2,9,2,4,9,4,2,8,7,5,1,5,6,4,10,6,6,5,10,0
1,36,28,6,6,1,5,6,1,2,8,3,26252.95,1314,28532.0,3,2,4,62,12,66,54,90,8,1,1,2,7,4,5,5,4,8,4,5,10,7,3,10,7,8,1,7,3,7,0
1,24,41,1,5,0,8,2,6,4,18,7,126884.0,943,47960.0,6,7,4,61,28,55,95,29,7,9,2,8,4,7,6,5,1,2,3,3,3,2,1,4,4,10,2,3,9,10,0
1,23,21,1,1,1,8,1,5,5,13,4,101029.0,1380,26753.0,2,3,35,34,65,29,40,55,6,4,7,2,6,2,2,2,8,3,4,6,1,2,2,7,4,9,7,6,7,7,0
1,25,20,4,4,1,1,1,5,2,6,13,83081.0,849,48282.0,4,7,56,4,56,28,5,19,6,4,4,5,9,3,2,5,5,9,5,8,9,1,9,10,1,10,5,2,9,8,0
0,30,19,3,1,0,9,1,3,4,14,13,35304.0,1065,47543.0,1,1,48,93,48,8,5,52,4,7,7,4,10,9,1,6,10,4,9,8,9,1,4,7,6,8,7,2,10,5,0
0,22,37,2,1,0,9,4,7,4,5,8,38760.0,1323,14707.0,6,1,56,72,86,86,41,67,8,8,9,10,6,4,8,3,10,9,1,9,2,9,8,5,7,10,5,10,2,2,0
0,19,43,6,1,0,1,1,2,2,4,15,40488.0,1213,29363.0,5,9,84,81,58,46,30,50,3,6,10,6,9,10,4,4,3,8,4,7,4,9,6,4,9,9,5,3,6,3,0
1,26,27,4,2,0,6,2,2,5,17,7,40205.0,892,25885.0,5,4,88,24,96,68,74,96,6,4,7,5,8,1,8,8,7,8,9,5,6,8,1,5,1,3,1,3,6,2,0
1,28,30,4,6,0,10,5,3,7,15,12,74877.0,1559,16882.0,9,8,70,32,48,77,41,70,2,8,6,9,3,10,2,9,3,7,1,5,1,2,1,3,4,1,4,9,10,9,0
1,41,37,2,1,0,9,1,2,1,11,7,131001.0,987,27472.0,4,3,84,85,94,15,77,29,10,9,4,1,3,8,6,2,2,8,2,3,10,6,4,7,9,2,2,8,5,8,0
1,23,43,5,1,0,2,5,4,2,17,17,34532.0,1375,13375.0,2,7,59,4,63,12,42,91,3,3,10,10,3,5,8,7,1,7,3,9,10,8,8,4,2,5,4,4,4,10,0
1,43,38,6,3,0,2,1,5,3,5,14,26252.95,1347,31181.0,7,5,20,69,30,24,17,54,10,5,6,8,10,3,4,1,8,2,5,6,3,2,4,10,5,2,6,2,5,6,1
1,24,40,1,4,0,3,5,5,2,13,1,131983.0,1481,33905.0,3,1,75,37,54,89,54,38,9,4,5,9,2,8,1,8,5,9,6,2,1,8,3,1,3,10,8,4,9,7,1
1,42,42,1,4,0,9,6,7,5,13,13,32835.0,1542,31263.0,3,9,66,73,5,51,13,95,5,4,9,1,7,7,9,7,9,2,5,1,5,3,5,8,9,10,4,6,7,4,1
0,24,35,3,1,0,5,2,5,3,12,16,30640.0,1041,34731.0,4,1,17,83,43,94,86,20,2,5,3,6,6,9,2,6,2,8,5,4,3,4,4,5,8,10,5,3,6,6,0
1,36,38,6,1,0,6,5,7,4,5,9,65194.0,1484,21106.0,6,2,31,61,4,36,46,67,7,4,2,6,9,9,4,5,9,8,8,5,9,5,8,7,7,4,1,4,1,5,1
0,23,33,4,3,0,6,5,2,4,6,10,48542.0,1135,36954.0,2,2,93,95,59,61,5,93,9,4,1,9,3,1,8,4,8,8,7,1,10,3,2,4,9,4,6,8,5,5,0
0,28,28,2,1,0,3,4,1,7,14,6,92401.0,1248,52003.0,6,3,61,93,88,45,44,92,10,2,9,6,8,6,9,8,5,1,7,2,7,2,9,5,10,10,3,3,3,6,0
1,28,27,4,1,0,6,6,4,5,2,16,79925.0,896,34587.0,4,1,34,81,61,96,92,56,8,3,9,3,3,6,5,4,9,3,5,7,2,10,6,3,3,10,2,7,3,8,0
1,24,26,4,2,0,6,5,4,6,10,5,124725.0,1458,23944.0,10,5,57,72,20,63,46,75,3,5,6,8,8,2,2,8,4,6,2,10,1,1,8,7,10,3,8,2,6,1,0
0,19,29,3,5,0,8,5,1,7,4,6,26252.95,1493,56560.0,2,7,15,75,67,85,88,5,8,2,8,1,6,7,1,1,1,1,1,8,9,1,3,2,5,3,4,7,5,1,0
0,36,36,6,1,0,2,6,5,1,2,12,59481.0,1018,46970.0,6,8,89,60,37,28,44,76,1,9,3,7,5,5,10,7,9,8,8,8,10,5,1,6,9,4,3,9,7,3,0
1,21,19,4,4,1,3,4,2,6,13,7,73330.0,1147,30691.0,7,7,40,65,6,51,71,93,2,10,10,5,10,5,10,4,8,3,8,2,3,3,9,3,9,4,2,10,8,8,1
1,43,35,4,1,0,6,5,2,1,6,2,143471.34999999998,883,23359.0,2,5,76,25,37,24,19,30,10,1,9,8,5,6,7,3,4,2,1,4,10,5,7,9,7,4,4,2,4,4,0
0,23,31,2,5,0,10,1,5,6,16,13,34816.0,1068,16912.0,9,8,25,41,36,66,94,7,9,5,8,2,6,5,6,5,8,8,8,2,10,9,1,8,2,3,7,7,2,4,0
1,34,39,5,2,0,5,6,1,5,2,6,26252.95,859,43094.0,2,7,61,21,27,29,17,77,7,8,3,9,2,8,2,6,2,10,5,2,8,10,8,9,3,1,8,9,6,8,0
1,42,38,1,2,0,1,5,2,6,11,14,87953.0,1455,35648.0,1,7,96,4,50,35,5,53,9,3,5,10,6,7,9,3,8,2,8,7,4,4,6,2,2,9,4,8,5,1,0
1,22,19,1,6,0,9,4,1,3,2,14,82991.0,1205,57566.3,3,1,33,28,96,34,16,96,10,1,6,9,10,3,10,7,5,8,4,6,7,2,6,1,3,2,9,4,6,9,0
0,24,34,4,2,0,4,3,5,7,6,15,30573.0,996,46989.0,7,7,44,80,66,23,35,4,10,9,8,6,4,3,4,4,7,2,9,3,6,10,7,6,8,6,4,8,9,8,0
0,26,28,3,6,0,6,1,5,3,6,11,120950.0,935,14122.0,9,1,11,15,45,95,5,31,3,3,10,6,5,9,6,3,3,9,5,2,2,7,1,2,7,5,10,4,10,9,0
0,42,37,6,3,0,9,6,2,7,8,9,62177.0,941,55760.0,5,4,85,92,53,80,5,63,4,1,5,7,5,9,7,4,10,2,9,3,5,7,7,5,4,10,10,5,6,5,0
1,19,32,6,2,0,4,6,2,2,9,12,104788.0,904,56480.0,3,3,82,95,49,4,5,37,5,3,2,7,9,2,8,2,10,6,3,4,2,7,4,9,10,7,5,3,1,8,0
1,19,21,4,1,0,10,4,5,2,12,11,117426.0,960,57566.3,6,7,37,95,53,96,16,10,8,1,9,8,8,10,10,3,4,8,1,4,6,2,9,6,9,3,10,5,4,7,0
0,36,32,5,2,0,5,4,5,2,2,15,26252.95,944,36397.0,4,9,75,42,8,27,21,96,7,7,6,7,7,8,5,4,10,3,9,5,6,7,5,7,6,3,5,8,6,5,0
0,23,39,5,1,0,3,3,7,4,15,12,133003.0,837,36719.0,2,8,35,76,17,59,63,85,9,7,8,5,3,3,1,3,6,4,5,2,6,1,8,9,4,1,4,10,2,5,0
0,35,39,2,6,0,10,6,2,3,11,1,87839.0,1347,52133.0,3,8,76,20,95,66,54,45,2,3,8,2,9,1,5,9,10,10,6,9,2,3,2,5,9,9,8,7,10,4,0
1,27,43,5,3,0,1,3,6,2,4,14,110602.0,1519,24450.0,7,5,16,93,65,6,44,83,2,1,1,9,1,5,1,10,4,3,9,1,6,10,1,7,8,10,5,5,1,8,0
0,28,31,4,5,0,5,2,6,6,17,11,60798.0,1553,14145.0,4,2,96,79,87,40,5,66,2,6,2,7,8,5,10,3,4,3,7,9,9,1,6,3,2,9,7,10,5,10,0
0,19,39,5,5,1,10,6,2,6,18,5,54253.0,1473,44856.0,5,7,92,23,27,4,26,96,9,4,7,5,6,5,5,4,8,2,7,7,10,3,8,10,2,1,5,7,9,2,0
1,19,19,5,6,0,4,4,3,5,11,7,118214.0,1112,19056.0,6,7,82,17,18,42,69,96,3,4,3,10,1,2,2,10,9,2,8,1,8,3,6,3,9,4,4,2,3,7,0
1,30,43,5,3,0,5,5,5,7,5,16,143471.34999999998,1037,30321.0,4,6,50,24,36,82,37,49,8,1,1,10,5,10,4,5,5,8,3,7,1,7,3,3,8,5,5,7,5,7,0
1,22,26,3,3,1,4,3,3,1,13,1,123729.0,1214,29909.0,10,4,76,82,4,91,84,4,3,3,6,8,2,2,7,4,4,1,9,3,7,10,7,5,6,9,1,1,9,1,0
0,37,43,1,6,0,10,2,5,5,9,6,109239.0,1270,37776.0,9,4,12,4,21,84,85,76,3,8,5,5,5,8,1,1,9,8,1,9,5,5,7,2,4,8,5,7,7,3,0
1,19,24,3,1,0,4,3,5,6,6,16,102763.0,1044,38773.0,2,1,33,74,67,9,76,84,10,9,2,7,1,5,5,7,7,2,2,7,8,3,6,5,7,7,7,5,9,8,0
1,37,40,3,6,0,9,6,2,6,4,14,94277.0,1236,22769.0,1,5,48,75,89,11,38,89,7,1,4,9,2,6,7,7,7,1,10,7,9,8,3,4,4,7,4,1,8,6,0
0,20,28,6,1,0,7,4,7,3,3,10,140581.0,1352,57566.3,1,2,11,44,60,32,36,16,2,4,6,6,1,9,5,10,4,1,1,6,7,3,3,3,7,8,4,10,6,2,0
1,35,40,1,1,1,8,4,2,5,6,2,127623.0,1086,49855.0,9,3,67,53,45,19,60,39,4,7,4,7,3,10,1,6,5,9,2,5,6,8,6,3,9,10,3,3,8,3,0
0,26,19,4,3,0,5,6,7,5,11,12,61320.0,1194,13004.0,3,8,79,49,55,65,95,4,4,8,8,8,4,7,2,2,10,8,8,6,6,5,6,8,9,6,6,3,9,6,0
0,31,19,3,5,0,7,1,6,6,7,8,143471.34999999998,1381,38466.0,1,7,57,87,31,68,87,79,2,3,4,8,6,1,8,2,10,5,2,7,3,1,5,2,3,8,8,6,5,4,0
1,43,23,4,2,0,2,3,3,6,9,4,52632.0,869,45192.0,9,8,32,10,56,15,66,59,5,9,7,6,9,8,5,5,5,9,2,7,5,6,1,7,8,8,1,1,5,9,0
1,34,40,4,5,0,10,6,5,3,5,13,82513.0,1079,12503.0,8,6,89,7,94,69,81,96,10,10,9,9,7,10,4,3,8,7,4,1,7,4,7,10,4,3,3,2,2,6,0
1,40,36,5,5,1,5,4,6,2,15,14,59248.0,1047,35088.0,7,2,41,61,30,34,26,61,7,5,9,5,9,8,8,1,4,3,6,9,5,9,9,4,4,10,8,1,2,5,0
1,31,37,3,4,0,6,2,4,1,18,8,62938.0,1082,37673.0,3,9,45,86,14,65,91,12,10,8,7,9,5,9,2,4,6,5,10,9,7,6,8,3,5,4,3,7,7,2,0
1,21,31,1,5,0,7,5,6,1,11,8,49515.0,1303,17147.0,4,8,60,26,23,75,56,96,1,2,5,7,10,6,2,7,10,5,8,9,3,8,5,10,9,5,5,2,6,7,0
1,22,20,5,6,0,7,2,4,6,8,5,102631.0,1491,40686.0,2,3,23,33,71,45,15,91,3,4,9,10,8,1,1,1,7,2,7,8,9,1,2,4,9,10,8,2,7,3,0
0,43,24,4,2,0,9,4,3,4,14,16,30478.0,1252,37115.0,5,4,83,50,21,10,81,57,3,7,2,4,1,8,5,9,7,7,2,9,3,2,1,9,7,3,7,9,5,1,0
0,38,24,1,3,0,4,5,2,2,14,15,78152.0,1411,57566.3,10,6,47,35,42,96,68,80,1,7,8,10,7,1,3,4,1,8,1,3,5,5,10,4,4,4,9,6,7,10,1
1,34,21,5,4,0,1,1,3,4,9,2,82001.0,1302,29661.0,8,4,48,88,55,30,90,4,9,6,1,10,9,10,9,7,1,9,3,2,2,7,10,10,10,3,6,5,2,6,0
0,39,40,5,5,1,10,3,1,1,11,14,53988.0,1496,54923.0,1,1,48,41,14,73,37,20,9,9,6,5,7,8,1,1,10,1,4,5,2,6,2,7,1,7,5,1,5,9,0
1,42,22,1,4,0,2,2,5,4,18,9,143471.34999999998,1559,15721.0,7,4,38,84,16,59,73,94,2,2,7,5,10,4,1,2,5,4,4,7,3,7,6,1,5,5,6,5,5,8,0
0,19,34,2,5,0,1,4,1,2,4,8,89546.0,1031,28267.0,7,2,59,53,21,60,63,26,1,2,9,1,5,2,4,8,5,9,1,10,5,1,8,2,1,5,6,4,8,9,1
0,40,43,5,6,0,4,1,1,1,12,4,87922.0,1011,23624.0,2,1,68,60,34,52,49,41,3,8,2,4,3,2,7,8,1,6,10,2,1,7,7,9,1,1,10,7,1,6,0
0,39,21,5,3,0,10,3,6,5,5,7,37226.0,1559,39907.0,7,5,58,60,18,46,76,80,8,9,10,2,8,3,8,9,8,2,6,9,7,5,2,8,7,3,9,6,8,5,0
1,22,40,5,3,0,7,2,6,1,11,1,34522.0,1292,18891.0,5,7,27,90,4,66,21,15,9,10,10,9,6,6,2,7,1,2,6,7,6,6,2,10,5,5,9,9,10,8,0
0,21,30,5,2,0,5,1,4,6,6,15,47532.0,1008,56320.0,4,8,48,37,7,30,53,62,5,8,5,9,8,5,9,3,10,2,10,3,3,8,9,4,6,3,3,6,5,7,0
1,21,33,5,5,1,7,1,5,4,16,11,143471.34999999998,945,45965.0,8,2,9,48,83,37,91,22,9,1,4,4,5,5,8,6,3,5,3,8,9,7,1,1,1,5,10,9,5,5,1
0,23,33,5,6,0,9,3,2,1,12,3,27082.0,962,17142.0,1,3,67,85,8,43,37,43,10,6,3,5,1,9,10,5,4,6,6,1,3,8,3,3,10,9,9,4,8,6,0
0,37,19,4,6,0,6,4,2,3,5,17,68697.0,1496,28703.0,4,1,32,6,4,55,16,82,7,8,5,1,3,4,4,3,6,7,4,8,2,8,2,7,3,5,10,6,10,2,0
0,38,35,5,5,1,6,2,7,5,3,17,114479.0,1389,34753.0,5,2,29,24,49,43,33,30,1,1,5,9,1,9,4,9,4,2,2,1,3,9,5,6,6,7,3,2,1,8,0
0,30,19,4,6,0,5,6,7,1,10,13,97400.0,1134,52918.0,10,8,19,85,33,54,53,83,9,10,7,8,4,3,1,5,3,8,1,5,9,5,4,3,8,4,4,1,10,3,0
0,39,35,2,5,0,2,6,7,4,18,7,73304.0,1215,35917.0,2,3,78,14,83,65,68,66,10,2,4,6,10,6,4,9,2,3,7,8,10,9,8,9,7,8,3,3,1,10,0
1,22,43,1,1,1,10,1,6,4,6,5,34896.0,1275,57566.3,7,3,22,7,96,38,80,11,5,2,9,7,7,1,3,10,7,9,4,8,7,4,10,10,9,1,4,6,10,6,0
1,40,25,6,3,0,8,2,3,5,10,8,108206.0,1025,36441.0,10,3,90,32,90,90,70,42,6,3,10,10,7,9,10,4,9,2,10,5,2,2,5,2,10,9,3,7,2,10,1
0,42,28,6,4,0,4,3,1,4,18,9,110506.0,922,44484.0,3,4,96,56,86,91,25,5,10,5,9,6,10,7,10,8,6,10,4,4,6,4,3,2,1,10,5,6,9,4,0
0,43,41,5,3,0,4,6,3,4,5,6,142108.0,1446,44400.0,7,8,41,4,52,42,27,48,1,8,5,3,9,9,10,2,10,8,3,5,7,3,9,3,6,8,9,9,6,1,0
0,40,41,3,3,1,2,1,6,2,13,6,26252.95,1173,51000.0,4,7,96,43,90,74,70,96,7,4,5,9,1,9,8,10,6,3,8,9,1,5,3,5,9,9,10,9,10,4,0
0,24,32,2,2,1,6,5,4,6,8,4,132114.0,857,29354.0,5,4,56,63,8,51,23,26,1,5,1,8,5,10,8,2,8,4,5,1,10,10,2,7,3,2,9,8,9,7,0
1,37,33,5,4,0,3,4,7,4,12,2,82232.0,1185,16751.0,10,7,5,86,69,65,45,16,1,1,8,4,8,3,6,2,9,8,4,8,9,5,5,1,5,6,5,5,2,7,1
0,19,34,2,3,0,8,2,1,5,5,17,50121.0,1452,33096.0,3,4,32,63,36,73,11,42,2,3,2,10,5,3,7,7,4,3,1,10,1,10,8,8,4,8,6,4,5,7,0
1,31,34,2,3,0,4,1,5,6,11,10,95403.0,1063,42318.0,9,2,18,25,60,19,5,74,5,2,4,5,10,3,6,4,10,3,3,1,4,2,4,3,6,9,5,2,6,9,0
0,41,29,6,2,0,10,4,3,3,7,5,95374.0,1434,35543.0,7,8,6,10,14,92,58,66,8,4,3,10,8,9,2,7,6,2,5,10,4,4,1,3,8,7,8,6,1,2,0
1,21,27,6,4,0,1,2,6,7,2,16,46301.0,1412,21234.0,4,6,96,27,64,16,32,78,2,1,10,1,3,10,4,8,3,6,10,10,7,6,4,8,7,7,4,4,9,5,0
0,34,37,4,5,0,9,2,6,4,5,15,26252.95,888,57566.3,4,5,10,34,11,6,47,22,1,3,4,1,10,1,3,3,1,10,5,7,2,1,2,5,7,5,4,7,3,10,0
0,38,23,2,3,0,7,3,7,6,18,15,106090.0,837,45230.0,1,6,71,95,91,57,81,25,5,4,3,8,9,2,8,10,5,2,5,5,6,4,6,2,4,4,5,9,8,6,0
1,31,25,3,2,0,5,5,6,3,2,14,127005.0,1112,37436.0,3,5,58,71,64,4,60,33,8,9,10,1,7,2,4,8,4,7,10,7,7,4,8,8,5,1,9,3,7,7,0
0,33,30,1,6,0,2,4,5,1,13,17,143471.34999999998,837,49725.0,6,9,53,47,48,82,38,20,2,6,1,3,7,8,10,7,10,6,8,9,7,1,5,4,1,8,7,4,3,1,0
0,31,19,1,2,0,5,5,4,1,8,16,96642.0,963,57566.3,7,9,26,18,40,10,75,96,1,2,3,3,5,7,4,1,7,2,4,4,6,8,2,7,6,8,6,4,6,9,0
0,33,36,3,1,0,2,2,4,4,2,8,27390.0,1335,28115.0,6,9,61,9,84,57,42,57,8,9,6,2,4,6,8,1,8,6,9,5,10,8,10,10,8,9,7,2,6,10,0
1,41,39,3,2,0,9,5,7,1,3,11,90435.0,952,57566.3,4,3,21,9,96,92,56,8,4,7,7,8,10,8,10,2,7,5,1,2,6,6,9,3,4,9,8,4,1,10,0
0,37,27,3,2,0,4,4,3,3,9,12,69606.0,1175,19474.0,8,5,82,27,17,33,87,11,9,10,8,3,2,3,5,3,2,2,10,2,6,4,4,4,7,3,9,9,9,1,0
0,25,21,2,5,0,2,2,1,3,13,14,38053.0,872,34883.0,3,6,19,69,54,44,81,25,6,10,10,4,7,3,10,7,8,5,10,10,10,8,9,10,1,9,4,4,4,8,1
1,41,29,5,1,0,8,6,6,3,7,12,118835.0,1493,22756.0,8,4,46,72,34,34,34,47,3,3,6,3,8,7,3,1,1,6,5,8,10,8,6,4,5,9,5,4,5,1,0
1,20,35,6,6,1,3,3,6,6,5,8,136034.0,1170,57566.3,2,6,43,17,23,65,44,12,3,2,9,10,3,1,8,9,6,3,10,9,3,6,2,3,5,3,1,4,10,7,0
1,42,24,4,6,0,10,1,4,4,6,7,58132.0,1469,51520.0,1,4,58,17,19,78,87,50,3,5,3,9,3,3,6,10,9,4,5,4,5,7,5,4,4,4,6,5,3,1,0
0,36,37,2,1,0,9,6,3,2,17,9,26252.95,1559,24364.0,8,2,50,57,36,73,6,71,10,1,8,8,10,6,10,4,4,10,10,4,6,8,4,4,6,1,2,4,1,1,0
0,19,41,2,5,0,1,5,3,5,4,10,85001.0,988,57566.3,7,5,92,68,89,32,5,54,2,6,1,7,2,4,8,8,3,4,8,3,2,9,10,4,6,6,7,7,6,1,0
0,19,41,5,5,1,6,1,4,6,7,6,112174.0,1392,57566.3,3,4,16,83,64,12,48,9,1,5,5,6,9,6,4,5,7,1,7,5,1,7,7,3,3,9,3,7,10,10,0
1,32,40,3,5,0,6,6,6,2,10,4,129144.0,916,30675.0,3,8,58,44,39,45,75,67,2,8,9,7,4,8,9,3,10,6,3,6,2,9,10,10,9,1,7,7,9,5,0
0,39,43,4,1,0,1,3,5,2,5,10,44150.0,1161,20320.0,7,6,87,29,41,33,38,58,6,3,1,10,4,1,8,3,7,9,10,3,6,5,3,1,3,2,5,5,8,2,0
0,27,42,1,5,0,6,1,5,2,17,16,51671.0,1280,52761.0,7,3,15,55,62,60,67,20,10,3,8,4,3,7,2,3,4,6,3,5,6,1,3,9,9,9,3,4,8,6,0
1,35,21,4,3,0,4,5,7,6,15,7,92316.0,1198,13768.0,8,3,66,5,51,21,11,16,1,7,7,4,5,9,5,6,6,7,6,4,3,10,5,2,8,4,1,4,3,3,0
1,39,24,1,2,0,5,4,5,2,16,1,99545.0,848,30088.0,6,8,79,55,96,4,66,42,9,9,3,9,9,4,4,5,9,3,10,3,9,1,2,8,9,7,7,10,3,4,1
1,31,27,2,4,0,8,3,6,3,15,5,44384.0,1546,36856.0,2,1,42,25,72,55,27,78,5,10,1,1,6,3,3,9,10,1,7,4,7,8,6,5,1,10,7,1,4,6,0
1,34,43,6,6,1,8,1,1,1,4,15,122351.0,1477,26115.0,3,2,38,28,84,12,62,16,6,10,2,2,7,6,5,1,8,1,7,9,1,4,7,10,3,4,8,5,9,6,0
1,43,32,3,2,0,7,3,7,2,9,11,59482.0,1294,57566.3,1,4,76,38,30,24,18,40,4,8,4,9,9,8,5,2,8,10,7,5,6,4,3,5,8,9,7,1,10,7,0
0,30,29,6,5,0,6,6,2,2,1,3,38428.0,972,57566.3,2,5,41,28,57,24,72,50,1,8,6,1,10,2,5,7,10,4,5,1,6,6,8,4,10,10,3,5,5,1,0
1,19,19,6,2,0,2,6,2,5,12,6,26252.95,837,57566.3,4,3,54,16,77,96,71,29,5,2,8,2,9,6,8,6,3,9,3,10,6,3,1,9,10,10,4,9,10,1,1
0,22,37,3,1,0,5,4,5,2,16,10,72938.0,1559,34655.0,5,5,35,29,56,52,93,76,3,5,10,4,4,6,7,9,3,10,1,1,10,5,3,3,4,7,8,10,7,2,0
0,43,35,3,3,1,6,3,6,1,16,8,62260.0,837,33475.0,1,6,60,83,4,78,19,27,6,5,7,2,8,4,8,5,8,8,4,6,6,4,1,2,9,9,3,1,7,10,0
1,30,42,3,4,0,2,4,2,3,3,16,35747.0,1546,13131.0,8,2,74,50,21,63,72,79,7,9,2,2,9,9,9,2,7,9,10,2,6,5,2,4,4,9,5,4,5,3,0
1,43,33,4,6,0,9,1,2,7,9,8,68947.0,1255,55692.0,4,2,96,60,57,33,32,62,6,1,7,7,5,9,2,10,7,5,6,8,1,9,3,3,1,5,8,4,6,9,0
1,42,22,3,1,0,5,2,7,7,12,5,28798.0,1552,19575.0,10,6,23,91,43,79,5,36,2,8,9,8,10,2,5,2,5,3,6,6,8,2,3,10,8,9,1,7,6,4,0
0,31,36,2,2,1,5,1,3,1,3,16,137282.0,1006,32987.0,3,2,7,33,29,76,86,43,4,10,4,7,3,2,7,2,8,5,7,1,8,3,5,2,2,1,2,6,10,1,0
1,41,21,6,4,0,9,6,1,2,18,3,126884.0,1412,39711.0,5,4,41,30,54,88,21,28,3,8,8,10,9,9,6,10,10,3,9,1,1,10,9,8,3,5,7,6,1,3,0
1,20,23,6,4,0,6,1,5,7,17,4,66724.0,1323,43232.0,7,2,5,28,51,87,24,56,7,2,9,8,1,1,9,1,5,9,4,5,7,3,9,5,5,2,9,7,6,1,0
1,32,43,1,4,0,6,3,3,1,16,4,99308.0,1019,24102.0,2,2,57,53,80,63,78,71,6,8,8,8,2,8,7,5,7,3,8,7,4,5,5,9,3,6,9,5,2,5,0
1,36,34,1,2,0,2,1,3,4,15,3,98498.0,1260,27298.0,9,6,93,26,59,87,9,28,8,10,9,3,4,9,5,5,3,1,9,10,1,1,4,6,1,6,10,4,3,3,0
1,34,24,5,2,0,9,3,7,4,2,16,132351.0,898,15780.0,9,3,19,14,80,81,17,44,5,5,6,10,4,2,2,9,10,7,8,5,2,9,6,6,10,6,4,1,5,8,1
0,20,41,3,4,0,1,2,2,2,5,2,71208.0,922,24323.0,9,8,92,86,13,79,8,93,2,5,2,5,4,8,7,10,7,7,10,9,6,4,6,7,9,6,9,3,7,8,0
0,33,40,1,5,0,9,1,7,2,13,5,46291.0,1505,57163.0,1,1,66,34,19,23,5,55,3,7,2,4,1,3,4,10,10,8,7,1,5,6,8,6,7,9,10,7,10,6,1
0,31,24,3,2,0,4,1,3,3,1,7,81603.0,1210,27951.0,6,8,41,33,33,41,68,85,7,4,1,8,1,5,1,3,8,5,8,4,4,10,3,6,5,9,1,10,10,1,0
1,29,26,2,5,0,1,2,1,5,5,16,121031.0,1090,29015.0,3,1,20,62,96,47,84,87,7,4,4,3,4,2,5,4,1,6,8,10,5,1,7,8,4,2,9,5,4,7,0
1,29,30,6,2,0,5,3,4,7,13,14,109485.0,1454,52145.0,1,1,92,47,82,24,20,82,2,6,3,7,4,10,1,2,4,7,8,6,4,5,10,9,2,1,8,2,5,5,0
1,28,37,5,4,0,2,2,1,1,4,16,90223.0,1131,22829.0,4,1,44,95,78,84,20,57,2,5,6,7,7,9,10,4,1,3,3,8,7,6,7,7,4,4,10,5,6,7,0
0,34,31,6,4,0,6,4,4,4,10,14,73093.0,1368,20516.0,7,8,70,4,14,12,37,40,2,9,3,6,4,8,6,5,2,2,6,10,9,6,5,9,7,8,7,5,2,9,0
1,25,33,2,6,0,2,3,5,3,1,8,140708.0,965,57566.3,7,5,92,42,53,69,52,60,6,1,9,6,10,3,5,4,9,3,2,9,10,1,9,4,10,3,1,4,4,1,0
1,34,40,5,2,0,9,2,4,7,18,5,74243.0,1061,52733.0,2,1,65,90,76,28,75,18,7,4,6,4,1,3,8,1,7,4,6,8,8,5,2,5,2,5,10,4,10,10,0
1,38,26,1,3,0,8,6,6,1,4,9,71285.0,1221,38140.0,6,2,46,83,48,35,56,92,1,5,7,4,6,5,3,3,10,10,7,9,5,3,2,1,6,7,10,7,5,7,0
0,42,32,4,3,0,2,6,4,4,16,9,61301.0,936,50457.0,5,6,75,69,53,75,21,72,8,8,9,2,6,10,6,7,1,2,8,7,2,2,10,9,5,3,2,5,1,10,1
1,40,22,5,6,0,5,5,5,6,11,14,126350.0,1424,14418.0,9,4,14,83,53,7,53,36,4,1,6,8,1,2,1,6,1,4,8,8,8,3,4,9,5,6,3,10,10,9,0
0,37,35,1,4,0,9,5,4,3,11,17,50184.0,1092,57566.3,2,7,27,92,71,73,95,11,4,8,5,8,5,8,1,7,10,10,3,1,6,8,1,6,3,8,3,2,3,7,0
1,28,38,6,3,0,8,2,2,2,16,4,57742.0,1482,18450.0,8,7,96,92,58,63,95,96,9,3,1,10,6,7,6,1,8,6,10,4,5,3,7,5,3,4,2,6,10,1,0
0,42,37,5,5,1,4,6,4,5,17,16,45710.0,1522,49986.0,7,5,13,83,7,44,29,90,8,10,6,7,9,3,7,10,7,9,8,5,3,4,7,6,1,5,10,2,7,5,0
0,42,25,6,6,1,10,5,7,1,2,14,26757.0,1517,42871.0,9,1,14,50,68,25,90,80,10,4,4,5,6,6,3,10,6,7,8,7,9,4,7,10,4,4,9,3,3,7,0
0,19,32,2,6,0,2,1,7,2,17,14,96029.0,1406,23436.0,1,9,67,49,90,11,53,23,9,5,5,10,8,8,10,1,7,8,5,5,10,7,4,1,1,10,1,4,8,7,0
1,27,38,5,1,0,1,5,6,4,4,3,132365.0,1380,48427.0,5,2,81,4,76,42,55,24,2,8,10,9,8,4,7,10,2,9,4,5,10,2,9,7,2,9,7,6,6,5,1
1,27,42,2,3,0,8,3,4,1,15,10,35354.0,1538,39989.0,9,2,68,65,18,83,95,61,7,2,4,2,10,3,9,8,9,8,3,10,6,6,8,9,4,3,5,1,7,8,0
0,28,26,6,6,1,4,5,4,1,4,9,113268.0,837,19767.0,3,9,28,35,48,61,94,13,6,3,5,7,3,1,2,5,6,10,5,9,8,1,3,1,5,8,9,1,1,10,0
0,23,36,1,2,0,2,4,5,1,1,5,103782.0,1234,52380.0,7,1,35,77,17,4,84,22,1,8,5,7,1,7,4,7,2,4,3,7,7,1,10,5,5,9,7,5,4,9,0
1,21,43,2,2,1,5,2,2,3,7,11,81176.0,1183,50561.0,5,3,48,28,18,37,24,88,10,4,6,7,7,4,8,1,9,3,10,7,1,4,6,10,10,1,1,7,10,2,0
1,41,39,1,2,0,8,4,6,7,10,11,115550.0,1559,16320.0,8,6,87,6,23,26,68,42,4,4,10,9,2,9,10,9,4,5,6,10,1,4,5,1,7,10,1,2,2,8,1
0,29,23,4,6,0,9,2,4,2,4,15,89304.0,1559,32593.0,4,7,5,79,9,70,11,6,9,8,8,2,8,3,5,8,9,3,6,1,3,8,3,2,8,6,3,6,7,1,0
1,28,21,4,6,0,6,1,4,2,7,10,143395.0,1222,31688.0,7,3,41,95,89,6,30,38,1,3,4,5,6,7,9,7,9,4,9,6,3,3,1,10,10,3,3,3,6,8,0
1,40,28,2,1,0,8,4,5,3,17,11,130708.0,1424,57566.3,6,8,87,87,82,71,68,57,7,3,8,3,3,5,1,9,1,4,7,9,9,7,9,7,9,4,5,6,1,7,1
1,40,27,3,3,1,10,1,3,4,15,17,26536.0,1080,54952.0,4,7,74,95,45,48,78,19,2,6,9,10,6,3,5,10,2,1,8,9,10,4,3,3,6,2,10,1,7,7,0
1,43,20,6,4,0,5,4,7,7,2,10,70062.0,837,45000.0,10,5,14,41,12,28,7,75,10,1,4,9,2,5,5,7,10,8,9,1,8,7,9,4,8,1,4,6,4,6,0
0,43,19,4,1,0,10,2,4,4,12,9,119427.0,1361,26342.0,10,7,23,92,27,87,50,82,10,2,6,1,10,4,3,10,9,1,8,7,8,6,6,2,2,8,9,1,6,7,0
1,42,29,2,6,0,7,3,6,2,11,15,139752.0,1119,21465.0,5,5,54,78,71,26,40,9,1,6,5,4,9,10,1,5,8,6,2,5,9,4,10,7,4,8,5,6,5,2,0
1,30,40,6,3,0,10,2,7,4,12,9,115682.0,1299,13437.0,4,6,96,31,45,4,8,33,2,4,10,1,1,4,8,3,8,9,8,6,2,4,10,6,2,7,6,5,8,1,0
0,22,32,6,6,1,2,3,2,7,11,5,53079.0,1005,52917.0,7,2,96,12,20,66,16,12,1,8,3,10,1,5,9,6,3,7,1,9,4,1,9,7,3,1,7,10,1,2,1
0,23,32,1,2,0,6,5,3,4,14,2,26252.95,1293,40922.0,2,6,95,19,64,10,5,96,2,8,7,2,7,8,7,7,5,5,4,2,4,6,10,7,3,9,10,10,1,2,0
1,19,38,5,4,0,5,5,1,2,4,11,110104.0,941,24983.0,4,3,38,57,27,55,23,7,9,1,8,3,10,1,10,9,9,8,5,8,2,9,7,9,3,3,8,1,3,10,0
1,23,31,2,5,0,10,6,1,1,6,10,82881.0,1509,20118.0,3,3,68,60,72,38,5,83,6,4,2,6,9,10,4,7,9,3,10,6,6,2,4,7,9,1,9,2,6,10,1
1,35,43,3,1,0,6,2,6,3,18,8,100142.0,1406,44655.0,3,6,13,23,54,56,82,60,6,4,5,5,4,2,2,3,7,10,1,7,7,4,8,9,3,7,9,10,7,7,0
1,39,24,1,1,1,8,1,5,4,10,9,142344.0,1323,18106.0,3,4,11,4,82,31,51,38,4,2,6,4,6,8,3,9,3,8,5,8,1,3,4,10,8,1,5,10,5,5,0
0,26,34,6,6,1,10,5,7,1,4,16,35511.0,1178,39526.0,8,1,59,77,45,57,14,92,10,8,5,4,3,7,4,7,7,7,8,9,10,4,2,4,1,5,7,10,10,1,1
0,41,41,3,3,1,3,4,6,1,9,17,60367.0,837,20392.0,6,5,31,70,72,14,15,96,7,1,5,10,5,8,6,9,7,9,7,3,1,6,6,8,4,6,9,7,10,1,0
0,42,36,5,2,0,5,4,6,1,13,10,93096.0,1372,12502.4,5,8,38,43,64,20,13,96,9,4,4,9,1,1,5,2,6,4,1,4,9,7,10,7,9,2,4,5,10,5,0
1,32,24,6,6,1,7,3,6,6,13,11,74999.0,890,37149.0,3,5,4,4,67,83,6,29,8,7,8,5,2,5,3,6,2,1,5,6,6,5,9,7,2,4,8,3,8,7,1
1,43,20,6,4,0,5,2,2,7,17,14,119910.0,1559,14831.0,5,4,5,83,93,36,40,22,7,3,9,1,7,9,8,5,7,4,4,3,5,1,10,1,8,9,5,7,2,5,1
1,25,20,6,1,0,9,4,7,7,13,2,84773.0,1019,51166.0,8,8,21,53,26,92,52,92,3,7,9,4,3,1,8,1,4,6,6,10,1,2,5,7,9,8,8,7,3,1,1
1,36,43,3,5,0,5,4,1,2,7,2,35281.0,878,57566.3,4,9,84,91,96,77,55,67,9,10,5,4,2,9,3,5,10,3,9,7,3,6,10,8,8,4,6,7,2,10,1
0,41,42,1,2,0,9,5,3,3,16,11,143471.34999999998,986,52270.0,6,5,44,50,87,63,59,60,2,8,1,1,4,6,5,2,4,4,3,2,5,10,3,6,10,5,5,1,9,9,0
0,33,35,2,1,0,3,3,7,7,16,16,60608.0,1374,39729.0,7,8,21,44,66,71,50,63,8,3,3,6,1,5,8,6,5,5,4,6,5,5,10,1,10,7,8,10,1,7,0
1,23,37,2,4,0,1,4,4,6,6,14,43769.0,837,20542.0,4,9,4,28,74,77,15,4,2,7,6,1,5,7,1,2,7,10,2,9,8,4,1,10,5,3,7,8,8,1,0
0,23,39,3,3,1,1,3,1,5,12,14,133163.0,1406,30177.0,2,8,27,5,88,4,11,91,6,2,2,5,5,2,4,2,9,4,6,9,1,10,3,10,6,2,8,2,10,9,0
1,39,31,4,4,1,6,3,1,4,13,17,43839.0,1559,51505.0,9,4,88,82,62,47,87,22,4,5,7,1,5,8,8,8,7,2,1,6,10,6,7,10,8,7,5,5,4,8,0
1,20,20,6,3,0,3,2,1,3,7,17,40296.0,1388,38315.0,1,9,74,88,32,12,46,16,7,7,8,9,2,8,4,10,2,9,2,7,10,2,6,4,10,10,4,3,9,2,0
0,27,43,1,4,0,6,1,2,2,17,2,125387.0,1149,43509.0,6,4,60,49,80,37,37,13,5,1,8,8,8,2,9,8,2,8,7,5,7,9,6,8,7,7,9,9,5,7,0
1,19,43,6,6,1,8,3,1,2,14,11,26252.95,1280,30049.0,3,9,31,9,70,8,48,68,1,9,10,8,2,2,9,7,7,6,2,9,10,3,3,3,1,10,3,10,7,4,1
1,31,24,6,4,0,4,3,3,1,10,17,64287.0,1310,30130.0,6,7,88,4,79,54,45,30,5,8,8,10,4,10,1,5,6,7,10,4,8,8,3,7,3,7,10,4,3,7,0
0,21,24,4,6,0,8,6,3,1,3,8,80159.0,1382,57566.3,9,7,18,65,49,37,83,51,2,2,8,5,2,1,8,3,9,3,5,7,7,8,6,5,7,10,1,2,4,3,0
1,43,22,5,1,0,8,3,1,3,3,5,84131.0,1285,20842.0,3,5,94,71,34,30,34,49,8,5,8,8,1,7,6,3,3,7,2,2,1,9,10,4,5,5,5,1,5,6,0
1,29,20,1,1,1,9,2,6,1,7,2,103484.0,1065,45544.0,6,2,76,31,19,4,33,52,10,3,8,4,8,8,4,10,2,6,5,3,9,7,7,4,10,8,10,8,3,10,1
0,23,35,2,4,0,9,4,2,5,9,7,143142.0,837,33767.0,4,8,64,84,42,4,67,4,8,10,7,9,4,10,5,2,5,10,10,6,8,5,1,5,5,4,6,5,9,3,0
1,28,32,1,2,0,10,4,7,1,1,14,127878.0,1080,49129.0,9,5,4,61,49,69,34,19,6,8,2,3,10,8,9,6,1,1,2,4,4,1,10,5,6,9,6,2,4,7,0
0,29,37,5,3,0,7,5,5,1,8,16,106745.0,906,49391.0,10,6,94,60,46,57,37,43,9,2,10,6,3,10,4,6,2,2,4,2,10,7,2,1,3,3,2,7,7,2,0
1,27,31,6,6,1,1,3,2,2,17,15,87100.0,1559,24502.0,10,5,16,69,38,4,6,49,10,10,8,1,8,2,1,6,9,4,8,3,9,8,8,3,9,7,2,7,3,10,1
0,35,21,1,2,0,5,3,7,7,16,13,43267.0,1402,57566.3,4,4,60,37,77,20,87,32,7,9,2,3,6,10,1,10,4,9,8,7,10,2,4,9,3,10,2,4,3,4,0
0,24,43,1,2,0,5,1,2,6,13,11,87945.0,1134,26275.0,3,4,40,25,44,16,95,81,3,5,4,8,10,9,8,9,5,2,9,4,4,3,7,1,7,10,5,9,4,6,0
0,24,41,4,4,1,3,6,4,2,11,5,119904.0,955,12502.4,5,3,44,65,43,49,58,48,7,3,8,1,3,3,3,7,9,5,2,6,2,5,7,2,9,9,10,8,6,8,0
1,28,25,5,2,0,8,1,2,6,1,8,131875.0,1363,23549.0,10,2,11,95,77,25,46,49,9,7,4,3,1,1,5,6,3,6,10,4,8,7,9,9,5,7,9,3,9,1,1
0,21,38,6,3,0,1,2,3,7,2,14,66688.0,1495,49469.0,7,3,94,44,22,19,37,87,2,10,1,8,8,2,7,1,5,5,7,8,2,3,1,5,2,4,4,5,6,3,0
0,37,30,4,4,1,3,5,6,6,3,7,103951.0,1221,39456.0,3,4,7,91,28,85,11,96,6,9,4,3,4,3,3,9,8,1,4,8,1,3,8,1,6,3,1,3,6,5,0
0,19,39,4,3,0,6,1,7,5,11,6,66738.0,1545,56453.0,9,1,90,53,70,51,44,73,3,2,10,6,3,7,2,10,3,4,9,1,3,1,9,7,4,8,2,1,8,9,0
0,30,25,6,1,0,4,5,3,6,3,16,143471.34999999998,1408,57566.3,4,3,32,49,37,35,9,4,8,3,3,2,6,5,10,2,8,1,7,10,5,8,4,2,5,6,4,6,2,3,1
0,35,32,1,6,0,5,6,6,7,10,4,89946.0,1559,32391.0,7,3,13,20,38,43,62,89,4,4,4,4,1,1,6,3,9,9,8,3,6,3,1,4,10,10,7,5,10,9,0
1,26,34,2,3,0,3,3,1,4,5,5,122763.0,1094,33548.0,10,6,91,54,40,53,13,70,1,6,2,3,4,8,6,10,5,7,7,1,9,10,1,5,1,5,2,2,10,1,0
1,43,22,2,5,0,10,3,2,6,16,6,42995.0,1198,37172.0,4,7,36,4,4,61,44,19,3,7,1,2,10,1,8,2,7,4,9,1,10,1,8,7,3,1,8,4,7,3,1
1,41,37,6,5,0,9,3,3,6,4,15,92299.0,1114,25658.0,8,6,96,50,32,4,76,17,10,10,1,6,10,5,1,10,7,6,5,6,7,5,10,10,1,10,10,4,6,2,0
1,41,21,4,2,0,6,4,1,5,11,9,113391.0,1559,12502.4,2,3,81,20,38,48,95,42,6,6,1,7,10,7,1,4,5,1,9,1,6,6,4,2,6,10,3,10,7,3,1
1,26,28,1,2,0,8,2,1,2,4,9,57514.0,1044,15354.0,7,8,36,47,49,27,36,54,8,4,1,10,10,4,5,10,3,1,3,4,5,3,2,3,2,7,4,1,10,1,1
1,40,35,4,4,1,1,5,4,7,14,1,77562.0,976,31316.0,7,3,65,4,51,6,83,7,2,9,10,4,3,10,4,4,4,7,9,9,4,10,10,8,9,5,2,2,10,5,0
1,26,27,5,5,1,2,5,4,2,11,6,135710.0,1216,30092.0,7,9,10,10,83,72,21,38,9,1,4,10,1,2,7,4,5,3,2,10,10,9,9,3,2,1,9,1,2,3,0
0,27,34,6,6,1,6,4,2,2,9,1,122624.0,1057,51978.0,2,5,96,22,23,12,27,94,2,2,5,6,4,1,7,9,9,2,10,6,10,6,6,5,2,5,3,7,4,5,0
1,19,32,1,5,0,4,4,6,6,11,11,53472.0,1063,39451.0,5,6,72,74,22,62,12,63,8,4,2,10,3,8,6,2,5,7,3,2,4,4,10,6,1,7,3,5,1,10,0
0,23,23,2,6,0,4,5,3,4,15,1,137329.0,1360,45948.0,8,6,4,69,23,35,17,96,9,8,9,3,3,2,4,3,8,5,10,2,7,10,10,3,7,2,3,1,2,7,0
0,32,40,5,2,0,2,3,7,6,10,6,58596.0,1146,57566.3,2,7,75,36,84,94,35,70,3,10,2,2,5,4,6,3,5,4,8,7,2,5,6,9,4,3,1,5,8,10,0
1,20,38,2,2,1,4,4,4,4,12,12,115922.0,1290,56907.0,9,9,20,77,73,69,30,63,3,6,10,9,8,10,10,1,1,5,4,7,8,10,7,2,3,1,3,10,6,5,0
0,28,33,6,3,0,2,6,2,1,6,10,59411.0,976,50852.0,3,4,35,61,95,32,12,38,9,1,2,9,9,10,6,10,2,1,4,2,7,5,6,6,2,7,9,9,8,3,0
0,23,32,5,1,0,9,1,5,5,17,1,122092.0,853,12502.4,3,6,15,45,76,5,42,76,6,6,5,7,8,9,5,5,9,2,6,2,4,10,10,10,3,2,9,3,6,2,0
0,20,25,3,2,0,3,3,2,5,14,6,135484.0,865,31981.0,5,1,96,53,52,74,54,13,4,4,5,9,9,9,7,1,4,5,4,6,4,9,3,9,5,2,3,6,1,9,0
0,41,26,4,2,0,6,3,5,1,13,12,132040.0,894,49558.0,1,8,83,80,21,96,84,31,4,9,6,8,3,5,5,8,10,1,10,8,3,7,9,8,6,8,9,5,8,6,1
1,28,28,2,5,0,7,1,2,4,6,10,143471.34999999998,944,16862.0,6,3,15,82,76,67,29,46,5,4,6,1,6,4,8,10,7,8,3,5,9,1,1,3,9,10,8,4,8,3,1
1,32,43,3,4,0,8,1,2,5,15,7,114591.0,837,54218.0,1,5,37,17,30,15,78,63,2,8,1,6,2,4,4,8,5,10,6,5,4,5,2,2,4,10,7,1,9,7,0
1,30,19,3,4,0,10,6,1,6,8,1,75418.0,949,57566.3,2,7,62,15,23,51,61,10,5,5,7,8,5,6,2,7,6,7,8,6,3,7,3,4,1,9,7,2,5,7,0
1,37,43,4,2,0,5,6,1,6,9,1,98251.0,1496,22550.0,3,1,68,69,61,87,42,15,7,1,5,5,6,10,5,10,9,5,6,6,3,5,10,8,6,1,7,6,1,9,0
1,27,30,5,3,0,7,3,6,3,12,4,118428.0,1446,22381.0,5,2,65,61,96,81,8,96,1,4,5,6,2,2,8,7,8,8,4,1,1,1,2,8,6,7,9,5,8,2,1
1,23,21,2,5,0,6,6,6,3,16,3,128327.0,1346,43678.0,3,2,6,31,96,11,48,57,6,9,5,5,3,4,1,2,1,7,9,4,5,2,9,3,6,8,5,5,6,2,0
1,32,43,1,4,0,8,1,4,4,17,16,77025.0,1487,12546.0,9,9,72,90,77,4,95,17,9,7,4,8,7,5,8,9,4,10,4,10,2,3,9,10,7,1,3,7,6,5,1
1,42,26,2,3,0,7,2,7,7,5,6,111617.0,1096,29907.0,8,7,51,91,96,4,5,37,5,7,3,7,5,4,6,9,8,4,3,8,9,1,3,10,5,4,4,4,5,1,0
1,35,22,3,5,0,8,5,6,7,9,16,143471.34999999998,896,22510.0,6,7,91,81,34,17,22,34,7,3,5,1,8,4,1,5,4,4,7,9,9,10,6,1,8,3,10,9,5,9,0
1,35,36,3,2,0,9,3,2,1,18,9,116860.0,897,23865.0,7,2,77,32,54,24,93,84,7,10,10,7,10,7,4,9,3,7,9,7,7,2,5,7,9,10,2,6,7,1,0
0,24,39,4,2,0,5,3,2,5,14,14,86579.0,895,54291.0,7,7,90,38,80,81,9,96,6,1,9,5,6,7,2,8,2,4,3,4,4,9,3,5,8,7,1,2,9,8,0
1,32,20,1,3,0,7,4,7,4,2,17,26252.95,1080,26072.0,7,7,4,57,60,11,5,86,7,8,1,1,2,5,7,4,7,5,6,6,1,6,9,9,2,3,1,7,10,8,0
0,35,38,5,6,0,1,2,2,2,13,2,53054.0,1371,32929.0,8,9,74,48,92,61,70,79,10,8,7,3,7,4,9,4,4,5,5,6,9,10,2,8,7,2,8,4,7,7,0
0,35,20,2,5,0,1,5,2,2,7,4,140707.0,927,40841.0,1,2,38,29,22,49,91,5,7,10,7,3,1,10,8,3,8,6,10,7,1,4,7,7,7,1,6,2,5,5,1
0,37,23,6,1,0,6,5,6,1,1,6,58247.0,1083,27606.0,2,2,72,52,67,31,60,6,6,5,9,9,2,6,10,3,8,7,3,4,3,10,6,4,1,2,5,9,5,4,0
0,26,27,4,2,0,8,1,3,3,9,5,69476.0,1407,54733.0,5,4,70,87,60,67,78,93,10,9,2,10,8,5,1,7,2,1,6,3,9,1,1,10,5,3,7,10,1,10,0
1,41,22,3,3,1,8,5,3,7,4,2,143471.34999999998,1393,28406.0,8,3,60,68,4,92,14,96,6,3,7,5,4,4,3,2,10,10,3,3,6,6,6,8,1,9,9,6,3,1,0
0,19,42,2,3,0,4,3,5,1,3,1,143471.34999999998,1063,16354.0,7,6,96,59,65,95,72,95,2,2,10,3,3,3,4,5,4,9,8,3,6,7,7,2,10,3,8,4,5,3,0
1,25,20,2,1,0,7,4,6,3,9,3,79911.0,1388,48670.0,2,9,75,31,36,59,5,49,10,4,1,8,3,7,9,8,2,9,8,9,2,10,7,5,10,9,8,1,9,5,0
1,37,39,3,5,0,5,2,1,5,10,15,140067.0,1193,57566.3,7,2,22,86,96,28,23,6,3,1,3,5,3,5,3,7,5,3,10,8,5,5,10,4,1,1,9,8,4,6,0
0,19,41,5,1,0,3,2,2,3,9,13,95074.0,875,51335.0,1,3,62,26,54,56,76,62,7,10,2,10,5,8,3,2,4,9,4,3,6,5,4,10,10,10,3,7,3,8,0
1,28,24,5,2,0,2,1,7,7,6,2,26252.95,1390,57313.0,5,9,96,4,41,25,89,51,7,4,8,2,5,10,9,10,6,1,3,4,3,5,7,1,6,7,7,7,3,5,0
0,43,39,4,2,0,10,2,5,7,18,6,49995.0,1520,57398.0,6,8,35,49,86,65,17,4,7,3,9,1,7,8,2,4,10,4,10,7,2,3,6,2,8,6,5,7,7,3,0
0,24,35,2,5,0,5,5,2,3,10,10,65448.0,1017,54731.0,2,2,48,77,4,4,74,44,8,7,7,8,5,9,5,1,6,4,7,2,10,10,7,9,7,8,5,2,1,7,0
1,23,40,5,1,0,4,1,1,2,5,2,30286.0,923,27423.0,2,5,87,74,36,71,43,52,1,8,9,3,5,6,10,9,1,2,5,7,1,8,8,4,2,7,8,8,2,1,0
1,27,25,3,4,0,5,4,6,5,17,3,138770.0,1490,12502.4,9,5,30,95,38,71,8,96,4,1,9,8,5,1,1,4,8,1,7,10,6,3,10,6,2,1,5,4,5,3,1
0,22,19,5,2,0,8,2,2,5,8,4,118251.0,1472,45555.0,9,1,79,28,77,22,42,41,5,2,2,1,6,5,10,6,4,1,1,3,7,1,5,10,4,7,4,7,6,2,0
1,28,42,1,5,0,2,5,1,3,6,1,88558.0,1459,54294.0,8,2,32,82,58,96,82,30,5,2,3,4,8,9,7,1,5,8,5,2,5,5,9,2,5,9,10,2,3,5,0
1,19,21,2,1,0,7,2,5,6,2,8,80313.0,1431,26028.0,6,7,11,4,87,71,54,15,6,2,2,5,3,7,8,7,8,4,4,7,6,10,10,10,7,3,10,4,10,2,0
1,19,41,3,4,0,8,2,7,4,7,17,121112.0,1559,54640.0,8,6,91,66,37,86,59,11,3,5,8,7,10,6,9,8,9,2,6,4,6,5,1,2,8,7,9,9,1,1,0
0,41,43,4,5,0,1,1,6,1,17,17,108565.0,1559,57566.3,5,2,35,80,28,72,40,4,3,4,10,7,5,4,10,3,10,7,9,9,4,4,1,2,6,4,5,1,5,1,0
0,19,24,1,4,0,4,3,1,2,10,17,113108.0,1260,30012.0,9,6,45,60,18,24,95,96,5,6,9,5,10,8,4,5,9,2,4,3,1,4,5,1,2,5,6,9,5,6,0
1,36,31,5,3,0,1,5,5,1,13,4,143471.34999999998,837,53388.0,8,3,72,66,19,6,55,30,5,5,7,4,6,7,6,1,3,3,2,9,10,7,9,6,10,8,1,4,5,1,0
1,19,30,2,2,1,6,2,5,4,18,4,139448.0,1458,41849.0,6,2,96,81,82,62,75,96,7,9,8,3,8,4,7,10,3,6,6,10,8,6,1,6,5,4,3,2,7,1,0
1,38,27,5,2,0,8,3,3,7,7,1,63712.0,1226,57566.3,4,6,4,26,88,26,95,17,3,10,9,2,2,1,5,8,5,3,8,7,1,4,9,6,10,7,1,6,5,1,0
1,37,40,2,3,0,2,1,3,7,9,7,131985.0,1284,42361.0,8,3,13,32,66,23,87,32,6,2,9,2,1,8,2,1,7,9,7,4,4,8,8,1,8,6,8,5,10,7,1
1,40,35,3,1,0,10,1,7,3,12,1,89164.0,1058,34894.0,1,7,49,57,84,38,29,4,3,5,7,3,3,7,2,10,8,7,4,9,1,6,2,6,2,7,2,3,8,2,0
0,38,19,2,4,0,10,1,6,2,15,5,58833.0,891,14319.0,9,3,64,80,89,65,22,28,4,4,1,10,10,5,5,7,6,3,5,3,8,10,5,8,10,8,1,7,1,9,0
1,41,21,1,1,1,2,2,2,6,12,11,143471.34999999998,1394,18087.0,5,7,58,53,5,8,32,27,5,10,4,1,2,4,6,3,6,1,1,2,4,7,9,4,1,3,2,9,7,1,1
0,21,33,5,3,0,4,4,5,5,2,16,34334.0,1121,54402.0,4,2,96,83,19,57,35,80,8,1,2,5,5,9,10,8,6,2,7,8,10,4,3,2,3,10,6,5,9,6,1
1,29,33,1,5,0,4,1,1,5,9,5,99387.0,1409,19006.0,10,1,16,29,61,84,36,60,9,9,10,7,7,7,1,9,5,9,9,5,7,7,1,8,7,1,9,7,4,6,0
0,39,35,2,5,0,7,3,3,6,16,13,26252.95,1435,37021.0,7,5,49,92,41,45,55,73,8,5,3,8,1,10,1,10,9,1,1,7,3,8,6,2,8,1,7,1,8,4,0
1,37,25,1,6,0,5,2,1,1,13,1,67186.0,868,18103.0,5,9,27,95,61,96,27,61,6,6,6,9,10,3,6,10,3,6,7,1,4,10,10,6,10,8,4,1,10,3,0
0,35,27,2,1,0,5,4,6,1,6,11,79152.0,1559,29512.0,5,8,96,57,69,66,85,82,7,6,9,5,4,5,4,1,5,3,7,3,9,2,6,1,10,4,4,10,4,2,0
1,19,33,3,4,0,8,2,7,1,15,8,143471.34999999998,1274,51966.0,5,5,24,70,49,78,76,68,9,2,5,2,10,3,1,9,9,2,2,3,5,3,1,4,9,8,8,8,7,1,0
0,19,40,5,1,0,4,2,2,1,8,3,129343.0,1117,23816.0,2,5,89,71,23,83,75,49,6,9,5,1,4,1,6,8,1,2,1,1,10,2,7,1,6,5,5,5,1,3,0
0,41,41,1,1,1,9,3,4,7,6,14,97584.0,1548,16671.0,4,6,16,81,83,89,95,44,3,6,8,10,8,1,9,3,2,4,10,10,2,6,8,4,1,10,5,3,8,4,0
0,31,28,6,5,0,9,6,3,7,10,13,109223.0,1467,19210.0,4,3,25,76,93,65,95,93,1,6,2,3,10,10,3,2,9,1,7,4,10,10,2,1,10,10,2,5,2,8,0
0,21,23,2,6,0,9,5,7,1,14,15,49415.0,957,24289.0,8,1,10,19,40,94,83,32,4,9,1,3,3,9,9,2,3,9,7,5,9,3,6,3,3,2,4,10,10,1,0
0,22,19,5,5,1,3,3,1,5,8,2,90724.0,1110,34557.0,9,2,73,21,69,84,17,67,2,4,3,9,5,5,5,2,9,7,6,5,5,10,1,7,7,6,9,1,2,10,1
0,28,29,4,2,0,9,2,6,7,2,7,127762.0,1414,31444.0,4,7,24,57,81,55,68,54,2,8,9,2,9,9,2,4,10,3,9,5,3,3,6,2,1,1,10,8,1,8,0
1,41,42,5,5,1,8,6,5,4,14,10,43111.0,1337,38634.0,4,6,8,94,4,54,37,46,3,8,5,2,10,5,10,8,5,4,3,4,9,6,9,3,7,3,10,5,3,5,0
0,40,23,6,1,0,7,5,4,7,10,1,143471.34999999998,1258,36056.0,2,1,5,62,90,82,22,94,2,8,2,9,10,1,10,5,5,3,9,8,8,7,3,5,7,7,1,5,8,1,0
1,30,30,6,5,0,6,5,1,1,4,1,88869.0,1014,23459.0,3,7,4,41,6,77,11,95,1,1,6,3,4,2,9,8,4,7,5,3,7,9,7,1,1,10,2,4,5,7,0
1,33,43,6,5,0,8,4,2,3,4,3,134655.0,1093,39283.0,1,2,59,51,16,53,12,38,6,5,9,5,3,1,9,3,10,2,3,9,9,1,7,8,10,5,1,8,9,2,0
1,41,34,4,3,0,10,1,4,4,9,5,102883.0,1272,14774.0,9,9,75,34,57,4,95,54,2,6,6,10,2,2,5,4,2,6,10,6,6,7,4,4,6,3,8,9,6,8,1
1,30,19,3,5,0,9,5,5,2,5,8,31209.0,1202,34752.0,2,7,26,37,5,40,59,51,1,9,2,2,1,3,8,5,5,8,8,7,1,7,6,5,5,8,8,10,10,8,1
1,41,25,4,2,0,3,1,1,3,1,12,94206.0,1330,31524.0,6,1,11,23,96,4,45,17,1,2,8,4,8,10,9,6,9,1,8,8,4,1,2,10,4,5,4,7,3,7,0
0,39,39,6,4,0,4,1,4,7,13,5,100554.0,1111,57566.3,2,8,75,42,11,57,5,25,10,3,8,5,4,1,7,5,1,1,10,3,1,1,1,5,9,2,10,2,10,7,0
0,43,25,1,4,0,1,1,7,5,1,4,44606.0,1120,43664.0,1,2,12,95,12,71,71,25,4,10,5,7,10,1,3,8,9,4,10,7,4,9,10,8,10,2,5,8,5,3,0
0,19,41,1,2,0,2,2,5,5,2,5,117996.0,1378,42252.0,7,2,67,42,14,63,46,4,5,8,8,8,7,4,4,2,3,2,3,2,5,9,2,3,7,2,6,5,10,2,0
1,33,28,5,3,0,10,4,4,3,5,1,88590.0,837,24060.0,6,9,44,82,28,69,80,27,3,3,4,9,8,2,8,10,7,8,8,3,8,10,6,10,5,10,1,5,3,3,0
0,23,31,3,1,0,1,3,2,3,10,11,97993.0,1029,35428.0,8,2,65,59,81,4,36,25,5,2,3,1,8,4,6,3,3,8,2,8,9,5,6,3,3,10,5,4,2,6,0
0,31,41,5,6,0,6,1,7,6,16,2,94629.0,1015,38246.0,8,3,37,72,77,66,7,96,7,5,9,5,10,10,6,4,10,9,3,5,4,10,10,2,2,1,10,4,5,6,0
0,19,27,5,3,0,5,3,1,3,15,5,93764.0,1106,29738.0,7,9,72,89,20,46,95,21,1,1,10,3,2,10,5,6,3,8,6,1,5,2,6,6,7,8,3,6,7,10,1
0,34,32,5,6,0,8,2,7,6,6,9,110575.0,966,39110.0,4,4,42,42,66,34,5,83,2,9,6,2,2,8,9,9,10,5,2,6,9,4,7,7,3,4,3,5,8,4,0
0,28,24,4,3,0,1,2,5,6,6,8,119917.0,1147,15218.0,1,8,10,58,4,84,5,72,2,8,10,5,8,1,10,10,10,1,6,1,7,9,10,2,9,3,7,3,1,10,0
1,36,24,6,5,0,4,5,3,1,9,17,46196.0,1177,33170.0,5,8,76,95,37,24,65,34,2,7,2,1,5,8,10,1,7,9,10,10,10,6,8,5,1,3,3,3,2,10,0
0,20,27,4,3,0,1,6,3,5,3,3,143443.0,1399,43489.0,2,5,52,47,21,52,10,6,2,5,8,8,8,7,4,1,1,3,4,1,5,6,4,5,4,6,5,8,3,3,0
1,28,21,5,6,0,8,2,6,7,10,12,132276.0,1079,22498.0,1,3,63,29,69,66,5,83,7,10,7,1,1,7,4,2,4,10,1,2,2,7,8,7,4,1,7,3,4,9,0
1,22,42,3,2,0,4,5,1,7,15,10,88115.0,1151,57318.0,3,5,78,25,15,14,89,4,9,4,8,2,7,5,2,5,6,6,2,7,2,5,7,7,8,9,3,3,7,6,1
1,34,35,3,6,0,3,3,4,7,9,13,59877.0,1351,35876.0,5,4,4,37,34,41,49,82,5,1,9,4,8,9,1,1,4,6,2,3,10,2,7,7,5,6,4,9,8,2,0
1,43,43,2,3,0,9,3,2,1,18,15,53162.0,1494,38681.0,9,3,50,93,66,23,48,7,8,3,10,4,5,9,4,2,8,5,9,6,4,4,2,2,2,9,7,9,4,2,0
1,39,42,2,5,0,1,4,4,3,12,17,136598.0,938,53945.0,9,8,78,71,30,74,95,16,5,5,9,5,9,6,8,9,10,4,5,7,3,3,3,7,1,6,7,5,4,8,0
0,24,27,3,2,0,10,4,4,6,4,16,70463.0,1374,50228.0,3,1,88,79,7,60,25,4,6,10,8,5,4,2,10,1,8,3,7,1,5,9,3,1,8,4,6,9,5,8,1
0,27,36,5,3,0,7,4,5,5,7,2,82767.0,1179,16180.0,10,9,48,14,49,74,41,46,7,3,8,5,4,1,3,6,10,10,3,3,7,2,9,1,10,10,9,1,1,2,0
0,28,31,3,6,0,5,5,3,2,7,10,130475.0,1533,13876.0,1,1,40,38,69,79,34,11,6,8,2,4,6,3,9,10,2,5,3,7,6,9,7,2,3,8,9,7,8,5,0
1,20,30,4,3,0,7,3,6,1,3,7,104180.0,837,56121.0,5,9,96,90,59,29,5,8,6,8,3,3,3,2,2,9,2,10,1,3,5,7,5,4,2,7,1,8,4,4,0
0,37,32,5,3,0,8,1,2,3,4,11,141475.0,1559,20255.0,4,6,53,84,94,40,78,26,3,10,10,7,1,10,3,8,5,8,10,9,7,10,5,5,5,10,9,2,6,10,0
0,27,33,5,5,1,1,3,1,7,9,4,40606.0,1179,17697.0,3,1,9,63,71,34,89,66,9,2,4,9,4,4,1,5,2,5,8,7,10,10,2,1,3,2,3,6,9,8,0
1,43,19,5,2,0,1,1,6,4,4,12,93421.0,1559,15161.0,10,8,4,77,14,59,41,83,8,8,2,6,3,2,3,9,3,3,10,1,3,6,9,9,10,6,4,5,7,9,0
1,27,21,2,3,0,10,5,2,6,8,7,92860.0,1559,57566.3,3,5,77,59,27,45,37,13,5,2,2,6,6,7,1,6,4,6,3,8,2,4,10,1,6,4,8,10,8,3,0
1,31,38,1,2,0,4,6,5,5,14,3,125473.0,1559,54095.0,5,7,13,89,4,46,37,48,9,6,1,4,1,7,8,7,10,6,1,10,5,8,3,3,9,5,9,10,8,5,0
1,29,35,5,2,0,2,3,7,1,9,12,110036.0,858,30500.0,4,4,25,85,96,57,73,17,4,10,7,8,7,10,8,3,6,1,6,7,4,3,6,7,6,8,6,9,9,1,1
0,32,34,5,2,0,1,2,3,6,11,1,135742.0,1340,57566.3,10,4,4,13,12,85,42,4,9,6,5,10,7,5,7,9,3,2,7,9,5,3,8,10,1,6,9,1,2,5,0
1,27,27,5,3,0,10,4,5,7,8,11,58066.0,1383,12502.4,10,4,94,45,16,31,82,50,5,1,3,9,3,1,3,7,4,9,7,7,3,3,6,9,7,4,3,3,2,1,0
1,27,43,5,3,0,3,2,7,4,16,3,32935.0,837,57566.3,6,4,34,49,96,90,95,7,1,9,9,8,8,1,8,3,9,2,5,8,6,8,1,4,9,6,5,1,10,1,0
0,43,38,6,2,0,5,3,5,7,3,13,114935.0,1420,12502.4,5,1,27,43,70,96,49,78,6,10,10,5,7,3,2,4,7,1,9,6,6,1,1,7,7,7,7,10,5,8,0
0,36,26,2,3,0,9,2,6,1,4,11,102168.0,1120,15699.0,7,8,82,48,4,12,95,25,1,6,2,6,1,4,10,9,1,5,8,3,2,2,3,2,10,6,2,7,6,2,1
1,19,32,6,6,1,2,5,3,1,11,5,131980.0,1063,16975.0,6,2,89,7,55,51,77,9,3,6,10,8,2,5,3,9,7,3,7,7,4,5,7,4,5,8,6,4,2,8,0
0,41,29,1,1,1,10,2,3,7,13,11,98774.0,1117,14164.0,4,3,29,15,82,96,5,94,4,8,2,10,5,1,4,4,10,9,1,9,6,6,7,7,8,1,1,1,2,10,0
1,43,38,4,2,0,2,4,1,4,6,11,59061.0,1036,24801.0,2,1,62,4,23,96,47,73,5,7,9,6,7,2,4,5,10,1,5,10,4,6,8,3,9,6,3,3,5,4,1
1,27,43,3,3,1,5,6,2,5,17,3,28116.0,1183,25479.0,3,9,26,77,59,26,43,82,2,8,2,2,5,4,2,3,7,4,6,2,2,9,5,9,7,10,7,3,4,4,0
0,19,43,2,5,0,7,4,4,3,15,15,64163.0,937,36803.0,5,2,42,11,40,10,28,4,5,7,2,2,8,8,7,9,4,4,2,8,7,5,8,9,5,4,9,1,4,8,0
0,34,26,5,4,0,10,2,2,4,8,14,59794.0,1558,53647.0,7,9,57,83,25,78,21,4,6,8,8,5,10,5,3,8,1,2,6,8,1,10,8,8,6,3,10,4,8,10,0
1,41,31,5,2,0,8,6,5,4,17,16,96118.0,1007,41890.0,5,3,16,92,86,50,70,5,7,3,7,8,3,7,2,7,6,10,5,5,10,1,1,1,8,4,6,9,7,1,0
1,24,30,6,5,0,3,3,1,6,16,12,33324.0,1419,12671.0,10,5,4,4,54,79,56,37,7,10,2,10,10,6,2,5,3,1,7,8,10,3,8,4,7,9,7,7,7,1,0
1,24,43,5,4,0,4,1,4,3,3,5,80486.0,1478,34342.0,7,1,43,10,8,4,67,47,7,10,6,10,2,5,1,1,8,6,4,7,10,7,1,2,8,2,2,3,1,4,0
0,37,23,3,2,0,2,1,7,6,9,11,28793.0,1316,25084.0,3,8,65,55,13,88,51,7,3,6,5,4,4,3,8,7,5,1,9,9,5,6,3,7,10,1,3,2,2,4,0
1,43,36,2,5,0,5,4,7,1,1,5,103129.0,1352,57566.3,1,5,7,20,61,92,73,47,3,6,2,3,1,1,9,4,3,10,10,2,7,4,4,7,10,4,3,4,1,8,0
1,26,21,2,4,0,1,3,4,3,11,15,64302.0,1293,29204.0,9,2,10,68,18,77,22,24,1,9,6,5,1,1,5,10,6,9,6,3,3,9,4,6,1,4,4,2,9,3,0
1,39,37,6,5,0,9,5,2,5,3,2,28824.0,927,56099.0,7,8,20,78,22,22,74,93,3,7,7,8,7,4,6,1,6,1,4,2,4,3,1,8,5,2,3,7,8,6,0
1,19,34,5,6,0,7,1,4,4,9,17,93139.0,1032,17484.0,3,6,7,30,80,72,34,89,4,10,7,5,9,3,7,4,10,5,9,3,2,7,9,2,10,1,4,3,4,8,0
1,31,36,5,3,0,7,4,4,7,17,2,68202.0,837,55000.0,4,5,25,28,55,22,41,69,8,10,5,1,7,7,4,9,7,2,1,5,6,7,3,3,10,9,3,3,8,9,0
0,34,20,2,5,0,10,6,5,4,5,4,39907.0,1523,38109.0,9,7,54,28,94,72,6,8,2,9,4,3,3,3,3,9,1,3,4,4,7,5,9,8,8,9,7,3,7,4,0
1,19,31,6,6,1,5,4,5,6,16,17,127326.0,1059,48958.0,5,6,34,42,9,31,47,48,1,3,10,2,2,9,4,7,7,8,10,2,5,8,8,9,7,7,6,4,6,1,0
1,26,34,4,5,0,9,4,7,5,16,5,135395.0,1152,43821.0,8,1,78,67,29,84,30,79,2,5,2,5,6,1,3,4,3,7,5,3,3,9,10,8,1,3,1,4,7,7,0
1,37,30,6,2,0,8,2,3,1,2,16,108701.0,934,56441.0,4,4,9,14,87,69,47,35,3,6,7,9,9,7,1,1,1,6,4,8,6,4,4,8,5,4,6,5,10,5,0
1,38,26,3,4,0,2,2,6,1,7,12,143278.0,929,23484.0,6,2,96,44,96,81,8,33,4,8,1,5,10,9,9,2,4,4,1,5,7,3,2,6,5,4,4,5,8,1,0
0,36,43,4,4,1,7,1,6,6,15,14,28710.0,1491,30887.0,6,2,32,77,96,32,47,82,2,3,7,3,2,4,6,2,10,9,1,2,10,7,4,10,1,8,6,9,3,10,0
0,21,19,1,6,0,1,1,7,4,7,16,142811.0,1230,35105.0,7,4,29,4,35,78,67,17,4,6,10,8,6,7,6,4,7,3,1,10,1,10,3,4,6,3,7,8,6,8,0
0,25,42,6,3,0,6,2,7,6,11,17,82568.0,1260,13949.0,7,6,19,12,4,56,43,64,8,5,10,8,9,9,4,1,8,3,5,8,1,3,6,8,10,1,5,4,6,8,0
1,30,34,1,5,0,2,3,2,6,3,1,72922.0,1278,28779.0,8,2,70,85,62,4,49,17,9,9,10,6,2,2,4,7,7,6,5,6,9,10,10,7,4,8,3,3,5,5,0
1,21,33,4,1,0,2,2,1,4,7,4,93026.0,1157,49669.0,10,1,31,14,40,29,34,38,6,10,8,10,6,2,1,4,4,7,6,2,8,4,3,8,6,10,3,1,2,3,0
0,26,35,2,5,0,1,5,5,4,11,8,44315.0,1275,53875.0,6,7,26,44,40,92,95,82,10,4,4,6,9,10,10,4,9,7,4,7,2,9,4,8,9,9,7,5,5,10,1
0,26,19,6,4,0,2,3,1,7,17,10,130718.0,1118,43023.0,10,8,61,70,27,79,19,56,9,10,10,9,8,4,8,9,10,10,5,9,4,1,2,7,7,7,2,9,3,7,0
0,39,31,3,5,0,2,5,2,3,4,8,38429.0,1302,40489.0,10,6,35,6,96,50,35,52,9,2,3,4,9,9,7,5,7,7,10,6,1,10,4,3,1,2,2,9,4,2,0
1,35,39,5,1,0,5,2,4,4,7,6,99471.0,1374,34135.0,5,2,95,44,42,22,56,96,4,5,8,6,10,7,1,9,10,8,4,4,1,4,5,1,3,10,2,5,6,1,0
1,29,40,4,4,1,1,1,6,4,16,7,67518.0,1259,16927.0,5,1,83,55,96,55,16,34,9,7,3,3,7,4,1,4,9,8,6,4,5,6,9,8,5,6,10,9,2,8,0
0,27,43,2,2,1,10,1,1,3,12,4,123286.0,1559,44896.0,4,6,23,80,41,21,11,42,9,8,8,8,5,5,2,9,8,9,6,3,2,10,8,10,10,10,9,5,8,5,0
0,28,34,3,4,0,4,4,1,4,14,16,94585.0,977,54716.0,3,1,20,4,37,96,36,29,8,4,6,1,2,7,6,9,8,9,1,3,6,10,5,1,9,6,10,7,7,7,0
0,24,20,2,6,0,8,4,6,4,3,8,57463.0,1091,30983.0,1,5,51,21,96,17,73,72,1,9,1,1,5,9,3,3,4,7,10,10,7,7,3,5,10,6,2,1,3,3,0
1,26,19,2,5,0,9,5,4,4,15,9,35297.0,1286,56261.0,9,6,46,11,38,45,14,68,4,5,10,6,6,1,9,6,5,2,3,8,2,6,6,4,4,10,7,4,10,3,1
1,23,25,2,3,0,10,4,7,6,7,13,61998.0,1461,25147.0,3,7,66,16,30,66,49,6,10,6,6,3,2,3,7,10,1,8,1,6,8,3,2,1,9,8,7,7,8,4,0
1,36,42,6,5,0,3,3,2,4,18,8,47855.0,1255,41918.0,5,4,21,6,31,15,47,96,2,7,6,8,3,2,5,6,10,6,6,6,3,10,9,10,8,4,3,9,10,4,0
0,33,19,3,5,0,7,4,2,6,5,14,119016.0,1447,31736.0,9,8,5,28,5,29,53,65,7,6,4,10,1,10,1,3,4,5,6,7,5,3,3,9,8,9,10,4,8,1,1
0,32,19,1,1,1,3,6,3,1,18,11,138806.0,1473,14412.0,5,4,56,30,24,9,59,88,10,8,7,4,4,5,1,8,5,4,6,8,3,4,5,3,4,1,4,6,6,1,1
1,24,43,1,5,0,10,5,2,7,8,10,58822.0,1559,38332.0,8,4,39,39,15,23,5,45,6,5,3,7,5,4,8,4,1,6,8,1,6,6,3,1,9,7,6,5,5,8,0
0,33,26,4,4,1,10,5,4,1,1,4,94014.0,990,12502.4,4,9,51,67,17,34,31,52,10,5,4,8,7,1,2,10,6,2,6,7,7,9,8,3,1,5,7,10,1,7,1
1,22,37,2,1,0,3,6,1,3,16,1,31318.0,1142,25945.0,2,7,91,59,10,23,65,80,2,3,4,10,7,6,7,5,10,6,1,10,7,3,10,4,8,9,3,2,4,5,1
0,33,38,1,2,0,4,3,2,1,13,7,124667.0,959,24833.0,4,5,73,77,80,96,72,8,1,10,5,1,9,8,9,3,2,7,8,8,4,4,5,5,8,1,7,10,8,8,1
0,19,43,5,3,0,1,5,3,7,14,4,86995.0,1017,35275.0,5,6,57,5,48,42,57,94,4,9,4,10,4,8,8,9,10,9,8,4,7,6,2,4,9,8,7,3,9,8,1
0,36,42,1,3,0,2,6,4,5,16,10,29628.0,1493,30715.0,9,4,49,74,54,92,91,75,3,8,4,8,6,2,4,4,6,5,4,4,4,8,4,1,1,1,7,10,6,6,0
0,22,23,4,3,0,5,4,6,5,10,12,116222.0,1262,42639.0,5,8,66,55,80,94,36,5,4,5,4,10,5,5,2,3,5,9,8,8,3,9,9,4,4,4,1,6,4,5,0
1,24,43,6,6,1,9,2,6,5,13,12,37274.0,1157,44796.0,8,7,29,56,62,80,39,53,3,8,3,6,6,4,5,10,4,5,6,3,7,10,10,9,4,2,2,3,10,7,0
0,36,29,2,4,0,4,5,4,4,5,3,90417.0,1345,57566.3,10,6,28,95,66,80,89,73,10,4,3,2,3,4,4,7,10,3,5,6,9,3,10,6,2,9,4,3,2,6,0
1,39,42,1,4,0,7,6,7,3,2,17,97795.0,1218,38591.0,1,1,76,48,4,55,85,24,8,5,8,8,8,7,2,8,3,6,10,4,10,6,1,3,3,4,8,4,5,8,1
1,22,26,4,1,0,9,1,2,2,12,14,119585.0,849,53205.0,2,4,40,15,95,34,90,10,8,4,3,7,3,5,9,1,10,1,1,9,9,1,3,2,3,1,3,7,8,4,0
1,34,24,4,3,0,2,6,5,1,2,6,132277.0,1168,16654.0,2,1,41,95,91,57,68,60,5,10,10,8,5,9,2,5,4,1,4,9,1,7,1,1,10,8,3,3,7,2,0
0,43,29,5,6,0,1,5,7,5,8,14,66998.0,1343,18735.0,9,8,6,77,42,25,88,38,5,2,2,7,5,8,7,3,5,7,6,9,5,9,1,6,2,4,5,7,7,8,0
1,39,43,3,2,0,4,3,6,4,5,9,133848.0,1230,25907.0,7,6,66,40,16,56,90,83,8,1,9,9,2,2,8,1,9,7,5,2,10,9,8,6,7,1,2,6,8,3,0
1,25,42,5,4,0,6,4,4,7,18,12,130296.0,1389,46247.0,7,4,37,91,59,6,70,33,7,3,3,9,1,10,10,1,6,5,9,8,6,9,4,9,4,5,9,7,5,9,0
1,19,22,1,1,1,6,2,3,5,15,6,143471.34999999998,1415,54709.0,8,9,83,22,16,84,14,96,3,10,9,9,8,2,8,3,1,3,7,5,1,6,4,9,4,8,2,10,4,3,0
0,19,33,6,5,0,3,6,3,2,2,8,136330.0,896,26593.0,3,7,14,91,30,11,22,50,1,7,4,3,7,8,2,10,6,1,1,8,5,2,5,7,10,7,8,9,7,7,1
0,32,22,6,2,0,1,3,3,6,2,3,133954.0,1227,16265.0,4,6,61,7,26,72,30,24,10,9,9,3,4,1,10,8,5,8,2,3,10,7,2,2,10,1,4,2,6,4,0
1,37,29,1,6,0,4,4,4,4,14,11,83809.0,924,25652.0,5,5,59,28,18,29,89,67,2,3,8,10,7,7,10,10,6,7,7,2,8,10,3,1,1,7,6,6,5,8,0
0,35,41,5,6,0,2,4,4,7,16,5,89819.0,957,21767.0,5,3,82,90,45,96,13,62,8,4,8,10,5,8,6,7,7,5,3,9,3,1,3,2,9,5,9,1,7,3,0
1,28,43,4,6,0,1,3,6,6,12,4,48719.0,936,51089.0,1,8,17,91,6,92,70,70,7,1,7,9,9,2,9,3,6,3,1,10,1,9,5,6,7,6,9,9,8,10,0
1,42,37,2,6,0,6,5,2,2,9,2,124981.0,1512,56481.0,6,1,68,19,4,89,5,4,1,8,3,4,6,7,8,6,1,8,6,1,1,2,3,7,5,5,6,2,7,9,0
0,27,26,5,2,0,8,2,1,1,15,11,84683.0,837,28063.0,4,8,41,10,61,86,82,63,3,5,3,1,9,8,6,7,9,3,1,10,10,2,3,1,9,9,2,1,5,10,0
1,41,40,5,6,0,2,6,3,2,7,4,130953.0,837,47111.0,2,4,18,44,18,83,29,96,3,8,7,1,2,5,5,3,7,8,2,7,6,3,1,6,2,8,5,7,1,8,0
0,41,24,3,1,0,3,3,4,6,7,16,45898.0,1199,40702.0,2,1,15,5,9,10,5,95,3,10,8,6,10,5,4,7,10,4,8,6,5,3,2,7,1,3,9,1,4,7,0
0,21,36,1,3,0,6,5,6,2,7,7,124760.0,1365,18684.0,9,7,72,40,96,91,18,31,10,6,4,9,5,7,6,2,3,10,10,10,9,3,7,5,3,2,4,10,5,6,0
1,22,37,4,3,0,2,2,7,5,10,14,49027.0,997,48578.0,5,1,65,32,64,78,21,81,7,3,6,2,4,10,3,10,2,5,10,7,9,8,5,3,10,9,7,7,4,1,0
0,21,40,2,1,0,1,2,7,7,7,7,93567.0,1066,33724.0,3,6,69,17,67,81,84,4,4,2,9,4,9,2,8,4,6,5,2,10,7,9,9,9,2,6,1,8,3,1,1
0,30,28,5,1,0,2,6,3,5,16,4,94975.0,881,45710.0,5,5,73,93,62,70,8,55,2,3,9,4,7,5,7,3,1,1,10,10,10,8,2,7,2,8,4,8,6,3,0
1,42,43,1,2,0,5,4,6,5,2,13,69689.0,1120,18451.0,1,5,15,63,96,72,69,28,10,3,3,2,1,10,10,8,6,2,10,1,9,3,4,10,5,1,2,2,8,3,0
1,30,38,3,1,0,7,2,7,2,18,5,74082.0,1080,32778.0,4,9,5,56,60,41,66,65,9,5,9,7,6,2,7,10,4,1,7,6,9,1,7,7,6,7,6,9,1,1,0
0,35,29,4,1,0,8,6,1,7,5,9,117692.0,1559,54016.0,9,7,21,36,4,49,37,31,9,1,3,4,10,2,4,10,7,2,9,6,3,6,4,1,1,5,7,9,7,9,0
0,43,20,1,6,0,3,1,6,6,7,1,68743.0,1098,23777.0,1,1,4,32,11,87,58,37,9,2,5,6,10,7,7,3,6,6,8,10,8,4,4,1,10,8,5,8,6,7,0
1,41,34,5,4,0,7,2,6,6,10,12,141742.0,1527,43315.0,10,9,38,70,37,76,18,73,2,6,10,4,1,7,9,1,2,2,10,10,5,3,2,7,7,3,3,6,7,10,1
0,19,24,3,6,0,7,2,4,1,3,3,41159.0,1527,36883.0,6,4,79,58,96,62,47,25,7,4,2,3,2,4,5,7,5,7,10,9,2,7,1,10,8,1,3,3,6,9,1
0,33,39,3,2,0,5,4,7,4,7,14,29588.0,1317,15720.0,9,6,69,5,75,4,46,8,10,10,9,10,5,3,2,9,4,6,8,10,8,5,4,8,6,10,3,4,7,4,0
0,19,27,6,1,0,4,3,7,6,16,8,39891.0,1202,34747.0,1,4,39,68,55,52,31,73,1,1,8,7,10,9,1,4,7,4,3,1,1,3,4,6,5,6,8,10,3,1,0
0,43,40,3,5,0,8,4,5,2,18,14,26252.95,1155,27164.0,4,1,59,41,13,31,83,37,8,5,10,5,9,10,5,8,1,6,10,7,5,10,9,9,3,4,3,6,7,8,0
0,36,32,6,3,0,9,5,1,1,14,10,58813.0,1559,39661.0,4,6,96,23,28,73,95,20,1,2,8,9,1,5,10,5,7,9,2,2,1,4,2,7,6,1,4,2,10,3,0
0,26,19,3,6,0,8,4,4,6,9,13,35933.0,837,41582.0,1,9,31,42,78,78,57,30,7,7,1,3,7,5,9,6,7,3,6,4,3,5,10,1,2,8,3,10,9,6,0
0,20,30,1,3,0,4,2,4,7,2,5,122854.0,967,16861.0,4,7,48,16,4,47,7,36,2,1,9,6,3,10,8,6,4,1,10,7,8,3,5,7,3,10,9,4,3,10,0
1,42,21,6,3,0,2,3,6,1,16,16,120730.0,1418,21856.0,9,9,65,13,83,55,17,90,1,3,2,3,8,1,9,7,1,5,5,1,7,10,4,9,7,3,10,5,5,6,0
1,24,35,6,5,0,6,4,5,3,5,4,79548.0,1086,47060.0,7,2,5,84,13,6,17,10,9,2,3,2,7,1,1,2,3,8,7,6,7,1,3,9,7,5,9,8,1,10,0
1,27,41,2,3,0,2,2,1,3,2,16,98972.0,1103,15188.0,10,2,16,32,52,88,85,71,6,1,7,8,5,3,6,1,6,8,6,4,9,4,1,5,10,1,3,2,4,6,0
1,19,40,3,6,0,9,2,1,7,18,9,133495.0,1126,44404.0,6,7,62,4,9,41,60,96,9,7,9,2,8,5,1,3,2,1,9,2,8,4,9,9,4,9,7,3,7,2,0
1,27,19,2,1,0,8,3,7,4,4,14,67657.0,1147,39382.0,4,6,88,26,90,68,51,76,6,10,3,5,2,2,6,4,1,9,4,5,6,4,2,9,8,7,4,7,2,9,0
0,38,19,2,3,0,3,4,1,1,15,11,37145.0,1102,24251.0,9,6,75,44,58,44,56,55,2,9,5,3,6,1,6,6,9,9,5,6,2,7,9,9,5,4,9,9,7,2,0
0,26,19,4,1,0,9,1,1,1,10,14,126495.0,1505,13044.0,10,9,23,43,23,53,71,20,6,9,4,7,2,7,7,7,4,4,8,10,9,2,7,1,10,5,6,3,7,9,0
0,32,21,1,5,0,5,2,2,6,12,11,47507.0,1255,22915.0,10,5,70,67,52,27,66,12,1,9,10,4,5,1,8,2,2,1,8,8,8,2,2,8,8,6,5,6,1,5,0
0,32,20,1,6,0,8,3,2,5,7,17,128182.0,1001,29057.0,1,7,60,84,32,72,16,64,1,1,3,2,3,4,3,10,1,3,5,1,4,8,10,10,8,10,3,4,10,3,0
1,20,34,3,6,0,2,6,2,7,18,7,117387.0,1083,37831.0,4,9,56,41,73,92,55,87,3,9,7,1,9,2,10,2,6,6,3,4,10,3,9,2,10,5,8,2,7,3,0
0,42,31,2,3,0,7,1,2,1,12,5,126038.0,1559,23907.0,7,4,67,4,67,51,5,15,3,4,3,4,10,10,3,2,4,2,3,1,10,9,2,2,1,2,2,6,6,5,0
0,22,19,5,5,1,6,2,5,1,15,11,26252.95,1034,34949.0,1,4,10,59,41,78,62,49,10,5,3,10,1,7,9,4,10,3,5,7,9,8,4,7,8,9,2,3,3,9,0
1,26,33,5,1,0,4,2,3,3,3,4,66227.0,1018,13682.0,9,3,71,4,78,96,47,69,6,9,7,9,9,10,10,8,4,9,2,9,10,7,5,3,9,1,5,7,10,8,0
0,43,28,6,4,0,2,5,3,6,12,1,142826.0,1373,31899.0,3,7,39,66,23,71,61,71,8,8,10,8,4,9,9,6,10,5,2,7,1,10,8,4,6,7,5,7,5,10,0
0,39,42,2,3,0,5,2,3,1,6,7,130803.0,885,57031.0,4,6,4,36,58,11,85,90,4,8,5,10,9,7,7,9,3,9,2,2,7,5,7,5,3,9,2,4,5,3,0
1,26,30,3,4,0,10,6,7,3,1,6,113735.0,1542,57566.3,7,4,35,88,32,4,84,29,1,6,7,9,1,1,7,5,4,9,7,10,6,2,10,8,7,2,4,6,6,3,0
0,40,19,3,3,1,3,6,7,5,5,15,143282.0,860,23312.0,5,5,26,68,64,89,13,26,5,5,9,2,8,6,2,2,4,6,1,9,9,3,9,1,7,4,4,7,10,4,0
0,24,42,1,1,1,10,4,4,4,12,11,27413.0,1522,29940.0,1,1,54,4,58,8,30,68,6,8,3,5,7,1,7,5,5,6,5,6,10,8,3,7,4,2,6,6,5,6,0
0,41,40,4,2,0,6,4,7,6,14,1,45283.0,1481,35599.0,2,6,45,76,49,96,78,74,4,2,9,8,1,2,6,8,2,1,10,5,5,4,9,5,1,8,1,10,6,8,0
0,40,19,3,3,1,10,4,7,7,13,9,67688.0,1223,34501.0,10,5,91,77,53,28,58,6,8,1,3,3,1,1,4,5,2,4,5,2,6,3,1,8,5,10,7,10,10,6,0
0,29,19,6,4,0,2,4,3,2,12,15,124790.0,1011,47812.0,1,5,13,43,15,86,13,18,5,2,7,1,8,7,5,1,8,2,7,6,8,8,4,2,1,10,6,4,3,1,0
1,42,38,2,5,0,4,3,7,7,9,4,35026.0,1559,49505.0,3,3,51,65,82,35,22,16,1,1,6,7,9,8,4,9,8,8,5,6,3,2,1,4,7,9,9,9,3,9,0
1,43,22,1,2,0,8,2,5,2,12,4,26252.95,837,52168.0,3,4,23,19,10,11,26,31,3,2,10,8,7,1,4,6,6,10,6,6,1,7,5,10,9,6,6,2,8,10,0
1,26,21,1,2,0,8,4,1,3,10,13,92327.0,1088,45588.0,9,1,49,23,54,51,7,12,5,8,1,2,3,3,6,3,1,1,9,5,9,5,5,4,10,8,2,2,2,8,0
1,23,29,2,2,1,2,2,3,7,14,8,73231.0,1538,13036.0,6,2,10,28,38,47,59,82,9,3,3,10,8,4,10,5,3,1,7,4,1,3,5,4,3,4,3,3,5,2,0
1,40,43,5,1,0,2,3,5,6,15,9,120471.0,1040,42752.0,8,8,84,62,34,90,65,4,6,7,7,8,6,8,4,3,4,5,2,5,7,4,5,2,9,1,9,8,1,1,0
1,19,43,3,4,0,8,4,4,3,2,8,98570.0,883,12502.4,5,5,96,46,81,77,88,95,1,5,1,10,1,10,4,2,6,1,7,7,5,4,2,6,9,10,8,6,2,3,0
0,26,20,4,5,0,9,1,2,5,14,13,44796.0,1116,38373.0,8,8,66,65,86,13,22,66,10,6,1,1,1,8,9,1,4,2,5,10,3,2,1,4,6,9,7,3,4,5,1
1,34,37,2,6,0,1,6,1,5,4,3,87058.0,1538,34357.0,2,3,26,95,14,74,16,4,8,1,10,1,4,1,5,9,7,7,2,7,6,7,1,1,8,5,3,5,5,1,0
1,19,27,1,3,0,2,5,4,4,4,9,64173.0,995,27806.0,8,7,96,94,57,40,5,49,1,3,1,9,5,1,5,6,5,8,6,10,2,5,1,2,1,7,5,4,3,7,1
0,36,37,4,3,0,8,6,2,6,8,13,130348.0,1132,57566.3,10,2,12,91,81,43,26,33,3,4,5,5,4,10,10,4,8,2,6,1,10,2,7,2,10,3,10,7,1,7,0
0,23,35,2,3,0,3,1,6,5,1,16,104585.0,909,24660.0,7,6,95,7,4,30,8,45,2,10,10,9,10,8,8,2,9,5,1,10,7,2,6,3,4,7,6,6,6,3,0
1,22,38,3,4,0,10,3,5,5,1,15,131202.0,1559,53812.0,3,3,31,79,95,70,5,38,4,8,8,8,6,8,3,7,5,2,4,2,2,4,7,10,5,10,2,5,3,2,0
0,19,38,4,3,0,3,2,3,4,13,16,113559.0,841,38814.0,7,4,25,21,56,85,86,93,9,2,2,10,5,7,10,6,2,10,5,9,2,5,10,8,6,7,2,10,9,3,0
1,26,38,3,6,0,2,5,2,5,11,1,80692.0,973,15137.0,6,7,43,47,92,37,95,75,3,5,6,4,1,5,10,4,9,4,6,7,5,10,9,8,9,9,8,1,5,9,0
0,43,43,4,2,0,5,3,1,2,7,13,97120.0,981,55735.0,4,6,31,33,37,15,56,21,1,9,10,10,2,1,1,5,3,2,3,3,7,2,2,9,6,7,5,2,10,6,0
1,31,43,4,4,1,10,1,6,3,17,9,126268.0,900,25007.0,8,5,11,55,35,96,62,64,9,5,4,8,7,2,8,8,2,8,7,1,1,7,3,5,4,8,10,2,8,8,0
0,21,27,2,1,0,8,6,3,6,8,8,102256.0,1424,12502.4,3,1,86,29,23,4,15,63,9,5,2,1,6,7,2,5,8,4,6,1,9,3,3,3,2,7,1,7,1,6,0
0,21,19,4,3,0,10,6,2,4,5,9,122551.0,1559,20820.0,7,5,63,50,68,26,39,51,4,8,3,3,10,1,5,6,10,3,5,10,2,4,1,6,4,7,4,1,2,1,0
1,38,23,4,4,1,8,4,2,1,11,13,103283.0,1091,26749.0,2,8,6,95,27,4,70,60,5,10,1,7,2,8,8,2,2,8,1,7,4,9,10,6,7,4,3,10,6,2,0
1,32,28,2,5,0,10,6,5,5,9,8,95459.0,837,18578.0,5,3,96,44,96,81,5,92,7,9,4,7,6,6,5,3,3,6,1,8,2,3,3,4,9,9,7,10,4,6,0
1,25,19,2,3,0,8,1,2,3,5,10,143471.34999999998,1292,56609.0,3,2,50,67,50,92,24,45,2,7,6,7,3,9,6,4,8,4,7,1,4,4,3,8,3,10,9,6,9,9,0
1,43,24,6,4,0,8,5,6,6,7,17,62825.0,941,18080.0,9,1,35,17,95,74,45,41,3,3,2,9,5,8,5,7,5,8,9,8,2,7,9,3,6,3,1,10,3,10,1
1,21,37,3,3,1,8,6,4,3,14,15,125626.0,1286,57481.0,2,5,95,4,88,80,16,70,8,1,10,2,1,10,8,5,10,9,8,10,7,4,3,4,7,7,5,2,10,8,0
0,33,38,3,5,0,5,3,5,4,1,3,54631.0,1296,21498.0,2,3,62,28,25,43,43,47,1,6,3,2,2,7,10,3,4,2,9,8,7,5,10,6,10,8,9,2,4,4,1
1,38,38,5,1,0,2,1,2,7,3,13,107194.0,1235,13862.0,2,6,38,4,91,62,41,10,7,8,8,4,2,1,3,2,3,3,1,3,8,6,4,6,10,4,3,3,8,10,1
1,21,38,3,2,0,5,2,7,3,8,1,116639.0,1151,38706.0,1,5,41,20,9,59,54,60,4,1,9,5,1,4,3,8,3,2,2,6,2,10,8,9,7,6,7,4,2,5,0
0,33,35,3,3,1,5,6,7,2,1,5,135951.0,1253,29243.0,9,8,62,10,27,14,38,51,2,4,7,7,3,4,3,3,5,4,4,10,4,4,7,3,1,4,2,3,5,4,0
0,39,38,3,3,1,6,2,1,4,12,8,39420.0,837,29916.0,7,5,4,12,94,43,22,56,1,7,7,10,2,10,9,6,6,1,2,7,4,6,1,4,3,3,8,1,6,7,0
1,29,36,4,1,0,8,3,5,7,18,7,84778.0,1013,57549.0,6,9,85,26,47,92,67,75,10,9,2,10,2,10,10,9,3,6,1,2,8,4,4,3,3,8,1,1,3,9,0
0,33,21,5,3,0,6,2,1,3,16,6,132547.0,933,38886.0,9,9,79,67,52,4,86,76,5,7,7,6,8,4,3,9,10,10,2,4,6,10,10,2,7,4,6,10,8,9,0
0,36,30,5,5,1,1,1,6,4,3,16,28514.0,1553,41352.0,8,6,26,57,17,42,5,87,9,6,2,4,8,9,10,9,10,10,3,7,6,6,1,6,2,7,3,10,4,4,0
1,25,35,4,6,0,8,3,3,2,2,3,99826.0,1559,24500.0,2,1,4,94,40,11,94,47,2,9,6,6,1,5,2,5,3,3,5,6,2,9,7,3,7,6,4,3,5,4,0
0,23,37,5,2,0,2,5,7,6,16,9,73670.0,861,47955.0,3,4,82,62,23,47,61,67,1,3,6,1,8,10,2,9,7,1,7,1,2,7,6,1,9,7,1,3,2,2,0
0,27,42,3,2,0,10,2,6,5,7,17,52829.0,1125,25192.0,10,4,29,38,11,33,19,85,7,10,9,7,1,8,5,2,5,8,8,7,3,2,8,7,4,6,1,3,3,1,0
1,22,41,3,6,0,5,6,3,6,10,8,126953.0,1407,38638.0,2,6,63,56,93,4,55,70,10,6,7,8,8,5,1,3,7,3,3,6,4,8,8,7,1,8,10,8,2,8,0
1,35,30,2,5,0,3,2,6,6,15,2,143471.34999999998,959,15151.0,2,1,28,17,53,96,40,19,4,8,2,9,9,4,3,6,5,8,8,2,7,5,1,9,1,7,2,2,5,10,0
0,27,43,2,5,0,10,6,2,6,13,1,36509.0,1250,39303.0,5,5,96,60,46,5,76,76,2,9,4,8,8,5,2,4,8,2,8,6,3,5,6,4,4,9,1,4,8,9,0
0,27,36,5,2,0,7,6,3,7,5,7,104010.0,1481,21141.0,4,6,74,78,29,71,77,38,7,10,9,10,8,9,7,1,5,8,6,1,8,1,10,1,3,1,10,4,9,6,0
1,24,34,2,5,0,5,3,7,5,8,10,112097.0,1138,40444.0,7,1,69,95,19,32,92,88,2,10,6,3,3,10,9,7,7,9,7,10,5,9,1,8,8,1,10,9,8,8,0
0,35,19,4,2,0,3,5,2,7,1,16,59598.0,900,50704.0,10,8,4,22,80,17,92,14,8,1,2,9,2,5,6,4,2,8,10,3,7,2,7,10,7,8,6,3,1,3,0
0,19,23,4,4,1,2,4,2,2,2,2,74335.0,837,23186.0,8,1,69,5,59,8,54,57,8,5,5,7,2,5,8,3,10,1,4,4,8,1,7,5,3,4,6,6,10,3,0
0,24,36,4,1,0,3,1,1,5,7,4,114220.0,1090,49022.0,3,4,83,19,84,32,28,95,9,8,6,5,7,3,7,4,10,1,9,7,4,4,9,3,2,4,2,6,6,9,0
1,38,37,6,5,0,4,6,5,6,4,14,80738.0,880,24964.0,3,2,33,8,14,74,9,94,7,7,2,3,8,6,5,3,6,8,6,9,3,5,7,9,10,4,6,4,2,6,0
0,19,19,4,5,0,5,4,5,3,8,17,33103.0,1559,25618.0,3,2,54,72,60,61,44,30,1,4,1,6,2,6,8,2,6,7,2,4,3,5,4,4,4,9,4,9,9,10,0
0,32,25,1,5,0,8,4,6,4,7,2,58947.0,1018,26209.0,5,7,44,90,9,78,5,34,5,3,7,10,8,5,4,2,10,6,1,2,4,10,8,5,3,10,6,6,2,9,0
1,21,34,4,5,0,7,3,2,7,1,10,111079.0,946,57566.3,8,4,92,95,63,50,18,81,3,3,8,6,6,4,4,2,4,2,8,8,5,6,7,5,5,5,5,9,10,4,0
0,37,38,2,1,0,8,3,6,3,2,12,95057.0,853,46333.0,5,2,17,43,34,28,44,13,10,8,9,3,7,9,10,1,7,8,5,3,9,2,10,3,3,1,10,5,10,10,0
0,27,39,6,2,0,5,6,4,1,14,9,105813.0,1048,28606.0,5,4,30,4,87,63,78,52,2,10,6,1,8,8,10,4,1,7,7,3,10,8,3,4,4,3,2,4,7,4,0
1,40,32,6,2,0,6,6,7,3,17,17,143471.34999999998,1277,51622.0,9,6,45,66,70,96,44,96,3,9,6,10,10,9,6,5,2,9,5,6,3,3,9,9,8,5,6,3,5,5,1
1,26,35,1,2,0,7,3,4,5,6,12,89126.0,1136,29585.0,10,6,70,23,4,65,78,31,1,9,3,4,9,3,1,5,2,3,4,5,7,8,10,5,9,5,1,7,6,9,0
1,19,24,1,2,0,10,5,6,2,16,14,47797.0,879,53217.0,9,1,47,57,72,69,74,72,6,3,9,5,1,2,2,1,4,7,6,9,1,5,3,8,6,10,8,9,3,5,0
1,31,33,2,1,0,2,1,6,6,17,8,26252.95,1559,21570.0,7,9,26,67,54,66,72,30,10,8,4,1,2,3,8,1,4,4,6,2,10,5,10,3,9,2,6,4,10,7,0
0,33,24,3,5,0,8,1,1,5,18,11,47257.0,892,15477.0,2,5,16,91,24,4,25,69,3,7,1,9,9,1,9,10,8,8,4,10,2,7,5,10,3,9,1,9,3,3,0
0,19,34,3,3,1,2,1,6,2,9,3,66217.0,1072,31491.0,9,6,23,13,76,41,63,50,10,8,6,6,4,8,5,7,2,7,1,7,6,5,2,2,7,7,4,6,5,9,0
1,19,21,3,4,0,9,2,2,1,1,3,41545.0,1037,33484.0,3,3,45,70,6,36,51,89,5,9,6,4,1,5,10,10,5,7,10,6,6,4,6,1,10,10,4,2,3,10,0
1,24,29,3,1,0,9,6,3,1,3,3,96119.0,1328,46890.0,10,2,5,4,62,30,64,38,6,6,6,5,7,3,8,4,2,9,6,5,1,10,4,5,4,10,7,1,9,1,0
0,27,30,4,4,1,3,2,7,6,15,12,26252.95,1461,21469.0,4,7,92,9,28,93,36,89,9,3,8,5,5,7,5,6,2,4,1,6,9,10,6,1,10,6,1,7,2,10,0
1,39,21,1,4,0,6,3,6,5,7,11,59333.0,1122,18714.0,4,6,72,29,67,16,21,4,8,10,2,6,3,10,8,1,1,1,2,1,7,7,6,2,2,2,2,10,1,5,0
0,37,38,4,1,0,9,3,1,4,13,16,66370.0,1392,17113.0,6,8,17,7,16,88,19,88,1,10,8,2,4,9,3,5,2,10,3,3,1,3,4,2,5,3,2,8,7,9,0
1,19,19,5,5,1,3,1,3,1,5,15,143471.34999999998,1039,34348.0,3,6,73,4,62,77,48,29,8,9,9,7,4,3,2,9,4,2,7,10,7,8,2,4,6,6,6,5,5,4,0
0,30,19,3,5,0,5,1,6,5,17,15,45577.0,1525,36556.0,6,7,19,10,15,59,49,65,10,9,8,4,7,3,6,3,8,8,1,6,1,6,1,9,6,7,5,6,4,7,0
1,19,24,5,4,0,10,3,6,4,5,12,113523.0,837,27242.0,3,7,15,63,54,6,72,89,5,9,5,1,5,10,6,1,1,1,5,9,4,8,6,5,3,7,1,8,2,9,0
1,22,26,6,1,0,9,2,4,6,17,10,78269.0,853,49672.0,10,4,41,41,54,96,51,4,4,4,2,8,3,4,4,7,1,8,4,6,2,6,3,5,9,6,4,9,2,6,0
0,33,19,2,3,0,8,1,5,7,5,3,33419.0,1286,12502.4,1,1,16,36,94,56,65,96,3,5,5,9,6,1,5,4,4,8,9,10,8,4,2,5,2,1,5,3,3,6,0
1,32,33,4,4,1,3,2,6,7,13,3,32766.0,1559,40988.0,3,3,26,20,67,19,21,63,7,7,9,2,1,9,7,5,9,8,5,9,4,3,9,10,5,8,6,6,3,2,0
0,34,35,6,5,0,5,1,5,4,12,8,106728.0,1049,22185.0,6,3,16,90,37,26,71,42,5,1,2,7,2,7,8,2,1,5,9,1,10,2,1,3,8,5,2,1,3,1,0
0,40,39,2,6,0,5,2,1,2,3,1,143471.34999999998,1451,52033.0,1,9,4,19,17,94,30,20,10,10,9,4,2,6,8,3,10,3,2,6,8,8,1,7,6,3,2,1,3,8,0
0,33,32,2,5,0,9,5,6,2,14,16,91689.0,1046,30886.0,7,9,63,45,35,5,10,79,10,4,8,7,9,6,10,5,1,7,10,8,2,4,3,10,7,1,8,6,3,8,0
0,30,23,5,5,1,5,6,2,5,18,11,40277.0,1292,26924.0,3,2,24,95,21,72,12,55,5,2,2,2,6,5,1,1,2,10,1,5,10,6,3,8,5,10,5,3,2,7,0
0,28,19,6,2,0,5,1,2,1,3,10,53575.0,1406,36816.0,3,7,85,4,8,89,59,16,10,3,5,1,5,8,10,8,8,6,3,10,3,10,8,1,4,10,8,7,3,6,0
1,34,26,4,2,0,4,4,2,4,8,12,138123.0,909,33569.0,5,3,6,66,43,10,8,71,5,6,1,9,4,3,10,10,5,3,3,4,8,7,7,4,4,1,8,1,6,4,0
1,34,21,2,3,0,4,6,3,7,9,17,72089.0,1550,57441.0,1,9,88,16,81,76,57,63,4,5,4,5,6,9,3,7,6,4,8,1,8,9,1,6,3,10,5,3,5,6,0
0,19,30,2,6,0,9,5,5,2,6,15,33249.0,1277,52042.0,3,7,47,89,57,26,72,95,10,5,4,5,5,5,4,6,2,8,2,1,8,3,1,9,7,5,6,2,4,3,0
1,30,40,6,2,0,3,2,6,2,14,12,118531.0,907,45430.0,9,8,88,54,94,49,30,66,4,3,5,4,1,9,7,9,8,10,8,10,5,7,7,2,1,10,1,7,9,5,0
0,31,39,3,5,0,2,3,5,2,14,9,103491.0,994,46557.0,7,6,11,7,27,24,66,40,7,5,6,3,4,5,9,8,7,7,9,5,8,7,8,4,3,1,5,10,3,1,1
1,28,28,5,3,0,1,2,3,4,14,8,100100.0,1082,41522.0,2,3,55,84,10,41,87,4,1,9,4,10,10,6,1,9,5,1,6,5,3,1,8,2,9,10,8,2,10,7,0
1,27,30,1,2,0,2,1,1,1,18,12,53155.0,1393,55933.0,9,1,51,59,73,77,81,39,2,9,9,7,6,7,7,1,10,3,2,6,6,4,8,7,2,4,8,9,6,6,0
1,20,28,5,1,0,10,2,6,7,8,16,143471.34999999998,1116,38078.0,8,2,30,61,96,54,21,82,8,7,6,2,1,4,5,1,1,9,6,5,7,9,1,10,3,1,5,7,10,4,0
1,43,36,2,1,0,2,4,1,4,12,10,137051.0,1405,36587.0,2,3,4,41,49,42,26,90,10,10,3,7,8,7,6,9,7,1,5,2,8,8,2,8,10,10,7,5,5,6,0
0,34,25,1,3,0,4,6,2,6,15,17,47138.0,1235,13670.0,7,6,36,54,26,75,23,43,6,9,2,4,2,9,4,3,7,2,1,9,9,4,1,4,1,7,5,3,3,2,0
0,32,24,2,6,0,7,6,4,4,5,3,92695.0,1207,19727.0,8,9,45,69,30,82,95,34,1,9,2,6,10,7,7,4,4,10,4,5,7,5,9,9,10,9,2,4,8,5,1
1,26,42,2,1,0,3,1,6,6,8,6,137782.0,1410,29359.0,1,3,4,11,96,31,95,41,1,8,2,10,5,9,6,5,5,5,2,2,1,10,3,5,6,3,2,7,6,7,0
1,27,33,3,5,0,10,2,7,3,14,10,95616.0,880,39603.0,4,7,77,86,91,84,23,59,6,2,1,5,7,7,3,2,10,6,8,9,5,5,2,2,5,2,4,9,10,4,0
0,25,20,1,3,0,9,5,6,4,14,8,97805.0,1559,21573.0,8,8,49,86,44,59,88,65,3,10,3,8,3,8,2,7,2,2,1,2,4,6,4,1,10,9,4,9,4,4,0
1,38,34,2,2,1,3,3,1,2,15,15,28359.0,1480,56058.0,7,2,32,49,40,30,23,16,6,9,8,9,5,2,1,5,5,5,9,6,5,5,4,2,3,7,9,4,3,1,0
0,30,35,4,5,0,3,2,5,6,15,1,124571.0,1324,16540.0,5,3,67,38,4,92,20,56,5,4,6,2,5,2,10,8,1,7,2,2,7,1,5,8,6,3,7,9,6,3,0
0,43,43,5,5,1,4,1,3,6,7,5,27595.0,1172,31686.0,4,8,4,68,34,81,13,45,4,6,9,6,6,1,2,4,4,5,10,1,6,4,9,2,9,3,3,1,9,4,0
0,35,32,4,1,0,5,5,1,7,13,8,108476.0,1369,18903.0,4,6,31,90,45,21,71,79,10,10,10,3,9,3,7,2,3,9,9,10,3,5,2,4,6,5,8,4,8,2,1
1,22,34,1,1,1,10,4,3,5,1,8,91126.0,1442,57566.3,5,2,76,49,8,68,18,10,6,5,2,10,5,1,6,10,4,10,5,9,5,8,7,2,3,8,8,5,7,4,0
0,23,28,1,4,0,6,5,2,6,5,16,30087.0,1314,19157.0,6,1,15,15,96,35,5,77,6,10,10,10,1,10,4,1,10,9,3,4,10,9,8,10,5,7,4,8,9,4,0
1,34,22,6,2,0,9,3,2,1,16,6,103476.0,1292,15303.0,2,8,55,4,64,54,78,89,3,1,6,10,5,7,1,9,10,5,7,8,9,7,5,10,8,8,2,3,5,1,0
0,28,33,5,4,0,5,1,2,7,18,6,87102.0,1267,32806.0,7,3,27,58,62,45,86,29,8,6,2,10,1,6,4,9,3,6,7,4,3,6,1,1,6,8,2,2,4,9,0
1,37,32,1,5,0,7,6,5,5,18,15,26252.95,1073,37243.0,6,7,80,52,12,4,5,70,5,4,6,6,6,7,7,10,9,9,1,8,6,1,8,10,7,2,8,8,7,1,0
1,33,27,5,3,0,10,4,3,1,12,14,75657.0,1467,20584.0,10,7,79,95,43,23,5,96,9,10,8,9,5,8,5,4,7,6,1,8,4,4,6,8,7,7,9,9,1,3,0
1,26,31,1,5,0,7,2,1,3,8,17,102386.0,1420,44487.0,9,9,32,73,58,36,18,4,10,5,10,7,1,7,3,5,6,7,2,2,10,8,2,3,5,10,1,4,3,4,1
0,19,19,1,6,0,1,2,7,1,16,13,143471.34999999998,1494,28419.0,1,8,23,27,4,34,44,27,4,2,9,3,1,1,2,4,4,4,10,2,5,8,8,4,5,3,5,10,8,4,1
0,22,33,5,6,0,2,2,7,2,2,7,88714.0,894,18927.0,8,4,58,26,65,17,5,90,4,9,1,10,6,7,7,5,2,1,3,3,7,9,6,9,4,2,2,9,5,9,0
1,19,36,4,3,0,9,1,1,1,5,4,36728.0,1423,44894.0,5,3,5,84,53,21,28,96,3,1,9,5,10,1,10,3,6,3,8,6,7,1,3,3,1,8,2,1,9,6,0
1,21,25,5,1,0,5,6,6,4,8,5,79456.0,1032,56788.0,1,7,14,52,4,27,77,42,7,4,8,3,7,1,2,3,7,7,8,2,6,9,7,6,6,6,7,7,9,8,1
1,21,32,6,1,0,2,1,6,5,18,3,40219.0,1192,26600.0,7,2,24,73,5,44,79,22,3,9,9,10,7,5,8,10,1,7,4,2,8,1,9,3,3,4,9,5,8,6,0
0,39,27,4,6,0,6,1,6,2,17,10,123793.0,1375,17137.0,9,1,17,78,26,4,80,14,8,3,8,4,7,3,7,7,9,6,3,7,3,10,7,5,9,1,7,5,3,3,1
0,43,22,3,2,0,2,4,5,1,13,5,70800.0,1524,43936.0,9,3,4,21,36,49,81,17,9,8,1,3,8,10,2,8,5,4,4,8,9,9,1,1,8,8,9,5,2,1,0
0,42,37,3,4,0,9,1,5,2,7,3,90941.0,916,12502.4,8,2,79,65,46,65,78,18,7,7,3,6,5,8,7,10,4,5,9,3,4,1,1,4,7,2,4,8,10,10,0
0,20,33,5,1,0,2,1,3,2,10,14,83566.0,950,44671.0,9,9,60,26,36,61,91,28,3,5,9,8,9,1,9,3,9,8,5,8,4,8,6,8,2,5,4,10,6,2,0
1,26,38,6,2,0,8,2,5,1,17,9,62036.0,1116,32409.0,3,8,63,88,94,77,73,22,9,10,2,2,7,2,2,10,1,4,8,10,3,5,6,10,7,9,5,10,5,10,0
1,39,43,5,1,0,2,1,3,6,2,13,41867.0,1198,35993.0,2,4,63,41,58,53,72,50,4,1,7,10,2,5,7,8,8,6,6,9,1,9,4,7,8,2,9,3,6,7,0
0,40,39,5,1,0,5,3,3,6,14,7,111670.0,1191,57566.3,5,5,4,17,18,11,88,47,1,4,10,7,9,5,10,6,6,4,2,1,8,10,7,5,9,3,4,1,7,7,0
0,29,29,5,6,0,9,5,6,2,2,7,143471.34999999998,967,48515.0,10,9,24,58,8,62,59,59,2,5,9,10,3,9,1,7,4,8,7,4,2,2,10,5,6,2,2,8,8,4,0
1,27,40,3,6,0,1,5,6,4,6,5,143252.0,903,23101.0,5,7,79,63,34,4,79,4,4,9,7,9,3,2,7,7,8,2,6,6,1,6,1,8,7,8,1,9,8,6,0
0,19,30,4,4,1,4,2,7,5,15,6,126121.0,1447,32180.0,1,3,50,21,24,47,34,96,5,1,6,10,3,10,8,9,1,4,7,5,10,7,2,3,1,10,6,3,6,6,1
0,28,26,6,1,0,3,3,1,5,17,6,63089.0,1422,52876.0,10,6,72,73,10,79,53,18,10,5,9,1,2,7,6,2,2,4,1,3,2,10,7,3,5,3,7,4,8,10,0
0,27,34,2,4,0,10,4,3,2,10,12,69849.0,998,13973.0,5,2,4,19,34,62,27,6,10,5,6,7,2,4,3,6,8,3,5,6,10,7,9,1,9,5,9,8,8,9,1
0,39,37,3,3,1,10,1,6,3,4,3,40164.0,1323,21790.0,10,4,24,27,70,63,61,37,2,6,4,1,1,9,4,9,2,8,10,8,3,7,3,3,10,10,6,6,4,7,0
0,23,29,3,5,0,1,4,6,5,17,5,138552.0,1425,26383.0,5,2,44,14,87,96,84,7,4,9,8,2,10,10,8,10,5,8,8,10,4,5,9,2,7,10,1,9,1,9,0
0,35,42,6,1,0,10,1,7,2,12,16,91270.0,1294,57566.3,5,3,96,23,88,29,5,58,4,8,6,4,9,9,5,4,9,3,4,10,3,7,7,7,2,2,1,1,9,2,0
1,19,22,6,2,0,5,6,4,4,15,16,56148.0,1548,45596.0,5,9,96,42,11,86,59,42,2,9,4,1,7,10,8,7,3,10,6,6,4,4,9,10,9,8,6,6,2,8,0
0,19,41,5,3,0,5,5,6,1,16,11,51556.0,1153,40659.0,3,6,70,29,7,6,78,6,4,3,5,10,3,8,10,7,10,5,10,6,9,4,7,2,9,5,7,1,7,9,0
0,27,29,4,2,0,5,1,6,1,7,13,80621.0,1172,16369.0,1,3,7,30,32,80,95,63,2,4,6,10,3,8,10,9,8,5,10,9,7,2,4,9,7,1,7,4,9,10,0
1,33,19,2,5,0,9,2,4,4,8,15,28868.0,1325,19942.0,3,4,57,56,4,62,75,75,10,5,1,6,4,10,5,2,3,8,3,2,4,8,2,10,4,2,9,5,7,2,0
1,29,37,5,3,0,3,4,4,6,7,11,65820.0,1529,48666.0,3,6,93,85,4,22,41,93,2,3,8,10,9,7,4,2,1,2,2,4,4,7,3,1,3,7,9,9,7,6,0
1,19,33,4,4,1,5,3,4,6,18,3,26546.0,837,12502.4,4,6,52,41,6,82,14,57,8,5,5,3,6,8,9,1,1,7,8,5,4,9,10,4,8,5,4,3,4,10,0
0,38,29,1,4,0,1,1,5,6,7,17,26252.95,1499,14784.0,9,6,60,36,40,60,44,28,7,9,4,9,3,2,2,2,1,7,9,5,1,5,7,6,8,4,4,1,5,2,0
1,25,26,5,3,0,6,2,1,5,9,15,78329.0,990,47938.0,2,5,94,58,79,68,79,42,3,2,6,6,8,7,8,1,3,10,7,1,7,1,6,1,2,1,2,10,7,1,0
0,33,30,3,1,0,4,2,7,6,16,7,116684.0,1519,24823.0,4,4,78,51,77,30,85,38,5,8,10,8,4,3,1,7,1,3,8,6,9,6,7,3,1,8,2,7,6,4,0
0,35,34,2,1,0,9,1,5,2,6,10,26252.95,1451,46213.0,6,8,63,25,30,84,90,15,8,4,1,6,3,3,9,10,4,8,5,4,10,1,9,6,4,10,4,4,9,6,0
0,30,34,1,2,0,5,6,7,1,6,8,78213.0,1339,34440.0,10,7,77,81,20,75,43,11,9,9,3,9,9,7,1,4,9,1,6,3,2,1,6,4,3,6,2,3,2,6,1
1,32,21,3,6,0,9,5,7,3,6,12,48420.0,1165,57566.3,10,9,94,86,83,48,69,6,5,3,9,10,3,1,8,3,9,6,3,6,1,5,1,9,5,4,2,10,3,5,0
1,38,31,6,4,0,9,3,2,2,8,14,52309.0,1415,41228.0,4,2,4,51,4,27,84,58,1,7,8,10,10,2,9,9,3,6,5,4,3,1,2,4,4,8,2,9,10,2,0
1,29,36,6,3,0,4,2,2,3,9,13,87876.0,1426,53215.0,7,5,57,55,67,20,44,92,6,5,8,2,7,1,7,9,1,9,6,10,10,8,2,3,6,5,1,6,9,2,0
1,25,24,3,6,0,8,1,2,2,2,15,29510.0,1008,56635.0,9,6,62,28,59,65,13,89,7,4,9,1,10,9,8,8,2,8,7,7,10,9,5,4,7,8,2,6,5,2,0
1,27,43,3,3,1,3,3,5,1,7,7,143471.34999999998,1559,48834.0,1,9,71,78,26,4,55,74,5,5,6,4,6,8,1,1,7,7,7,3,3,3,7,5,9,6,8,2,5,10,0
0,31,20,5,2,0,6,6,7,3,7,10,75259.0,1211,13840.0,10,1,75,17,8,78,54,7,5,7,3,9,8,4,4,6,8,1,2,6,4,1,4,7,4,3,9,10,1,5,1
0,22,19,5,4,0,8,6,2,6,16,15,143471.34999999998,1315,54148.0,3,7,80,95,11,51,5,31,3,3,7,3,2,2,2,7,1,1,1,10,5,10,5,6,3,3,6,5,1,7,0
0,35,29,2,5,0,8,1,3,3,17,4,97462.0,1332,38784.0,6,7,18,67,96,86,19,74,10,8,1,5,9,6,6,7,2,7,1,8,5,7,8,7,5,2,7,1,1,8,0
0,36,32,2,3,0,8,1,7,6,12,5,118772.0,1265,57566.3,8,2,82,28,77,82,28,87,4,6,2,3,2,6,9,8,3,10,4,5,5,6,5,2,1,4,1,1,4,1,0
1,32,28,6,3,0,9,3,4,1,10,13,142411.0,1264,38208.0,6,6,53,32,32,58,46,52,10,6,6,4,8,4,6,2,6,3,4,7,8,7,5,2,6,2,7,5,5,4,0
1,23,27,3,2,0,6,2,7,3,14,13,93556.0,1207,42485.0,2,5,44,52,4,42,77,80,9,6,5,1,9,2,3,2,8,2,10,2,1,6,4,4,5,5,8,7,3,6,1
0,43,19,1,6,0,6,3,1,3,4,4,29460.0,1372,53686.0,10,2,88,36,60,63,52,5,4,5,6,4,8,7,4,8,6,4,8,4,8,1,7,8,9,8,10,6,10,7,0
1,28,43,5,5,1,1,6,2,4,1,14,26252.95,1178,18203.0,6,1,21,74,96,53,30,96,2,2,8,2,2,8,6,8,6,4,3,1,3,6,5,5,1,3,2,2,5,2,0
1,38,21,6,2,0,3,4,5,4,8,4,26252.95,904,12502.4,1,7,32,4,85,83,46,34,10,2,1,1,7,2,8,4,6,10,4,8,3,8,9,3,5,4,2,4,6,5,0
0,28,34,2,4,0,5,4,4,6,12,3,47400.0,1179,34367.0,2,1,96,69,40,30,79,7,3,6,5,9,8,3,9,2,4,9,5,9,4,4,1,7,2,4,1,6,2,2,0
0,37,34,4,4,1,6,3,4,3,2,16,54656.0,968,19557.0,8,4,65,60,96,81,10,73,6,10,10,1,10,2,7,5,3,9,3,6,7,2,10,4,1,9,4,6,9,3,0
1,37,25,1,1,1,10,1,2,5,10,10,101339.0,1338,22926.0,6,7,92,42,65,5,37,64,3,7,4,5,1,7,7,1,7,9,1,7,5,2,3,9,8,3,10,7,10,2,0
1,38,40,1,6,0,7,1,7,7,9,2,114249.0,844,22509.0,6,2,26,33,4,20,94,58,8,8,3,3,6,9,9,3,7,10,3,4,5,7,7,5,3,10,4,7,3,1,0
0,35,31,3,3,1,10,2,6,7,8,4,111788.0,1222,35854.0,4,9,77,92,89,96,76,94,3,6,2,6,7,5,5,4,1,5,5,9,3,4,5,8,3,4,8,6,6,4,0
0,42,41,5,3,0,6,2,3,5,1,16,128946.0,1323,34754.0,9,8,32,12,69,27,95,82,4,7,4,1,2,9,9,10,8,6,7,9,4,9,3,8,10,10,2,5,3,8,0
0,35,21,6,1,0,5,1,5,1,13,13,68828.0,1506,17501.0,5,2,27,46,23,40,36,7,5,3,9,9,9,8,10,9,7,2,8,1,3,4,8,5,4,8,7,2,2,10,0
1,27,23,2,6,0,8,6,1,2,6,17,76993.0,1345,56761.0,6,6,6,60,74,39,53,80,7,3,6,6,5,10,2,8,5,1,1,1,5,2,5,9,6,10,6,2,3,10,0
0,19,36,4,5,0,1,3,3,3,7,3,44762.0,1015,37734.0,9,9,7,95,47,63,75,25,9,5,6,6,9,4,8,2,5,1,6,3,5,8,7,5,10,9,10,3,3,9,0
0,43,43,1,6,0,9,6,4,7,6,12,126736.0,943,30957.0,1,8,13,11,7,84,72,74,10,4,8,6,8,10,3,1,8,2,4,10,2,5,10,7,8,2,2,4,1,7,0
1,26,41,2,3,0,3,2,5,2,8,8,102389.0,985,46086.0,8,9,77,6,58,72,23,81,3,4,5,9,8,10,8,2,1,1,8,9,10,8,1,10,5,7,2,2,9,10,0
1,31,21,5,1,0,1,3,7,3,5,10,116653.0,1383,53620.0,8,1,57,81,50,40,35,86,6,3,7,5,3,6,6,4,7,9,1,5,8,5,1,4,7,2,1,3,2,3,0
1,36,20,3,4,0,10,4,4,2,9,12,59478.0,1401,45322.0,8,7,76,24,40,70,72,62,5,5,7,8,6,7,4,7,1,1,5,5,3,2,9,6,8,6,4,2,4,9,0
1,27,37,6,4,0,4,3,6,1,13,14,139525.0,1557,57566.3,2,4,28,78,20,91,79,10,3,5,9,5,3,10,2,6,9,8,8,6,10,3,9,7,10,1,8,2,7,4,0
1,40,23,1,2,0,5,2,2,5,13,16,55142.0,1488,23877.0,5,6,44,64,28,54,45,4,5,10,9,5,4,4,3,1,7,10,7,8,4,6,2,4,8,1,9,5,8,5,0
0,21,43,5,1,0,1,1,3,6,9,2,78647.0,1373,51853.0,6,5,95,62,66,36,28,19,3,1,8,2,6,5,1,7,2,7,5,3,6,6,4,5,7,10,2,3,3,6,0
0,23,40,2,4,0,6,2,1,4,14,16,117347.0,1176,57566.3,9,9,34,63,84,45,5,4,9,2,5,3,3,3,8,2,6,1,6,1,7,8,9,4,1,6,6,7,2,5,1
1,31,24,1,1,1,3,6,7,1,13,9,26252.95,1124,16524.0,5,7,96,48,54,33,16,34,3,8,6,1,9,10,9,5,8,2,8,2,2,5,7,2,5,5,6,9,6,7,0
1,21,31,1,4,0,6,1,1,7,8,13,92416.0,1434,12502.4,6,2,86,22,96,11,56,44,3,2,2,3,1,6,7,9,2,2,10,6,6,4,7,3,2,10,10,1,4,4,0
1,43,29,3,1,0,8,6,4,6,6,11,43862.0,1534,33817.0,10,1,28,62,86,76,11,84,10,8,5,5,7,1,10,7,10,2,7,8,2,2,10,1,8,1,9,7,9,3,1
1,32,33,1,2,0,6,3,1,2,9,4,55864.0,1361,47931.0,10,7,96,31,17,58,16,4,9,7,8,3,3,4,10,6,7,5,4,3,7,2,6,9,8,6,5,5,9,6,0
1,33,37,5,1,0,5,4,5,1,6,11,43350.0,954,14965.0,8,7,58,51,96,92,5,4,6,3,7,4,10,2,6,10,4,3,7,8,1,10,1,2,2,3,8,5,2,8,1
0,24,25,4,4,1,9,2,1,7,12,4,84627.0,852,14982.0,7,7,32,72,75,72,59,62,9,1,1,2,1,10,3,7,8,6,7,10,3,4,2,8,6,9,5,10,6,8,0
0,34,40,5,1,0,3,6,4,1,18,8,30668.0,1353,27575.0,9,8,53,37,75,43,71,69,3,8,6,10,9,8,7,4,3,4,7,4,5,2,9,1,4,1,1,7,3,8,0
0,36,19,6,4,0,7,2,4,2,12,1,26741.0,837,16528.0,8,6,43,95,33,63,8,49,7,6,9,9,3,5,1,2,4,8,7,5,8,6,2,9,3,7,9,7,9,10,0
0,36,30,2,1,0,6,1,6,4,6,14,26252.95,1228,26568.0,2,6,22,33,93,75,12,64,9,5,1,7,5,3,10,5,4,4,5,2,6,6,2,3,1,1,3,8,4,6,0
1,34,25,6,2,0,6,6,1,1,10,7,26252.95,903,39681.0,10,2,14,5,47,67,76,58,1,6,1,7,9,2,3,6,9,2,7,10,6,4,4,1,7,8,7,1,2,7,0
0,23,42,1,2,0,10,2,1,2,6,12,33088.0,1120,23734.0,1,6,9,82,37,5,58,50,7,5,8,9,7,1,7,9,1,1,9,9,2,3,7,8,10,8,7,5,3,8,0
1,28,38,4,4,1,7,6,1,3,10,13,100995.0,877,54079.0,10,5,20,42,95,61,33,25,6,4,7,10,3,7,10,5,1,7,4,3,10,5,6,1,7,5,4,5,5,8,0
1,33,37,4,5,0,6,6,7,1,1,14,143471.34999999998,1459,27907.0,7,3,4,21,96,29,48,24,2,10,3,7,1,5,1,3,5,5,4,7,5,9,8,2,2,1,7,3,7,10,0
1,42,33,2,5,0,7,5,7,2,11,8,82697.0,1198,57566.3,5,6,37,64,85,96,34,57,4,6,8,8,10,7,7,1,2,1,5,8,10,10,6,4,2,2,9,2,5,7,0
0,25,21,6,5,0,5,5,5,3,8,5,110236.0,1236,23901.0,2,7,25,95,53,64,95,27,1,8,5,7,6,6,3,3,7,6,8,10,3,4,9,1,6,6,10,1,3,3,0
1,28,33,6,4,0,6,2,1,1,2,7,102009.0,1482,55931.0,8,4,22,75,74,25,11,46,4,1,6,5,2,8,6,7,7,5,5,9,8,9,4,8,2,5,9,10,5,10,0
0,24,37,5,2,0,4,4,7,7,4,9,62810.0,1238,12502.4,9,9,80,92,82,90,93,89,10,6,9,9,3,6,9,4,5,9,5,2,2,6,3,10,6,7,9,10,4,10,0
0,43,23,5,6,0,9,1,2,3,15,11,133064.0,1316,28193.0,9,6,92,14,41,4,68,61,9,8,5,2,7,5,1,6,7,8,9,9,3,3,9,7,7,9,5,1,9,3,0
1,41,43,3,2,0,2,1,3,4,12,17,95823.0,980,57566.3,10,9,57,81,56,79,72,30,10,4,5,5,10,6,6,6,2,7,10,1,9,5,8,4,4,8,5,10,8,7,0
1,39,21,6,6,1,9,3,6,1,17,5,47877.0,1417,42744.0,6,9,10,65,88,90,37,35,8,4,9,1,4,1,6,8,2,6,8,4,10,9,1,4,2,2,2,3,10,4,0
1,42,33,2,5,0,2,3,1,7,10,16,33154.0,898,46685.0,3,7,11,15,96,43,74,52,10,10,7,3,1,5,2,2,10,1,10,7,6,9,8,4,8,6,7,1,10,10,1
0,36,40,1,3,0,8,4,5,6,18,7,70562.0,1142,47555.0,6,1,11,85,4,59,70,84,5,4,10,1,6,4,7,10,8,9,3,6,1,1,4,9,1,5,8,4,7,2,0
1,43,40,3,1,0,6,3,3,7,9,6,89696.0,1358,57456.0,8,8,9,88,4,76,85,21,10,5,9,6,4,8,3,4,3,1,2,10,3,4,7,1,9,8,5,5,8,7,1
0,27,38,5,3,0,8,4,4,1,2,15,127812.0,843,40707.0,7,8,15,95,16,12,43,63,3,1,1,4,3,6,7,2,2,1,10,10,2,6,3,7,8,6,8,8,9,8,0
1,26,30,2,3,0,3,3,5,1,7,11,87383.0,1406,48482.0,3,4,71,95,13,67,24,46,3,7,5,4,7,7,8,8,6,5,3,3,10,4,10,5,3,9,7,6,10,7,0
1,21,22,2,2,1,3,3,4,2,5,4,143471.34999999998,1248,47183.0,3,5,25,63,38,26,67,80,7,1,3,6,4,2,10,6,10,8,3,9,8,10,3,8,2,2,4,3,6,4,0
0,40,32,1,4,0,5,5,3,7,3,5,30604.0,861,29525.0,6,8,77,4,30,49,43,22,8,7,10,4,6,3,4,10,4,3,5,1,2,9,8,9,4,1,8,1,9,7,0
0,32,43,3,1,0,10,3,6,5,13,8,102492.0,1501,38000.0,7,8,54,95,6,75,73,12,7,8,5,2,2,1,9,4,5,4,6,1,1,7,9,4,8,5,9,7,2,10,0
0,30,25,1,5,0,8,5,5,2,9,11,69814.0,1559,29822.0,2,6,56,68,28,21,21,77,6,1,3,5,4,3,6,6,7,10,5,10,1,1,3,4,2,5,10,7,1,10,0
0,42,24,2,2,1,9,4,6,2,15,7,71186.0,1093,55332.0,9,7,77,41,96,34,52,4,6,2,6,4,1,5,3,10,3,9,6,2,10,9,8,8,3,4,8,7,10,8,0
0,19,31,3,4,0,10,3,7,5,8,7,44765.0,1275,23714.0,2,2,24,19,29,96,61,80,10,7,8,10,5,1,8,9,10,2,10,2,8,8,7,5,7,5,9,6,1,7,0
0,19,24,2,3,0,10,5,6,6,1,17,106293.0,1221,44663.0,7,3,20,41,51,69,84,38,9,1,7,4,4,4,2,9,3,4,3,4,6,4,2,2,4,6,7,2,4,2,0
1,33,39,2,1,0,9,1,6,7,7,14,58167.0,890,46511.0,7,9,13,9,26,45,86,71,1,8,10,6,6,9,2,3,3,6,7,8,6,3,2,10,6,1,1,2,10,10,0
1,26,24,5,3,0,9,5,3,3,8,16,143471.34999999998,1192,18171.0,9,1,37,10,34,4,21,52,3,1,2,7,3,8,1,10,5,9,3,1,2,9,2,2,4,4,8,7,9,5,0
0,30,40,3,4,0,1,3,5,2,14,4,76912.0,1457,13467.0,7,7,96,90,4,29,94,58,3,3,5,4,9,7,10,7,1,4,5,5,2,7,1,6,9,9,5,9,9,10,0
1,20,43,2,6,0,8,4,4,1,16,11,99460.0,1401,36772.0,9,1,77,80,88,92,59,39,3,10,10,7,5,10,6,10,5,4,6,9,2,8,2,7,9,1,2,5,4,8,1
0,26,35,2,1,0,5,1,5,4,1,2,26252.95,1281,28322.0,1,7,29,37,11,96,92,73,10,3,1,1,8,9,5,4,1,1,4,3,1,6,8,8,7,2,7,6,8,6,0
1,30,27,3,6,0,1,3,3,5,8,13,87015.0,1222,47435.0,2,8,68,80,47,4,46,22,10,3,2,4,4,9,4,6,5,4,10,2,10,1,2,9,1,8,9,2,2,3,0
1,38,35,5,5,1,6,3,1,3,16,6,117524.0,1349,30448.0,9,1,57,23,95,48,68,19,8,1,8,2,9,10,2,2,6,3,8,3,10,1,5,4,9,7,3,6,3,1,1
0,39,31,3,3,1,10,3,1,4,8,7,124738.0,1547,53817.0,5,9,89,41,28,13,37,4,8,7,9,7,2,4,8,1,10,9,8,2,10,4,9,1,10,1,5,4,1,3,0
0,19,27,3,1,0,10,6,7,1,18,15,138171.0,1422,43517.0,10,4,89,46,31,67,87,78,8,9,7,8,10,7,9,5,9,2,6,3,2,1,4,7,3,2,2,6,6,10,1
0,25,24,1,5,0,8,4,1,2,13,14,45530.0,1130,14911.0,9,6,26,85,15,6,20,64,7,8,4,7,10,4,10,7,1,5,10,7,4,10,3,10,5,10,7,7,10,3,0
1,43,43,5,2,0,7,4,7,2,14,7,28026.0,837,55615.0,4,5,50,34,90,28,89,82,2,8,9,4,9,3,2,1,4,5,9,8,10,5,2,7,9,4,6,9,10,5,0
0,26,24,1,6,0,5,2,6,4,3,16,116475.0,864,18473.0,5,8,91,85,46,61,60,93,5,9,9,3,3,3,6,1,3,3,6,2,3,10,2,8,10,2,8,9,10,8,0
1,33,24,4,1,0,9,2,6,7,15,7,132823.0,1559,46871.0,3,1,49,90,76,4,21,42,4,2,8,7,6,6,10,10,8,6,5,2,2,1,4,3,1,7,9,6,1,8,1
0,19,22,5,4,0,5,2,2,6,6,13,98756.0,1446,33577.0,8,8,69,71,5,91,89,41,6,2,7,1,4,9,5,6,1,8,5,2,5,3,8,3,1,5,2,1,10,5,1
1,23,19,1,5,0,7,2,3,3,16,16,26252.95,1261,33671.0,1,3,73,14,30,5,32,56,10,9,10,4,2,9,1,10,5,10,2,3,2,5,3,5,1,7,7,10,2,3,0
1,39,31,5,4,0,3,5,5,6,8,14,126321.0,1170,28320.0,4,5,25,23,96,96,37,21,8,2,10,9,6,5,5,2,1,10,5,2,9,9,1,9,4,6,9,8,6,2,0
0,25,35,5,3,0,7,3,4,2,17,5,26252.95,837,38124.0,3,4,68,4,77,26,24,85,10,5,8,9,4,8,10,2,5,3,9,4,2,2,4,6,6,10,5,9,6,2,0
1,43,30,4,6,0,5,4,4,3,5,9,56483.0,1153,22970.0,1,1,20,30,15,55,29,96,3,3,3,10,1,5,1,8,9,3,10,10,7,8,2,7,4,5,3,3,2,7,0
1,22,42,1,5,0,1,1,5,1,17,16,127767.0,1290,37046.0,4,6,75,95,84,85,95,24,6,7,4,7,9,3,1,10,3,4,6,8,4,6,6,5,2,6,6,6,6,9,0
0,26,25,1,4,0,1,5,3,7,17,17,66000.0,1520,16299.0,2,3,23,5,62,84,28,38,10,1,6,9,6,1,8,8,10,9,1,3,6,6,10,5,4,8,4,8,8,3,0
1,19,25,3,2,0,6,2,3,4,7,7,32435.0,1452,32132.0,10,3,4,10,51,4,87,8,7,1,9,5,4,7,3,6,3,8,2,7,9,9,10,1,5,5,5,5,10,5,0
0,26,27,3,6,0,1,3,4,4,4,9,58504.0,1411,44102.0,2,7,63,86,66,89,65,18,9,5,2,9,1,8,10,9,8,6,6,5,4,6,7,8,5,1,3,3,5,10,0
0,27,34,6,2,0,2,6,7,4,11,2,64263.0,1500,41818.0,10,4,61,50,4,41,93,87,4,4,5,4,8,8,5,9,4,10,3,6,1,6,5,2,10,3,6,6,2,10,0
0,40,23,4,2,0,5,2,1,3,1,8,124035.0,1201,15617.0,7,4,80,60,30,62,38,33,9,9,4,2,8,1,8,4,6,5,4,8,4,1,2,2,10,3,10,8,4,4,0
0,21,32,5,2,0,9,3,7,2,3,13,130912.0,1438,14087.0,1,9,21,95,52,10,51,78,1,6,3,10,7,6,7,6,3,10,9,1,1,4,5,10,6,2,1,10,8,9,0
1,20,32,1,3,0,3,4,4,4,13,11,72730.0,1538,17458.0,6,3,88,74,57,4,54,95,3,1,6,8,5,3,10,6,1,4,8,9,2,10,2,1,10,3,5,9,4,9,0
1,27,42,5,4,0,8,5,1,5,12,5,138925.0,915,18654.0,7,7,79,53,96,96,5,59,10,1,8,6,7,3,1,5,6,2,8,4,9,10,1,10,9,7,7,10,6,2,0
1,32,33,5,6,0,4,4,4,2,14,12,140172.0,837,39205.0,5,9,70,11,45,19,26,7,8,10,9,3,2,6,10,7,7,2,6,3,1,8,6,9,1,5,7,2,9,2,0
0,28,25,1,2,0,8,1,1,5,1,11,103879.0,1559,46193.0,1,1,28,27,71,80,95,29,4,7,5,7,5,4,1,3,6,4,6,3,3,8,3,2,2,6,7,10,7,3,1
1,31,36,1,4,0,10,2,4,5,5,13,60176.0,1050,12502.4,5,4,94,95,44,73,95,13,8,10,4,1,3,8,7,10,1,8,8,8,1,8,5,5,3,9,3,2,4,4,0
1,23,37,4,3,0,3,4,5,4,13,4,95832.0,979,15130.0,3,2,73,37,53,16,19,45,9,2,6,8,8,7,8,4,6,5,3,7,1,10,2,5,3,10,10,10,4,3,0
0,29,32,4,5,0,9,2,6,3,16,14,67008.0,1339,57566.3,4,1,82,34,13,4,91,77,5,9,6,1,10,2,6,3,5,3,1,6,9,8,5,10,7,3,6,9,4,9,0
0,30,20,4,5,0,7,4,1,1,1,5,98108.0,949,48041.0,8,4,88,95,19,26,60,83,5,4,5,5,9,5,1,10,4,6,1,8,4,3,9,10,3,9,5,7,6,9,0
1,34,23,1,3,0,7,3,6,3,6,7,58175.0,1367,50356.0,10,8,9,12,18,54,11,21,5,2,1,7,5,10,10,9,8,7,7,10,5,9,4,6,8,10,5,1,4,1,0
0,33,42,3,1,0,4,3,7,5,5,5,102612.0,1478,47702.0,6,3,86,81,46,19,80,31,8,6,7,5,3,3,5,10,2,9,3,4,6,7,2,9,5,10,3,1,10,10,1
0,20,25,2,3,0,6,6,7,1,2,5,58910.0,1099,14223.0,7,4,28,29,95,70,95,41,2,8,5,9,8,5,6,9,2,1,7,10,5,2,10,6,1,3,9,3,6,4,0
0,19,33,6,3,0,2,6,7,5,17,7,52379.0,922,21882.0,5,4,53,20,42,87,53,42,6,7,4,4,6,8,2,8,2,1,8,10,7,2,5,3,8,10,10,1,1,5,0
0,28,32,2,6,0,1,2,5,6,14,3,100691.0,837,35895.0,2,3,43,70,13,12,41,38,2,10,2,1,3,1,10,8,10,8,2,8,4,4,8,8,1,2,10,6,5,9,0
1,26,30,6,4,0,5,2,2,1,4,1,67204.0,1408,36669.0,1,2,74,69,48,60,52,55,10,6,1,8,2,1,8,5,4,2,2,3,9,4,1,7,4,3,3,6,8,5,0
0,20,43,1,5,0,9,6,6,4,5,16,65527.0,1453,48428.0,4,8,84,62,22,65,60,42,4,4,7,3,6,7,10,9,5,2,9,8,2,8,3,9,10,3,8,7,9,2,0
0,35,37,2,3,0,6,6,2,1,4,14,33837.0,1345,16485.0,7,7,80,36,11,34,78,10,5,3,7,5,7,7,3,10,2,10,3,2,5,10,9,10,10,2,7,6,7,4,0
0,37,32,6,4,0,8,1,4,1,6,15,45598.0,1213,20168.0,4,5,23,73,7,88,75,41,3,8,3,3,2,2,8,2,3,1,7,2,7,3,5,9,9,2,8,2,4,1,0
0,32,35,5,3,0,8,5,5,3,12,11,137353.0,1474,44526.0,3,2,70,63,45,11,73,78,4,5,4,4,4,10,7,5,4,9,7,2,5,8,9,1,3,1,3,4,1,6,0
0,31,30,5,2,0,2,2,7,2,13,15,105441.0,1403,33987.0,5,4,10,54,75,23,41,68,6,9,4,6,3,10,2,5,4,1,10,9,3,10,7,3,8,3,5,9,4,6,0
0,19,41,1,6,0,10,4,5,1,15,17,103264.0,1277,26734.0,9,3,8,69,73,56,11,76,2,7,7,4,3,5,8,4,1,7,5,7,4,9,6,8,1,7,2,1,10,1,0
0,34,25,6,4,0,10,2,3,3,7,8,117659.0,1375,19413.0,5,9,54,53,82,31,25,57,7,5,6,4,6,1,3,9,3,3,4,8,10,10,8,4,10,1,1,3,3,1,0
0,39,31,5,4,0,1,5,6,1,11,11,66399.0,937,38318.0,7,7,82,38,81,44,35,73,6,7,4,9,4,3,9,1,1,10,6,6,9,2,2,8,8,1,3,10,5,9,1
1,43,28,2,2,1,7,1,4,7,17,17,130735.0,1446,26169.0,1,5,58,56,14,73,81,65,10,10,7,1,6,7,8,1,2,4,2,6,8,2,7,8,2,2,3,1,4,8,0
0,25,23,1,5,0,9,3,5,1,5,5,86523.0,1325,47162.0,1,4,82,64,4,75,11,17,1,10,2,9,2,2,7,3,9,1,9,2,2,1,6,8,8,5,3,5,6,6,0
1,27,41,1,6,0,1,2,2,6,12,6,48351.0,1404,29522.0,2,4,61,81,4,11,68,82,7,4,7,9,9,2,7,2,5,9,5,5,3,8,7,8,6,10,2,4,5,3,0
0,43,42,6,3,0,2,6,3,4,4,5,41197.0,1044,53043.0,5,5,71,9,79,66,95,46,2,6,4,1,2,6,9,1,9,5,2,1,7,3,6,7,3,7,10,10,1,1,0
0,35,19,5,2,0,5,5,4,2,6,9,115600.0,1559,57566.3,1,1,83,64,47,12,9,34,10,2,4,8,3,4,9,3,10,4,5,9,8,7,8,4,8,9,1,2,7,1,0
0,42,42,5,6,0,2,5,7,5,9,5,26252.95,1375,51975.0,1,7,56,32,78,16,27,79,4,6,4,6,6,8,3,5,10,8,8,3,6,1,10,4,7,3,9,5,10,3,0
0,36,19,2,2,1,5,3,1,6,1,17,26278.0,1174,52729.0,3,9,45,69,52,5,17,96,8,2,4,9,5,7,3,1,9,3,6,9,3,3,4,9,5,4,10,10,3,3,0
1,25,30,3,3,1,8,1,5,5,14,3,78627.0,855,20382.0,5,4,4,11,22,93,7,30,7,2,4,5,2,7,4,6,8,4,3,8,1,5,7,4,1,1,9,10,10,5,0
0,25,19,1,4,0,4,1,1,4,15,9,54770.0,837,12502.4,4,5,88,93,22,18,38,34,6,4,4,10,8,8,6,10,10,5,4,2,3,1,6,8,2,2,5,4,9,1,1
0,20,41,4,6,0,3,1,1,6,13,3,51563.0,1487,12502.4,5,2,19,52,33,67,5,90,9,7,1,7,4,2,8,4,1,4,5,7,10,7,8,10,6,2,4,6,10,4,1
1,20,41,6,2,0,10,4,6,5,10,8,31499.0,1403,40313.0,7,9,4,15,50,55,52,11,6,9,1,5,4,2,7,9,8,5,6,2,8,1,1,10,6,5,7,8,8,1,0
1,29,43,5,3,0,4,1,1,5,10,13,52993.0,1293,34192.0,1,2,60,51,75,44,5,82,10,10,2,7,1,9,1,1,2,5,9,10,3,9,9,2,3,1,7,9,8,9,1
0,39,21,2,3,0,4,3,4,5,10,7,99352.0,1116,16288.0,2,3,13,20,92,54,71,46,2,3,2,5,6,4,3,8,3,6,7,1,10,6,8,1,5,8,6,3,5,9,0
1,34,41,6,6,1,10,1,6,3,9,17,74549.0,1319,39831.0,8,6,11,90,55,87,7,52,7,5,1,3,6,5,1,1,9,1,2,1,8,2,6,6,8,4,10,10,4,5,0
1,21,40,2,2,1,9,4,7,6,1,14,116604.0,1544,28586.0,1,1,15,57,56,13,73,37,8,1,1,5,1,3,2,7,5,2,6,4,7,4,2,10,2,4,10,10,4,2,0
1,34,19,4,4,1,3,1,2,4,2,2,50117.0,1422,19797.0,7,5,26,4,71,24,95,11,3,6,1,10,8,9,1,1,4,2,7,10,9,8,7,2,9,5,2,1,1,8,0
0,31,38,2,5,0,10,4,5,2,1,7,68588.0,1074,46155.0,7,6,4,55,72,30,8,66,4,10,3,8,8,3,4,1,3,5,10,9,2,2,4,5,10,4,5,6,1,9,0
0,36,43,4,1,0,8,6,4,5,4,9,101344.0,1458,50841.0,4,4,28,92,40,64,92,79,10,4,6,1,10,6,10,2,3,7,7,3,7,8,9,4,6,6,5,3,6,5,0
0,26,37,4,2,0,3,5,6,4,9,16,61020.0,837,12502.4,7,4,86,10,76,33,73,79,5,2,3,1,8,1,8,2,3,8,3,6,6,1,3,9,2,4,2,2,4,2,0
1,38,33,3,2,0,4,6,1,7,15,6,69321.0,1504,56680.0,5,4,57,88,62,33,50,4,9,10,3,3,8,5,1,2,2,9,6,8,5,2,2,7,4,10,4,7,4,7,1
0,29,20,1,5,0,6,5,7,2,8,2,116569.0,1178,38204.0,2,7,29,46,67,68,37,44,10,2,1,5,9,9,8,8,10,9,8,10,7,4,2,10,1,2,1,7,3,5,0
1,22,34,2,2,1,7,1,2,3,9,8,78930.0,1559,23308.0,6,9,78,40,4,73,14,84,2,4,9,8,3,9,5,10,6,7,9,9,9,4,10,4,1,5,3,4,10,2,1
0,28,22,6,5,0,8,3,4,6,7,13,109829.0,1147,38248.0,8,9,36,84,59,66,95,61,9,6,6,3,5,9,8,9,7,3,9,3,2,5,7,5,8,1,4,5,2,5,0
0,37,43,4,2,0,4,4,1,6,2,10,40559.0,1559,53111.0,1,3,82,19,31,49,89,63,5,5,6,4,8,8,4,1,9,2,6,9,6,5,4,2,4,4,8,5,8,5,0
1,20,25,3,6,0,5,6,7,1,5,17,28811.0,1312,47868.0,7,7,96,95,96,48,85,4,10,3,2,4,5,6,6,1,4,6,1,4,6,8,5,8,5,4,10,2,9,1,0
0,38,29,4,5,0,2,6,1,7,13,6,117426.0,942,53890.0,7,5,64,38,27,80,60,61,7,5,3,10,7,4,7,10,7,2,10,8,9,9,7,4,10,6,5,7,5,5,0
1,32,42,4,3,0,5,3,5,6,13,15,35425.0,1281,30244.0,2,6,75,84,95,76,5,88,5,4,8,9,10,1,2,9,2,3,10,5,2,9,7,1,6,5,1,7,6,3,0
1,31,40,3,1,0,3,3,5,6,4,13,69230.0,1478,55874.0,3,4,32,31,7,13,21,81,9,5,10,3,9,1,2,3,7,5,5,3,6,8,7,7,9,3,1,3,7,10,0
0,28,29,6,1,0,5,6,2,6,1,7,32135.0,1295,30944.0,9,9,85,85,32,45,63,33,8,1,7,1,3,8,6,2,9,1,9,5,5,5,10,1,10,10,2,8,2,9,0
1,37,43,6,1,0,9,5,7,6,2,2,26252.95,1206,40142.0,2,5,80,39,38,96,58,42,1,2,6,10,9,4,10,5,3,6,8,3,10,10,6,2,7,5,10,9,10,7,0
0,25,19,1,4,0,1,1,4,3,6,4,106994.0,930,13058.0,3,3,85,95,4,36,63,32,5,9,5,1,6,8,9,7,5,7,8,1,1,8,2,2,3,2,2,2,7,1,0
0,21,19,6,5,0,7,5,5,5,12,2,72758.0,910,53086.0,4,7,44,56,94,12,5,20,4,7,4,4,1,10,4,8,6,8,3,10,10,8,1,5,4,1,2,8,9,9,0
1,43,32,1,4,0,10,6,3,6,18,1,58358.0,957,26151.0,5,6,74,66,28,62,25,11,9,7,8,7,10,3,6,6,2,5,3,2,10,9,6,9,1,1,6,1,6,4,0
0,29,34,1,2,0,7,6,4,5,9,15,26252.95,1329,12502.4,4,1,63,28,4,4,29,86,10,10,2,7,8,3,2,6,9,1,1,5,2,8,3,2,10,8,3,4,4,9,0
1,25,19,6,6,1,4,3,4,6,9,6,45404.0,1179,13456.0,3,5,18,85,84,22,12,83,6,9,5,8,9,10,10,9,3,5,6,6,10,3,9,5,7,1,9,10,7,4,0
0,23,34,5,3,0,4,2,5,6,18,3,63261.0,876,51229.0,9,8,7,54,96,96,18,32,9,7,2,3,3,7,10,9,9,7,8,8,3,6,3,3,8,7,9,1,4,5,1
0,32,37,2,6,0,2,5,1,5,4,15,67574.0,951,34935.0,1,1,96,74,25,93,34,19,8,7,1,3,7,9,2,3,10,3,9,1,7,9,5,3,3,5,5,4,3,5,0
0,29,43,1,2,0,2,3,5,5,2,1,117035.0,1061,18976.0,4,1,24,43,71,18,77,51,2,5,7,3,4,5,4,1,1,4,1,2,2,3,7,9,1,1,2,5,7,2,0
0,33,26,2,6,0,9,5,3,5,17,8,45751.0,1312,13085.0,6,5,39,4,66,95,45,23,4,3,2,6,8,6,4,1,1,7,9,8,10,1,1,3,6,3,8,3,9,10,0
0,33,29,2,1,0,1,4,4,5,18,12,34944.0,1171,27831.0,4,3,4,40,31,56,33,94,3,4,7,3,7,1,10,9,1,3,6,9,5,9,2,6,3,9,10,7,2,7,1
1,43,21,4,3,0,2,6,1,1,15,7,84057.0,1198,31066.0,9,1,53,91,6,27,92,15,2,8,1,10,6,2,10,1,4,1,10,1,1,6,7,6,4,9,7,7,8,3,1
1,38,30,5,2,0,1,4,5,2,4,10,106100.0,1089,23107.0,5,9,87,94,20,8,77,23,1,5,2,1,3,1,7,7,3,4,9,2,7,6,10,6,4,1,3,10,9,4,0
1,37,21,4,6,0,3,1,7,2,9,11,38430.0,1037,56219.0,7,2,96,71,69,7,9,63,4,3,7,5,4,9,8,4,7,2,2,4,2,3,5,8,10,8,5,5,6,10,0
1,37,24,2,3,0,2,1,4,4,2,14,104973.0,1512,35653.0,8,8,60,65,25,35,19,20,6,10,8,1,8,3,6,7,5,8,6,8,10,10,6,2,2,1,9,7,2,1,0
1,21,31,5,3,0,5,6,7,1,10,16,64003.0,1071,12502.4,5,9,88,78,47,39,36,41,5,5,2,6,2,8,1,1,3,10,5,1,4,3,9,8,9,2,6,10,6,2,0
1,28,43,3,5,0,10,5,6,5,6,9,44499.0,1283,45434.0,3,1,24,33,69,4,66,26,2,10,10,3,10,5,6,3,3,8,7,1,5,3,6,7,9,7,8,9,10,9,0
0,30,26,2,5,0,9,2,6,1,6,10,73760.0,873,53874.0,8,2,60,95,48,56,16,34,2,1,8,8,9,1,3,7,5,7,2,4,4,6,10,4,2,3,2,7,3,9,0
0,26,40,5,2,0,4,4,1,3,11,7,134464.0,1251,19134.0,5,6,68,82,39,96,20,96,4,6,1,2,7,1,2,5,8,8,7,1,2,2,7,3,6,3,7,4,8,2,0
1,21,19,3,4,0,9,2,5,7,7,6,37132.0,991,14085.0,5,2,38,31,62,28,22,57,8,6,6,8,9,5,4,7,5,4,7,7,8,6,9,9,4,2,3,7,2,5,0
1,29,19,6,6,1,7,4,1,4,2,12,26252.95,1430,32651.0,3,6,90,95,53,74,64,53,6,8,1,9,6,10,6,9,1,4,7,2,2,7,1,7,5,4,4,3,3,10,1
0,26,37,1,6,0,2,3,2,7,12,1,143471.34999999998,1410,40673.0,1,1,85,15,44,19,16,64,6,7,5,9,10,6,5,5,8,7,1,2,2,3,9,8,4,2,6,6,10,3,0
0,30,21,5,1,0,1,3,1,7,13,10,91929.0,1195,54500.0,7,6,96,4,72,4,37,18,5,2,7,9,8,5,8,10,10,7,2,1,7,10,3,10,3,3,2,9,3,9,1
0,33,19,1,5,0,2,4,7,5,14,15,129249.0,1218,26385.0,5,7,83,10,38,23,52,14,3,7,9,3,6,7,4,3,5,8,5,2,2,1,5,6,4,7,8,6,3,3,1
1,43,39,1,1,1,5,5,6,1,2,15,113576.0,1336,47525.0,3,6,4,16,4,64,27,30,7,9,6,5,5,7,5,8,5,6,10,1,10,5,8,5,9,3,5,10,4,8,0
1,23,27,3,2,0,4,5,7,6,5,11,53835.0,984,28343.0,4,3,57,95,15,30,54,90,3,4,8,8,6,7,2,2,1,7,6,9,10,4,1,1,2,3,4,1,3,4,0
1,27,19,4,2,0,10,6,6,4,17,6,58732.0,1462,42188.0,4,2,92,9,96,96,5,71,4,4,10,7,10,2,5,2,7,1,6,4,1,8,2,8,2,9,7,7,7,5,1
0,30,43,4,5,0,4,3,3,7,10,16,33258.0,1312,39836.0,2,2,25,95,51,7,5,63,1,4,5,2,10,4,8,9,9,5,10,9,2,6,10,10,7,7,5,2,9,2,0
0,24,38,3,2,0,1,4,4,2,5,11,29525.0,900,34512.0,3,9,27,95,82,7,49,52,2,4,9,3,9,4,5,8,7,10,1,2,1,4,3,8,2,7,6,3,1,8,0
1,43,41,2,6,0,8,4,1,7,12,10,85849.0,1498,26320.0,6,9,91,47,20,67,28,23,10,6,5,8,2,9,7,4,6,4,9,9,5,8,2,5,5,8,5,10,5,5,0
1,36,32,1,6,0,4,4,7,6,12,16,69087.0,1183,25424.0,1,7,95,21,27,90,83,93,7,7,10,4,9,6,3,9,10,6,8,7,6,3,3,2,4,4,7,8,6,5,0
0,41,20,1,5,0,6,6,4,1,15,17,38826.0,1274,32474.0,7,6,26,38,28,85,5,50,6,2,8,2,6,10,9,7,3,7,5,1,10,10,5,8,9,5,5,7,5,7,0
0,36,42,5,1,0,8,1,7,1,4,1,58286.0,958,33449.0,9,8,19,36,41,35,73,6,3,9,2,10,5,7,5,2,8,9,10,6,10,7,4,1,1,4,9,2,3,10,0
0,34,40,4,6,0,4,6,4,4,17,14,119238.0,1369,12502.4,9,9,7,16,57,22,92,4,3,2,8,3,1,4,6,9,6,7,9,5,6,7,1,2,4,4,4,6,2,8,0
0,30,26,3,3,1,1,5,4,1,6,1,49785.0,1321,39734.0,10,9,41,45,59,48,58,59,6,5,9,7,6,3,8,1,3,4,5,2,3,6,6,3,6,7,6,8,7,10,0
1,30,34,3,5,0,8,1,5,6,13,14,114969.0,970,36909.0,7,6,59,69,37,51,5,41,5,6,4,9,4,2,6,6,8,5,9,2,9,8,10,7,1,1,3,6,1,2,1
0,43,38,1,4,0,10,3,1,6,17,14,36978.0,1040,16502.0,2,6,78,49,59,8,32,55,10,9,9,3,10,9,8,8,9,5,5,5,3,8,8,7,1,2,10,3,3,3,0
0,38,30,2,1,0,1,4,5,1,15,10,87227.0,890,57063.0,1,6,34,62,7,63,53,34,5,5,3,7,10,6,9,9,8,10,8,6,10,3,3,5,10,10,9,2,4,2,1
0,19,20,4,3,0,2,2,5,3,13,10,99092.0,936,56036.0,2,7,7,80,46,49,30,31,10,7,3,5,7,4,9,2,1,1,2,6,9,4,1,4,10,1,4,9,2,3,0
1,27,21,2,1,0,1,1,7,6,4,14,107395.0,998,23159.0,1,3,52,88,21,4,79,39,9,9,3,5,6,8,1,7,7,3,4,4,10,1,3,1,1,3,3,2,10,2,0
1,39,21,6,5,0,2,2,6,3,4,8,99897.0,1559,39885.0,3,8,11,35,93,18,90,59,1,5,4,1,10,9,2,7,8,4,8,6,10,7,8,10,9,3,5,1,8,4,0
0,30,28,1,2,0,5,3,2,6,13,8,29309.0,1559,33396.0,6,3,88,47,22,61,6,73,6,3,3,7,8,10,1,6,6,8,8,1,6,4,7,3,8,3,9,6,10,6,0
0,43,24,2,4,0,2,2,4,5,4,6,68628.0,837,24789.0,5,7,68,95,90,5,66,15,8,8,6,8,8,1,7,3,3,4,2,1,5,3,5,6,10,9,1,3,1,8,0
0,26,43,5,3,0,5,6,5,6,12,5,37546.0,1142,20955.0,10,5,37,87,59,73,95,34,7,5,8,9,10,7,7,4,5,6,10,8,4,1,1,8,2,3,3,8,7,10,1
1,19,28,2,5,0,4,6,2,5,1,8,74567.0,1258,24386.0,2,5,68,17,19,95,86,73,8,2,3,1,9,9,8,4,9,10,1,9,8,4,3,3,3,4,2,8,9,5,1
1,31,41,6,6,1,8,5,5,6,18,11,119698.0,1283,33104.0,6,9,48,91,54,16,75,4,5,10,3,1,2,3,2,9,1,7,7,8,8,6,8,6,9,1,5,3,10,1,0
1,33,28,4,1,0,4,1,6,4,12,14,48941.0,1068,14810.0,7,3,68,50,18,63,34,31,8,2,8,10,8,6,2,8,8,4,4,4,9,5,6,1,5,9,10,2,8,9,0
0,37,27,3,3,1,6,1,1,7,18,13,93658.0,887,32822.0,2,8,9,30,90,27,58,93,9,1,3,5,9,5,7,6,8,8,1,1,1,5,1,5,6,2,10,3,9,3,0
1,32,22,3,3,1,7,5,5,6,1,6,107289.0,1315,13795.0,5,2,12,4,21,58,16,76,7,10,7,8,8,10,1,6,5,8,1,1,7,9,1,2,8,1,2,5,7,5,1
0,19,30,3,5,0,7,3,2,2,1,1,91998.0,1114,15072.0,5,8,35,81,64,46,30,52,5,8,3,2,3,5,3,6,7,4,3,10,10,1,3,2,4,8,7,2,3,9,0
0,34,29,5,4,0,1,4,4,2,16,13,112435.0,1001,23868.0,4,6,4,77,68,35,56,12,6,4,3,7,1,8,2,10,7,2,7,5,6,9,2,1,3,2,5,5,6,5,0
0,41,27,4,5,0,6,3,6,4,2,4,44274.0,1528,18945.0,10,6,58,37,91,31,20,44,8,5,1,2,5,1,2,3,10,8,7,8,1,4,9,4,9,8,1,3,4,7,0
1,30,24,2,5,0,7,6,3,3,8,11,85022.0,1166,57566.3,3,4,16,4,46,39,41,39,1,8,3,6,5,8,8,6,6,2,8,9,5,9,3,9,1,6,5,2,3,6,0
0,43,36,6,5,0,10,5,2,4,6,1,38998.0,1549,35331.0,4,8,87,93,5,55,12,84,3,1,3,3,3,4,9,10,7,10,7,9,2,7,4,4,8,3,7,8,8,8,0
1,32,36,1,5,0,2,4,6,4,18,13,82907.0,1487,43274.0,7,9,83,83,78,21,73,4,10,8,7,10,3,8,7,5,8,9,7,7,8,6,1,10,1,1,5,5,4,9,0
1,33,36,4,5,0,6,2,7,6,13,9,139936.0,1414,37339.0,2,4,72,79,35,44,65,11,8,1,1,2,6,5,4,1,10,10,3,9,1,5,6,7,2,10,5,9,5,3,0
0,33,29,4,4,1,6,4,2,2,5,4,88165.0,1111,48487.0,8,1,11,89,68,19,5,46,10,8,8,9,1,8,5,4,1,4,3,8,7,9,8,5,2,5,4,8,1,8,0
0,19,37,1,2,0,7,3,2,3,2,16,108389.0,895,43573.0,2,7,84,5,69,79,27,84,10,1,9,1,10,10,6,6,3,8,5,9,9,1,7,2,6,2,7,1,4,4,0
1,34,39,4,2,0,3,3,6,5,17,17,28741.0,1442,12502.4,8,8,88,64,20,34,20,11,3,8,1,5,2,10,4,4,7,9,7,6,2,10,8,4,10,5,3,4,1,4,1
0,28,32,6,4,0,9,4,7,2,13,13,137082.0,1277,32368.0,8,1,60,4,4,26,61,96,8,3,6,1,8,5,1,8,7,9,6,2,7,1,4,8,4,4,2,6,2,4,0
1,25,22,6,1,0,6,2,2,4,18,8,35048.0,1546,18724.0,3,8,47,44,60,32,38,17,9,2,2,1,4,9,6,6,7,2,9,9,9,9,7,8,2,5,9,9,8,7,0
0,37,41,3,5,0,5,4,2,1,14,10,118985.0,1507,46158.0,9,7,31,59,4,26,20,81,3,5,3,6,2,9,4,9,6,9,9,3,5,3,7,7,10,4,1,7,1,6,0
1,20,31,2,1,0,4,4,5,3,1,12,130660.0,837,20956.0,7,9,60,84,11,15,17,87,6,5,7,1,2,3,2,5,5,10,10,8,10,10,3,7,10,7,6,5,5,8,0
1,29,29,4,1,0,7,1,1,6,8,1,88020.0,1162,43437.0,3,2,83,88,41,62,14,42,4,5,3,4,6,7,5,6,9,10,4,10,1,5,4,3,2,3,3,2,2,5,1
1,37,38,3,4,0,2,3,5,6,18,6,55922.0,1371,52398.0,7,5,57,62,83,84,94,30,2,5,10,5,6,7,4,5,2,1,9,6,7,5,1,3,10,1,2,2,10,5,0
1,33,28,1,3,0,6,5,3,3,6,6,72462.0,1559,25546.0,8,6,65,85,20,61,57,38,9,8,8,9,8,10,8,6,2,8,7,6,9,6,6,2,1,2,3,9,3,9,1
0,31,22,6,1,0,6,6,6,4,4,9,109448.0,837,41781.0,5,7,8,32,19,53,21,69,10,7,2,7,8,8,2,9,8,9,4,4,4,7,9,7,9,1,8,2,4,4,0
0,33,33,3,1,0,7,2,1,7,7,9,121574.0,992,15154.0,6,9,92,91,4,26,39,64,4,1,4,3,9,1,2,9,5,6,4,4,1,3,5,1,1,3,7,7,8,9,0
1,43,43,1,6,0,7,6,1,1,17,10,143471.34999999998,1316,18764.0,4,5,94,14,44,4,40,77,6,1,10,4,2,10,10,3,4,2,6,7,3,2,6,8,4,3,2,4,1,8,0
1,38,35,5,3,0,10,1,2,3,2,1,26252.95,1266,45069.0,6,8,17,13,81,69,5,31,1,4,10,8,5,1,10,7,3,3,5,1,3,2,3,7,4,1,6,1,6,6,0
0,34,29,1,3,0,5,6,5,2,15,13,58090.0,1433,24055.0,2,2,8,19,87,4,17,62,5,3,6,2,2,7,4,10,10,7,4,9,6,3,2,10,2,1,10,1,10,9,0
0,28,43,2,6,0,10,6,4,4,4,10,88332.0,1228,43009.0,1,4,82,58,86,78,90,72,10,9,6,9,9,9,6,5,8,6,6,8,3,3,7,3,3,2,10,6,4,8,0
0,34,43,6,1,0,2,1,7,7,1,15,142221.0,1496,12940.0,2,1,74,64,85,96,26,10,4,10,8,8,5,1,3,9,3,1,4,2,3,1,10,10,4,7,1,10,7,1,0
0,36,22,3,5,0,3,3,4,1,3,6,34926.0,1471,12502.4,7,2,49,12,44,70,49,20,1,4,5,1,5,9,8,1,4,9,4,2,4,6,8,1,1,6,7,9,5,1,0
0,39,33,3,6,0,4,3,2,5,10,7,138853.0,1202,56604.0,9,6,47,59,23,17,58,54,10,2,5,9,8,5,2,3,3,1,8,3,5,4,10,10,6,10,1,1,7,9,0
0,19,29,4,1,0,6,5,6,7,8,11,66060.0,1521,19322.0,1,8,89,85,39,80,95,87,4,3,10,2,1,8,10,9,1,1,9,8,3,3,7,4,6,2,1,7,3,8,0
1,43,40,5,2,0,6,2,6,3,15,16,81592.0,1419,15672.0,7,7,43,25,89,96,38,71,1,4,10,5,3,1,5,8,5,1,9,5,4,2,9,7,6,2,5,5,4,8,0
0,29,19,5,2,0,2,3,7,4,10,17,52240.0,1050,27597.0,9,1,7,66,13,85,66,77,7,6,7,1,7,2,9,10,2,4,3,10,10,3,8,9,6,1,5,1,3,1,0
0,32,23,2,4,0,10,3,1,5,12,10,137681.0,1413,26958.0,7,5,79,51,82,57,68,44,7,8,9,10,9,2,9,4,1,3,8,4,4,8,2,3,5,9,8,6,10,3,0
1,35,40,6,4,0,4,3,1,7,2,15,62050.0,837,32429.0,2,6,92,65,10,91,70,75,5,9,5,7,6,10,7,10,6,2,7,2,7,2,9,6,5,9,3,10,5,3,0
0,40,38,2,6,0,3,4,2,1,10,10,26252.95,912,25028.0,8,4,24,31,39,7,86,72,2,1,8,6,4,3,8,7,1,9,9,1,5,5,2,7,10,1,9,8,1,1,0
0,31,42,6,3,0,1,3,5,3,4,17,116576.0,1351,47585.0,1,9,19,95,67,32,6,33,6,10,6,4,1,10,7,8,6,4,6,1,2,9,3,8,10,1,7,5,8,1,0
0,19,21,6,3,0,7,6,6,6,2,2,143471.34999999998,914,41169.0,4,5,35,29,59,84,60,62,3,9,5,5,3,7,8,3,7,1,10,9,3,9,3,7,5,4,2,10,2,7,0
0,30,30,1,3,0,4,5,4,6,3,5,90276.0,1366,19108.0,2,7,66,88,27,85,9,59,1,8,4,8,2,4,3,5,8,3,1,6,7,4,5,9,7,2,5,9,6,8,0
0,32,27,3,1,0,1,1,6,2,3,2,110227.0,1471,42601.0,1,7,78,60,47,36,5,23,3,5,1,3,3,2,9,3,7,7,2,5,4,10,8,2,5,7,8,5,1,6,0
1,24,34,6,5,0,3,1,1,6,15,15,75164.0,1546,49628.0,3,9,96,26,10,49,29,68,8,6,8,4,9,3,8,9,4,8,8,6,6,10,3,10,3,2,1,1,10,9,1
0,32,31,5,1,0,6,5,1,1,12,13,60650.0,908,12502.4,3,8,4,37,22,4,79,53,5,4,9,4,6,1,2,5,8,6,9,9,7,6,8,5,8,10,5,9,4,5,0
1,37,41,6,2,0,4,5,5,3,18,13,93764.0,1251,16410.0,5,9,64,89,86,37,48,37,9,9,2,5,3,7,5,4,6,9,10,6,3,8,4,1,4,5,1,6,9,7,1
1,27,32,3,6,0,1,6,3,4,15,6,78629.0,837,27938.0,10,7,96,34,74,84,9,11,9,3,1,6,4,10,9,4,7,9,6,9,4,9,4,6,10,4,6,7,7,1,0
0,31,25,4,4,1,9,5,5,5,10,3,79532.0,971,39362.0,2,3,75,80,10,49,41,6,6,5,2,7,10,9,10,6,2,9,7,4,3,6,6,5,9,2,8,9,3,2,0
1,23,40,3,1,0,10,2,3,4,3,13,38158.0,1330,28820.0,2,6,5,5,41,69,53,36,10,2,1,8,4,5,2,10,1,5,9,9,2,9,10,6,10,6,9,5,4,3,0
0,31,41,3,2,0,1,1,1,5,2,8,139771.0,1304,22399.0,10,2,10,41,14,21,95,75,4,10,5,7,8,10,3,3,4,10,5,6,1,2,1,4,1,8,7,6,2,8,0
1,41,35,4,2,0,6,3,7,2,1,13,37689.0,1465,40120.0,2,7,11,32,40,78,83,51,4,10,10,6,4,8,6,1,3,5,8,10,6,3,10,1,10,10,6,10,2,5,0
1,42,20,4,2,0,6,5,6,5,11,7,59924.0,837,12502.4,9,9,22,40,18,21,65,78,8,9,9,8,8,10,2,8,10,8,6,3,6,10,1,2,9,10,2,2,2,4,0
0,39,42,2,6,0,6,5,6,6,10,17,44006.0,837,26454.0,10,7,7,65,11,74,69,54,5,2,6,9,3,10,1,6,1,1,4,9,1,8,2,10,3,8,3,1,6,4,0
0,29,34,6,4,0,2,1,6,5,1,6,58953.0,1504,16752.0,8,9,18,79,82,30,52,65,6,2,4,5,9,8,8,4,7,5,9,5,7,7,1,6,6,10,4,10,1,4,0
0,28,41,4,4,1,3,3,4,4,15,5,43637.0,994,28645.0,3,1,29,95,21,15,16,63,1,9,6,10,8,10,8,6,3,4,4,3,8,5,5,3,3,5,3,4,5,9,1
0,42,41,6,6,1,7,2,4,3,11,7,96958.0,937,42459.0,3,3,22,47,54,89,21,76,2,10,3,10,10,8,5,10,1,8,5,3,6,9,7,6,3,3,7,5,4,7,0
0,37,24,2,5,0,1,3,1,3,5,3,80675.0,988,57279.0,6,5,67,4,29,79,36,71,5,1,4,5,8,7,9,10,3,10,5,4,6,6,7,5,8,10,5,1,2,9,0
1,39,30,1,1,1,5,4,7,2,7,12,143373.0,1519,28609.0,8,6,79,30,5,12,44,4,8,5,10,6,9,8,3,8,2,7,10,9,3,5,9,1,6,10,9,4,10,3,1
1,41,43,3,1,0,6,3,5,5,6,5,46155.0,1559,28335.0,8,1,30,83,96,64,57,96,8,1,6,4,8,6,8,6,6,3,8,5,4,8,3,2,9,3,4,8,6,1,0
1,42,33,5,1,0,8,2,4,3,15,8,58436.0,1043,17868.0,1,6,38,38,11,80,91,51,9,5,8,8,6,1,6,4,8,1,8,1,3,5,7,3,7,1,9,8,2,1,0
1,36,22,3,4,0,2,3,6,3,15,15,36427.0,1035,12502.4,9,9,4,14,96,46,70,70,6,6,8,5,9,6,10,7,3,4,2,6,6,1,3,5,10,1,1,4,2,9,0
1,19,21,6,6,1,3,1,5,5,18,3,70205.0,1037,22959.0,7,5,66,6,39,65,6,76,2,3,6,1,6,9,10,1,7,8,4,8,8,6,9,5,4,7,6,8,1,7,0
1,39,43,4,3,0,3,4,5,6,6,12,127755.0,852,23997.0,2,9,47,10,70,45,5,23,2,7,9,5,6,10,10,9,10,4,7,2,7,7,8,6,1,4,7,8,1,4,1
1,37,27,1,4,0,4,6,3,5,4,3,77180.0,1026,23796.0,10,2,92,84,36,55,60,50,10,1,9,8,1,10,8,6,2,7,1,4,2,1,2,10,10,1,6,5,1,7,1
0,19,30,5,2,0,7,4,1,2,16,8,47166.0,1368,57566.3,9,6,39,4,81,38,11,21,10,2,4,8,10,2,9,5,3,4,10,9,1,3,8,6,8,10,10,3,3,6,0
0,25,27,4,1,0,2,5,5,6,13,12,28461.0,837,17095.0,9,7,77,27,93,62,27,73,7,2,3,4,7,4,4,10,10,8,10,5,8,9,5,3,7,6,10,3,10,5,0
1,42,31,2,6,0,4,1,3,6,6,13,120794.0,1559,26967.0,10,4,62,28,43,32,58,27,5,10,4,8,1,8,3,4,5,10,5,1,1,10,2,8,5,6,2,4,9,5,0
1,31,43,3,4,0,7,5,7,3,18,13,115313.0,903,13226.0,1,6,11,62,57,48,74,75,1,7,3,1,1,5,3,4,3,10,8,4,1,9,5,7,2,7,8,7,1,6,0
0,26,39,6,1,0,8,1,3,3,10,2,51787.0,1185,57147.0,10,3,4,95,18,4,79,91,4,6,10,6,10,9,2,4,4,9,4,9,6,2,1,4,5,9,1,6,9,6,0
0,19,29,4,3,0,2,5,1,5,5,17,118551.0,1279,54563.0,2,2,64,89,4,96,67,73,1,9,10,7,3,7,6,9,1,8,4,5,2,1,7,8,3,1,9,5,4,1,1
0,42,43,4,3,0,4,3,5,3,7,17,38603.0,1452,12502.4,10,2,69,31,86,71,29,66,4,8,7,8,3,1,9,7,3,8,2,9,1,2,1,5,1,6,10,6,5,4,1
0,40,19,3,4,0,6,3,6,6,5,15,86693.0,1382,29113.0,9,5,84,55,88,33,36,76,2,5,7,6,6,4,6,4,3,5,9,7,1,6,9,6,3,4,6,4,2,8,0
1,22,38,4,6,0,3,5,3,3,18,5,141885.0,1184,23302.0,9,6,68,41,60,40,14,52,1,6,2,4,10,7,5,9,2,6,8,4,9,2,4,5,1,8,1,7,4,8,0
0,40,37,5,1,0,6,5,4,5,5,2,68361.0,1044,54819.0,7,5,74,24,86,75,16,12,6,6,5,6,8,10,5,2,7,1,8,7,3,3,5,2,9,9,4,10,9,3,0
1,42,37,4,1,0,10,5,6,1,6,13,107475.0,1496,45702.0,10,5,25,60,53,68,32,80,7,1,6,8,10,4,5,4,2,8,7,8,6,3,7,2,10,7,3,9,5,1,0
1,25,24,6,6,1,5,6,1,7,3,10,39771.0,1524,57566.3,4,8,96,40,89,70,92,21,4,8,1,1,8,6,2,6,5,4,3,8,4,9,7,8,10,1,8,6,5,10,0
1,33,26,3,6,0,5,6,6,1,5,4,37879.0,1518,31674.0,9,9,47,9,19,62,81,45,10,2,9,1,6,4,8,10,10,2,3,9,5,8,10,7,1,6,10,8,10,4,0
0,39,25,4,5,0,5,1,5,6,15,12,84413.0,906,24907.0,4,7,56,67,70,38,29,22,10,10,3,3,9,4,6,1,1,1,4,3,1,2,4,4,5,7,1,6,4,8,0
0,33,43,1,2,0,3,5,3,1,18,9,103537.0,1042,46776.0,9,3,84,88,91,30,38,29,7,2,9,7,9,5,3,7,10,9,9,2,10,4,8,6,4,10,8,3,1,9,0
1,30,30,6,2,0,3,1,7,6,7,10,49200.0,859,33071.0,5,2,66,47,74,29,12,42,10,9,2,9,8,8,3,8,4,7,1,8,6,8,5,8,9,3,7,4,9,1,0
1,37,31,4,1,0,3,2,3,5,4,8,35215.0,1064,25658.0,2,4,49,43,58,31,6,69,6,10,1,8,8,6,3,7,1,7,4,10,2,4,9,5,3,4,8,9,1,1,0
1,32,29,4,6,0,10,3,4,7,14,9,59656.0,1118,40443.0,9,4,45,84,62,47,30,5,3,4,1,7,7,5,8,9,10,5,7,10,9,3,7,1,6,1,5,5,4,5,1
0,19,25,5,5,1,1,5,7,1,13,7,36486.0,987,51324.0,1,7,27,77,83,47,93,65,4,9,5,10,6,2,5,10,2,10,2,7,5,5,4,2,8,8,5,5,5,7,1
1,39,38,6,1,0,3,1,3,3,9,13,48699.0,1539,42241.0,8,8,81,19,59,31,53,69,5,9,8,3,1,6,9,2,8,10,1,1,10,6,1,3,1,1,9,8,5,10,0
0,20,39,2,6,0,8,4,2,4,17,7,97907.0,1559,50435.0,9,8,83,95,96,48,42,46,4,6,1,8,7,10,10,8,10,8,2,6,2,8,3,9,4,1,10,8,4,5,0
1,23,35,6,1,0,9,6,5,4,18,6,73470.0,837,36395.0,5,6,27,70,18,4,7,36,7,5,9,9,10,3,4,2,10,5,5,8,6,2,9,6,6,6,6,4,6,4,0
1,39,33,2,6,0,9,5,1,4,5,8,121085.0,1407,49454.0,4,4,96,28,47,74,28,56,2,7,6,3,10,2,9,9,5,4,10,10,5,6,3,6,5,9,3,6,8,10,0
1,31,28,6,1,0,7,4,2,6,7,12,49990.0,920,37742.0,7,3,23,25,67,62,38,62,2,4,8,5,4,8,1,7,4,8,1,6,4,4,7,8,6,4,4,6,6,4,0
0,21,33,1,2,0,1,1,2,5,3,11,43583.0,1001,56739.0,7,7,39,70,34,44,93,13,3,2,1,7,6,3,4,8,1,9,7,6,7,7,4,1,6,4,7,4,3,5,1
0,35,31,1,2,0,9,3,1,7,17,3,126368.0,961,30674.0,1,3,76,4,22,82,45,63,9,10,6,7,4,6,4,3,6,3,4,6,10,3,9,3,3,2,8,6,7,5,0
1,32,20,4,4,1,9,5,7,7,18,8,94867.0,1237,40349.0,7,9,50,38,17,30,95,84,6,3,10,1,8,2,8,3,10,9,7,10,6,1,1,7,6,9,3,7,2,1,0
0,26,38,3,3,1,2,3,2,3,10,2,135653.0,1533,27204.0,2,1,5,28,60,87,72,19,5,2,1,4,8,1,8,5,9,6,3,3,3,3,3,5,9,6,7,5,6,2,0
1,35,19,6,1,0,5,1,5,5,14,6,128629.0,968,28461.0,2,7,67,84,58,92,6,19,10,5,4,3,3,10,4,7,10,8,2,1,8,4,7,10,8,10,1,5,5,2,0
0,20,20,4,5,0,1,3,7,7,15,9,65792.0,879,26642.0,4,1,9,83,54,74,23,7,2,10,2,2,4,9,6,2,2,3,5,1,6,4,8,2,7,2,1,2,1,3,1
0,27,21,4,3,0,10,4,3,3,6,5,67719.0,1374,25217.0,6,7,4,51,32,66,95,26,9,1,6,4,4,10,5,3,6,1,1,1,8,9,7,8,4,9,10,9,8,2,0
0,34,39,1,4,0,10,5,5,4,10,10,121953.0,1376,24622.0,9,4,16,62,96,5,5,27,7,1,1,10,9,6,10,1,9,2,10,9,3,10,7,4,8,7,2,8,8,7,0
1,24,22,6,3,0,8,6,1,2,14,4,38335.0,1276,37622.0,2,3,53,33,62,73,13,76,8,5,10,5,1,3,7,4,5,2,7,10,4,3,10,3,10,9,4,6,8,9,0
0,32,27,1,4,0,2,3,4,6,16,14,140307.0,1053,42878.0,7,7,85,34,41,87,9,96,10,2,2,4,5,1,10,6,7,5,8,6,5,1,2,2,9,9,4,3,3,4,0
0,19,37,6,1,0,4,6,2,6,11,4,26252.95,1559,20059.0,5,2,23,91,96,28,22,47,2,3,2,3,1,7,5,1,6,6,7,10,10,9,4,10,1,1,10,7,1,3,0
1,43,19,6,4,0,9,1,1,6,9,15,114902.0,1378,44482.0,2,8,4,69,62,20,89,60,9,4,7,1,10,6,7,7,9,7,6,6,5,7,6,7,9,2,4,1,1,10,0
1,42,29,1,6,0,6,1,2,1,7,2,59014.0,1274,19199.0,5,7,57,55,90,4,79,78,6,5,2,5,2,3,10,6,8,5,4,6,5,7,3,7,2,2,6,7,8,2,0
1,43,43,4,4,1,10,5,5,4,18,17,118959.0,1518,41116.0,2,2,95,63,34,8,36,81,7,5,10,4,8,6,9,8,7,9,3,3,2,7,5,10,5,4,2,1,7,8,0
1,28,22,4,1,0,9,2,3,6,18,10,28277.0,1556,23899.0,10,5,41,20,4,4,8,23,9,6,5,8,2,2,8,3,3,6,2,4,10,5,9,3,7,1,8,6,9,3,0
0,34,22,3,4,0,6,2,2,4,10,9,115362.0,1024,28277.0,2,3,83,15,13,4,95,73,3,1,1,4,9,4,3,2,3,8,5,5,7,1,7,10,10,2,1,4,6,9,1
0,22,43,4,4,1,6,2,4,7,14,8,50969.0,1178,54283.0,4,5,5,4,26,60,81,5,7,10,6,5,10,7,3,3,3,5,6,6,2,9,9,6,8,2,3,10,6,10,0
0,24,40,4,5,0,8,3,1,7,3,11,74419.0,837,48517.0,1,3,41,12,96,33,47,69,9,2,4,2,6,8,7,3,5,2,10,5,2,2,3,4,4,1,9,2,5,5,0
0,36,19,4,4,1,10,1,3,2,6,9,72224.0,978,35581.0,9,3,4,95,66,78,48,26,9,9,8,6,7,6,10,4,2,4,5,8,4,3,1,1,6,2,1,8,7,2,1
0,42,21,1,2,0,6,5,7,7,3,6,130291.0,1312,41811.0,10,2,52,20,50,76,29,51,7,4,10,8,7,8,7,3,5,9,4,6,4,6,2,6,3,8,1,8,4,10,1
1,41,43,5,5,1,2,2,4,7,2,15,66125.0,908,19501.0,8,1,96,35,94,96,86,96,9,1,1,7,5,5,1,10,5,9,5,5,5,10,2,3,8,6,2,5,9,4,0
0,32,38,5,2,0,2,6,5,5,12,3,40373.0,931,12926.0,1,4,16,91,44,8,51,55,9,1,7,4,8,9,1,1,7,10,8,1,1,6,5,4,5,5,5,2,3,5,0
0,20,41,5,1,0,9,4,4,3,9,16,119992.0,837,45841.0,3,4,96,77,8,55,5,9,1,2,7,7,9,10,7,9,8,6,6,3,2,8,6,1,8,4,9,3,8,6,0
0,32,29,5,4,0,6,2,5,6,2,9,78975.0,963,55206.0,5,7,84,79,60,45,71,59,4,3,2,4,8,6,9,10,7,9,10,10,10,8,8,2,8,10,2,7,2,10,0
1,22,29,6,5,0,5,3,2,3,3,8,90895.0,1036,15154.0,10,9,44,25,23,55,31,74,1,3,3,3,9,2,2,1,10,9,4,6,3,4,3,3,6,10,4,2,7,3,0
1,40,33,1,4,0,6,3,5,5,14,15,51215.0,1026,37105.0,7,2,75,65,75,38,51,39,1,1,1,2,4,6,7,6,9,3,6,3,5,8,10,5,3,8,8,6,3,6,0
0,29,41,2,2,1,2,3,1,7,16,11,76807.0,1296,28725.0,1,4,30,52,75,27,48,18,1,4,10,2,9,8,2,3,8,6,2,3,1,8,2,1,2,6,8,6,7,2,0
1,37,34,3,6,0,3,5,3,3,11,16,93833.0,997,19135.0,9,2,74,62,27,76,60,26,6,6,9,6,3,8,6,7,8,8,9,8,1,10,5,9,3,3,2,9,8,5,0
1,22,38,5,6,0,1,1,3,3,5,2,108295.0,1145,26826.0,10,3,10,36,51,31,68,59,10,8,8,8,2,6,3,6,2,6,6,3,1,8,2,4,9,4,10,4,6,6,0
1,20,27,3,4,0,5,2,4,1,6,16,78915.0,1460,57566.3,8,7,36,83,38,23,53,12,10,5,6,4,4,7,1,4,9,1,8,3,2,4,2,8,5,5,5,4,4,3,0
1,26,34,1,2,0,5,5,2,5,11,8,143471.34999999998,837,37505.0,2,8,33,81,27,27,95,66,7,8,9,1,5,10,6,3,7,10,7,4,7,9,3,4,9,2,5,9,10,9,0
1,43,34,3,3,1,8,1,1,3,17,5,128004.0,935,28889.0,4,4,12,75,52,77,37,17,1,4,4,2,1,4,2,3,5,4,9,6,5,1,10,1,4,9,2,7,6,2,0
1,26,35,1,2,0,1,2,3,5,12,9,105561.0,960,48713.0,5,3,95,88,75,34,81,36,6,9,4,4,5,7,9,9,4,2,10,9,8,10,4,8,8,7,3,3,4,6,0
1,24,19,1,1,1,10,5,5,3,15,6,75368.0,1355,39565.0,10,6,86,50,58,46,31,90,7,7,9,7,8,1,1,10,9,10,1,8,9,10,8,3,3,9,6,5,5,1,0
0,43,42,6,2,0,7,6,1,3,14,1,31603.0,1139,33052.0,2,3,4,95,67,62,73,91,10,10,1,1,5,2,1,3,5,7,4,5,8,2,10,1,7,4,5,4,5,5,1
0,19,21,5,6,0,1,6,2,6,3,8,52535.0,893,23653.0,6,1,9,55,84,18,67,4,10,6,3,1,8,2,3,5,5,1,9,2,8,3,3,2,4,4,6,4,1,5,0
1,40,36,3,3,1,7,2,4,3,2,16,87809.0,1209,32691.0,7,3,4,36,45,86,7,58,7,5,9,1,1,4,10,2,7,5,8,6,4,7,9,4,7,6,8,1,4,1,0
0,40,28,5,5,1,7,3,1,4,9,1,100798.0,1532,35556.0,8,5,79,40,77,45,54,88,4,9,9,5,7,3,5,1,2,10,6,3,9,8,2,2,4,9,4,6,10,5,0
0,43,34,2,4,0,2,5,4,3,9,11,26252.95,1298,57566.3,4,6,45,5,96,53,57,95,8,2,3,6,9,2,2,1,7,7,3,4,7,4,5,9,2,7,4,10,7,9,0
1,38,29,2,5,0,10,6,2,6,2,4,143471.34999999998,1213,36519.0,3,9,78,23,62,6,56,75,3,8,7,5,4,1,5,2,5,9,10,8,5,5,10,5,4,5,9,3,6,2,0
0,33,19,5,4,0,4,2,2,7,9,7,31981.0,1470,31614.0,5,1,32,13,27,34,46,7,4,10,7,3,3,6,9,10,7,2,1,4,3,3,5,9,5,5,1,5,1,3,0
1,26,23,3,2,0,1,4,7,6,16,14,34119.0,1071,38920.0,1,8,40,51,76,80,40,17,5,8,1,10,9,6,1,4,2,10,2,10,7,1,10,10,7,2,6,7,4,5,1
1,30,26,1,2,0,7,6,7,5,4,17,105157.0,1260,23980.0,6,1,91,23,44,36,35,41,3,2,1,9,6,3,3,7,10,9,8,8,9,4,1,4,2,8,2,2,8,2,0
1,43,22,2,4,0,4,1,5,1,5,2,31969.0,837,30717.0,9,8,87,61,35,75,34,28,2,10,5,1,2,4,10,3,10,4,5,4,1,7,6,5,2,4,9,6,5,4,0
0,36,37,6,6,1,3,3,1,2,14,5,73689.0,1501,43433.0,8,8,79,95,42,16,63,4,4,1,2,1,10,4,10,7,5,2,2,8,8,1,1,7,2,3,10,4,9,10,1
0,37,38,1,6,0,5,3,3,5,13,4,81157.0,1559,31514.0,2,4,62,78,31,85,45,14,2,10,9,6,7,8,10,5,9,6,10,5,9,10,1,10,5,10,9,6,9,10,0
0,34,26,1,6,0,5,4,1,7,14,14,95262.0,1165,39836.0,3,8,88,14,65,5,79,25,6,3,6,6,8,2,6,7,2,6,10,9,2,1,10,7,10,5,8,3,6,10,0
0,23,40,3,3,1,5,1,4,5,11,4,126872.0,1351,26775.0,8,8,22,31,15,45,66,36,2,2,5,9,6,1,2,4,3,9,10,10,1,3,6,4,8,1,4,3,7,6,0
1,21,25,5,2,0,1,4,1,2,5,3,65896.0,1013,37997.0,6,3,9,30,22,67,65,60,9,1,10,6,10,6,9,7,6,6,6,2,10,7,4,1,3,1,5,6,8,2,0
1,19,37,1,1,1,9,3,6,6,10,14,49237.0,1381,45939.0,6,5,78,52,31,30,14,96,5,8,2,9,10,4,10,3,7,8,1,5,1,4,2,4,10,8,10,9,8,2,0
0,35,43,4,4,1,4,6,4,7,3,2,56969.0,1109,33234.0,10,4,85,81,25,19,69,71,7,5,2,2,1,8,6,4,5,7,10,9,6,1,8,2,9,9,9,6,5,1,0
1,36,25,3,1,0,3,2,1,3,18,5,86795.0,1433,57145.0,4,9,55,81,79,17,53,86,5,4,5,4,5,6,9,9,2,1,9,10,6,3,3,7,7,1,3,1,1,5,0
1,26,39,4,2,0,8,3,3,6,12,16,42350.0,1112,12502.4,9,7,17,11,32,4,94,45,5,6,5,8,7,1,8,3,5,1,10,7,8,8,4,10,9,10,2,8,7,1,0
0,30,38,5,3,0,5,2,5,5,6,12,142078.0,1401,51328.0,3,3,76,40,56,8,53,88,1,10,5,2,10,8,3,2,2,10,2,4,9,5,8,9,4,9,2,8,8,2,0
1,25,40,5,2,0,6,3,2,3,14,2,75938.0,1360,16955.0,5,5,16,45,49,49,30,15,3,10,9,3,3,2,10,7,8,1,8,3,8,8,1,3,10,10,1,8,9,2,0
0,40,23,5,6,0,8,6,1,5,14,7,44498.0,1559,37220.0,6,6,41,4,94,91,71,63,2,5,10,6,2,10,5,2,7,2,7,1,9,5,8,6,6,8,5,10,7,1,0
1,30,20,2,6,0,4,3,1,5,8,17,142827.0,1234,22497.0,2,9,72,63,89,74,7,16,6,4,10,9,3,2,1,3,9,6,8,2,3,8,3,7,8,6,5,6,4,7,0
0,32,22,3,5,0,9,1,7,1,3,14,134560.0,1233,29195.0,5,2,12,17,26,45,5,96,4,3,3,3,9,6,5,3,9,9,9,2,2,9,5,9,10,2,7,9,2,1,0
1,28,26,3,2,0,5,5,3,2,12,16,26282.0,1559,24484.0,8,4,33,82,33,4,72,92,9,4,10,5,8,4,2,1,5,3,6,3,10,2,5,3,10,1,6,4,8,3,0
1,29,24,3,6,0,4,3,1,6,2,4,93347.0,1559,18530.0,8,2,96,20,45,73,84,45,7,6,7,1,7,7,7,8,1,4,2,5,9,3,4,4,3,7,2,3,2,10,0
0,31,21,3,1,0,6,2,5,7,2,5,26252.95,1503,31521.0,1,9,51,44,22,53,24,26,5,4,6,3,5,9,8,10,2,4,7,3,3,1,9,8,7,9,3,8,9,5,0
0,21,24,1,1,1,6,2,1,3,9,11,77904.0,837,36930.0,3,9,53,25,39,8,62,30,2,8,8,2,3,7,2,9,2,8,1,4,5,3,7,5,7,3,7,4,4,9,1
0,19,22,4,2,0,10,5,6,7,10,13,85957.0,1348,38919.0,9,4,45,53,91,79,78,9,1,4,5,9,6,4,8,5,10,3,8,9,5,8,10,1,7,1,2,8,7,8,0
0,41,28,5,1,0,7,1,1,7,9,11,132926.0,1465,28133.0,6,2,45,86,46,35,95,15,2,4,2,2,8,2,5,5,7,2,9,3,10,5,4,1,8,5,2,2,4,8,1
1,21,32,2,4,0,9,1,2,7,2,10,44477.0,1220,37610.0,6,7,51,17,46,27,48,92,1,9,5,4,3,8,8,5,2,8,3,4,6,9,2,7,4,7,5,5,9,7,0
1,36,19,1,2,0,5,5,1,4,16,4,75057.0,1246,23139.0,10,8,22,77,39,91,69,10,8,9,3,7,7,8,5,10,8,2,6,8,8,4,4,10,5,9,1,9,10,5,0
0,26,30,3,2,0,6,2,5,2,15,7,70663.0,1279,37250.0,9,1,71,76,84,58,94,4,7,3,6,9,2,8,7,8,3,9,1,4,3,10,1,5,8,2,8,7,10,7,0
1,27,39,4,1,0,1,3,2,4,18,16,47495.0,1273,12502.4,7,5,37,45,40,13,94,57,10,7,3,7,3,7,5,6,4,3,3,4,5,5,4,6,6,7,7,2,9,9,0
0,21,33,1,3,0,4,6,5,5,18,6,143471.34999999998,950,25539.0,4,3,4,6,94,28,75,71,2,8,10,7,10,1,4,7,3,7,4,3,6,6,3,5,10,4,7,10,7,1,0
0,37,24,1,5,0,3,1,2,3,9,1,77629.0,1452,30801.0,8,5,18,55,62,74,7,45,5,8,9,6,3,5,9,10,3,6,10,10,4,7,10,5,4,8,5,8,4,6,0
1,26,25,1,3,0,4,5,6,4,8,6,133924.0,1287,49450.0,10,2,60,49,59,76,85,44,1,5,9,8,8,1,1,9,8,4,7,3,1,8,4,1,5,9,6,5,9,5,0
1,30,23,5,5,1,6,3,5,2,14,12,53408.0,1379,56755.0,9,1,11,72,66,36,65,20,10,5,9,1,1,2,5,7,6,3,5,4,2,10,6,8,3,7,8,10,6,7,0
0,29,41,4,1,0,3,3,1,6,5,3,103623.0,1317,30894.0,10,6,66,55,63,59,69,42,1,5,2,2,3,7,10,5,3,5,4,7,1,2,9,2,4,2,2,8,8,5,0
0,28,24,1,3,0,8,1,2,1,7,17,90590.0,894,56242.0,7,8,7,33,50,37,12,47,9,8,5,3,9,6,3,8,10,10,8,4,10,10,2,9,1,5,7,2,9,8,0
0,29,35,1,1,1,1,2,7,4,5,15,100608.0,1304,56957.0,8,5,85,50,68,87,50,95,6,8,1,3,10,2,8,8,9,1,7,7,2,3,10,10,3,10,9,8,9,3,0
1,35,39,2,3,0,2,3,6,4,18,2,39947.0,1194,38884.0,3,6,89,52,73,27,91,27,2,10,2,8,9,6,10,5,5,4,2,8,8,7,4,2,2,9,9,7,4,4,0
1,29,42,1,3,0,7,5,7,4,1,4,59765.0,1317,44677.0,3,5,46,14,30,34,8,82,4,4,9,9,9,7,7,4,5,2,7,2,4,1,1,10,8,4,5,3,2,9,1
1,33,39,6,1,0,3,6,2,7,2,4,35227.0,1305,28564.0,3,8,63,35,80,37,70,4,3,2,3,2,3,3,2,3,1,2,7,9,6,8,6,2,10,10,9,6,10,4,0
1,22,37,6,2,0,6,2,6,4,11,10,51091.0,1302,45029.0,6,6,4,21,96,70,66,93,4,4,9,6,6,9,3,10,1,9,2,6,1,2,7,1,2,5,6,5,8,1,0
0,37,24,3,2,0,6,4,3,6,3,12,129687.0,1100,23813.0,5,7,65,36,80,29,76,69,5,4,9,4,8,3,3,9,4,8,10,5,10,5,7,1,4,8,10,4,9,3,0
0,42,20,2,1,0,1,6,3,2,10,10,69299.0,1127,27191.0,10,6,74,17,70,42,66,4,8,10,5,6,2,6,10,4,8,4,3,4,8,9,1,3,3,3,1,10,8,3,1
0,29,22,3,1,0,7,3,7,6,16,1,81994.0,1150,27231.0,7,3,75,95,82,72,41,26,2,5,9,8,6,5,1,3,1,8,8,7,4,8,10,4,7,5,3,2,5,5,0
0,38,19,5,5,1,1,4,5,4,10,8,86481.0,1119,13650.0,9,7,28,11,64,18,37,57,2,7,5,7,2,8,8,8,4,3,2,7,5,10,8,7,9,3,8,8,3,6,0
0,42,32,5,2,0,4,1,7,3,10,2,33194.0,1058,27102.0,6,4,8,44,66,96,71,8,4,9,1,3,5,2,3,7,3,10,2,5,2,5,9,2,2,1,5,1,10,3,1
0,28,43,1,4,0,5,3,3,3,17,2,26252.95,987,49462.0,8,4,75,92,74,43,5,90,6,9,2,2,5,10,4,4,10,7,10,5,6,6,10,7,2,5,9,10,7,6,0
1,26,20,1,4,0,6,1,1,4,17,4,135436.0,886,45249.0,1,8,40,54,79,33,68,37,6,9,7,9,3,6,3,4,6,8,10,9,3,3,3,8,5,3,6,7,10,3,0
1,35,25,4,2,0,1,5,2,5,18,12,76060.0,837,24362.0,10,7,77,48,4,19,49,56,9,2,7,2,3,9,1,8,8,2,4,7,4,5,1,8,8,6,1,6,6,3,0
0,42,42,4,5,0,2,1,6,3,7,16,132748.0,837,50182.0,2,9,68,52,10,9,72,75,2,1,8,4,3,5,10,10,2,2,3,3,1,5,6,8,5,9,9,6,10,3,0
0,20,26,4,1,0,5,6,4,5,13,16,69821.0,1204,26037.0,9,7,41,95,22,96,41,10,7,9,4,5,9,3,10,10,9,5,6,10,4,5,5,5,2,8,2,2,2,8,0
1,37,32,4,5,0,5,5,6,7,8,1,137132.0,1125,14716.0,9,7,51,72,29,36,95,24,2,1,4,6,8,7,6,10,4,10,7,10,4,8,7,9,2,9,9,10,7,4,0
1,34,27,5,3,0,9,5,4,7,17,1,53517.0,879,17621.0,10,5,31,65,32,6,47,18,4,4,2,9,4,10,4,7,2,3,3,9,9,6,8,3,4,7,1,5,3,2,0
1,31,19,2,1,0,4,6,4,3,4,17,143471.34999999998,1228,20027.0,8,5,23,95,78,58,67,96,10,7,6,3,2,3,4,7,5,5,6,7,1,6,7,3,1,6,10,7,7,7,0
1,19,37,6,5,0,3,4,6,1,5,17,130815.0,1335,37019.0,4,1,92,63,24,22,95,30,9,2,4,7,5,7,7,9,3,7,1,10,5,8,3,4,10,5,4,9,1,6,1
0,34,22,4,5,0,10,6,4,3,14,3,71421.0,1258,27831.0,1,4,7,15,64,93,25,7,5,3,8,10,2,7,2,6,1,4,3,2,9,1,5,7,7,4,6,1,2,3,0
0,42,36,5,5,1,2,4,2,4,7,4,112435.0,1550,35650.0,3,5,6,28,58,69,9,18,7,4,8,9,9,3,4,2,8,4,4,1,5,4,7,4,5,7,7,2,5,4,0
0,43,30,4,6,0,1,3,3,7,6,17,50912.0,1049,12502.4,3,5,7,7,74,44,5,80,7,4,8,5,9,2,2,2,7,1,2,9,9,8,1,7,6,6,6,3,8,7,1
0,25,28,3,3,1,1,4,2,4,10,7,128028.0,1306,36734.0,10,1,52,78,11,93,26,47,2,4,2,1,6,7,4,9,2,9,3,6,4,9,3,10,8,6,4,8,1,1,0
0,22,19,2,1,0,7,6,3,3,4,1,57590.0,1487,18610.0,7,4,86,95,10,94,95,37,4,10,10,7,2,5,5,9,9,5,7,4,10,9,4,2,6,9,10,3,2,6,1
1,22,39,2,5,0,9,6,4,2,2,8,131687.0,1319,35640.0,1,8,48,92,31,64,78,94,7,7,2,2,1,3,4,4,8,6,6,9,6,7,3,4,2,3,2,3,2,6,1
0,26,32,4,6,0,2,4,3,4,17,2,113015.0,837,57566.3,3,4,26,15,38,53,49,34,10,8,8,7,2,2,5,4,5,8,6,6,6,3,9,1,3,9,4,10,7,6,0
1,20,43,1,2,0,3,5,1,5,3,5,121730.0,1506,43393.0,8,4,9,85,50,93,23,78,10,6,3,6,10,4,2,1,4,1,2,6,9,10,3,4,2,3,4,7,6,7,0
0,36,35,2,1,0,3,3,7,6,4,2,92128.0,1031,16604.0,5,7,28,87,73,12,50,75,1,5,1,9,5,5,6,3,9,10,7,3,5,8,1,4,3,7,3,6,10,3,0
0,40,33,5,3,0,3,3,2,6,4,17,44206.0,1551,34824.0,8,9,25,53,79,27,12,70,2,4,7,1,2,1,10,6,1,9,7,3,4,8,10,10,5,9,4,7,1,9,1
0,26,26,5,3,0,10,5,3,2,12,16,102767.0,837,22040.0,10,7,83,58,96,21,52,49,2,6,2,6,10,5,2,5,1,6,8,6,6,9,1,10,1,10,5,2,3,6,0
0,39,19,1,5,0,3,2,7,1,5,10,143471.34999999998,1375,54171.0,3,2,25,36,70,16,74,60,7,3,6,8,4,6,7,9,10,8,2,2,2,7,4,8,6,9,3,3,2,8,0
0,35,28,3,6,0,1,3,4,6,10,16,131973.0,959,18346.0,5,8,15,77,58,29,87,20,10,2,7,7,6,10,6,6,4,9,5,2,8,9,7,5,4,1,2,6,1,1,0
1,33,26,6,1,0,6,5,6,6,10,3,34925.0,850,29092.0,4,6,71,69,10,89,91,81,7,4,5,4,8,4,3,8,10,5,6,5,1,3,8,3,7,8,1,8,8,10,0
1,19,40,2,6,0,6,1,5,3,7,12,110981.0,1481,23913.0,3,5,90,13,30,21,89,67,6,3,10,3,7,6,7,8,8,2,3,6,9,9,1,5,9,9,2,3,8,6,0
1,19,28,1,2,0,10,2,5,6,6,17,89680.0,887,50515.0,3,7,23,73,95,26,68,89,7,10,5,4,3,5,8,1,2,9,8,6,1,7,7,3,8,3,6,3,4,7,0
0,31,30,2,4,0,8,3,6,4,7,4,37403.0,1208,47473.0,10,2,72,8,9,4,34,55,9,7,10,5,4,5,2,3,5,7,3,5,5,9,2,4,6,7,9,10,1,5,0
0,31,43,3,6,0,2,2,5,7,6,1,106947.0,837,32618.0,4,6,23,55,4,54,28,86,2,1,5,6,9,3,9,1,5,9,8,2,6,5,5,9,4,4,3,6,7,7,1
1,19,19,2,5,0,1,6,7,4,7,2,101377.0,870,47960.0,10,7,60,11,5,94,87,96,5,5,3,10,4,5,7,10,5,7,4,4,10,6,1,10,10,1,9,10,9,6,1
0,43,31,3,5,0,3,5,1,5,6,7,133466.0,913,25137.0,7,1,18,93,24,40,95,59,1,9,6,2,10,1,7,9,5,7,10,3,9,2,8,1,1,1,5,2,9,8,0
0,43,23,5,4,0,9,1,5,4,12,8,26252.95,1310,21817.0,1,5,81,20,96,4,46,12,9,2,4,2,5,10,3,6,5,9,3,4,3,3,2,2,4,10,9,3,4,1,0
1,42,25,5,5,1,8,2,3,5,2,6,120032.0,926,23446.0,6,2,48,8,6,18,24,81,4,8,5,7,9,10,3,9,2,2,10,2,9,4,10,2,3,4,7,10,1,2,0
0,33,35,2,4,0,5,5,3,4,2,9,26252.95,1178,40124.0,8,8,76,16,31,41,21,19,7,2,7,4,1,5,7,3,3,7,1,3,9,10,10,8,1,7,4,4,8,5,0
1,32,33,1,6,0,8,2,2,2,17,10,125509.0,855,22987.0,9,2,7,75,64,42,6,96,7,10,6,5,2,5,8,4,2,2,5,10,4,10,7,6,4,2,2,8,9,3,0
0,43,38,3,4,0,5,3,5,5,17,17,74079.0,962,17184.0,3,8,36,95,72,55,95,58,5,8,5,1,8,8,7,10,6,9,4,5,8,6,3,4,3,10,4,2,9,10,0
1,32,29,2,3,0,2,2,2,4,11,7,104969.0,1353,40827.0,2,4,16,34,56,54,32,19,1,5,7,9,3,10,6,2,3,8,4,1,10,5,9,1,1,1,5,7,10,10,0
0,29,28,3,6,0,8,1,1,4,2,9,80299.0,1297,33899.0,3,9,86,47,53,18,63,93,2,8,6,4,9,1,4,6,5,3,9,7,3,5,10,4,8,2,2,4,5,5,0
0,33,23,4,5,0,8,4,2,4,4,13,26252.95,1413,17647.0,5,4,10,78,96,64,5,70,3,8,9,1,1,2,9,9,2,4,10,9,6,10,2,5,2,2,2,3,4,7,0
1,31,20,3,1,0,7,1,2,6,11,5,31782.0,1140,12502.4,10,2,57,49,96,71,92,53,2,5,4,1,4,7,1,9,5,3,5,3,7,7,5,4,9,8,4,7,2,4,0
0,41,31,1,1,1,2,6,4,4,6,7,125665.0,1070,23936.0,7,4,69,65,73,96,14,28,4,1,7,4,8,5,4,3,8,5,2,4,4,10,4,5,4,8,3,9,6,2,0
0,32,19,6,2,0,7,6,4,2,14,14,142430.0,1116,32779.0,5,9,38,79,14,10,70,78,4,6,6,8,9,6,7,1,8,9,10,8,5,10,4,2,7,9,1,3,5,10,0
1,40,28,6,1,0,6,1,3,7,8,12,75322.0,950,27816.0,1,2,19,78,14,55,66,88,7,6,7,7,10,1,4,2,6,6,1,9,1,4,6,4,7,3,4,6,4,3,0
0,32,39,4,1,0,6,5,1,2,4,10,94800.0,1301,53216.0,4,2,38,84,96,49,53,4,3,8,7,5,10,4,3,7,5,8,4,8,5,2,10,5,5,10,4,3,10,7,0
1,36,20,6,3,0,5,3,2,4,12,11,58218.0,1085,19922.0,7,7,27,28,78,18,38,89,1,2,2,1,4,2,2,4,6,2,3,1,6,1,8,1,3,3,6,10,8,5,0
0,25,35,3,3,1,7,5,2,3,7,10,100891.0,1384,53059.0,9,7,35,50,27,67,25,57,1,6,2,5,2,9,3,5,5,5,7,6,5,2,7,10,2,3,4,5,3,9,1
0,19,19,3,3,1,5,2,2,5,15,15,109461.0,1382,47209.0,5,7,96,83,25,37,59,66,8,4,4,2,5,6,4,10,10,6,10,5,6,10,4,7,2,10,7,5,6,7,0
0,19,41,2,5,0,8,1,5,3,5,16,136803.0,1063,35347.0,3,5,5,75,58,95,91,45,5,8,1,6,3,7,9,10,4,9,7,10,10,3,10,10,6,5,9,7,4,2,0
0,43,19,3,1,0,10,5,4,4,8,11,47293.0,1283,21963.0,9,3,50,12,4,96,32,57,9,5,9,4,6,2,2,3,2,7,5,2,2,8,7,9,2,2,3,4,8,2,0
1,27,29,5,4,0,4,4,3,5,11,17,67325.0,858,36025.0,5,2,46,10,32,90,35,87,2,9,3,5,7,9,1,2,6,10,7,7,2,3,3,6,7,5,4,6,5,7,0
0,20,32,5,6,0,6,1,1,5,6,10,142112.0,923,26345.0,4,2,59,90,38,18,55,34,5,6,3,5,1,9,3,9,7,8,9,2,1,3,4,4,1,6,2,2,1,1,0
1,40,22,1,5,0,8,2,2,1,13,16,38209.0,969,34646.0,5,5,11,4,65,4,83,70,6,3,1,6,8,9,3,5,8,1,6,5,9,1,5,1,9,3,6,6,6,7,1
0,34,43,2,6,0,7,1,2,5,6,1,99222.0,1395,12502.4,10,5,82,41,39,88,82,74,1,7,2,4,3,10,3,5,1,6,10,2,2,5,8,6,2,10,7,9,10,10,0
0,25,23,4,1,0,4,1,5,1,3,1,68700.0,1226,25931.0,9,7,20,95,95,69,18,21,7,9,10,1,3,2,7,2,6,10,1,7,3,8,5,3,9,9,6,6,5,3,0
0,40,33,5,1,0,4,4,4,7,10,17,126760.0,1274,22331.0,6,2,53,4,33,24,75,21,1,5,7,5,2,6,9,9,5,10,3,1,1,5,1,6,2,8,3,1,3,3,0
0,21,43,6,3,0,6,4,2,4,17,9,76058.0,860,14099.0,5,5,84,43,74,67,64,49,5,10,4,3,2,2,1,1,5,9,2,10,3,10,3,8,9,4,4,5,9,2,0
1,31,29,4,3,0,5,4,7,3,18,1,38208.0,911,22264.0,9,9,62,71,28,45,78,22,5,5,7,7,8,6,7,1,10,6,9,2,6,6,2,7,7,6,5,2,4,7,0
1,38,29,1,3,0,3,1,2,4,3,13,42337.0,1559,36632.0,2,2,91,65,14,16,63,67,5,5,8,1,10,3,6,2,5,8,10,5,9,10,9,5,4,9,8,1,10,6,1
1,27,20,1,3,0,5,3,5,2,17,16,55928.0,1215,12502.4,8,1,48,39,53,15,90,76,5,4,3,8,7,1,10,8,10,10,10,5,10,8,2,7,4,8,3,3,4,4,0
1,19,40,2,5,0,1,4,5,4,5,9,26252.95,837,52328.0,6,8,61,21,37,81,22,69,4,1,3,4,2,9,10,3,4,2,2,6,1,3,9,9,5,3,2,8,4,1,0
0,21,19,6,3,0,8,3,1,1,11,8,40737.0,1140,36704.0,5,8,62,95,50,83,45,71,4,9,6,3,8,7,4,1,3,9,8,8,2,3,4,1,6,4,4,2,8,1,0
1,19,24,1,3,0,2,2,5,2,16,9,112040.0,1503,27163.0,9,8,66,40,28,30,86,15,4,6,4,1,4,8,10,1,1,6,8,9,6,4,7,4,5,6,1,5,6,1,1
1,34,19,1,2,0,2,5,6,3,8,16,35561.0,1262,26903.0,5,1,37,56,57,4,54,96,7,6,9,2,10,4,6,9,6,5,8,5,10,4,7,3,2,2,6,10,3,9,1
0,43,38,5,6,0,1,5,6,3,4,8,26329.0,1266,21782.0,6,8,45,8,67,53,47,39,3,5,5,10,6,10,9,5,5,2,2,7,1,7,2,9,3,3,6,2,1,1,0
0,34,24,2,2,1,7,3,3,7,17,13,68213.0,1432,49922.0,1,4,67,4,27,66,95,8,4,4,6,3,3,7,7,1,5,5,9,7,10,6,7,4,1,4,7,3,1,10,1
0,24,28,2,6,0,3,6,2,1,11,11,84357.0,1310,47933.0,1,4,4,24,8,84,89,60,4,7,4,3,5,8,5,10,9,8,5,1,7,7,5,3,8,10,6,4,1,6,0
0,40,28,4,6,0,8,4,1,2,12,2,58851.0,1337,15072.0,10,1,17,45,84,41,75,62,4,2,7,9,8,7,5,4,10,10,3,1,2,5,4,2,5,8,9,6,8,8,1
1,37,31,1,6,0,3,3,1,6,13,3,70651.0,1061,35678.0,8,4,21,86,68,20,7,16,7,6,9,10,2,4,2,2,9,1,5,1,10,3,1,5,5,4,10,6,3,5,0
1,32,20,3,5,0,1,1,7,1,14,14,115459.0,837,36048.0,1,7,16,49,8,25,57,29,7,7,9,6,2,10,1,2,10,4,4,1,10,2,7,1,4,7,7,4,7,2,1
0,30,31,3,4,0,10,6,2,3,13,13,108069.0,1294,18460.0,1,2,61,54,24,46,54,13,1,8,4,7,7,5,4,2,6,7,10,3,1,6,3,4,10,3,2,3,10,1,0
0,19,28,3,3,1,6,3,4,5,17,7,100366.0,1339,35099.0,10,9,27,30,51,94,95,34,6,9,1,8,8,1,10,5,10,8,9,5,3,10,3,3,5,3,10,8,4,7,0
0,36,21,6,3,0,8,2,7,5,9,10,143265.0,1281,12562.0,5,7,73,9,75,89,6,8,5,3,3,1,3,4,2,3,1,3,7,5,2,6,3,10,8,5,8,6,2,1,0
1,41,34,1,3,0,9,4,4,5,13,8,101552.0,1091,29480.0,9,4,13,17,52,96,31,19,4,1,4,5,4,5,1,4,4,7,8,2,3,2,9,7,9,8,4,9,7,7,0
1,30,33,6,1,0,5,2,6,4,11,14,86350.0,850,28745.0,8,3,43,6,51,11,77,77,3,5,5,1,5,6,9,4,10,2,3,10,5,4,7,2,7,7,1,5,6,5,0
0,41,20,6,4,0,10,2,2,3,5,14,70097.0,1183,53904.0,10,4,36,39,32,83,95,72,3,4,8,10,5,4,4,1,4,3,5,1,8,5,4,7,8,7,4,1,7,1,0
0,28,42,5,1,0,5,3,7,2,4,1,111209.0,1347,44829.0,1,6,96,15,88,39,56,25,9,10,7,3,10,6,5,6,10,2,6,6,2,1,1,9,1,1,4,1,6,5,1
1,43,27,5,5,1,9,4,7,4,16,1,26252.95,984,46177.0,7,8,68,88,33,5,66,28,4,1,10,7,2,9,1,6,6,10,9,7,4,5,2,5,2,9,8,10,2,6,0
0,39,38,6,6,1,4,5,7,3,18,5,92028.0,1373,27289.0,2,9,22,47,59,94,42,90,7,10,5,8,6,5,10,6,7,9,10,4,5,7,8,4,4,1,6,7,1,9,1
0,32,32,2,6,0,4,2,7,2,11,5,143471.34999999998,837,23011.0,8,3,86,10,72,80,49,40,5,6,3,3,6,6,1,8,1,2,6,2,7,10,2,6,6,3,6,9,2,6,0
1,27,25,2,5,0,5,3,6,4,17,9,57198.0,1559,27525.0,1,4,69,42,83,14,87,28,4,8,6,5,1,5,7,10,3,4,1,1,9,5,10,8,9,7,9,3,2,1,0
0,26,35,3,6,0,5,2,1,6,17,15,83468.0,1051,34114.0,3,3,13,46,61,58,94,15,4,8,7,4,5,8,9,3,6,5,9,3,5,6,3,7,6,4,5,8,1,1,0
1,43,20,1,4,0,2,4,5,7,17,11,72686.0,1301,57566.3,2,1,11,65,26,7,37,33,7,4,5,8,6,6,2,3,8,8,6,10,2,5,3,7,3,7,7,1,6,8,0
0,26,24,3,5,0,9,4,3,1,9,17,68791.0,1395,12502.4,3,2,37,34,85,36,19,37,2,3,1,2,5,2,8,7,2,4,2,8,3,10,1,10,4,6,4,3,8,7,0
0,37,27,1,5,0,9,1,7,6,1,17,69309.0,939,28553.0,2,6,85,16,93,38,67,96,4,8,10,3,8,8,10,5,5,1,6,8,1,3,10,9,1,7,1,10,7,5,0
1,19,37,2,6,0,8,1,3,4,12,17,76285.0,1441,12544.0,10,3,4,72,75,54,29,66,9,9,2,5,8,10,7,4,3,9,3,4,6,5,10,4,10,1,8,9,6,9,0
1,34,26,4,5,0,2,5,4,3,16,5,76175.0,1540,38053.0,8,6,7,11,28,56,8,77,10,9,4,1,7,10,7,1,7,8,2,5,9,10,4,3,2,4,1,9,6,3,0
0,29,31,6,6,1,6,3,2,1,13,8,64017.0,926,42007.0,6,3,31,81,4,4,55,12,5,2,3,8,7,8,2,4,1,2,3,9,7,10,9,4,10,5,10,9,9,1,1
1,27,40,4,6,0,7,1,7,7,10,3,39716.0,904,32837.0,3,2,90,67,16,21,60,86,5,1,5,3,3,1,8,5,9,5,9,6,5,5,4,1,5,4,6,9,4,2,0
0,22,31,6,2,0,9,1,2,1,5,15,120705.0,1070,21517.0,6,5,82,91,61,54,8,31,6,10,4,9,5,1,3,5,2,2,9,8,4,7,4,6,7,10,10,6,4,1,0
0,35,28,3,1,0,4,4,4,4,12,13,133236.0,1168,43674.0,7,5,58,49,52,83,51,88,1,3,8,1,8,2,6,6,9,4,8,3,1,7,5,4,4,2,3,8,6,2,0
1,32,19,1,2,0,1,6,7,5,10,15,143269.0,1096,13150.0,1,9,21,37,96,90,52,34,8,9,1,6,8,7,10,4,2,5,1,3,4,4,5,9,5,4,3,5,5,1,0
0,23,21,5,4,0,2,5,1,7,4,3,66548.0,1217,44506.0,7,3,43,4,54,14,52,10,4,4,8,4,10,5,6,2,7,10,9,2,5,5,6,9,6,8,2,8,8,3,0
0,24,43,1,5,0,5,4,6,6,17,16,113119.0,1175,45768.0,2,4,41,76,35,9,37,75,9,8,1,9,7,4,3,4,2,1,3,9,6,8,10,7,10,5,7,5,10,2,0
1,34,43,1,2,0,4,1,1,5,12,11,56061.0,851,32348.0,9,1,21,24,25,8,95,65,9,3,5,2,4,10,2,6,1,2,9,9,5,5,6,7,10,6,5,8,1,3,0
1,23,23,2,6,0,7,4,6,3,16,3,89576.0,1196,34721.0,6,1,64,60,82,69,18,33,5,2,4,3,8,7,2,2,4,4,9,8,4,1,5,10,4,7,2,10,5,1,0
0,25,39,4,6,0,5,3,1,1,13,13,58635.0,1243,57566.3,10,3,74,59,4,58,28,24,3,9,9,5,10,8,9,6,9,9,2,9,2,1,10,2,4,2,9,4,8,2,1
1,29,43,1,6,0,8,5,4,7,5,6,32162.0,1105,51582.0,10,4,17,95,4,18,86,23,9,5,1,2,5,1,8,3,2,3,2,10,5,8,8,7,7,5,2,6,6,9,1
1,38,39,2,4,0,9,4,3,6,1,10,26252.95,1311,12502.4,6,1,62,95,96,19,95,81,8,8,4,1,7,8,8,10,3,4,3,6,3,7,10,10,6,8,7,8,10,7,0
1,31,22,5,3,0,9,2,4,5,3,12,44338.0,1368,32465.0,2,1,22,12,34,91,26,61,1,5,4,9,3,7,5,3,2,3,8,6,3,4,5,8,5,9,2,10,4,5,0
1,29,20,3,6,0,10,2,2,3,1,1,127538.0,1482,50508.0,3,3,21,68,93,31,41,47,2,7,10,2,5,9,6,6,5,2,7,2,2,9,10,1,2,2,4,10,6,7,1
0,40,19,3,1,0,9,4,4,4,18,17,51439.0,1559,57566.3,2,8,65,15,90,17,94,6,3,9,7,6,1,9,3,10,5,5,1,10,6,2,4,8,1,3,3,4,9,10,0
0,27,20,4,6,0,9,2,7,7,5,16,143471.34999999998,1308,49338.0,5,9,31,52,39,75,95,73,6,5,1,5,7,8,7,7,3,2,10,1,10,9,6,9,7,2,10,6,1,5,0
0,39,26,3,2,0,3,2,3,4,14,17,53823.0,1132,26509.0,5,3,13,20,18,23,77,14,6,10,6,8,10,5,5,3,4,10,8,3,6,3,9,2,10,3,2,10,4,6,0
1,37,36,4,3,0,7,6,2,7,7,7,94620.0,1480,48131.0,3,1,32,59,95,63,86,16,5,5,7,5,5,10,4,7,4,6,9,6,4,4,1,6,1,9,4,8,1,10,1
1,32,36,2,6,0,8,1,3,4,12,16,120410.0,1157,44841.0,9,1,77,4,49,45,88,64,4,8,3,5,2,2,5,7,6,1,1,9,2,8,4,4,9,4,2,6,4,6,0
1,24,34,1,3,0,4,3,3,6,15,11,95600.0,1559,28427.0,7,7,64,74,13,50,67,61,9,5,5,7,8,6,10,5,7,6,3,6,8,4,6,9,4,5,1,10,7,4,0
1,43,35,4,6,0,4,5,1,5,6,8,90099.0,837,12502.4,3,7,59,53,32,52,53,77,7,10,6,9,4,2,2,9,2,8,6,2,2,7,7,9,8,1,1,9,7,3,0
1,26,28,4,6,0,5,6,3,4,3,13,115084.0,1544,41681.0,4,1,64,84,12,24,55,85,2,1,7,4,2,6,5,10,8,10,9,10,1,2,3,9,10,10,4,2,5,2,0
1,27,29,5,1,0,10,5,5,1,8,7,26252.95,1280,12502.4,2,5,45,14,49,69,9,96,1,3,8,3,4,6,4,7,2,5,4,9,3,7,10,2,5,8,4,8,10,3,0
1,27,20,6,1,0,2,2,2,3,8,13,109256.0,1261,47244.0,5,6,51,55,14,57,83,86,5,10,6,4,10,9,8,5,1,9,4,9,5,5,9,10,5,4,10,2,9,5,0
0,33,35,2,1,0,10,6,4,4,1,6,89821.0,1378,50478.0,3,6,90,95,29,38,63,46,8,4,9,1,5,10,3,6,5,8,5,4,8,1,2,7,1,4,5,3,5,6,1
0,24,41,1,4,0,2,5,2,4,8,17,27425.0,1152,35908.0,2,5,40,19,50,59,11,43,9,4,5,8,4,8,2,9,6,2,5,6,10,3,1,9,3,7,9,9,6,7,0
1,22,23,3,1,0,1,4,4,2,12,14,142611.0,1205,57566.3,6,8,53,50,95,54,95,4,1,10,9,1,4,10,4,9,2,6,2,1,3,7,4,7,10,10,3,1,3,9,0
1,40,24,5,1,0,8,2,4,6,12,8,90085.0,1440,22467.0,6,2,64,35,68,20,11,14,7,6,7,3,9,3,1,8,10,1,4,2,3,4,1,7,2,9,9,10,7,3,0
1,20,19,5,2,0,8,6,5,5,12,2,31743.0,872,31797.0,8,1,37,64,44,16,11,16,1,8,10,7,4,7,6,4,5,3,10,7,5,5,1,4,6,1,8,9,9,2,0
0,35,23,1,1,1,9,1,7,1,6,7,44516.0,1341,37368.0,3,1,62,95,40,59,37,4,1,2,3,7,9,4,10,6,7,8,7,7,9,2,1,6,5,3,10,5,3,3,1
0,28,35,6,3,0,5,2,5,1,11,13,56773.0,1135,27758.0,7,6,41,95,72,38,12,32,3,8,7,2,8,9,3,6,3,1,9,2,8,8,2,3,4,4,1,4,3,8,0
1,32,30,6,4,0,7,5,5,6,2,4,129628.0,1158,29983.0,7,7,40,34,21,36,76,90,6,4,5,2,8,4,3,8,1,8,4,9,2,8,5,2,3,1,7,3,4,6,0
1,38,39,5,6,0,3,1,2,5,2,16,120213.0,1026,26006.0,5,1,50,92,4,55,5,81,9,7,2,6,5,10,7,1,3,5,9,7,1,1,1,1,2,5,10,1,1,3,0
0,37,36,1,2,0,10,5,2,7,12,17,134744.0,1163,47462.0,1,2,61,82,47,77,61,13,8,9,4,4,10,6,3,8,4,8,5,1,8,1,2,9,7,4,3,2,2,9,1
0,22,24,4,4,1,7,3,7,1,8,17,74184.0,1323,41364.0,2,3,25,4,5,78,52,10,2,7,7,7,4,5,5,2,9,5,10,3,7,1,1,5,7,8,5,7,9,10,0
0,41,36,2,1,0,6,5,2,7,13,7,116350.0,852,38289.0,1,2,68,71,73,4,23,15,6,1,6,9,1,10,1,4,1,9,10,5,8,10,9,5,4,9,2,3,9,1,0
0,29,26,3,1,0,2,3,2,3,13,5,60830.0,1345,23750.0,5,2,32,19,7,96,68,96,7,8,10,8,10,1,8,6,8,8,9,7,7,8,8,10,8,6,6,10,5,9,0
1,21,20,6,3,0,10,1,6,1,2,4,53332.0,1425,51104.0,7,4,4,95,72,18,73,51,3,9,6,5,4,6,3,6,5,1,9,2,1,6,8,3,7,3,5,6,1,5,0
0,32,40,4,1,0,2,6,3,2,18,6,44988.0,900,25226.0,9,2,81,95,24,44,18,26,8,8,7,3,1,6,7,10,4,10,7,8,7,10,2,4,6,5,5,3,8,1,0
0,26,29,1,1,1,3,6,1,2,16,16,61965.0,1240,16439.0,3,4,32,95,8,91,37,68,5,4,7,7,2,2,2,1,7,10,7,8,7,5,6,8,8,7,5,2,7,6,0
1,24,37,1,2,0,6,2,1,1,9,4,118070.0,1559,29882.0,9,3,48,51,96,44,53,36,1,9,2,8,6,8,1,4,7,8,6,5,4,10,8,10,10,9,7,8,4,8,0
0,27,41,5,6,0,10,6,3,2,6,3,39511.0,1192,37141.0,3,6,24,37,7,94,57,86,1,8,6,9,3,7,5,5,9,4,1,1,4,2,5,3,4,3,3,1,6,8,0
0,40,35,5,1,0,10,1,3,4,13,6,122017.0,837,41027.0,1,6,90,47,4,39,83,36,9,3,7,5,9,9,5,5,5,8,3,8,10,3,6,5,7,5,10,2,6,6,0
0,30,25,2,4,0,10,5,6,4,1,16,64102.0,1310,50650.0,5,4,82,88,89,42,91,59,4,5,8,2,1,1,3,3,1,1,4,7,2,4,6,3,1,2,3,9,9,6,0
1,25,26,5,6,0,2,6,7,7,6,8,60732.0,889,49128.0,3,4,15,66,13,56,28,23,4,10,8,4,2,2,7,2,10,5,1,9,6,3,3,5,8,10,10,1,4,9,0
0,29,30,4,4,1,9,3,5,5,18,2,140652.0,1504,22929.0,5,5,59,25,9,37,66,74,9,8,4,8,3,9,10,6,7,9,4,3,8,5,10,10,4,4,8,2,10,4,0
1,39,25,1,2,0,5,5,6,3,11,17,129120.0,1016,51020.0,6,8,96,48,11,59,82,96,7,7,9,5,8,1,6,4,1,6,9,8,1,6,5,4,5,7,10,6,6,8,0
1,41,39,6,3,0,7,3,6,5,15,17,98675.0,1521,15679.0,8,1,49,86,89,52,9,92,2,1,9,7,10,3,5,6,5,7,10,4,2,10,10,4,6,5,3,6,5,5,0
0,36,27,2,6,0,8,2,6,4,16,11,143471.34999999998,1559,45842.0,2,9,19,41,49,82,61,16,10,3,5,8,6,6,4,1,3,7,10,5,9,8,8,8,4,8,3,9,3,10,0
0,43,34,4,1,0,3,4,5,3,6,15,83971.0,1533,21144.0,3,6,12,70,56,31,87,25,9,8,5,10,3,10,3,4,4,1,6,8,4,3,1,9,9,3,10,9,1,4,0
0,43,24,1,5,0,1,2,6,4,12,14,27487.0,971,18836.0,7,7,33,79,19,96,30,27,8,3,8,4,9,5,7,5,1,4,2,10,1,4,5,3,4,8,9,6,9,10,0
0,19,34,1,6,0,2,3,2,3,4,1,83083.0,985,40707.0,7,7,5,87,37,68,9,57,8,9,1,7,5,6,6,4,3,9,5,2,5,2,2,10,10,9,8,7,3,10,0
1,33,40,5,2,0,10,6,4,2,7,15,76372.0,1194,26514.0,2,8,78,27,24,71,24,9,6,3,8,8,8,8,7,1,7,7,3,4,3,6,7,9,8,3,3,3,3,3,0
0,39,35,2,1,0,5,6,7,1,10,13,101481.0,1425,22431.0,5,9,93,34,72,49,46,34,2,9,9,2,2,6,5,2,3,4,6,3,8,3,6,7,8,9,3,5,7,4,0
0,34,41,2,1,0,9,1,4,7,13,11,75745.0,837,14972.0,6,1,27,81,94,93,83,77,3,8,7,10,6,9,1,10,3,4,10,5,10,1,9,10,2,6,3,10,5,3,0
0,42,19,6,3,0,9,4,2,4,5,5,130483.0,1549,21907.0,10,3,37,93,82,15,50,93,9,4,5,4,7,1,2,9,6,1,7,10,5,9,2,10,2,3,4,6,5,5,0
1,35,20,3,2,0,5,1,4,4,3,1,33255.0,1245,31722.0,7,4,78,65,4,94,8,96,10,2,6,1,5,10,4,7,7,5,10,2,2,7,1,5,3,3,8,6,3,5,0
0,28,36,5,1,0,3,4,7,6,11,8,122985.0,1120,16761.0,7,7,19,41,34,4,26,55,10,7,3,6,6,1,9,6,1,2,3,9,1,8,1,7,4,4,2,1,8,4,0
0,35,19,4,6,0,1,6,1,3,10,3,66968.0,1397,15702.0,5,6,51,28,14,94,19,88,5,9,5,7,7,5,5,8,3,10,9,2,2,6,1,10,2,9,10,1,1,5,0
1,24,38,6,2,0,2,6,2,7,16,14,143471.34999999998,1332,47922.0,6,1,79,66,36,96,73,65,7,4,1,1,8,10,4,6,2,1,3,8,8,4,6,5,5,9,5,7,1,9,0
1,35,38,1,4,0,5,3,1,7,13,9,62471.0,861,48890.0,9,8,71,77,16,12,85,7,9,6,1,3,1,2,5,4,7,10,10,5,2,4,2,1,8,4,4,6,8,8,0
0,43,27,1,6,0,6,5,7,3,6,13,65659.0,1559,29532.0,4,2,96,53,55,60,81,39,5,2,1,6,8,1,2,3,8,7,1,7,4,9,3,8,3,10,3,3,10,9,0
0,25,38,6,2,0,2,6,4,4,14,5,134011.0,837,28324.0,7,2,94,37,27,8,45,40,10,5,10,9,3,5,8,3,9,9,5,10,2,1,8,1,1,4,8,2,1,5,0
0,23,31,5,3,0,2,3,7,1,1,13,44092.0,1198,34831.0,4,2,96,64,64,77,60,77,3,6,8,7,9,4,2,9,4,10,10,6,8,5,1,4,5,5,6,10,5,5,0
0,24,30,3,5,0,5,5,7,6,13,15,44380.0,1336,28054.0,3,6,69,69,66,32,35,96,5,3,9,6,1,1,8,2,6,7,10,10,5,8,1,10,3,1,5,2,2,8,0
0,40,26,4,1,0,10,4,2,7,16,7,50886.0,1310,23247.0,2,2,59,15,32,96,87,43,7,10,10,4,8,1,3,5,3,3,2,8,1,9,4,5,6,6,1,8,7,4,1
1,39,23,3,2,0,1,5,1,7,4,1,76539.0,1281,50835.0,1,8,48,14,96,24,53,7,1,7,5,1,4,9,7,7,2,4,5,8,6,3,5,9,10,10,5,8,7,6,0
1,27,23,2,2,1,9,2,2,5,5,3,50311.0,1021,21239.0,2,3,18,5,77,96,60,25,1,3,4,9,7,9,1,1,2,7,8,5,7,5,10,3,8,3,1,4,1,2,0
0,28,36,5,6,0,2,3,5,6,1,13,138137.0,1126,54405.0,7,2,86,16,58,28,49,20,10,9,7,5,6,7,4,9,8,3,1,2,9,1,2,5,4,7,4,7,3,1,0
0,42,38,2,5,0,10,5,1,6,18,14,104792.0,1433,18634.0,7,1,72,30,16,5,42,71,7,8,4,6,3,1,3,7,5,8,8,8,5,9,2,9,4,2,1,10,9,7,0
1,30,27,1,4,0,2,1,2,5,5,10,112904.0,1368,15301.0,9,6,21,23,62,39,42,15,9,6,10,4,3,8,1,2,7,9,3,6,9,4,9,7,9,7,7,4,4,5,0
0,26,40,5,5,1,3,4,2,4,6,1,120879.0,1280,28220.0,10,8,4,4,90,51,26,4,2,9,5,10,4,7,7,10,9,2,10,8,1,7,7,9,4,3,9,5,7,4,0
0,24,20,6,5,0,9,3,4,1,15,11,34316.0,1517,28443.0,8,9,44,28,81,59,90,95,8,6,4,10,1,6,9,9,4,6,7,7,7,3,1,2,2,9,8,1,1,8,0
0,26,35,4,4,1,1,4,5,6,16,11,101663.0,1398,39537.0,6,6,30,53,80,9,60,14,3,5,8,10,4,9,3,6,4,4,9,5,5,4,4,6,2,1,9,4,4,6,0
0,30,38,6,3,0,5,5,6,6,5,1,36118.0,938,57566.3,6,9,66,90,54,19,6,21,9,6,8,10,3,7,8,5,2,5,5,2,9,9,3,3,6,7,4,1,6,7,0
0,43,36,2,3,0,6,3,2,7,12,17,124484.0,1559,22496.0,6,1,66,4,65,18,81,67,6,2,5,5,6,8,7,2,4,6,4,5,10,8,8,7,2,5,8,1,4,10,0
1,20,22,1,4,0,10,5,2,3,9,16,122707.0,1032,41420.0,1,5,12,95,81,51,69,87,3,4,7,5,8,7,6,4,6,7,4,8,8,8,7,9,9,6,10,2,3,8,1
0,20,42,3,6,0,8,6,1,4,14,14,49435.0,1124,22113.0,8,7,70,74,49,20,94,68,9,3,2,10,9,3,8,10,8,1,5,6,2,1,8,4,1,8,5,3,7,3,0
0,19,28,5,5,1,8,3,3,5,15,12,76162.0,859,20730.0,9,5,50,95,14,96,26,28,1,1,4,7,2,2,8,5,3,6,3,4,10,1,6,2,1,4,3,7,9,2,0
0,38,27,3,4,0,2,4,7,1,3,7,69137.0,1325,41929.0,5,9,72,47,13,39,58,16,10,6,10,1,4,5,9,6,3,4,9,3,9,2,4,8,1,6,8,7,1,8,0
1,37,34,6,4,0,3,2,6,7,6,14,80871.0,1115,53698.0,1,5,16,82,56,88,74,4,9,8,7,10,3,7,5,3,6,2,7,3,2,4,6,7,1,7,6,5,10,4,0
1,19,21,2,2,1,4,3,6,1,7,10,130912.0,1142,57566.3,6,1,12,72,76,4,54,93,6,9,8,4,3,8,10,3,10,3,2,2,5,4,1,3,3,5,2,1,8,4,0
1,42,43,1,3,0,2,5,2,5,10,13,40450.0,1099,12502.4,5,5,54,30,73,6,44,65,6,6,8,9,7,9,5,3,3,10,3,4,10,7,3,1,6,7,4,3,9,4,1
1,20,38,4,5,0,7,3,7,4,3,14,92769.0,1138,22638.0,5,3,25,85,58,80,82,5,5,8,5,6,7,3,9,8,6,8,2,3,2,8,8,6,6,7,10,8,5,10,0
0,32,35,3,1,0,4,2,7,5,8,1,138941.0,1556,56230.0,3,9,59,93,96,96,78,62,10,3,5,9,5,9,3,1,5,4,1,9,7,3,7,5,8,4,3,1,6,1,1
1,41,35,4,1,0,5,3,3,7,5,11,81658.0,1092,33118.0,2,1,27,38,77,23,78,91,7,7,3,4,6,1,10,7,6,1,5,10,10,6,4,8,8,5,7,5,5,7,0
0,23,19,5,1,0,6,4,3,6,2,6,43266.0,1335,24937.0,7,5,80,36,71,95,20,30,3,3,9,6,3,10,8,3,1,5,10,7,7,4,1,8,3,6,10,4,3,7,0
0,30,31,1,6,0,2,3,5,3,4,17,29425.0,1161,33296.0,10,1,13,7,20,4,22,55,4,4,9,3,10,7,9,4,3,9,8,4,5,9,2,1,4,2,1,1,2,3,0
1,38,25,4,4,1,9,4,2,5,8,10,26252.95,1533,44194.0,6,8,92,18,78,91,5,94,10,2,1,5,9,4,10,5,5,9,7,6,5,9,6,4,6,7,3,2,8,7,0
1,19,19,1,2,0,6,6,7,7,2,1,57367.0,1352,45984.0,3,6,59,49,9,23,14,63,9,9,2,9,1,2,4,2,8,5,10,4,3,10,1,3,3,7,3,7,7,2,0
1,37,36,3,6,0,9,2,5,3,14,10,63313.0,1234,12502.4,10,8,4,87,90,62,50,4,10,1,1,3,5,8,3,6,9,6,2,10,3,9,6,4,4,7,4,3,3,4,0
1,36,32,6,4,0,10,6,6,7,12,5,67205.0,925,14899.0,2,4,87,70,50,54,75,72,6,5,7,8,5,2,2,2,2,1,10,2,10,8,9,9,10,9,4,10,4,9,0
1,19,19,6,2,0,8,5,7,7,6,4,80442.0,1109,47901.0,2,4,77,18,15,96,46,22,10,1,9,6,6,5,10,1,7,4,1,8,3,10,1,6,4,4,6,10,9,7,0
0,38,21,3,3,1,5,6,1,5,5,10,81035.0,1022,50300.0,6,3,35,42,22,58,93,7,5,8,3,4,2,9,2,4,9,10,4,7,4,9,9,2,5,4,4,8,3,10,0
1,39,19,1,1,1,5,3,2,3,15,11,41105.0,1203,12502.4,4,2,19,88,89,96,9,4,6,10,2,9,2,2,9,2,2,8,6,1,8,1,7,5,2,6,10,9,7,2,1
1,19,36,4,6,0,5,1,5,3,10,10,139158.0,1559,24217.0,7,5,8,51,71,96,9,60,5,9,3,9,9,10,6,7,5,5,1,10,8,3,4,10,9,5,2,1,1,5,0
1,32,38,2,2,1,10,3,6,6,18,10,74324.0,1559,33856.0,5,7,9,54,28,85,95,60,8,3,3,8,2,6,4,8,5,1,10,10,2,7,6,6,1,1,5,10,10,2,0
0,31,27,5,5,1,6,2,6,2,5,12,88158.0,1543,17047.0,9,6,47,47,78,10,56,83,8,9,10,7,8,3,2,10,2,1,8,9,2,8,7,8,5,8,1,7,4,10,0
1,36,19,3,1,0,9,1,4,4,16,12,82868.0,1452,26491.0,3,8,75,32,74,37,53,63,1,3,2,1,3,1,1,5,4,10,2,4,3,5,7,2,9,7,9,8,5,5,0
0,28,37,6,2,0,10,4,3,1,13,6,133757.0,1271,51605.0,8,4,7,58,49,81,15,79,8,10,8,4,6,6,3,6,3,3,7,5,3,10,7,10,7,8,3,2,8,10,1
1,32,39,2,2,1,2,3,2,1,16,2,125624.0,965,48944.0,3,2,84,59,72,96,86,64,9,7,1,1,8,7,5,3,3,7,2,6,5,4,6,2,8,4,2,10,4,4,0
1,23,32,5,2,0,8,6,6,3,1,2,50606.0,1430,40664.0,6,8,67,48,47,26,82,90,6,5,7,2,6,7,3,8,2,1,5,5,6,5,9,2,1,3,1,6,7,3,0
0,37,21,4,1,0,1,4,2,2,13,16,74525.0,1190,35389.0,4,8,23,61,7,22,95,92,6,7,8,1,6,10,3,10,10,6,4,10,3,9,2,10,4,6,6,8,9,10,0
1,26,24,6,1,0,2,2,3,1,17,8,73139.0,1186,57152.0,10,1,58,38,94,7,49,4,7,1,10,9,8,7,6,4,4,4,10,6,8,5,7,9,2,5,3,5,10,2,0
0,22,24,4,4,1,8,3,1,2,9,12,77916.0,887,28406.0,2,4,36,71,95,55,6,57,2,4,1,2,4,1,4,5,7,9,7,2,8,10,10,5,9,9,5,9,9,6,0
0,37,39,5,1,0,5,6,5,2,11,13,101018.0,837,52963.0,4,4,61,38,74,74,32,41,3,4,4,5,2,8,9,7,1,10,2,1,8,8,5,10,1,7,8,2,4,5,1
0,19,42,3,1,0,9,5,7,1,12,7,33742.0,1191,40378.0,9,2,18,4,95,40,43,24,8,7,7,4,5,7,3,2,7,9,2,7,1,2,10,7,6,3,1,9,7,4,0
1,23,35,5,3,0,3,6,7,6,11,6,63770.0,1478,26996.0,10,1,91,60,40,47,22,30,4,3,1,1,8,9,5,6,2,9,1,2,4,2,2,8,10,3,10,5,7,4,1
1,43,30,3,1,0,3,1,5,4,3,11,50135.0,837,26604.0,9,4,12,80,31,50,37,34,1,6,3,6,4,9,4,6,4,10,1,9,3,2,2,2,5,3,9,3,9,5,0
1,35,27,2,1,0,7,6,3,7,14,8,133507.0,941,34361.0,4,7,4,43,57,29,87,66,2,3,4,4,3,6,4,1,3,1,7,7,1,6,7,8,4,1,5,7,6,10,0
0,40,41,3,6,0,10,5,5,6,2,15,131450.0,1144,29634.0,10,9,70,29,58,69,7,49,2,8,4,8,1,9,5,4,1,1,2,8,3,3,9,10,8,4,9,6,2,7,0
1,36,25,1,2,0,8,6,7,5,15,2,99077.0,1033,39566.0,8,9,96,4,29,96,57,77,8,7,9,1,10,2,5,5,1,7,9,9,5,2,10,7,5,5,4,5,8,2,0
0,26,43,1,1,1,8,5,7,4,18,4,54412.0,1405,18736.0,4,2,38,4,67,76,79,7,8,1,4,1,2,4,5,5,4,5,10,3,9,1,1,2,7,2,9,3,1,7,0
1,43,27,3,1,0,5,3,6,5,16,2,26252.95,1092,15236.0,8,3,4,46,71,69,84,93,3,3,8,8,3,4,6,8,7,3,2,5,7,4,10,3,6,8,7,1,4,2,0
0,38,31,2,2,1,2,2,3,4,12,9,52041.0,1538,51199.0,8,6,64,92,71,48,9,13,10,8,5,1,5,5,7,2,4,2,6,5,6,2,10,4,7,9,3,5,4,10,0
0,41,31,5,5,1,3,1,5,4,4,10,77523.0,840,41260.0,10,5,26,69,38,8,69,50,8,5,6,2,3,3,7,1,1,3,10,3,1,2,4,2,10,7,9,9,8,10,0
0,43,43,5,2,0,5,4,1,2,8,15,114125.0,1070,42171.0,4,2,4,95,71,67,57,75,9,5,8,4,6,8,10,7,8,10,9,2,7,3,5,7,4,8,1,8,4,1,0
1,23,37,1,5,0,9,6,1,3,10,11,108621.0,1010,12502.4,3,8,84,21,96,69,46,20,10,3,7,10,5,9,10,6,1,1,6,2,2,2,9,3,6,3,10,3,5,1,0
0,31,39,4,6,0,4,5,1,6,2,11,36051.0,886,54887.0,9,1,76,46,53,66,95,49,6,10,2,8,9,2,7,2,10,6,3,1,10,1,10,10,2,7,3,4,5,7,0
0,43,28,3,1,0,5,3,1,1,9,6,91978.0,1171,29024.0,8,3,62,20,78,52,28,76,1,7,9,5,2,7,10,7,6,6,1,1,3,7,6,4,5,3,5,8,2,10,0
0,41,23,3,3,1,2,6,5,7,12,2,124294.0,1511,27130.0,1,8,74,49,96,56,69,60,5,1,7,6,8,2,6,5,5,6,7,1,3,1,6,7,5,10,6,3,7,8,1
0,30,38,4,3,0,1,1,3,5,4,15,78363.0,1559,40416.0,10,9,55,94,96,71,16,37,2,5,7,10,5,8,7,5,4,5,5,5,7,10,8,6,9,1,10,7,6,10,0
0,28,19,1,4,0,2,4,2,6,18,4,26252.95,1312,41735.0,3,5,30,14,44,8,66,47,3,9,3,4,8,4,8,6,3,1,1,10,4,10,8,10,4,4,7,3,8,2,0
0,29,36,2,4,0,10,1,1,6,3,9,116518.0,1469,27281.0,9,6,21,52,29,38,42,7,10,6,3,1,9,6,4,6,2,6,2,2,9,10,9,3,4,7,3,9,3,9,0
1,36,24,4,4,1,6,3,7,2,3,5,128802.0,849,17145.0,1,2,73,71,21,81,17,40,2,2,1,7,3,7,3,10,5,4,1,6,5,1,2,7,6,6,5,1,1,3,0
1,36,41,6,2,0,1,4,5,5,4,13,51414.0,1446,47249.0,2,6,81,28,19,15,56,82,5,9,2,3,1,6,9,7,7,9,8,1,10,2,8,9,3,6,5,7,1,6,0
0,38,35,3,3,1,8,6,3,6,5,4,127144.0,837,54377.0,7,7,60,80,19,6,84,29,10,4,2,5,7,8,7,2,8,3,9,1,3,2,4,1,8,3,1,9,1,8,0
1,43,20,5,1,0,8,3,5,6,11,12,43791.0,837,56589.0,4,8,32,12,82,67,41,33,10,2,5,9,2,3,4,1,7,5,5,8,10,9,8,3,1,10,10,1,10,3,0
1,43,37,6,5,0,6,3,1,6,5,11,103971.0,869,23744.0,7,8,61,43,17,81,29,75,1,3,7,7,4,1,8,5,8,3,1,5,1,5,4,6,1,2,8,2,10,1,0
0,36,28,2,5,0,6,4,1,6,13,12,26252.95,1152,30025.0,2,1,36,77,9,19,47,13,3,3,9,3,5,1,10,4,5,4,6,9,1,6,4,2,3,2,3,10,2,9,0
0,41,22,5,2,0,9,5,3,4,15,5,67841.0,1507,23424.0,9,4,72,17,49,31,76,48,4,9,8,7,8,10,6,4,8,8,3,8,10,2,4,10,9,2,5,1,3,10,1
0,43,36,3,5,0,7,3,5,2,3,8,99211.0,1085,31757.0,8,8,77,66,50,30,80,96,6,1,5,7,9,5,6,9,3,6,1,10,7,1,5,10,2,5,6,10,8,6,0
1,30,38,5,4,0,6,4,3,4,4,7,75455.0,1273,52944.0,7,4,4,59,43,20,20,64,6,10,8,9,3,10,6,1,6,1,8,8,4,6,2,4,6,7,4,3,10,5,0
0,31,41,2,1,0,9,1,6,6,5,17,101574.0,1107,40143.0,8,5,94,59,70,56,8,76,3,4,2,6,9,1,10,9,4,2,1,9,2,6,6,8,1,5,2,9,3,1,0
1,41,41,5,1,0,1,2,7,3,1,10,30799.0,1302,51754.0,4,6,35,94,15,48,61,8,4,6,3,8,3,2,5,1,9,3,2,5,6,5,8,6,3,1,5,8,10,4,0
0,35,19,6,3,0,2,3,7,5,14,10,143471.34999999998,1211,43867.0,10,8,4,16,80,26,23,30,9,3,10,6,2,9,3,7,3,5,5,4,6,6,9,3,3,9,10,8,2,1,0
1,29,39,1,3,0,6,1,4,4,12,3,107361.0,1083,15305.0,1,9,47,95,77,68,20,75,3,7,8,9,4,3,7,3,6,8,2,2,4,9,1,1,9,3,7,7,2,10,0
0,21,21,3,6,0,2,3,5,7,15,3,109175.0,950,43315.0,10,4,24,62,59,67,51,87,3,1,7,1,2,1,9,10,4,3,10,4,7,1,3,7,6,2,2,1,8,6,0
0,27,42,1,2,0,7,3,3,6,4,4,34934.0,1460,51649.0,10,6,72,31,50,83,12,46,4,4,5,6,3,7,3,10,8,9,4,5,8,9,6,6,7,5,5,4,8,9,1
1,34,27,2,1,0,2,6,5,4,9,15,117665.0,993,54781.0,10,5,68,20,76,96,5,33,7,5,5,5,3,5,7,1,1,6,2,5,2,7,3,2,2,3,9,4,8,6,0
1,21,19,6,5,0,5,5,1,6,13,13,143471.34999999998,932,12502.4,7,3,73,95,5,58,66,57,4,6,2,2,1,6,5,3,3,4,8,3,3,9,4,10,4,5,3,7,4,1,0
1,29,25,2,2,1,2,4,2,4,15,2,89731.0,1447,12502.4,9,4,87,89,53,32,50,70,9,1,6,9,2,4,8,3,3,2,3,4,5,4,8,10,5,2,3,3,1,9,0
1,30,19,5,6,0,6,2,7,2,7,11,66920.0,909,18117.0,10,1,20,29,67,54,54,23,9,6,10,2,7,5,10,10,2,7,7,7,3,3,8,5,1,5,3,10,7,8,1
1,43,43,6,6,1,2,5,7,5,8,16,54358.0,1319,23022.0,5,6,89,53,73,56,41,61,8,6,3,1,1,9,6,7,3,10,10,1,1,4,7,7,9,10,3,6,10,9,0
1,21,23,3,2,0,6,6,7,3,12,3,137052.0,837,33386.0,8,5,47,95,38,47,44,68,1,6,9,1,9,8,2,7,5,1,7,4,6,8,5,10,3,2,8,4,4,3,0
0,27,28,5,3,0,6,1,4,7,14,13,101874.0,1274,45270.0,5,2,52,46,9,50,25,77,9,8,4,10,8,7,6,10,4,5,6,2,6,2,4,7,4,7,8,10,7,5,0
1,42,43,3,5,0,5,4,2,3,2,11,89489.0,1559,32179.0,8,9,27,62,72,24,47,6,10,8,9,4,6,4,8,5,8,4,10,2,5,9,4,3,4,2,10,3,8,6,0
0,20,27,2,5,0,10,3,1,5,13,5,39763.0,1424,34784.0,2,2,63,58,83,27,39,12,3,8,8,6,4,7,4,2,7,6,2,3,3,4,8,6,5,1,9,9,9,8,1
0,32,30,4,2,0,4,1,1,4,16,9,68715.0,1172,12502.4,10,7,43,32,42,45,6,91,9,1,3,9,4,2,7,10,2,3,4,10,7,9,10,3,5,1,6,5,10,3,0
1,19,19,5,6,0,8,4,4,7,18,8,79761.0,931,15713.0,9,3,90,52,45,73,43,96,5,10,3,10,8,4,4,6,9,1,3,5,5,6,4,6,4,7,7,3,4,2,0
0,42,19,5,1,0,3,2,2,5,16,8,70469.0,1033,15422.0,10,6,71,52,61,4,46,34,6,3,10,1,4,7,10,6,4,4,7,2,3,4,7,2,4,2,4,5,10,3,0
1,42,20,6,1,0,4,1,6,5,10,10,107079.0,1559,56985.0,8,6,96,68,10,63,81,90,8,1,8,4,10,10,7,5,3,6,1,8,2,9,1,8,5,9,7,5,9,10,0
1,34,26,4,2,0,9,5,6,4,4,8,115891.0,1410,55945.0,5,4,22,56,69,84,46,15,1,5,9,7,6,2,3,5,4,7,10,5,8,8,9,7,1,7,4,4,3,4,0
0,23,22,3,2,0,7,2,7,6,1,13,40585.0,1230,46184.0,5,6,71,95,58,32,14,53,9,10,9,1,5,8,1,1,1,1,1,4,3,2,2,4,8,4,9,3,7,7,0
0,43,27,4,1,0,2,1,7,3,2,1,26252.95,1261,48249.0,8,2,50,31,96,73,35,8,7,2,4,5,4,8,6,2,7,10,10,9,5,10,9,4,10,2,3,4,5,7,0
1,25,27,5,3,0,9,2,3,1,1,1,77566.0,1002,52101.0,10,9,96,54,39,56,7,10,2,3,2,1,3,3,5,4,8,9,7,6,2,1,5,8,2,7,6,5,9,2,0
1,20,29,1,4,0,3,6,1,4,13,15,47357.0,1548,29545.0,10,4,40,26,53,37,29,92,4,1,4,2,9,4,6,9,10,8,6,4,9,2,1,6,8,8,9,4,9,3,0
0,43,35,6,3,0,6,6,1,3,6,2,128980.0,1067,48529.0,10,8,96,44,61,46,5,16,2,5,6,8,1,1,9,3,8,6,4,7,6,6,5,9,6,7,8,3,10,8,0
0,42,43,1,5,0,1,1,3,6,2,9,100239.0,890,14384.0,3,9,19,61,12,22,5,33,6,10,2,10,9,7,7,7,10,6,4,2,3,9,8,8,3,4,5,4,2,1,1
0,35,38,1,2,0,8,6,5,3,1,7,95159.0,1084,15894.0,2,6,33,57,63,12,65,72,2,6,10,8,3,7,6,5,9,3,2,9,4,3,10,9,6,6,3,10,9,7,0
0,39,38,5,1,0,5,4,3,2,8,14,104958.0,1090,39819.0,9,4,4,95,4,67,56,77,10,6,7,5,1,5,5,3,6,5,7,7,2,3,9,5,6,1,8,3,4,8,0
1,19,19,1,3,0,6,5,2,6,4,14,26252.95,1347,15997.0,8,2,38,85,22,4,22,21,8,2,8,2,9,7,4,8,10,2,4,6,3,3,2,5,6,2,5,5,10,7,0
1,33,20,6,1,0,5,2,6,3,13,8,42035.0,1115,12502.4,5,6,72,15,72,91,95,11,10,6,8,6,10,3,7,8,5,1,1,5,4,9,6,3,1,10,8,1,9,9,1
1,24,22,3,5,0,6,3,7,7,15,3,111901.0,1241,56917.0,8,2,89,48,15,26,43,86,10,8,3,5,3,8,3,5,2,4,7,8,7,4,6,3,9,8,5,7,5,4,1
1,20,42,5,2,0,1,6,6,3,3,7,67564.0,876,28899.0,7,5,65,30,96,68,70,96,9,8,7,1,5,8,1,6,4,2,3,10,8,10,2,7,6,7,5,1,1,7,0
0,40,43,4,3,0,4,4,1,2,1,5,137307.0,1181,19937.0,6,2,96,60,79,58,93,61,5,1,4,3,10,5,10,6,5,3,10,4,10,8,7,4,4,7,1,6,8,10,0
0,21,34,2,1,0,5,3,4,7,12,4,52928.0,1149,57566.3,8,4,76,21,4,11,25,30,9,4,10,5,7,10,2,5,9,3,1,6,5,9,4,5,7,2,2,7,5,2,1
1,26,25,1,5,0,10,5,5,5,3,1,102150.0,1091,20604.0,2,8,95,10,54,4,76,56,2,8,4,6,10,10,4,4,8,10,1,1,9,4,2,5,3,6,10,9,5,4,1
1,22,34,4,5,0,7,3,6,2,5,9,96050.0,1377,36727.0,3,3,96,78,14,47,52,23,10,8,4,2,1,8,6,5,1,3,8,3,4,8,4,7,8,3,8,7,2,10,0
1,36,26,5,6,0,9,1,1,3,17,15,105083.0,1280,25492.0,2,5,30,10,90,25,42,62,6,1,7,9,10,3,7,10,9,8,5,3,4,9,8,6,7,3,8,8,1,6,0
1,32,23,4,3,0,2,6,5,2,5,5,78383.0,1559,55376.0,3,1,23,70,45,57,8,79,7,5,1,7,4,1,1,2,2,6,10,9,4,1,2,3,5,8,2,10,2,1,0
1,25,34,6,4,0,1,1,6,1,11,9,62636.0,1201,50303.0,1,7,91,35,89,50,69,26,7,7,6,9,9,10,4,2,2,6,10,6,10,5,7,8,4,9,9,6,10,2,0
1,23,25,5,2,0,5,2,4,4,3,15,35105.0,984,48479.0,5,3,73,9,30,54,57,50,2,3,2,5,1,10,9,5,6,6,1,8,3,7,9,8,8,9,1,6,8,4,0
1,35,38,6,3,0,4,4,7,5,16,1,74086.0,1379,31710.0,1,5,68,77,17,96,61,67,10,2,1,1,9,10,2,10,9,3,4,8,4,4,4,9,7,7,9,7,1,2,0
1,36,24,1,6,0,3,1,1,1,10,6,99397.0,1309,44024.0,9,6,90,25,96,23,26,34,8,1,5,9,6,6,5,2,7,9,6,7,2,1,2,7,2,6,2,9,8,6,0
1,41,24,3,4,0,7,2,3,4,8,8,32849.0,1517,57315.0,1,4,12,76,77,14,45,75,10,8,3,9,8,8,10,8,3,7,6,4,2,5,2,3,4,5,1,8,8,1,0
0,32,32,6,4,0,8,5,1,4,4,2,105507.0,1108,21615.0,6,9,41,82,18,96,86,56,7,5,8,9,4,4,4,10,5,9,7,10,10,9,4,2,7,2,8,1,1,3,1
1,43,24,6,5,0,7,1,7,4,5,12,74034.0,1347,15982.0,6,8,45,83,9,64,17,68,10,4,6,4,5,5,3,3,5,6,7,9,2,8,4,6,2,8,5,5,5,1,0
0,24,39,5,1,0,2,3,4,4,15,2,40342.0,1282,23515.0,9,1,70,67,53,22,58,34,7,5,4,7,2,4,7,6,3,8,2,3,3,2,2,4,2,3,7,5,5,6,0
0,27,43,6,2,0,5,3,5,1,13,12,82715.0,1411,28623.0,1,7,67,19,66,90,66,70,8,10,1,6,4,8,7,10,1,1,3,1,9,10,2,9,4,4,4,1,8,7,0
1,23,25,5,2,0,4,3,1,7,11,1,45753.0,1081,40542.0,6,8,22,95,83,58,88,92,7,8,8,4,10,10,9,5,7,6,9,4,1,9,3,8,5,2,9,3,7,8,0
1,31,26,5,2,0,7,3,5,2,12,11,90993.0,1506,16838.0,7,5,88,45,87,30,76,5,2,4,2,5,2,7,8,3,8,6,5,1,2,7,5,5,4,6,8,1,4,5,0
0,34,32,1,3,0,6,6,3,5,2,16,56115.0,1407,57566.3,3,7,12,30,36,96,64,26,5,4,9,4,1,3,1,7,6,8,8,4,5,2,8,4,8,9,4,6,7,9,0
0,26,19,5,2,0,9,6,2,7,6,6,136250.0,1402,45792.0,9,2,53,19,40,39,77,17,8,8,1,1,5,6,6,9,9,10,6,4,8,6,8,2,7,6,6,8,7,3,0
1,36,24,1,6,0,7,3,2,5,3,3,86122.0,1385,32585.0,3,8,23,32,39,79,79,40,2,10,6,5,3,9,4,4,4,1,8,5,3,5,8,10,8,9,5,9,7,10,1
0,22,32,1,5,0,8,5,1,2,3,12,76955.0,1406,53878.0,2,8,89,10,50,85,12,17,2,1,7,4,5,6,10,10,3,10,5,8,3,9,6,3,6,10,8,2,6,4,0
1,40,35,6,5,0,10,3,7,2,2,5,76428.0,1070,52074.0,10,2,74,89,87,7,69,82,10,3,4,9,2,4,4,9,3,4,3,7,4,4,9,2,2,2,6,4,1,1,0
1,24,39,1,6,0,3,1,1,6,4,3,82856.0,1120,17883.0,10,9,96,92,83,7,13,53,4,7,6,7,10,6,8,10,5,9,9,1,7,10,7,10,6,1,8,6,5,5,0
1,36,35,5,2,0,5,4,4,5,5,16,116440.0,1516,43689.0,4,8,83,11,4,4,47,66,9,6,4,2,10,8,5,1,1,9,7,3,4,5,6,2,10,1,6,10,2,10,0
0,37,27,6,5,0,9,5,4,3,4,9,143471.34999999998,1543,25135.0,8,3,66,77,91,51,47,26,7,5,2,7,3,10,5,1,9,10,4,6,4,1,1,6,6,1,5,1,1,7,0
0,43,39,2,4,0,3,2,4,2,5,3,64116.0,908,14660.0,10,3,79,67,86,81,54,29,1,4,7,1,3,6,9,8,7,2,7,2,6,5,10,6,10,7,2,1,4,8,0
1,24,35,6,6,1,4,2,6,4,8,2,51546.0,1502,34220.0,10,6,43,90,60,27,5,73,9,4,8,10,7,10,8,10,4,4,8,5,4,8,4,6,5,10,10,2,10,10,0
0,41,19,3,5,0,3,4,7,2,2,4,61185.0,1559,41051.0,3,2,16,9,35,8,79,34,6,1,6,6,9,1,2,7,9,9,10,8,8,5,4,5,2,7,6,7,10,1,0
0,19,24,3,4,0,4,1,1,7,11,17,34118.0,999,20999.0,9,9,56,71,73,20,10,35,6,3,9,9,2,1,4,6,7,10,10,8,4,10,8,4,1,7,9,5,4,3,0
0,42,20,1,4,0,10,4,3,5,12,6,143471.34999999998,1022,15159.0,3,6,96,4,29,16,41,5,10,2,6,3,7,3,5,1,10,8,3,3,9,3,5,4,9,8,1,1,10,7,0
0,40,31,4,6,0,8,6,5,1,8,2,43746.0,1272,57566.3,3,2,82,71,42,69,32,61,2,2,6,5,10,2,7,9,4,3,1,8,6,6,4,8,4,1,3,1,9,8,0
0,33,29,2,3,0,2,1,3,3,10,11,124317.0,1294,32549.0,6,1,43,16,89,19,63,96,5,1,2,10,10,6,5,10,1,7,6,3,3,10,6,10,9,10,9,1,2,6,0
0,30,31,1,3,0,3,2,7,1,16,17,104170.0,837,45489.0,2,7,96,42,31,81,24,50,1,2,7,8,1,6,2,5,10,3,4,10,10,3,10,9,1,7,1,9,4,1,0
0,25,21,6,1,0,1,3,3,4,6,8,65427.0,1490,41486.0,4,1,62,65,49,96,60,39,6,7,9,3,10,1,4,10,1,7,9,9,6,7,6,2,6,10,2,1,1,7,0
1,23,30,2,3,0,8,5,4,7,10,1,107474.0,1129,22046.0,1,4,4,95,73,96,52,54,9,10,1,3,9,4,2,8,6,2,8,9,8,9,10,8,4,3,1,8,3,8,1
0,23,33,3,2,0,8,1,3,5,2,14,143471.34999999998,1559,25748.0,5,3,8,47,60,90,5,52,4,9,1,9,2,7,3,1,7,1,9,10,2,1,7,10,2,10,10,7,8,2,1
0,26,33,2,5,0,6,1,4,1,10,16,93246.0,1484,20227.0,9,8,59,18,82,79,9,6,8,1,6,9,7,1,7,3,6,5,1,7,3,7,4,5,4,5,2,4,2,7,0
0,21,39,4,2,0,6,2,5,7,5,9,26252.95,837,37763.0,5,6,4,85,52,36,83,81,8,5,2,10,2,3,8,5,3,2,2,10,4,6,2,1,6,10,3,9,8,2,1
0,43,22,5,2,0,5,4,2,7,10,14,47915.0,1559,57566.3,3,9,87,54,96,87,40,83,7,6,5,6,3,7,8,7,3,6,5,5,8,10,2,2,3,9,6,3,8,9,0
0,28,37,5,5,1,5,2,2,3,8,5,125604.0,1210,15067.0,9,2,4,92,81,96,43,29,5,10,10,3,8,2,6,2,2,8,7,10,7,1,8,8,3,2,2,2,9,4,0
0,22,42,2,2,1,1,2,6,4,16,12,143471.34999999998,915,12944.0,3,2,42,89,64,85,16,54,8,10,5,3,1,4,2,3,3,1,9,1,4,3,9,9,2,3,2,9,4,3,0
0,42,23,4,1,0,5,1,4,7,9,16,69066.0,1252,48896.0,1,6,69,37,43,96,5,18,6,2,4,8,7,2,8,4,3,8,8,7,9,4,4,9,9,8,6,2,8,8,0
0,34,23,6,6,1,10,2,6,2,13,14,59379.0,1389,31495.0,5,2,33,75,36,4,68,10,7,1,1,10,10,5,5,5,5,4,8,5,6,6,2,10,9,10,5,3,4,8,0
1,37,35,2,5,0,7,2,5,3,9,5,141627.0,1219,21756.0,4,7,44,61,73,29,87,96,5,2,9,6,10,5,10,10,10,3,5,5,3,3,3,3,1,3,10,1,5,7,1
0,24,23,5,3,0,9,1,6,7,12,10,50712.0,1559,47304.0,6,4,93,72,92,34,73,41,4,4,2,3,5,5,7,9,9,2,4,6,2,7,4,7,5,10,4,7,7,6,0
0,43,24,6,6,1,7,2,2,6,14,4,142698.0,880,34142.0,8,2,60,4,25,6,33,55,10,7,5,3,10,6,9,7,1,6,1,7,9,10,10,7,4,3,1,6,10,3,0
0,32,41,1,5,0,3,1,1,1,18,15,130910.0,837,12502.4,9,1,23,94,72,35,53,46,9,7,7,7,4,9,9,5,9,2,1,8,7,3,5,8,4,2,5,5,2,7,0
0,42,41,6,2,0,9,2,1,5,18,1,61646.0,1237,54595.0,5,2,4,78,9,45,32,23,8,4,10,1,7,7,10,5,10,2,3,4,5,9,10,1,4,7,8,4,1,7,1
1,32,33,4,6,0,10,6,4,7,16,8,26252.95,1412,36933.0,8,2,27,35,10,95,25,77,3,3,8,3,4,7,4,10,4,10,8,7,5,8,6,6,10,1,8,4,1,3,0
1,31,26,1,1,1,9,1,7,4,8,9,57558.0,1338,34859.0,2,9,77,38,9,59,70,4,6,3,6,6,6,3,7,10,1,1,10,7,1,3,9,5,10,2,1,1,4,5,0
1,30,43,5,5,1,4,4,7,2,13,13,142198.0,1416,28152.0,3,2,51,95,36,56,9,15,4,1,6,1,7,4,6,6,5,4,5,1,2,2,1,10,2,5,1,5,1,3,1
1,28,43,2,3,0,10,4,4,7,15,15,27484.0,877,12502.4,3,1,92,74,42,31,15,21,8,3,6,3,3,5,8,2,3,3,10,9,10,2,1,2,8,6,4,5,1,5,0
1,30,30,3,1,0,5,2,7,4,10,7,59519.0,946,21440.0,1,4,10,66,19,23,43,12,2,5,10,8,2,3,9,4,5,7,2,7,8,3,9,6,8,2,1,3,8,8,0
1,43,29,6,4,0,7,6,2,4,1,16,55941.0,947,25572.0,2,1,87,38,8,62,5,30,6,10,2,3,3,10,7,1,1,1,10,7,10,8,9,3,1,6,10,8,8,1,0
1,39,36,4,5,0,2,6,4,6,12,11,71441.0,1284,12502.4,1,6,56,47,16,35,87,4,9,10,3,4,6,6,7,3,10,2,1,2,8,8,2,4,9,4,4,9,3,8,0
1,41,43,3,4,0,3,3,1,6,11,12,46862.0,1043,38596.0,4,7,96,56,39,62,76,15,7,8,3,4,10,10,10,2,7,2,10,8,5,10,6,5,1,5,1,1,6,10,0
1,26,40,3,5,0,5,6,4,2,10,10,100929.0,1486,30743.0,6,9,81,6,59,52,73,55,3,9,8,3,1,10,1,4,7,3,1,9,4,2,2,8,6,2,10,4,10,9,0
1,27,40,2,2,1,3,6,6,1,11,2,125941.0,1110,29169.0,3,5,81,50,96,72,59,53,2,9,1,3,1,2,10,2,6,10,2,9,10,4,5,6,7,1,5,3,3,2,0
1,21,19,6,5,0,7,1,4,2,9,9,65593.0,1195,46455.0,8,1,39,40,69,53,68,54,5,7,5,5,8,3,3,5,4,3,8,8,2,5,9,8,5,10,3,8,5,4,0
1,34,25,2,2,1,7,4,5,7,15,1,143471.34999999998,1065,32648.0,3,4,40,21,41,77,79,41,9,5,5,2,4,10,2,4,5,10,1,3,8,8,1,6,10,1,8,4,8,4,0
1,31,21,4,1,0,1,6,2,5,11,16,26252.95,846,29020.0,7,1,11,38,81,61,28,25,6,10,1,6,3,1,2,9,2,7,4,7,10,8,10,4,6,10,1,3,3,8,0
1,41,38,1,4,0,3,1,4,3,7,1,33128.0,1270,24586.0,3,4,8,72,25,64,56,42,5,4,2,2,6,10,2,5,5,2,9,3,9,7,8,5,4,8,4,9,4,3,1
1,35,39,1,1,1,4,1,7,7,2,17,94747.0,1006,18491.0,9,7,46,49,96,62,41,53,8,4,6,10,1,7,6,7,8,10,8,4,8,1,7,2,4,3,1,9,6,1,0
1,28,36,3,1,0,4,4,5,1,15,4,93975.0,1237,45363.0,10,7,63,44,49,84,11,68,7,10,4,6,1,6,4,4,1,2,5,1,10,5,2,3,5,5,6,8,6,8,0
0,33,38,6,5,0,6,2,3,1,3,1,26628.0,939,50486.0,5,7,4,16,37,47,55,12,10,9,8,10,7,6,7,6,2,1,2,6,3,7,10,10,3,10,4,3,10,9,0
1,19,43,3,6,0,10,6,4,6,8,11,54814.0,1462,24755.0,10,8,38,10,18,31,58,21,4,6,10,5,7,4,3,2,10,8,6,10,4,4,2,9,9,10,8,9,4,4,0
0,24,22,2,2,1,4,1,5,5,12,11,52813.0,1020,12502.4,9,3,77,12,21,87,12,88,2,2,5,4,1,4,4,1,3,10,5,5,7,6,2,6,2,8,7,2,8,1,1
1,27,34,5,6,0,6,2,6,3,4,12,26252.95,1454,12502.4,10,2,62,87,4,12,16,4,9,4,6,2,3,6,2,3,10,2,6,2,3,10,7,7,3,7,4,1,1,10,0
1,26,20,3,1,0,7,2,7,1,15,3,93591.0,968,36756.0,10,5,61,26,19,10,27,75,3,5,8,2,1,7,10,9,6,5,7,4,6,10,8,5,6,7,2,3,9,2,1
0,43,36,2,5,0,1,1,1,6,14,8,61014.0,1426,27973.0,4,5,21,57,55,95,95,96,8,8,1,9,2,9,3,3,4,7,8,9,1,9,9,2,6,8,6,6,10,9,1
1,42,19,3,2,0,6,1,7,2,11,16,91590.0,1201,24017.0,7,1,26,53,19,4,6,75,8,6,10,4,1,5,7,8,9,4,6,9,4,9,3,5,4,2,5,9,3,1,0
0,20,40,5,2,0,8,5,2,4,13,2,101035.0,948,12502.4,1,3,64,42,90,23,77,81,1,7,3,4,7,6,9,7,7,3,5,4,9,4,10,8,9,2,5,5,6,4,0
0,39,19,3,4,0,5,5,2,6,1,17,59213.0,889,52797.0,3,5,81,35,54,4,81,5,2,2,8,9,2,6,4,3,6,7,6,9,4,3,7,9,3,1,7,7,7,3,0
0,40,40,3,3,1,4,5,6,3,13,13,71126.0,1468,57566.3,4,2,38,69,92,96,68,22,10,2,2,4,6,4,2,6,8,2,8,3,4,2,5,1,2,3,6,4,5,1,0
1,31,37,4,1,0,7,1,2,1,9,3,118027.0,837,37254.0,5,2,40,95,79,57,33,72,5,3,7,10,3,4,6,7,8,5,8,6,1,4,4,6,2,7,8,5,1,2,0
1,43,26,3,5,0,8,3,5,3,13,12,26351.0,1367,34681.0,10,9,44,95,69,64,5,11,4,2,4,4,6,2,1,2,6,10,10,5,1,8,8,8,7,6,1,3,1,4,0
1,42,40,2,3,0,5,6,5,1,10,13,65652.0,1477,48051.0,4,3,32,88,49,4,78,65,4,8,9,3,3,3,5,8,8,1,4,5,8,1,4,10,10,2,7,5,7,2,0
0,32,22,5,5,1,2,6,1,6,8,3,29046.0,1197,43273.0,5,5,54,74,8,85,83,15,4,2,2,3,8,6,4,2,10,2,5,4,4,10,7,8,9,9,1,8,8,6,0
0,19,24,5,5,1,4,3,7,5,3,15,88757.0,1115,45142.0,2,1,63,73,53,11,17,21,4,4,5,7,1,4,5,4,9,2,2,8,7,4,8,5,1,10,9,1,7,10,0
1,41,42,4,4,1,6,6,6,7,18,13,86222.0,1051,19407.0,3,1,32,82,30,96,95,48,7,3,8,1,10,2,7,8,1,5,8,3,10,6,9,1,10,2,9,8,1,4,0
1,31,43,5,5,1,5,1,1,1,2,13,102774.0,1439,45583.0,6,8,4,85,49,72,33,92,6,6,8,2,4,7,1,3,1,9,6,10,10,2,2,9,10,6,2,3,8,8,0
1,33,23,1,3,0,5,3,5,5,5,10,89364.0,981,14035.0,9,5,10,80,26,6,86,7,10,5,7,1,4,7,8,5,2,10,3,3,10,10,5,10,5,9,6,4,10,8,0
1,24,34,4,1,0,5,4,4,3,11,15,26252.95,888,50341.0,7,2,24,49,10,32,5,95,5,1,2,5,5,4,2,4,4,9,10,10,7,7,9,5,7,1,10,4,6,2,0
1,21,39,2,4,0,1,1,2,2,6,6,137308.0,1559,56943.0,2,2,4,67,52,65,87,78,4,2,10,6,5,7,9,4,2,6,10,10,2,8,7,5,10,3,2,6,7,5,1
0,35,34,1,5,0,1,2,7,1,1,12,137681.0,1186,19284.0,1,7,36,73,85,82,5,8,9,5,4,2,7,1,4,4,10,2,4,7,9,4,2,9,6,8,6,4,9,10,1
0,41,30,6,5,0,1,6,3,2,17,6,110134.0,1245,30075.0,4,4,56,87,95,4,46,17,10,4,2,10,2,6,2,2,8,9,5,6,8,5,9,8,5,5,10,7,10,1,1
0,43,29,5,5,1,2,5,6,4,11,16,119393.0,993,28248.0,6,9,29,11,40,62,73,31,8,10,3,1,10,7,8,5,2,2,2,10,6,6,9,5,5,10,7,10,8,1,0
1,22,21,1,1,1,4,5,1,1,1,15,72723.0,1100,22243.0,2,6,13,86,13,15,5,31,5,10,9,10,9,4,6,6,2,6,6,10,7,9,5,3,2,5,7,1,8,1,0
0,23,25,4,6,0,4,3,5,6,3,4,30113.0,1363,52827.0,5,1,44,84,63,92,92,43,8,10,1,9,2,5,9,6,8,10,3,9,7,4,9,6,5,10,6,1,1,5,0
0,43,22,2,1,0,7,5,6,7,11,5,42920.0,1437,14609.0,7,1,8,29,30,36,78,23,7,8,1,4,5,4,10,7,3,9,6,4,5,4,2,5,8,3,10,9,5,4,1
0,24,22,4,5,0,4,2,3,1,3,2,90658.0,1397,57566.3,3,3,4,52,15,80,95,70,10,3,4,7,7,5,1,8,10,8,7,6,4,6,4,3,4,1,7,6,4,7,1
0,32,30,6,2,0,10,1,7,3,2,17,26252.95,1023,56402.0,4,6,34,77,70,96,25,50,3,9,7,6,9,9,4,5,8,8,2,10,10,8,2,5,8,6,2,4,1,6,1
0,43,43,3,6,0,1,4,4,5,10,14,129405.0,1371,44656.0,4,8,15,36,18,49,72,57,6,8,4,5,8,1,2,2,8,5,6,1,1,8,7,10,8,10,3,9,10,3,0
1,19,28,1,4,0,1,3,3,6,13,12,26252.95,1145,38174.0,2,8,80,6,65,89,94,60,7,10,7,3,8,2,10,4,3,6,4,1,8,3,8,4,5,9,1,1,7,10,0
0,41,25,3,6,0,9,3,5,3,4,16,51712.0,1372,39991.0,1,1,24,11,67,52,22,87,4,9,3,10,2,9,2,6,1,5,9,7,10,2,9,8,8,4,4,3,7,3,0
1,21,25,5,2,0,3,6,1,1,13,15,85209.0,1250,34478.0,10,4,7,95,94,26,77,20,3,5,10,2,4,1,5,7,4,5,6,2,1,7,8,6,2,9,4,3,3,6,1
1,42,19,2,5,0,10,4,4,2,7,11,65570.0,887,25055.0,1,5,93,78,20,77,92,35,8,7,8,4,10,9,2,7,5,1,10,10,2,3,1,7,7,5,9,5,4,5,0
1,19,30,2,5,0,9,1,7,3,9,15,134118.0,837,21297.0,2,8,96,43,12,42,71,28,2,6,10,8,7,1,9,4,3,9,8,6,1,4,9,1,6,7,7,3,5,8,0
1,28,22,2,4,0,2,1,3,2,8,11,41634.0,859,15141.0,6,5,43,79,95,4,63,6,3,5,5,3,6,6,9,10,3,6,4,10,2,7,3,4,7,5,1,8,10,4,0
1,35,38,6,2,0,10,2,2,1,18,2,45054.0,1215,41884.0,8,3,19,89,81,65,47,7,3,8,9,9,8,7,10,4,2,10,3,8,9,2,4,6,10,6,10,8,6,9,0
0,31,25,5,6,0,2,3,2,1,9,1,143471.34999999998,1388,26983.0,1,7,94,83,75,28,36,62,7,9,8,2,5,1,9,10,9,10,1,2,8,9,5,7,8,10,5,10,7,2,0
0,39,34,5,4,0,7,2,5,2,10,5,140056.0,883,22230.0,6,7,58,75,96,8,44,63,1,2,3,9,8,10,4,9,10,9,4,1,7,8,5,1,4,5,10,4,8,8,0
1,28,40,3,1,0,7,5,1,2,12,14,105226.0,1416,21263.0,4,7,25,95,45,94,46,39,4,6,3,9,10,4,6,7,4,10,5,10,2,8,5,3,8,9,9,6,10,9,0
1,27,40,3,2,0,5,4,5,7,16,3,48044.0,1000,53323.0,9,7,96,35,27,79,34,51,6,4,7,8,5,5,10,1,7,9,3,10,4,6,7,5,5,7,10,4,1,7,0
1,43,30,4,5,0,1,1,7,7,15,8,26252.95,845,34915.0,3,8,57,95,41,45,29,26,5,4,5,5,9,6,4,10,10,9,2,10,7,3,1,4,5,10,10,4,1,3,0
0,34,26,1,4,0,3,5,7,6,4,2,61000.0,1015,29050.0,8,6,4,65,47,96,11,24,1,3,10,3,9,9,9,9,8,5,6,8,4,9,4,4,6,6,4,2,10,8,0
1,21,19,4,2,0,7,6,3,7,10,13,73804.0,1140,50447.0,3,7,96,53,37,32,59,70,3,5,5,8,2,6,2,2,6,6,7,1,1,2,1,7,4,7,1,5,7,9,0
0,41,36,1,1,1,8,6,2,5,9,10,51568.0,1194,18245.0,3,4,28,33,81,66,45,93,2,10,9,1,5,1,4,2,6,5,3,10,5,7,5,4,2,10,10,6,9,7,0
1,32,37,5,6,0,4,2,1,2,18,8,68770.0,1080,41420.0,7,9,33,22,61,46,7,18,2,3,3,8,9,2,8,3,8,7,8,9,3,7,6,5,9,4,10,3,10,6,1
0,43,34,4,6,0,9,4,6,3,2,3,50116.0,1129,37111.0,6,9,96,8,16,4,30,58,7,6,9,9,6,3,4,4,5,8,10,8,3,4,3,9,4,8,4,9,6,5,0
1,33,24,1,3,0,7,6,1,7,12,5,123615.0,1458,45630.0,2,1,5,47,59,49,51,8,6,10,6,3,1,10,6,3,4,1,5,1,10,3,7,3,5,5,5,5,2,10,0
0,38,43,6,4,0,7,4,1,2,1,6,104564.0,1331,16390.0,4,5,20,54,23,79,5,54,6,6,7,4,4,3,10,1,4,2,8,1,1,9,7,7,8,6,4,6,1,3,0
1,30,20,6,4,0,4,4,6,6,15,8,45484.0,1040,12502.4,6,7,62,83,22,19,95,28,4,4,8,8,10,5,1,3,5,1,9,10,2,1,4,7,10,6,6,8,3,5,1
0,26,36,6,4,0,8,1,4,5,17,7,59880.0,1321,45405.0,7,8,39,74,80,95,14,32,3,8,6,1,4,1,2,6,6,1,9,4,3,8,3,9,6,10,5,10,4,6,0
0,28,36,5,6,0,3,4,3,4,14,5,131098.0,1238,13029.0,6,2,78,93,35,29,19,48,3,9,5,2,4,4,9,1,4,6,5,3,4,4,3,7,3,4,4,2,10,9,0
0,28,41,4,3,0,1,6,1,3,12,4,75576.0,1350,19767.0,5,3,26,31,53,48,86,56,6,1,6,1,9,1,4,6,5,4,1,10,2,10,2,5,3,7,6,2,5,8,0
0,23,26,3,2,0,9,3,6,1,14,4,32385.0,1241,22028.0,10,1,67,21,19,24,51,73,1,4,3,3,9,9,8,10,4,4,1,9,1,10,1,2,2,8,8,4,9,3,0
0,19,27,1,3,0,3,5,4,3,11,10,38934.0,1484,34839.0,7,4,96,10,66,85,5,83,1,2,3,10,9,9,2,7,5,2,3,9,9,9,5,1,2,1,1,8,7,5,0
0,39,31,4,4,1,1,5,6,2,15,1,111266.0,1176,39228.0,9,5,9,74,42,93,13,64,5,5,1,1,10,9,9,6,3,8,9,1,1,6,7,9,6,4,6,10,10,5,0
0,23,35,1,4,0,4,1,2,6,5,1,74476.0,1553,16170.0,1,1,62,58,5,24,50,73,7,5,5,9,9,9,1,8,7,2,5,4,6,1,4,4,5,2,5,7,3,4,0
1,30,43,5,1,0,9,4,7,5,10,4,54859.0,1502,14061.0,10,6,13,56,83,66,92,56,6,3,8,7,10,10,5,4,4,4,8,10,6,10,6,10,10,2,2,7,6,1,0
1,39,32,5,1,0,7,3,2,6,10,9,80220.0,1299,30442.0,8,2,87,10,54,96,7,37,1,3,3,5,1,10,5,3,1,4,1,2,5,1,1,8,8,10,4,2,7,4,0
1,41,43,6,1,0,10,4,2,7,15,8,26252.95,1076,46528.0,4,7,63,65,94,11,63,70,6,7,10,1,8,7,10,7,3,2,10,5,6,5,8,7,4,1,3,5,8,3,1
1,39,19,5,6,0,1,4,2,3,4,8,72418.0,1231,48605.0,10,1,56,95,56,51,50,77,5,3,4,2,4,3,9,6,7,1,6,6,8,7,7,7,3,1,3,4,1,6,0
1,22,42,2,2,1,10,6,3,5,6,15,33648.0,1249,20978.0,4,1,38,32,4,32,91,22,7,3,6,1,6,10,7,10,4,9,8,5,1,7,5,1,8,5,7,2,9,1,0
0,32,23,6,1,0,1,3,6,5,5,7,118236.0,1559,37138.0,7,2,93,81,54,67,95,11,9,9,10,3,1,8,10,9,5,8,2,7,5,7,9,6,1,2,5,1,5,1,1
0,43,32,6,5,0,6,4,6,2,15,9,143471.34999999998,1506,34891.0,1,8,95,72,16,81,29,46,2,9,8,3,8,6,10,3,3,7,10,10,2,1,2,7,6,5,7,8,10,2,0
0,35,42,3,5,0,6,2,6,5,18,2,78120.0,1246,12502.4,9,5,38,63,54,95,39,77,3,10,6,9,6,3,8,4,7,9,9,6,9,8,8,10,4,6,8,5,2,1,0
0,37,23,6,5,0,5,2,5,4,1,11,140110.0,931,18658.0,1,4,34,71,71,10,5,75,2,2,5,10,1,1,7,6,2,3,10,6,7,9,10,4,6,1,4,3,9,6,0
0,31,35,3,1,0,8,2,4,5,5,10,101150.0,1289,50679.0,1,9,55,27,20,93,65,96,6,4,10,9,7,1,4,10,8,8,1,10,6,8,7,8,1,9,10,7,3,3,0
1,32,19,2,6,0,6,1,3,7,14,17,52861.0,1413,57566.3,3,6,92,29,33,59,12,20,10,3,3,1,1,2,10,1,4,9,10,7,2,2,5,7,2,8,7,10,3,7,0
1,43,41,1,2,0,5,5,2,1,6,4,91326.0,1527,54719.0,2,5,47,53,24,39,48,43,1,1,7,5,5,5,9,7,8,5,4,3,5,10,7,8,8,2,1,9,6,4,1
1,22,20,2,1,0,9,1,2,6,12,16,80508.0,1148,57566.3,4,2,40,11,74,54,95,95,1,4,1,10,9,4,4,2,10,3,2,2,5,1,8,2,5,3,3,1,3,1,0
1,43,34,1,6,0,2,1,1,1,15,1,109825.0,866,34894.0,6,3,71,8,79,83,89,60,10,1,5,5,5,6,1,1,7,9,5,2,4,1,1,7,7,8,6,2,6,4,0
0,21,33,6,4,0,7,5,4,2,1,7,38200.0,1346,14228.0,6,8,25,65,49,61,88,60,7,10,5,8,4,10,9,1,5,7,6,10,2,4,1,7,4,4,9,10,2,9,0
0,19,25,5,4,0,10,1,7,7,4,17,143411.0,1034,12502.4,4,2,34,87,11,70,94,78,6,4,1,5,7,10,7,10,7,8,7,3,1,2,9,8,2,2,2,5,1,7,1
0,24,34,2,6,0,4,5,7,1,3,11,57384.0,1135,14624.0,1,3,85,37,46,13,5,70,10,9,10,5,4,10,9,9,10,3,4,4,10,2,9,8,3,2,7,6,5,4,0
1,27,25,1,4,0,2,3,6,6,1,15,26252.95,1057,40519.0,5,2,34,76,15,18,85,73,8,5,8,2,6,5,2,1,2,3,6,6,9,8,2,10,9,1,7,7,5,5,0
0,33,34,4,3,0,3,3,6,1,17,7,143471.34999999998,1344,17924.0,9,3,62,63,93,4,87,59,5,4,3,5,2,10,9,5,7,9,5,8,10,7,3,1,4,10,5,5,6,9,0
1,27,42,5,1,0,1,2,6,1,14,3,143471.34999999998,1446,47069.0,2,7,38,36,83,5,80,26,8,3,6,7,7,9,3,4,4,10,6,4,5,3,6,3,2,1,8,1,7,9,0
0,35,26,4,6,0,8,2,6,3,8,14,73107.0,960,12502.4,3,3,91,94,6,94,89,55,8,9,10,10,4,1,6,2,4,10,7,5,3,4,7,1,10,8,1,7,2,1,0
0,34,29,5,2,0,5,2,6,7,7,12,137259.0,1248,50766.0,4,8,26,68,82,42,5,91,9,4,3,5,4,4,6,1,2,7,3,7,2,3,3,8,9,4,1,7,2,2,0
1,38,42,5,4,0,8,4,2,1,16,11,93479.0,1449,30769.0,9,7,80,38,38,4,32,4,6,7,4,3,8,9,9,5,5,4,7,5,7,2,9,7,10,3,7,6,6,7,0
0,30,36,1,1,1,9,4,6,4,14,11,133646.0,1434,34837.0,6,9,23,32,86,68,67,82,4,9,4,7,3,3,10,4,1,1,8,9,2,4,1,3,1,7,4,2,5,5,0
0,19,21,6,6,1,2,4,1,5,9,11,73571.0,995,35212.0,3,9,55,76,45,75,16,38,5,9,2,8,4,10,4,4,8,10,4,9,1,8,5,4,4,9,5,8,4,7,0
1,19,38,1,2,0,8,6,6,4,18,3,80076.0,1112,12502.4,8,8,24,80,14,96,25,96,6,1,8,2,9,8,2,2,2,7,9,6,10,10,5,10,5,7,2,2,7,5,0
0,32,39,5,3,0,1,4,3,5,6,11,48880.0,1308,30639.0,1,3,96,52,13,28,77,4,4,9,1,6,8,4,9,5,2,6,2,5,2,2,4,10,7,8,4,5,6,7,0
1,19,42,4,3,0,1,6,3,6,3,1,89375.0,837,57566.3,9,7,81,11,4,47,75,53,6,9,2,8,1,10,10,3,5,5,10,8,7,1,7,5,1,2,4,10,2,5,0
0,23,28,6,4,0,7,2,3,3,12,2,143471.34999999998,1285,22520.0,3,4,76,88,27,29,28,36,3,9,9,10,8,8,9,7,2,9,9,3,1,3,1,10,8,6,7,8,6,7,0
0,42,21,1,1,1,4,1,7,5,8,4,51818.0,1038,14996.0,4,6,95,68,78,16,95,50,9,7,5,7,9,9,9,7,1,5,1,6,7,10,8,7,2,5,10,10,5,8,0
0,43,31,1,2,0,9,5,5,6,5,10,26252.95,837,57566.3,4,9,31,17,75,92,5,39,3,1,9,8,6,9,1,8,1,5,6,7,4,4,10,3,4,7,3,1,8,8,0
0,30,31,3,2,0,4,5,5,1,11,10,132227.0,837,53781.0,7,9,4,95,96,76,44,87,4,5,7,7,1,6,6,5,3,2,7,1,10,7,2,8,10,8,7,5,7,1,0
0,43,23,2,4,0,1,5,4,2,7,8,26252.95,1052,44294.0,6,6,89,76,31,25,33,6,9,10,10,3,8,1,3,3,7,4,8,4,1,3,7,10,9,9,7,2,7,3,0
0,19,34,1,4,0,4,5,6,4,10,12,143471.34999999998,1521,37273.0,5,2,57,31,28,47,88,87,8,10,4,6,6,1,1,1,6,9,5,5,7,4,10,5,8,1,10,7,4,10,0
0,22,19,6,4,0,6,2,3,3,12,12,141102.0,1442,42875.0,2,4,60,4,93,56,39,29,4,9,1,3,1,7,10,1,5,6,3,3,1,9,10,5,5,7,9,9,2,3,0
0,26,25,3,3,1,6,6,3,2,13,16,117401.0,1528,29636.0,10,2,64,82,36,35,94,12,10,1,9,6,4,9,2,8,8,9,7,8,8,5,7,3,3,10,2,7,6,7,0
1,42,21,3,4,0,1,1,4,5,7,3,71862.0,1262,45954.0,6,6,46,5,5,36,5,19,6,2,1,3,4,7,3,10,3,1,6,2,6,8,5,1,3,1,3,2,10,3,0
1,34,27,6,3,0,1,4,3,3,2,2,88072.0,1559,45341.0,10,3,65,28,50,32,41,59,6,5,1,8,3,8,9,6,1,10,4,2,6,6,8,1,2,5,3,2,3,9,0
0,33,24,4,6,0,1,2,4,4,13,14,140968.0,916,51830.0,7,2,60,79,25,15,27,56,1,4,10,7,6,6,7,9,7,4,4,4,10,6,4,4,3,4,3,2,10,9,1
0,25,21,3,5,0,6,4,2,1,17,3,29590.0,1080,20933.0,9,3,68,94,4,83,88,48,4,10,10,6,4,7,7,1,1,5,8,7,6,1,10,9,3,9,1,4,5,6,0
1,34,33,2,5,0,8,5,4,5,16,2,143471.34999999998,860,44856.0,1,7,81,30,64,4,37,32,9,10,3,3,6,6,5,5,3,8,4,4,1,1,4,3,3,2,4,9,10,8,0
0,32,31,5,1,0,8,3,4,6,1,11,143471.34999999998,1058,27169.0,10,4,18,54,28,96,77,46,10,4,4,3,6,1,1,7,2,9,6,6,4,7,10,6,10,2,6,8,9,8,1
0,41,33,3,4,0,2,1,4,4,4,11,73106.0,1424,29406.0,2,8,66,57,48,95,41,23,6,3,6,3,7,7,1,3,1,2,1,5,5,3,9,4,5,5,3,3,9,7,0
1,19,42,5,5,1,5,6,1,6,4,1,129318.0,1096,21744.0,7,8,96,70,94,8,19,5,8,9,8,2,1,4,2,9,1,7,10,2,3,10,5,9,10,4,7,1,7,8,1
0,29,26,2,4,0,3,3,6,5,3,10,69020.0,943,48697.0,7,6,4,4,24,52,53,47,1,8,3,10,3,5,1,9,3,1,8,9,6,8,6,9,9,7,2,4,9,4,1
0,22,21,2,5,0,6,6,3,2,10,8,133073.0,973,42177.0,7,4,52,40,51,31,48,45,4,2,10,4,4,10,6,10,5,3,10,5,8,3,10,5,5,5,3,2,9,6,0
1,41,41,4,6,0,1,1,6,5,3,12,97106.0,1379,13890.0,4,1,4,92,40,60,89,63,6,4,10,8,5,3,10,9,5,6,2,1,9,8,5,7,2,5,10,7,8,3,0
0,23,23,5,4,0,8,1,1,2,11,15,115781.0,1242,49206.0,1,7,14,89,27,47,56,11,3,9,10,1,5,1,7,5,3,4,3,1,8,3,9,1,10,2,6,5,7,6,0
0,42,19,5,4,0,4,5,1,3,5,1,89840.0,1559,15813.0,9,4,66,9,78,27,95,10,6,8,2,8,5,2,3,4,6,1,1,1,2,8,1,4,3,2,3,7,4,3,0
1,19,24,4,3,0,9,4,1,6,1,15,88250.0,1041,53122.0,7,6,96,95,60,92,79,60,10,7,7,9,3,3,7,5,4,4,10,5,2,1,5,3,6,2,5,3,4,7,0
0,42,19,2,1,0,4,3,4,7,7,11,126168.0,1067,30159.0,7,6,67,85,4,38,71,31,5,9,3,8,9,9,9,5,1,3,1,10,10,5,3,9,1,4,4,1,2,4,0
1,19,36,3,6,0,5,2,6,4,7,6,95584.0,1431,32030.0,8,8,70,29,91,75,15,19,7,3,10,10,1,4,8,3,7,7,9,3,3,1,5,8,4,10,3,10,10,1,1
0,27,25,5,3,0,9,5,5,5,16,12,44837.0,1508,22474.0,3,2,22,10,25,15,75,57,2,5,9,5,9,1,5,2,7,9,4,6,1,6,6,7,1,9,7,4,5,9,0
0,27,42,3,3,1,3,3,2,5,3,3,131743.0,947,25707.0,9,2,31,81,78,5,85,89,9,3,2,7,9,1,5,6,3,3,5,8,9,3,9,3,1,3,3,7,7,2,0
1,20,20,6,3,0,3,5,4,4,11,17,107820.0,837,14377.0,4,3,61,73,61,77,39,67,10,1,6,1,3,1,8,8,2,2,9,7,1,6,8,9,2,10,2,8,4,1,0
1,34,19,3,1,0,8,2,1,1,17,1,37920.0,961,56725.0,8,8,87,38,11,86,84,32,2,1,1,1,1,2,8,8,3,4,5,3,1,4,3,9,2,8,10,2,9,4,0
0,36,19,1,3,0,3,5,5,3,9,3,120454.0,1088,14576.0,1,8,4,44,19,81,95,88,6,10,4,3,7,9,2,10,9,1,2,3,7,2,4,8,10,4,7,4,1,1,0
1,28,24,2,5,0,8,6,3,1,18,1,125727.0,1516,57566.3,10,5,90,33,95,58,34,44,9,1,2,6,8,3,1,4,8,6,1,6,8,4,5,9,1,8,9,6,7,2,0
1,35,38,6,6,1,1,2,2,1,18,7,81674.0,1078,20352.0,4,3,18,8,24,41,55,50,4,3,3,6,5,1,3,4,1,2,4,2,3,7,4,5,10,5,10,8,10,2,0
0,19,30,1,6,0,1,4,1,4,8,14,143471.34999999998,942,12502.4,6,1,9,10,71,68,77,32,9,3,2,10,10,9,2,2,5,7,4,5,5,2,9,9,7,2,2,1,8,5,0
0,26,19,5,6,0,7,2,1,5,3,2,106862.0,1051,24828.0,7,1,62,4,60,96,93,64,4,10,9,6,9,9,4,5,2,4,2,4,9,1,1,6,3,6,5,7,10,7,0
0,41,33,6,3,0,8,5,3,5,8,2,37977.0,1535,56159.0,8,1,84,90,61,78,5,91,6,9,4,2,6,9,3,1,10,6,10,7,4,10,4,7,6,7,8,3,8,4,0
1,34,39,5,4,0,4,5,6,2,5,3,92722.0,972,56058.0,7,2,56,16,74,34,83,14,9,4,10,3,3,3,2,7,5,9,7,2,7,4,7,8,2,1,4,8,5,1,0
1,31,39,1,5,0,3,6,4,1,12,6,88040.0,918,21414.0,4,6,42,87,4,27,53,51,5,4,8,2,1,7,6,2,5,6,10,10,7,9,8,8,6,10,4,1,6,5,0
1,21,31,6,5,0,8,2,6,4,11,8,64258.0,837,34476.0,1,5,96,49,6,96,60,33,9,4,6,2,9,2,1,4,4,7,9,5,9,8,2,8,5,4,10,2,4,9,0
1,34,21,1,3,0,4,1,3,6,10,11,143195.0,1249,44450.0,1,7,41,92,83,80,72,6,4,6,9,2,1,1,10,4,7,3,3,6,7,7,3,2,1,1,7,3,9,9,0
0,34,40,5,4,0,9,1,2,2,8,6,83764.0,1344,54041.0,4,8,28,95,96,61,45,4,10,8,7,1,9,9,8,7,10,3,6,3,7,6,8,7,9,2,5,10,8,5,1
1,29,40,2,6,0,7,6,1,6,7,1,104025.0,1558,52834.0,7,7,19,81,40,62,8,70,8,6,9,3,2,7,8,2,2,6,2,8,5,2,4,8,6,7,6,2,4,4,0
0,37,29,3,1,0,2,3,7,7,7,9,41379.0,1556,57093.0,3,8,32,93,96,42,32,4,4,2,8,7,1,3,8,9,8,1,6,8,1,8,10,3,7,2,6,1,8,9,0
1,35,42,3,4,0,3,1,2,3,15,8,89164.0,1432,54897.0,8,9,4,17,49,77,95,46,2,6,6,8,4,3,9,6,5,1,6,6,6,10,5,8,6,9,8,4,8,8,1
0,20,29,2,1,0,8,6,4,5,18,17,99046.0,1101,50517.0,10,1,82,35,95,29,95,35,8,3,10,6,2,10,5,4,8,9,9,3,1,7,10,9,9,5,8,5,2,7,0
0,28,34,2,6,0,8,2,3,3,16,7,118497.0,1328,51793.0,6,3,52,60,57,45,88,71,6,4,3,6,10,8,7,1,5,10,7,9,6,2,7,10,10,9,6,8,5,2,0
0,42,38,5,5,1,9,4,1,7,8,7,79881.0,1525,43517.0,5,6,63,92,37,4,95,4,7,10,4,5,7,5,7,6,4,4,1,2,8,7,3,8,5,2,4,5,3,10,0
1,35,32,3,2,0,3,2,5,2,12,3,96569.0,1439,57566.3,10,8,79,50,70,24,14,25,9,5,1,8,7,6,3,2,10,2,3,5,10,3,7,1,10,9,5,2,9,4,0
0,21,27,2,6,0,4,1,3,3,1,2,62019.0,1002,35477.0,2,4,70,95,74,63,28,67,5,3,3,7,1,3,5,2,5,7,9,9,3,7,5,7,2,2,4,8,6,6,0
0,34,20,3,4,0,8,2,2,6,14,5,94505.0,1041,28154.0,7,8,75,59,6,17,95,11,6,2,8,2,1,4,8,1,6,8,8,4,7,7,7,10,10,6,1,2,8,6,0
1,35,40,2,5,0,10,3,6,2,6,7,64168.0,837,34998.0,1,2,67,46,30,4,95,9,10,1,7,6,3,5,6,5,5,1,5,10,6,10,1,7,2,2,9,2,5,5,0
0,22,37,6,6,1,6,4,2,2,11,15,105842.0,984,42427.0,10,9,84,62,28,23,9,45,2,5,5,6,7,2,5,5,9,3,4,6,10,3,5,4,7,1,5,8,2,3,0
1,31,37,5,5,1,5,2,6,4,16,7,84208.0,1294,12502.4,2,6,30,46,87,58,5,26,9,4,2,1,1,3,7,8,9,6,7,5,7,5,8,6,7,5,6,4,10,9,0
1,27,29,6,6,1,1,4,5,3,9,15,86116.0,1202,33747.0,9,1,70,38,54,45,58,23,10,6,4,9,7,3,3,6,7,6,9,6,9,6,6,8,8,7,2,5,3,10,0
0,32,19,3,5,0,2,4,4,5,14,12,80636.0,882,57566.3,6,9,76,76,53,68,48,32,3,6,8,6,9,10,10,6,3,3,9,6,8,1,7,10,5,2,10,3,2,6,0
0,19,19,2,3,0,1,5,5,1,2,4,132408.0,1267,34572.0,2,3,81,22,21,10,45,36,1,2,7,4,8,7,8,4,4,3,3,9,10,6,1,3,8,9,10,3,5,9,0
1,33,27,5,6,0,3,1,1,1,17,5,125101.0,1135,26373.0,2,7,55,20,12,4,20,6,10,7,9,6,4,7,6,4,2,4,3,10,1,9,6,9,7,1,10,2,6,2,0
0,28,35,1,2,0,10,3,1,4,14,1,113978.0,880,43495.0,7,2,30,79,62,94,95,65,1,9,10,6,8,8,6,7,7,10,5,3,5,3,4,7,4,2,2,10,6,8,0
1,40,32,3,4,0,5,2,7,3,15,13,88818.0,908,19560.0,5,2,16,87,47,84,35,5,8,1,4,7,3,3,2,3,2,2,4,9,10,8,4,1,5,5,1,7,3,2,1
1,37,19,2,5,0,1,1,6,6,18,14,26252.95,992,40418.0,4,8,44,29,32,33,7,78,9,7,2,10,2,6,8,4,7,2,5,6,5,5,9,4,3,10,2,6,10,9,1
1,23,34,2,3,0,6,1,4,4,6,4,120031.0,1500,55221.0,10,2,96,9,4,80,95,24,8,6,4,10,9,3,3,3,9,10,9,9,4,2,10,5,10,1,6,9,2,2,0
0,41,25,4,1,0,10,4,4,3,12,3,135608.0,1069,12502.4,1,5,4,58,86,21,95,7,4,4,2,2,5,9,3,2,10,10,4,1,3,1,6,5,4,6,1,10,10,7,0
1,39,39,5,1,0,5,1,3,5,17,5,31651.0,845,12502.4,3,4,19,73,8,28,95,69,2,8,10,6,9,3,4,3,4,5,9,3,10,10,10,4,9,2,1,5,4,5,0
0,33,39,6,5,0,8,6,3,1,3,17,55485.0,1536,46028.0,2,9,9,25,16,44,68,20,6,6,1,7,3,6,8,9,2,2,7,9,3,1,5,6,7,9,4,8,3,1,0
0,19,43,6,6,1,1,3,3,4,10,9,133007.0,1512,19622.0,2,3,53,89,57,70,80,55,9,9,5,1,10,7,7,10,9,1,3,8,7,2,1,5,6,10,4,4,7,5,1
0,19,43,5,4,0,9,5,4,3,8,15,103938.0,1226,29083.0,1,4,46,16,76,23,39,62,7,8,3,6,9,9,6,3,4,1,10,3,1,6,3,4,5,10,1,3,8,9,0
0,41,26,5,2,0,9,3,5,7,8,6,79092.0,911,17099.0,2,1,80,4,58,23,48,63,1,4,9,6,4,7,7,6,5,9,2,3,2,3,2,2,10,8,8,10,4,8,0
1,41,38,3,1,0,5,6,5,6,4,2,102383.0,837,27366.0,4,3,61,21,42,81,29,92,7,9,6,7,10,9,3,3,4,4,7,10,5,1,5,5,6,4,10,1,10,3,0
0,26,37,2,1,0,7,4,6,6,15,17,135630.0,1335,12502.4,2,1,6,13,38,4,40,20,8,2,6,6,2,10,2,3,3,9,4,6,4,5,4,1,4,10,2,5,4,9,0
1,39,28,2,5,0,3,4,3,7,1,10,76967.0,1057,46385.0,7,3,50,21,96,42,71,71,6,9,7,2,6,10,4,7,4,9,1,9,1,4,10,8,8,5,7,3,6,2,0
1,29,23,4,3,0,10,3,2,3,17,9,122788.0,1406,13439.0,9,2,56,23,65,45,32,36,10,2,5,2,10,2,5,6,4,8,3,8,8,10,5,2,2,9,9,3,8,1,0
0,34,41,6,6,1,5,3,4,2,1,10,32811.0,1534,50812.0,2,2,40,19,27,46,77,58,5,9,3,7,6,10,7,9,2,9,4,5,8,8,2,5,5,1,5,2,4,10,0
1,42,31,1,5,0,1,5,3,6,7,14,108667.0,1559,53040.0,1,6,49,43,19,93,33,31,10,7,7,4,4,8,7,8,4,10,5,6,4,4,10,8,10,4,1,7,6,3,0
1,32,19,3,2,0,2,3,6,5,3,5,35713.0,1048,50655.0,1,1,28,62,80,63,69,21,5,9,6,10,5,2,7,6,10,3,1,3,3,2,7,1,10,1,10,5,1,4,0
0,36,24,1,1,1,6,4,1,1,3,3,72608.0,1256,42631.0,5,1,96,18,51,92,33,71,4,8,9,9,3,5,5,2,6,3,5,9,1,3,3,1,1,4,10,9,5,4,1
1,43,41,3,6,0,3,5,3,5,13,13,42611.0,1559,44303.0,4,6,55,16,11,86,92,39,8,6,1,5,6,7,4,1,8,10,9,3,8,9,9,1,7,4,4,2,9,1,0
1,39,26,1,6,0,3,6,7,4,4,9,103911.0,1473,13744.0,9,5,5,77,55,79,22,94,8,1,10,9,9,1,3,9,8,7,1,1,6,2,2,10,9,3,5,5,4,9,0
1,27,28,5,3,0,2,6,4,7,4,12,141625.0,1559,49665.0,2,6,4,54,13,78,7,96,2,8,6,8,7,9,1,8,10,4,4,3,1,1,5,6,4,9,4,9,6,2,0
1,43,41,6,3,0,8,2,2,2,11,11,44829.0,1486,54286.0,4,7,63,88,26,80,47,61,1,5,6,6,10,10,1,8,7,4,9,10,3,10,6,4,9,7,8,3,4,1,0
0,43,40,5,4,0,4,4,6,5,17,4,26252.95,969,53345.0,4,2,96,5,8,44,40,35,2,6,5,7,3,8,6,8,1,6,9,7,7,4,9,2,7,9,7,8,8,10,0
1,29,33,2,4,0,9,1,2,5,18,6,92645.0,1409,27843.0,6,7,38,4,44,19,21,61,3,8,10,2,9,10,5,3,1,7,10,7,6,2,2,10,5,10,1,4,10,1,0
1,31,36,4,4,1,5,6,4,4,16,2,140741.0,1559,55953.0,8,5,15,4,96,9,32,77,7,3,8,4,2,2,2,3,4,7,4,10,9,2,5,10,8,4,3,3,4,7,0
1,26,19,1,4,0,9,2,3,7,3,7,30463.0,1455,44602.0,10,5,93,87,32,11,12,80,1,8,4,5,6,4,4,2,1,6,9,8,2,3,6,2,10,9,2,4,7,3,0
1,43,32,3,3,1,2,2,3,4,7,9,84997.0,1176,13947.0,4,2,81,57,54,41,94,93,7,8,1,4,5,3,3,3,7,5,10,10,5,9,6,10,5,10,10,2,8,1,1
0,30,20,5,3,0,2,6,4,7,15,8,54927.0,1085,42688.0,3,4,43,77,28,80,9,28,1,3,3,6,8,7,9,6,3,4,2,3,6,1,6,8,1,2,3,7,2,3,0
1,20,21,3,6,0,9,5,2,1,17,2,133561.0,898,36179.0,1,7,91,10,12,14,40,4,1,10,7,8,10,8,9,5,6,8,8,6,9,7,3,9,3,1,6,6,2,1,0
0,38,37,1,4,0,7,5,3,5,1,6,110219.0,1452,15114.0,6,1,55,52,26,23,11,47,7,3,3,2,9,10,4,1,4,5,9,5,7,9,10,8,1,9,1,3,9,2,0
1,31,39,1,2,0,1,6,5,2,7,12,35415.0,1559,57566.3,1,8,83,19,70,86,5,61,10,1,8,3,4,8,9,10,9,10,3,2,2,2,7,3,9,6,9,2,4,7,0
0,38,24,2,4,0,9,1,5,6,12,1,62556.0,1161,49983.0,4,1,21,63,49,53,89,79,9,1,4,9,7,9,6,7,10,3,3,10,10,7,3,10,4,6,1,8,2,7,0
0,27,29,5,2,0,7,5,3,1,3,3,26252.95,1064,45928.0,3,1,32,60,33,21,30,40,7,6,4,1,7,1,5,6,1,3,8,6,7,1,7,4,1,1,9,4,5,9,0
0,33,21,2,1,0,10,1,1,7,16,11,64612.0,1559,50052.0,4,7,16,34,59,10,30,4,5,9,8,9,2,3,10,4,3,5,7,3,8,7,5,10,8,2,3,1,6,7,0
0,24,27,6,1,0,5,5,2,5,2,7,53143.0,1220,47495.0,2,9,68,21,46,27,44,55,8,4,1,3,4,3,1,4,2,9,2,6,5,4,10,6,1,10,7,3,9,9,0
0,21,23,4,6,0,8,1,3,7,7,10,125002.0,1412,28303.0,1,9,51,48,96,54,27,76,8,6,8,10,10,4,7,10,2,3,2,3,6,5,1,1,8,5,3,10,4,6,1
1,43,42,6,2,0,3,4,3,6,13,17,26999.0,1444,40113.0,9,1,50,95,27,64,59,4,2,3,2,7,3,4,7,6,1,9,10,1,8,9,10,6,5,6,6,3,2,6,1
1,37,39,3,3,1,7,3,4,2,11,1,105025.0,979,46190.0,5,9,45,55,61,96,54,4,5,5,8,6,4,10,9,8,6,1,1,7,2,7,5,4,8,4,8,7,3,6,0
1,40,31,6,5,0,1,1,7,2,2,9,41168.0,1040,57566.3,2,7,48,43,12,55,11,24,6,7,3,10,9,7,4,8,8,10,4,9,3,8,8,8,10,8,2,1,3,6,1
0,42,20,2,5,0,9,1,3,3,9,3,28466.0,1559,37275.0,2,5,27,76,59,38,24,88,10,2,1,7,10,4,9,5,5,6,5,7,1,7,6,9,9,7,1,3,4,6,1
1,28,34,6,3,0,1,3,1,5,9,16,83145.0,1287,44311.0,5,7,77,43,79,94,48,4,2,7,6,3,1,4,5,4,7,4,7,9,3,6,7,1,6,8,7,6,8,3,1
0,33,28,2,5,0,10,5,3,7,3,5,138926.0,1057,33404.0,4,2,19,88,18,61,78,31,6,7,7,7,7,10,5,10,7,2,1,9,8,5,5,1,7,5,1,9,2,1,0
0,37,27,1,4,0,2,2,6,4,18,6,84631.0,1041,54549.0,7,6,44,4,93,85,37,69,4,9,3,8,9,10,4,9,10,8,7,10,7,10,4,9,2,4,5,7,10,3,0
1,21,43,1,5,0,5,1,6,4,17,5,115259.0,880,54965.0,8,2,72,87,43,69,5,94,2,6,4,10,6,10,1,7,7,5,1,8,2,8,1,8,9,8,10,7,3,5,0
1,39,38,4,3,0,3,6,4,6,10,2,141467.0,1530,37980.0,6,8,28,76,86,96,64,48,1,10,1,10,6,3,5,8,6,6,4,1,10,4,7,10,10,9,3,1,7,6,0
0,39,27,6,6,1,10,2,2,5,6,7,38865.0,1102,27631.0,1,8,44,18,15,75,83,19,1,9,4,7,4,6,6,4,7,3,4,4,5,7,3,2,6,6,3,5,7,6,0
0,40,27,1,4,0,1,5,4,6,11,4,26252.95,1445,47450.0,3,7,60,12,4,6,91,19,1,9,3,8,9,5,5,6,9,9,6,8,4,6,1,4,10,10,1,5,3,1,0
1,34,20,3,4,0,10,4,1,5,11,17,143471.34999999998,1103,57566.3,7,9,63,21,85,73,89,48,5,7,5,7,8,4,6,1,3,4,2,5,3,1,7,4,8,4,9,10,3,10,1
1,30,41,4,5,0,3,5,2,7,10,7,143471.34999999998,936,23621.0,3,7,80,42,8,28,59,71,2,1,5,7,8,3,4,2,9,7,4,6,3,6,3,3,3,10,8,10,8,9,0
1,28,43,3,5,0,3,5,4,7,4,1,143471.34999999998,878,12523.0,1,9,96,11,87,4,85,84,6,3,8,3,1,8,6,2,4,4,8,7,2,10,4,2,2,5,7,6,1,3,0
1,20,32,2,1,0,4,5,4,5,1,5,68074.0,903,54898.0,10,3,68,95,16,4,22,63,8,7,6,2,1,7,4,1,5,5,8,5,9,7,7,8,3,7,1,3,2,6,0
0,26,34,1,2,0,10,1,5,2,15,7,143471.34999999998,1559,49209.0,7,3,58,15,70,80,22,25,9,6,10,2,7,7,6,7,7,1,1,5,3,5,6,2,10,1,3,10,1,3,1
1,23,43,1,1,1,6,4,4,7,7,7,87991.0,1431,54457.0,1,7,22,9,14,86,74,93,10,7,2,2,7,8,9,9,8,7,5,8,5,6,9,4,4,1,2,4,4,7,0
1,39,35,4,3,0,8,1,6,6,13,12,141305.0,1294,29986.0,2,6,36,32,73,53,54,15,4,1,4,4,7,7,4,1,9,1,6,6,9,9,1,6,5,7,9,4,4,2,1
1,38,36,3,5,0,4,4,1,5,9,14,81458.0,1109,26540.0,3,5,28,4,51,14,79,70,1,4,1,4,9,3,4,9,4,10,10,9,6,8,4,8,2,6,2,5,10,6,0
0,28,36,3,4,0,3,4,5,6,4,7,48905.0,1074,29568.0,1,7,83,80,64,35,22,73,2,1,3,4,9,3,2,3,9,10,8,4,9,1,7,3,6,1,3,1,10,7,0
0,33,29,3,5,0,1,2,2,2,10,16,108444.0,919,40453.0,3,9,20,76,73,5,72,46,3,9,10,3,7,5,7,10,10,3,3,9,2,4,8,6,4,1,9,5,10,8,0
0,36,41,1,3,0,4,6,4,5,6,12,143471.34999999998,1350,46803.0,3,4,74,68,88,14,51,65,7,6,10,6,9,10,6,10,6,3,6,7,6,3,4,6,5,5,2,10,3,7,0
0,43,22,4,5,0,3,6,7,6,8,9,107368.0,1135,17607.0,10,8,32,40,58,85,21,77,2,4,3,1,9,4,6,4,2,6,10,4,8,10,6,7,4,6,6,6,2,9,0
1,22,41,1,3,0,1,4,2,7,15,15,79638.0,975,16053.0,10,5,70,21,75,87,95,47,1,9,5,2,2,8,9,7,3,7,5,6,1,1,2,8,4,8,8,6,6,6,1
0,31,43,2,6,0,5,5,1,7,16,11,107873.0,1559,33806.0,8,5,71,6,44,65,31,69,10,6,2,5,5,9,3,10,5,4,6,1,8,9,10,3,10,9,3,1,9,6,0
1,34,33,4,6,0,1,5,1,3,3,16,111425.0,1442,40198.0,10,9,16,33,66,16,51,5,2,9,10,4,5,9,6,6,1,2,7,7,6,8,3,2,4,5,7,3,9,7,0
1,20,32,4,2,0,2,6,6,3,8,1,122560.0,1559,17377.0,4,3,64,74,35,23,87,26,6,9,8,9,7,5,4,2,5,4,1,8,4,7,1,6,1,7,5,5,6,5,0
1,21,32,6,2,0,8,1,1,3,12,13,26252.95,946,47328.0,4,4,33,11,35,58,74,39,5,5,9,2,1,9,8,4,4,7,1,7,4,2,5,2,6,10,1,6,6,8,0
1,33,43,6,5,0,1,2,4,5,8,16,108007.0,1253,31537.0,6,8,91,63,81,11,95,16,4,5,5,2,5,3,8,6,10,10,10,6,7,1,5,1,8,4,8,4,4,1,0
0,33,23,3,6,0,10,1,2,1,18,10,64187.0,1359,45203.0,4,6,4,92,50,74,46,82,6,1,2,8,7,6,7,1,8,3,5,8,9,7,10,2,8,4,4,1,10,10,1
0,38,29,3,3,1,4,6,6,6,4,5,97499.0,1476,30492.0,7,6,5,72,32,75,67,83,4,9,3,8,5,9,1,3,5,6,5,5,5,2,7,2,4,4,1,3,2,2,1
0,43,19,3,1,0,4,5,1,6,4,1,143471.34999999998,1559,42841.0,10,3,34,6,50,12,85,96,1,2,4,10,2,3,1,6,1,9,1,8,3,10,5,8,4,4,5,1,3,1,0
1,42,43,4,1,0,9,1,6,4,15,6,132428.0,1098,31189.0,9,4,4,16,26,22,84,60,5,6,2,9,5,6,9,6,7,1,10,7,4,9,3,1,1,10,7,1,1,6,0
1,21,37,2,1,0,10,3,6,3,8,9,66085.0,1332,38884.0,7,8,89,39,81,80,57,95,6,10,2,8,10,3,1,8,4,2,5,5,6,10,10,7,6,8,2,1,10,6,0
1,36,26,2,2,1,9,5,1,2,12,5,36878.0,1473,29811.0,4,1,94,89,18,15,36,62,7,3,8,8,2,4,8,9,6,1,6,9,10,2,5,7,10,7,3,3,6,8,0
1,43,21,3,5,0,9,3,4,6,5,11,82918.0,1443,51568.0,7,2,94,84,16,35,5,56,6,4,9,9,1,9,2,5,2,7,7,7,1,3,6,6,9,1,5,2,9,1,1
1,34,22,2,6,0,5,2,3,5,2,13,39955.0,1493,12502.4,6,2,39,25,33,92,49,4,4,2,6,9,5,9,6,5,2,6,9,5,10,6,9,7,4,7,2,6,3,9,0
0,30,38,5,3,0,3,3,2,7,1,4,97884.0,916,54207.0,9,3,91,25,50,79,95,36,7,9,8,8,5,5,2,7,3,2,5,6,5,3,3,6,2,1,6,7,2,8,0
1,43,43,4,1,0,9,1,3,7,4,3,99733.0,1476,19855.0,10,1,47,81,7,19,18,90,1,10,4,5,10,2,10,5,2,5,8,6,1,4,3,1,1,3,7,8,1,2,1
0,39,25,4,2,0,8,3,2,6,9,14,77216.0,837,31486.0,5,8,83,11,96,68,40,80,5,6,6,3,1,10,8,9,5,7,6,4,5,3,1,4,9,8,8,6,6,3,0
1,40,39,6,3,0,4,3,3,6,12,11,111694.0,1544,48535.0,2,8,22,39,34,32,16,17,2,4,6,10,5,9,9,6,10,8,7,4,10,1,1,8,8,5,10,5,4,9,0
1,43,27,1,1,1,1,4,1,1,15,9,75160.0,868,12502.4,4,4,88,69,4,94,58,79,9,1,4,3,1,9,4,8,1,5,6,3,10,4,10,6,6,5,3,7,9,7,0
0,41,24,6,2,0,1,3,5,4,4,6,101775.0,1547,22517.0,6,4,61,71,10,19,15,18,3,7,6,4,10,4,10,6,5,9,1,5,5,5,1,2,10,8,3,10,6,3,0
0,19,39,5,2,0,5,5,4,6,7,5,123429.0,1516,52625.0,6,8,39,35,65,77,95,12,1,4,10,2,10,3,3,10,9,3,8,3,1,5,1,8,3,10,2,2,8,5,0
1,29,31,4,4,1,1,1,3,3,8,4,48209.0,1255,27669.0,5,3,8,90,33,31,93,49,6,10,1,7,5,4,7,1,1,4,9,6,1,7,5,9,1,1,4,5,5,4,0
1,21,22,1,1,1,8,1,6,5,11,12,52340.0,1153,20836.0,9,1,4,16,4,28,58,18,4,1,4,1,5,3,2,6,9,6,8,8,1,7,2,10,8,4,1,8,10,9,0
1,28,33,6,5,0,2,4,6,1,9,4,94276.0,1228,36268.0,9,8,7,8,70,4,71,91,9,8,3,7,9,7,3,5,7,4,7,4,4,6,5,9,5,8,2,2,8,5,0
1,22,32,6,3,0,9,5,3,7,17,2,143471.34999999998,1550,42062.0,6,9,91,56,62,96,42,14,4,4,7,4,2,8,8,7,1,7,8,9,9,5,4,7,2,4,8,8,3,5,1
0,19,22,3,2,0,5,6,7,1,10,5,83389.0,1150,17436.0,9,1,76,45,38,11,16,28,9,7,8,1,8,1,9,5,8,1,10,7,8,8,6,7,2,8,7,5,10,2,0
1,34,20,6,6,1,7,2,3,5,4,12,75327.0,1054,24980.0,5,8,56,36,66,93,31,4,4,1,9,7,2,10,10,7,9,3,3,7,3,5,8,5,6,6,4,7,5,9,0
0,25,40,3,1,0,5,6,7,1,6,8,26252.95,1515,45105.0,9,9,27,16,48,66,94,4,1,2,5,10,10,9,2,3,4,2,6,5,7,4,10,1,9,1,10,4,9,8,0
1,23,27,6,5,0,10,1,3,2,5,12,48372.0,1476,30420.0,9,1,48,34,86,41,16,79,7,2,1,2,10,8,10,7,7,2,8,1,4,5,9,2,2,2,8,4,2,4,0
0,38,22,5,2,0,2,1,4,5,17,17,113789.0,1351,14670.0,2,1,72,36,38,37,23,37,8,9,3,7,7,6,8,1,9,4,1,6,2,9,9,8,2,4,3,6,8,3,1
0,26,40,2,2,1,8,2,4,6,6,14,31402.0,1267,43869.0,3,7,91,60,89,19,53,67,3,5,2,10,9,7,2,2,1,5,2,4,6,4,8,5,3,8,4,7,10,10,0
1,30,32,1,2,0,5,6,4,5,12,1,83376.0,1508,42658.0,8,6,65,34,38,71,59,20,5,5,5,7,4,4,4,9,7,6,9,2,6,1,4,6,1,5,6,5,4,3,0
0,28,35,5,1,0,10,5,4,6,4,15,143471.34999999998,1468,18584.0,5,1,81,35,38,96,95,84,4,10,8,8,5,8,2,8,6,7,10,2,10,10,4,7,10,8,9,4,2,1,0
1,33,42,3,3,1,7,5,2,2,16,10,141675.0,837,12502.4,7,9,71,85,58,78,5,60,4,5,9,8,7,4,1,9,10,2,9,3,7,9,2,1,8,2,10,1,4,2,0
0,33,25,5,6,0,4,3,6,1,14,15,115354.0,1207,47623.0,6,2,27,70,81,91,28,68,10,2,2,8,1,2,5,6,5,9,4,6,6,9,3,7,3,8,10,3,3,6,0
1,43,38,6,3,0,5,4,5,1,5,8,107104.0,1498,20334.0,7,2,28,63,73,55,52,48,8,9,2,9,9,4,8,8,8,8,6,10,9,6,9,9,10,7,7,5,7,3,0
0,19,19,3,3,1,10,1,6,4,12,1,143471.34999999998,1481,24821.0,1,1,39,44,23,91,84,8,6,1,7,2,2,5,10,10,9,3,10,8,5,5,8,1,9,6,5,7,7,3,0
1,27,39,3,1,0,3,4,2,3,1,16,85056.0,1232,18109.0,8,6,63,7,62,59,44,22,1,3,5,6,10,3,8,6,2,5,5,4,6,1,3,3,4,8,8,5,4,7,0
1,29,25,6,1,0,8,2,2,5,3,10,143471.34999999998,1532,24042.0,7,1,67,93,5,8,60,48,4,7,4,1,8,5,6,4,2,6,9,9,4,7,4,1,9,9,8,2,2,7,1
0,25,40,5,2,0,2,6,3,2,18,15,26252.95,1557,26350.0,4,7,6,35,5,56,52,96,2,8,8,10,10,7,5,8,6,9,6,9,6,2,8,8,6,1,5,1,9,10,1
0,28,25,5,2,0,7,4,6,7,8,10,102163.0,846,28647.0,6,1,78,9,62,85,79,84,9,6,4,8,3,9,2,9,1,2,7,1,9,5,6,10,1,5,7,8,9,4,0
0,27,21,2,3,0,10,4,6,4,16,4,143471.34999999998,1075,24109.0,10,9,29,76,18,50,75,33,4,6,5,8,4,10,10,9,2,3,4,7,2,5,1,8,5,7,8,3,8,10,1
0,30,36,3,2,0,9,6,7,4,16,14,28369.0,1190,13134.0,3,9,84,19,90,41,43,7,10,4,1,7,7,2,4,5,7,9,2,1,9,2,6,7,4,10,9,3,8,4,0
1,42,40,5,4,0,6,6,1,4,1,11,105829.0,1189,33096.0,1,4,57,68,37,30,18,32,6,7,9,5,7,5,5,10,4,7,6,4,2,7,6,1,4,10,5,5,2,8,0
0,34,35,6,5,0,7,5,6,6,18,1,122945.0,1176,36909.0,10,6,51,30,94,84,19,58,4,10,7,4,7,5,6,5,7,1,4,9,8,10,9,10,4,4,8,4,10,10,0
1,24,38,4,6,0,4,5,3,5,18,14,67849.0,1500,22046.0,2,7,4,12,91,47,43,88,2,9,1,1,3,10,4,3,6,3,4,8,2,6,4,2,9,3,7,3,9,2,0
0,41,40,5,6,0,4,4,6,7,8,8,45435.0,1105,41009.0,10,5,35,38,87,4,93,43,2,4,6,3,9,7,1,6,2,3,9,7,1,8,10,8,4,10,3,8,6,8,0
1,20,19,2,2,1,8,1,4,7,16,3,45520.0,1466,51055.0,5,3,47,13,22,51,75,85,9,7,10,8,6,8,7,8,7,3,4,9,1,4,7,7,1,10,2,7,9,9,0
1,37,37,2,2,1,9,2,2,4,9,1,46072.0,860,32612.0,5,1,55,80,94,22,58,4,3,4,1,6,2,9,10,3,6,9,3,8,1,7,8,10,5,9,8,4,2,7,0
1,30,32,1,5,0,10,5,7,3,2,10,46250.0,1125,24982.0,4,4,85,4,4,27,5,46,2,6,2,9,9,2,7,1,9,4,6,2,9,4,4,6,1,7,9,2,7,3,0
1,36,35,4,6,0,1,6,3,4,6,4,37126.0,1260,46768.0,8,5,33,23,61,11,26,48,3,8,10,4,1,4,9,1,8,1,7,1,8,2,1,4,6,7,8,4,10,7,0
0,24,39,1,2,0,8,6,6,4,3,16,143471.34999999998,913,52117.0,3,1,96,27,90,28,10,91,7,10,8,2,4,1,3,4,8,2,8,2,5,3,3,1,2,3,10,4,3,5,0
0,26,29,4,5,0,4,5,6,7,5,11,132059.0,1427,47024.0,7,6,16,51,16,57,6,4,5,7,5,4,8,4,1,10,7,3,8,2,9,8,1,4,7,7,2,1,5,2,0
1,36,19,3,4,0,9,4,6,4,11,9,63192.0,1541,44985.0,6,3,95,81,77,28,50,4,3,8,10,1,9,3,3,6,9,1,9,5,2,10,5,3,5,7,9,4,3,9,0
0,30,24,6,5,0,8,6,2,4,1,12,58908.0,1001,54873.0,10,9,47,89,90,68,6,75,7,5,6,8,1,5,4,3,1,7,4,9,8,3,9,9,8,1,6,9,5,7,0
0,39,36,6,2,0,6,2,1,5,7,16,41588.0,932,37331.0,1,2,18,27,59,13,74,90,8,1,6,9,8,6,2,9,4,10,10,6,6,8,6,7,8,5,3,8,8,6,0
1,25,19,1,2,0,7,1,7,3,9,16,67425.0,959,39503.0,2,3,90,84,17,59,29,12,2,5,8,9,6,5,6,6,3,8,8,3,9,5,4,1,10,1,10,8,8,4,1
0,39,41,4,5,0,10,1,6,1,12,2,101709.0,911,24493.0,4,5,25,8,16,96,40,50,8,4,7,9,10,7,3,6,5,3,2,6,5,4,4,9,9,8,3,5,2,7,0
0,35,24,2,1,0,3,5,2,6,9,6,133928.0,1118,37236.0,1,8,96,79,63,4,58,91,2,7,2,2,2,5,6,8,1,6,8,6,9,3,2,4,10,9,6,3,10,10,0
0,40,19,6,3,0,8,3,3,3,16,11,108613.0,1559,37928.0,8,4,42,51,4,62,64,13,10,5,3,8,7,9,7,10,8,3,6,2,1,8,9,3,3,6,10,4,1,6,1
1,19,24,6,1,0,9,1,1,2,8,16,64500.0,1508,29387.0,4,6,48,81,56,40,95,62,7,3,1,1,8,10,8,8,5,4,9,8,10,3,4,7,3,2,3,3,6,5,0
0,35,36,1,3,0,1,1,3,4,17,2,132737.0,1449,24358.0,9,7,56,44,4,41,76,91,4,8,1,6,1,5,5,8,9,3,9,1,4,6,7,10,2,7,4,10,6,1,0
1,35,30,1,6,0,1,1,3,4,18,2,61952.0,1199,25198.0,2,2,43,62,24,25,15,8,1,10,7,8,9,6,9,1,2,2,8,1,10,5,9,6,3,7,3,10,1,8,0
0,28,42,2,1,0,8,2,4,2,7,15,46102.0,980,37523.0,4,8,58,14,26,38,26,50,1,10,5,2,7,7,7,10,9,10,4,9,4,9,9,7,3,10,2,10,5,4,1
0,19,41,6,3,0,7,2,3,2,14,3,95581.0,1559,29139.0,9,6,66,30,59,70,46,15,5,2,7,1,5,8,9,3,10,2,4,6,10,10,6,3,7,2,5,9,1,10,0
0,31,22,2,6,0,10,5,1,7,5,16,143471.34999999998,1034,57566.3,4,3,56,20,7,9,43,89,8,6,7,3,6,7,9,5,1,5,2,8,1,7,6,4,9,7,1,6,7,9,0
1,33,40,6,1,0,7,6,5,1,5,9,56334.0,1559,31811.0,10,1,42,33,34,17,94,54,4,7,8,10,2,8,4,5,6,3,3,6,2,2,6,3,9,3,6,7,4,2,0
1,28,36,3,2,0,3,1,4,4,18,11,105675.0,880,37077.0,4,7,51,53,4,42,65,50,5,1,7,4,5,5,3,1,3,9,9,10,1,9,10,3,2,8,1,4,6,2,0
0,19,19,6,6,1,5,1,1,3,13,10,80859.0,1254,51396.0,10,5,84,83,71,76,86,96,6,9,1,9,7,1,3,8,1,5,9,3,7,8,8,9,2,5,1,5,6,6,0
1,24,19,3,3,1,7,5,4,5,8,10,143471.34999999998,862,21370.0,4,8,56,21,76,65,23,95,7,4,10,5,6,1,6,6,3,10,4,7,5,8,3,9,7,1,4,2,2,5,0
0,33,43,6,2,0,5,3,5,2,15,14,62160.0,1254,19138.0,9,1,34,39,32,17,52,29,2,6,10,1,7,1,9,7,7,4,9,6,6,8,10,8,9,7,3,2,5,10,1
1,31,35,2,6,0,2,6,5,2,16,8,108361.0,1364,12502.4,8,9,45,4,4,15,69,41,2,2,8,4,10,1,8,6,8,2,4,2,10,5,6,8,1,7,9,3,4,6,0
1,32,41,1,5,0,2,4,5,5,2,7,137593.0,1495,35118.0,5,2,4,29,61,45,81,39,9,1,5,3,6,9,5,2,1,4,5,3,1,6,6,1,6,4,10,6,2,4,0
0,31,19,6,4,0,5,2,1,6,14,2,114581.0,1552,46373.0,9,1,19,74,7,96,15,24,9,9,10,6,5,7,1,8,6,7,2,3,9,6,6,8,4,3,10,5,9,10,1
0,38,43,6,1,0,4,5,4,3,7,5,58702.0,1243,32446.0,3,2,12,90,43,62,44,50,9,8,2,4,3,1,6,4,9,2,3,9,4,9,2,4,6,5,4,2,1,10,0
0,28,22,1,6,0,3,6,3,5,2,7,143471.34999999998,1482,44541.0,2,1,29,42,8,32,79,7,2,7,6,5,9,7,2,8,10,8,5,2,5,8,4,10,8,1,2,2,3,8,0
0,33,26,3,3,1,7,5,3,2,6,9,61320.0,862,57101.0,7,6,4,54,68,35,33,39,6,9,7,8,1,10,6,6,2,7,10,5,2,3,8,9,5,2,1,7,8,4,1
1,36,29,5,1,0,4,6,5,1,4,4,126365.0,1464,46829.0,3,2,12,67,42,58,59,81,9,1,3,2,8,10,4,1,8,4,10,5,3,1,7,6,6,7,1,2,9,4,0
1,34,26,3,4,0,8,5,6,2,12,10,128544.0,1218,39062.0,4,1,19,39,40,81,88,84,3,3,3,8,1,10,7,4,4,6,2,1,5,1,9,1,2,10,7,7,10,9,1
1,43,35,6,6,1,8,1,7,2,9,3,131508.0,1238,43499.0,1,1,83,95,16,56,84,57,2,5,10,4,8,2,5,3,4,3,10,4,2,10,8,5,3,4,10,4,9,9,0
0,43,40,2,2,1,3,3,2,7,14,10,89534.0,1396,26941.0,2,7,96,43,38,91,15,5,10,9,4,9,2,8,2,9,10,1,4,7,10,4,6,10,4,4,7,4,5,4,1
0,23,28,5,4,0,1,2,4,3,7,11,104067.0,1395,50882.0,4,8,4,85,23,56,10,94,6,1,5,10,3,2,7,1,9,5,1,4,4,9,2,7,9,8,10,10,8,4,1
1,28,19,3,5,0,9,2,7,3,13,14,138124.0,837,22842.0,10,6,24,84,92,57,39,92,7,6,10,4,10,10,8,5,10,7,3,4,8,4,6,8,10,9,7,4,6,3,0
0,34,36,6,2,0,8,3,5,3,6,10,44418.0,1174,18273.0,8,4,54,25,37,96,32,54,10,4,4,8,8,2,4,4,2,8,3,6,1,3,4,7,2,10,4,3,6,6,0
1,26,39,2,2,1,7,3,7,3,3,6,49249.0,839,22039.0,1,4,47,85,68,27,5,74,10,7,10,1,4,9,4,8,9,6,9,3,6,10,10,7,4,9,8,10,1,5,0
1,35,42,4,2,0,4,2,6,5,12,13,124415.0,1389,27908.0,1,3,55,43,41,16,83,92,5,9,2,10,5,1,3,2,8,9,1,8,2,8,10,5,8,4,9,1,6,1,0
1,34,27,2,6,0,4,6,1,7,3,4,131824.0,1341,57247.0,5,9,32,51,83,93,76,53,9,4,1,5,1,7,2,4,1,3,9,5,5,2,10,6,5,3,10,7,1,7,0
1,29,19,5,6,0,6,3,2,5,14,15,88104.0,1191,38754.0,3,2,77,56,46,96,55,40,3,5,1,3,9,1,1,7,8,7,1,2,5,1,8,8,10,6,6,2,1,5,0
1,40,24,5,5,1,3,1,5,6,18,13,116870.0,1025,50775.0,2,7,8,43,6,34,23,88,6,2,10,8,10,2,1,3,9,8,6,7,6,5,1,9,7,6,5,5,8,8,0
0,39,37,4,4,1,4,1,5,4,4,7,36826.0,1208,45661.0,8,3,20,29,70,56,36,21,9,6,2,6,8,1,9,10,7,7,1,8,6,1,2,1,8,2,8,7,4,2,0
0,39,19,5,6,0,3,2,4,3,3,14,69776.0,1125,21132.0,4,2,65,38,17,16,62,76,3,10,5,9,7,6,7,3,6,3,10,1,5,8,1,8,1,2,6,7,9,2,0
0,22,36,6,4,0,3,4,2,6,12,12,132045.0,1363,25779.0,1,6,65,62,75,76,48,73,7,10,6,1,6,8,5,9,9,10,1,3,5,2,4,7,4,8,8,2,10,5,0
1,28,23,1,1,1,10,6,1,4,6,8,26252.95,1376,20257.0,9,6,65,80,96,42,61,96,3,10,7,7,3,1,4,7,1,4,1,1,6,5,1,9,6,10,10,7,1,4,0
1,21,27,1,5,0,5,3,7,3,4,2,66241.0,902,32019.0,8,8,95,51,53,96,49,59,1,5,1,6,10,8,9,2,2,7,7,1,2,3,1,7,6,4,4,6,1,8,0
1,43,26,3,3,1,9,2,4,3,4,11,85864.0,1200,29495.0,5,9,65,28,41,24,60,56,8,9,2,9,5,10,8,3,6,5,7,8,9,10,3,10,9,2,4,5,10,9,0
1,21,25,3,6,0,5,3,1,3,17,13,99226.0,1274,20478.0,5,7,35,4,18,25,86,19,3,9,3,3,7,4,9,8,9,1,1,9,5,7,8,8,6,3,10,1,4,8,1
0,20,43,4,5,0,6,3,2,4,7,9,96732.0,1044,12502.4,3,6,54,95,77,7,12,72,10,6,6,6,6,8,6,1,4,5,5,8,2,8,4,4,3,8,3,7,5,7,0
0,43,28,2,5,0,2,6,6,6,9,10,79066.0,907,21910.0,7,3,91,69,61,60,92,63,6,1,10,10,8,1,1,5,10,8,10,6,8,2,5,7,2,2,10,5,1,6,0
1,41,26,6,4,0,9,3,5,1,12,9,135534.0,1499,13605.0,2,2,57,5,82,55,18,4,6,4,4,1,5,1,8,10,6,1,8,8,9,9,2,7,1,2,10,2,6,6,0
1,40,37,6,2,0,2,5,1,3,8,13,131485.0,1446,21984.0,1,3,43,26,64,78,9,5,9,7,8,2,2,10,2,10,9,10,9,2,6,7,8,10,1,10,1,8,2,10,0
1,42,37,1,4,0,9,2,5,1,14,13,36451.0,878,52531.0,10,5,60,36,8,25,77,35,7,6,4,8,5,7,5,6,10,2,9,10,9,3,4,8,9,6,3,1,1,2,0
0,34,26,3,5,0,7,1,7,1,8,14,98859.0,1317,43016.0,4,3,88,51,4,48,25,4,10,10,10,6,3,7,1,9,4,9,7,2,8,4,5,4,10,4,2,8,3,8,0
0,24,25,5,4,0,5,4,6,7,11,17,48716.0,899,42062.0,10,2,80,56,53,52,22,84,10,3,5,9,8,10,1,9,9,7,1,3,6,1,5,8,3,2,10,10,1,2,0
0,43,32,4,4,1,5,1,2,4,1,12,126834.0,1559,39429.0,10,2,41,86,22,28,58,46,3,6,9,8,2,1,10,9,4,7,1,2,6,4,5,6,8,8,8,7,5,6,0
1,21,19,4,5,0,6,5,3,2,16,6,73972.0,1410,53991.0,5,8,89,74,44,30,35,60,2,3,3,8,2,10,8,1,2,10,8,6,3,6,8,1,2,6,9,5,6,9,0
1,40,41,5,4,0,3,2,6,6,6,7,138368.0,1117,43359.0,5,5,84,4,38,34,7,16,9,2,10,6,3,9,2,4,8,9,10,1,9,6,4,1,2,6,5,4,6,1,1
0,30,19,4,5,0,8,6,6,4,17,16,131365.0,1480,22745.0,5,3,85,21,54,95,36,11,7,8,6,6,9,5,9,6,9,6,2,7,10,1,1,7,5,6,10,9,3,2,0
1,29,26,6,5,0,8,4,5,3,14,15,26444.0,1558,16286.0,1,5,6,42,96,83,62,96,6,2,3,1,1,1,10,5,8,1,9,1,8,9,4,10,6,2,8,2,9,3,0
0,19,26,3,4,0,4,3,6,6,8,6,28194.0,935,24114.0,9,5,35,65,4,43,54,17,6,6,4,6,8,6,3,3,8,6,9,4,4,9,7,7,1,9,8,9,9,5,0
1,38,30,3,1,0,7,1,6,6,16,8,109647.0,1382,51626.0,8,1,70,35,42,4,62,67,8,8,1,7,1,6,3,5,9,1,2,8,6,6,7,4,4,9,8,5,5,10,0
0,36,25,3,4,0,7,6,2,1,5,15,139169.0,1136,26389.0,6,5,63,63,19,46,92,57,7,2,10,6,10,6,8,2,4,7,8,6,5,3,9,8,10,10,10,10,10,1,0
1,38,43,3,2,0,10,4,3,7,18,14,30427.0,837,29203.0,5,3,35,58,86,91,22,53,9,6,3,5,8,8,10,10,3,5,5,8,8,5,4,10,10,3,5,6,4,8,0
0,37,38,2,5,0,6,1,1,7,13,2,97272.0,1225,31671.0,3,6,77,92,67,66,80,8,3,4,9,9,2,2,10,1,5,6,6,3,10,4,2,7,9,5,10,3,1,8,0
0,35,22,2,1,0,6,5,3,3,14,8,47955.0,847,53374.0,2,3,33,19,4,84,26,87,2,2,8,1,3,4,7,9,9,10,9,6,4,3,8,9,3,4,1,1,5,1,1
0,28,20,1,6,0,4,4,4,1,5,7,143471.34999999998,1155,41529.0,1,9,69,86,96,9,18,73,1,3,3,1,4,2,8,5,6,8,3,7,2,9,6,2,6,6,8,9,5,4,0
0,37,38,2,3,0,1,6,2,6,10,1,54845.0,950,57176.0,5,4,10,39,31,15,66,92,8,7,3,8,9,2,2,5,2,6,9,9,8,4,10,2,2,6,6,7,3,2,0
0,20,21,3,5,0,3,5,5,4,9,4,42026.0,1356,40861.0,10,7,65,43,96,25,95,66,6,4,2,2,5,6,9,9,1,5,10,7,7,9,3,2,9,10,9,9,8,4,0
0,34,34,3,2,0,10,4,1,5,5,1,77127.0,969,18933.0,1,4,60,62,14,21,95,27,5,8,8,2,8,8,10,6,6,8,8,3,6,10,2,6,9,2,5,10,4,4,0
1,29,33,3,3,1,1,1,7,6,14,4,121914.0,1486,46110.0,8,3,23,56,48,13,94,75,4,8,10,5,8,5,5,1,6,4,6,7,6,5,5,6,2,7,3,10,1,10,0
1,27,33,6,3,0,2,1,3,3,4,2,84732.0,1064,23496.0,7,6,20,38,14,66,31,52,2,3,5,3,5,5,2,9,2,6,9,5,2,4,1,5,6,1,3,10,10,9,0
1,25,42,6,3,0,5,1,2,2,3,17,45753.0,1446,18261.0,1,5,27,72,40,51,48,46,9,2,3,6,5,7,10,5,1,6,1,9,1,2,1,2,2,3,2,7,3,5,0
0,32,43,4,2,0,4,2,5,1,18,17,58877.0,844,57566.3,3,9,42,17,89,79,29,58,8,2,4,1,2,4,5,9,7,3,7,4,9,8,1,5,8,8,2,6,4,7,0
0,22,37,1,2,0,10,2,7,5,17,15,104479.0,837,37892.0,3,7,8,33,11,52,5,72,1,10,2,6,3,4,9,2,2,9,10,2,1,7,8,3,10,10,8,10,2,4,1
1,21,20,1,3,0,2,3,7,3,17,14,41383.0,837,28736.0,1,3,41,10,8,73,78,59,3,9,5,7,5,10,8,6,3,4,1,10,6,6,1,8,8,6,3,1,4,6,1
0,43,23,5,3,0,6,6,5,1,4,9,43529.0,1559,40882.0,7,3,70,73,65,75,43,31,6,10,6,2,2,6,6,6,2,2,1,9,6,10,6,8,5,2,5,10,5,9,1
0,38,19,6,4,0,2,4,2,1,12,2,128271.0,972,39865.0,9,5,67,46,91,48,33,60,4,7,8,8,7,3,2,9,1,2,8,7,10,6,5,5,6,8,4,9,8,7,0
0,37,38,4,5,0,4,3,1,5,1,2,63705.0,995,32123.0,8,9,95,39,52,13,69,56,9,10,1,5,9,10,5,5,1,6,6,6,1,8,3,6,8,1,9,4,4,7,0
0,36,33,4,1,0,4,3,7,2,4,7,95618.0,1308,23050.0,8,8,50,49,33,90,12,88,10,4,7,6,9,5,2,8,1,8,2,5,7,4,5,2,9,8,10,7,3,1,0
0,38,32,5,5,1,5,1,3,4,4,2,115930.0,1348,52973.0,8,1,9,71,38,89,34,23,7,4,7,8,3,4,6,4,8,10,8,9,6,1,7,6,8,10,1,1,3,9,0
1,21,24,3,1,0,6,5,3,2,8,11,26252.95,1230,28770.0,4,6,21,17,81,71,17,36,7,5,10,1,3,9,4,1,2,5,6,9,8,8,5,3,6,1,2,8,4,10,1
1,32,19,3,2,0,6,3,7,5,8,11,137476.0,1165,39523.0,9,8,14,71,67,8,77,4,6,8,1,10,10,2,2,6,8,1,10,1,4,10,6,9,5,7,9,3,10,7,0
1,34,27,6,4,0,10,3,6,5,4,7,104606.0,1151,13025.0,3,2,89,23,4,53,28,21,8,8,6,10,1,9,8,6,8,6,4,8,9,7,5,1,7,2,2,7,3,6,0
1,29,42,6,1,0,1,2,6,6,13,5,41866.0,1462,13091.0,9,3,59,95,86,79,25,57,5,4,7,5,1,9,7,3,2,10,3,9,4,4,8,7,6,9,8,10,3,6,0
1,20,32,5,5,1,5,2,4,4,12,5,79213.0,837,47582.0,10,1,60,80,4,74,21,7,8,3,10,7,6,10,5,9,9,6,6,3,10,10,2,10,3,1,7,3,2,3,0
0,27,23,5,6,0,9,3,7,3,16,3,69222.0,837,42923.0,10,1,4,4,17,79,57,24,8,7,2,5,7,5,6,6,9,6,4,10,5,10,6,5,1,3,9,3,5,10,0
0,32,19,6,3,0,4,3,5,7,2,9,80772.0,1063,32322.0,6,3,87,4,96,31,93,32,5,7,9,3,2,3,10,5,4,6,10,10,9,7,3,5,6,3,10,8,2,10,0
0,27,41,1,5,0,3,5,3,2,14,2,87821.0,1439,42720.0,1,1,24,38,81,84,18,40,5,1,1,1,6,10,6,5,3,7,8,7,3,5,2,2,7,9,8,1,5,10,0
0,41,41,4,5,0,4,1,3,6,6,10,120941.0,1029,12869.0,8,2,51,6,25,38,91,31,3,1,8,8,4,8,1,4,8,8,6,6,9,1,3,4,8,1,6,2,4,3,0
1,40,34,5,4,0,7,1,7,3,5,14,143471.34999999998,1244,40109.0,7,5,5,94,38,7,80,34,6,1,5,10,3,9,7,1,8,8,1,5,6,5,10,1,10,3,3,7,9,9,0
1,35,19,4,1,0,7,5,7,4,18,6,101508.0,1084,12502.4,4,2,73,95,22,93,21,96,6,6,3,1,1,7,5,7,8,5,5,8,3,7,3,10,2,4,8,2,9,6,0
1,19,19,1,2,0,9,2,4,4,6,1,29804.0,1395,15475.0,9,1,36,17,57,64,50,80,9,4,7,8,6,9,8,9,2,3,6,7,6,10,7,2,5,3,6,7,4,7,0
0,20,21,5,4,0,3,6,3,4,3,9,109697.0,1230,32839.0,9,9,4,39,4,81,28,32,6,2,4,5,6,3,2,5,1,1,4,4,10,4,4,7,2,3,8,1,5,5,1
1,38,37,3,1,0,7,1,7,5,4,4,143471.34999999998,1525,38591.0,3,7,46,13,94,22,6,71,7,2,2,3,3,7,6,6,3,4,3,5,3,1,5,6,3,1,3,9,5,5,0
0,43,33,2,2,1,4,1,7,4,15,10,55571.0,1203,36959.0,7,3,91,24,76,77,5,90,4,10,4,9,7,10,5,3,2,8,5,7,1,9,1,9,6,2,10,3,6,5,0
1,43,25,1,5,0,10,4,4,2,11,3,97555.0,1250,18117.0,10,8,31,41,40,78,6,59,10,7,8,8,5,3,5,7,2,1,8,3,10,9,5,4,7,6,2,8,9,7,0
1,29,19,6,5,0,6,1,6,3,11,14,97768.0,1364,12502.4,10,8,21,45,7,18,53,17,4,7,9,10,1,7,6,6,7,2,4,6,6,5,1,3,7,10,6,3,5,3,0
0,19,43,3,1,0,10,2,6,3,16,4,117683.0,1481,47080.0,2,3,68,86,43,24,93,84,8,9,3,9,10,6,10,9,2,1,7,4,10,6,7,8,2,7,10,8,6,4,0
0,20,36,3,4,0,7,3,3,3,11,14,60861.0,914,36081.0,7,9,19,71,96,50,59,50,2,9,9,9,10,5,1,10,2,5,10,4,6,8,8,2,5,2,10,4,10,7,0
1,20,28,4,4,1,4,3,1,1,4,9,56712.0,1291,48202.0,1,6,65,72,48,64,23,67,8,4,1,2,4,10,1,9,4,7,5,7,8,5,10,1,3,8,4,1,8,8,0
1,22,34,1,6,0,1,2,5,4,10,16,26252.95,862,57025.0,10,9,96,91,84,52,87,29,2,2,1,3,3,4,7,1,9,9,2,10,1,6,9,5,6,5,8,2,6,10,0
0,36,42,5,2,0,3,2,7,7,16,10,68966.0,1408,56388.0,6,8,24,4,27,38,8,27,10,7,2,1,3,7,8,4,4,10,8,8,4,9,5,4,7,5,6,4,7,1,0
1,42,27,3,5,0,8,2,6,3,6,6,65231.0,898,45048.0,1,4,78,34,81,86,42,28,6,1,8,4,2,1,3,1,2,6,10,6,9,6,10,5,8,5,5,6,8,3,1
1,19,29,6,2,0,7,2,3,2,9,1,78600.0,955,29467.0,3,6,88,27,43,87,36,58,1,5,1,6,1,5,5,7,2,3,6,4,6,9,5,6,1,8,6,9,4,7,0
0,21,26,6,6,1,4,5,2,7,14,1,130589.0,1216,46369.0,9,4,72,36,12,41,5,23,3,10,4,2,8,1,6,7,7,4,8,8,8,2,4,6,10,6,7,4,10,4,0
1,43,24,2,1,0,6,6,4,4,8,13,32683.0,1298,38247.0,10,3,45,53,29,84,81,77,7,1,7,3,8,6,9,7,5,6,10,1,4,8,4,10,10,7,8,4,7,2,1
0,43,29,4,1,0,4,1,6,2,1,1,73771.0,1154,53260.0,5,4,64,61,96,50,49,38,4,2,4,5,9,3,4,8,9,3,7,1,7,8,9,1,1,4,2,3,7,10,0
1,21,32,6,2,0,2,3,5,6,7,17,127824.0,870,57566.3,4,5,59,69,85,43,36,29,2,1,7,1,2,8,8,3,10,10,3,6,1,4,5,5,8,6,6,8,9,1,0
0,34,25,6,6,1,3,6,1,6,8,10,143471.34999999998,944,57566.3,1,6,23,7,22,4,34,8,10,6,6,2,7,9,3,10,4,3,9,1,3,10,6,8,6,4,9,1,7,8,0
1,31,34,6,5,0,4,2,1,1,7,5,26252.95,1106,24969.0,10,8,78,50,18,91,22,78,6,1,9,4,10,3,4,3,8,6,8,7,8,2,3,2,4,8,9,9,10,9,1
0,35,22,4,4,1,10,2,1,7,16,12,30788.0,1265,43140.0,1,9,62,39,96,31,45,76,3,6,9,6,6,10,7,4,1,2,1,1,5,3,2,8,4,3,6,2,2,8,0
1,43,31,6,6,1,7,5,1,1,9,15,122525.0,890,30953.0,2,8,78,74,7,49,7,28,4,6,10,1,8,5,7,6,4,6,6,7,9,8,1,5,10,7,5,1,4,10,0
0,19,19,1,2,0,1,5,1,1,1,6,88396.0,850,31488.0,3,9,9,44,28,89,56,21,5,6,3,9,8,8,5,7,2,8,9,1,4,7,1,5,7,5,9,9,9,4,0
1,39,33,1,5,0,3,4,7,6,4,16,143471.34999999998,1188,57566.3,10,6,84,22,28,64,71,96,9,8,9,7,8,7,1,6,4,4,6,6,9,9,7,4,3,2,8,9,6,2,0
1,33,34,1,3,0,1,4,2,7,8,5,114126.0,973,33749.0,8,2,44,46,94,5,95,35,8,3,8,10,2,2,7,1,2,5,1,3,2,6,1,2,2,7,4,9,4,3,0
1,20,20,5,6,0,7,4,4,6,14,11,117666.0,1466,30550.0,1,5,51,67,65,61,9,75,8,4,3,2,3,2,5,4,4,8,6,9,4,5,5,7,9,4,7,7,8,4,0
1,40,40,6,1,0,7,4,6,1,7,14,112884.0,870,53776.0,5,9,96,95,36,62,24,31,6,9,9,8,7,6,1,4,4,6,9,7,4,5,2,1,2,10,2,8,9,8,0
1,38,19,3,5,0,5,5,4,1,13,3,119632.0,1239,30825.0,3,9,8,73,66,4,9,31,10,7,8,3,2,10,2,3,8,6,6,3,6,9,4,4,5,5,5,2,2,5,0
1,26,43,2,4,0,6,1,3,3,4,6,44206.0,1379,17882.0,1,9,58,33,23,25,49,44,5,1,1,3,9,8,6,9,4,1,7,1,9,7,6,6,7,4,9,9,8,7,0
1,40,35,4,4,1,6,6,1,4,15,1,55965.0,1463,13859.0,5,8,57,7,84,69,95,77,2,9,8,3,4,6,9,8,6,10,2,8,2,8,2,7,10,3,10,4,3,10,0
1,21,35,4,5,0,1,3,7,6,6,2,61799.0,1284,29574.0,9,9,60,21,63,71,42,73,3,9,4,3,3,4,4,1,3,8,4,8,6,2,8,5,4,4,8,7,7,2,0
1,38,21,1,6,0,9,4,4,5,10,14,48319.0,1114,36946.0,7,5,90,49,35,4,82,40,6,2,1,8,3,6,4,8,7,8,9,7,7,9,9,3,5,7,1,3,7,5,0
0,22,32,1,1,1,4,6,6,4,18,9,118612.0,947,42282.0,8,4,4,23,44,80,28,8,7,9,4,8,4,2,5,1,6,2,7,4,4,2,4,2,3,8,9,6,7,1,1
0,28,36,3,4,0,1,4,5,6,1,5,30380.0,1153,21099.0,9,2,89,61,26,20,54,49,3,8,7,10,8,9,10,10,2,10,9,6,6,5,2,4,2,7,7,1,2,7,0
1,38,36,5,4,0,2,2,7,2,4,8,34102.0,859,35931.0,4,5,42,72,9,96,37,62,4,10,7,3,2,1,5,1,8,8,5,1,10,3,7,5,7,7,4,1,4,5,0
0,43,27,5,3,0,5,4,5,7,18,2,78905.0,1370,48397.0,7,8,47,57,44,95,50,33,6,8,6,5,4,10,2,4,3,9,2,8,8,7,3,9,1,10,8,3,2,7,0
1,26,22,2,4,0,2,1,4,3,4,1,109589.0,1363,51533.0,8,1,46,17,6,64,50,93,5,5,3,8,6,8,1,6,1,2,7,5,3,4,4,3,9,1,9,6,4,6,0
1,43,36,6,6,1,10,5,4,6,11,9,90337.0,1023,28043.0,10,2,25,46,56,11,21,13,1,8,5,9,2,9,7,7,9,10,2,5,7,9,7,2,1,3,3,2,6,7,0
0,20,28,5,5,1,1,1,6,7,1,10,33508.0,837,42664.0,2,4,92,40,14,20,64,59,7,1,3,4,9,3,6,6,7,3,5,10,10,3,6,6,7,7,3,3,6,7,0
1,23,24,3,4,0,9,5,1,1,9,9,124703.0,837,55085.0,7,6,51,80,38,37,5,77,7,5,4,5,2,5,2,3,7,10,7,10,4,9,9,3,6,4,2,10,9,3,1
1,41,22,5,4,0,3,5,1,2,5,3,70939.0,1380,23923.0,10,4,55,59,75,59,85,47,3,3,8,4,7,4,3,2,1,10,6,2,9,10,6,7,3,10,2,4,1,7,0
0,28,37,4,2,0,10,6,4,2,12,16,121005.0,946,12502.4,10,4,36,69,58,95,49,10,4,6,7,3,6,6,10,1,2,8,9,9,4,8,9,7,3,2,7,2,8,3,0
0,26,29,2,5,0,6,2,5,2,13,3,118082.0,1215,26742.0,9,7,37,76,4,83,5,84,5,2,9,1,4,5,1,2,7,5,9,5,4,5,8,7,8,1,7,9,10,7,0
1,32,36,6,2,0,9,4,7,3,16,14,26252.95,1034,14762.0,2,1,59,10,18,31,30,63,1,2,5,2,10,5,8,1,8,1,5,3,8,3,7,2,1,5,9,1,3,1,0
0,40,32,6,3,0,5,4,5,2,3,10,62464.0,1175,26066.0,2,3,78,43,62,43,80,16,1,6,2,4,3,1,4,1,1,7,4,2,3,6,4,2,6,9,1,2,4,2,0
0,20,29,1,4,0,8,2,6,2,1,13,26992.0,959,35042.0,10,6,29,80,4,55,5,33,5,4,3,5,9,4,1,3,2,6,5,2,9,6,8,7,3,1,2,9,2,2,0
1,19,21,2,6,0,5,1,1,4,18,3,49733.0,1426,57566.3,6,4,75,68,73,22,37,9,4,8,3,8,7,9,5,7,1,6,10,1,5,3,5,9,1,5,6,9,2,2,1
0,37,29,6,4,0,10,1,6,5,4,9,81683.0,1249,57566.3,10,9,45,42,49,56,72,44,5,2,8,10,10,4,2,2,5,10,8,9,8,6,9,10,3,9,4,9,9,8,0
0,39,35,2,2,1,10,2,6,1,2,1,59415.0,979,57149.0,2,4,72,25,35,90,85,42,1,2,7,7,3,8,6,8,6,3,3,5,5,6,6,5,6,5,1,5,9,9,0
1,36,34,1,6,0,8,2,2,5,13,17,63295.0,1431,18657.0,10,4,28,85,42,21,48,76,6,2,5,4,7,6,10,7,3,2,5,5,10,8,4,10,3,2,7,1,7,8,0
0,31,36,5,2,0,10,5,3,5,7,16,39888.0,1037,36058.0,7,3,53,36,24,42,5,56,5,1,8,2,8,8,8,7,2,9,4,6,8,10,8,7,6,6,4,10,9,9,1
0,34,33,1,6,0,5,4,6,3,12,9,94189.0,1132,12502.4,10,3,95,4,96,89,91,77,4,1,3,7,5,2,8,3,3,8,10,8,3,2,2,7,10,3,8,9,5,2,1
1,39,28,5,4,0,7,6,1,5,9,8,129915.0,837,15997.0,4,5,5,12,67,79,93,84,3,2,6,6,5,4,5,6,6,4,6,1,2,7,1,3,9,7,3,10,10,9,1
1,31,19,1,4,0,8,5,1,2,17,14,57979.0,1198,26263.0,4,8,68,72,24,93,39,93,5,2,9,4,9,8,1,9,9,2,10,1,7,10,5,8,2,2,3,2,9,10,0
1,34,33,2,2,1,6,4,7,3,4,2,36663.0,1150,18302.0,4,3,4,95,12,85,11,71,1,8,7,8,9,10,9,1,3,3,6,10,1,7,7,7,8,5,2,10,3,5,0
0,42,19,4,2,0,6,4,3,5,13,2,130195.0,1252,12502.4,2,3,24,61,56,87,20,41,7,1,9,4,2,8,2,3,7,9,8,1,6,3,7,10,4,6,8,1,7,7,0
1,43,34,5,2,0,1,6,5,6,10,14,81542.0,1071,13315.0,9,2,46,16,69,40,31,77,8,5,8,8,2,10,5,10,9,1,3,6,2,4,1,7,2,8,1,4,8,5,0
1,31,35,4,2,0,7,6,3,6,13,13,143471.34999999998,1165,24991.0,9,7,36,57,19,45,34,84,3,3,10,3,6,2,7,6,10,3,10,5,4,1,10,5,2,10,1,8,2,2,0
0,29,42,1,1,1,9,1,3,1,11,5,93009.0,1532,53901.0,7,7,69,8,4,79,19,4,3,7,3,5,3,8,5,2,1,9,8,3,4,3,7,3,10,10,6,9,6,2,0
1,33,30,2,6,0,3,3,4,2,5,14,96519.0,1470,21716.0,2,2,35,25,42,37,7,36,2,2,4,9,9,1,6,5,6,7,3,4,8,8,2,2,7,8,9,3,3,9,1
1,19,22,5,5,1,4,5,4,6,4,9,67369.0,1539,12502.4,2,6,25,5,61,45,95,28,1,7,1,9,4,4,3,8,9,4,5,10,2,6,1,9,6,9,6,5,3,6,0
1,30,42,3,6,0,3,3,7,7,3,12,126860.0,1263,46518.0,6,8,25,36,4,14,19,16,2,5,7,5,4,10,8,4,2,10,5,10,1,7,3,1,9,3,1,3,6,6,0
1,23,41,1,6,0,7,6,4,4,5,17,95205.0,1059,26320.0,10,9,4,23,84,95,69,92,5,7,1,2,4,5,6,5,10,6,3,10,4,5,8,3,8,9,10,4,9,10,0
0,34,43,2,2,1,5,2,6,5,18,3,39784.0,1119,12502.4,1,5,67,40,43,96,92,55,1,1,5,2,5,8,2,4,2,3,7,10,7,6,1,9,8,6,4,8,10,4,0
1,29,23,5,3,0,4,2,3,5,4,1,53720.0,1082,26168.0,7,3,93,72,61,4,30,62,2,4,3,3,7,7,3,2,2,8,8,2,10,5,1,5,5,10,8,8,10,8,0
1,40,19,5,5,1,10,2,4,6,2,5,95178.0,868,50358.0,7,9,65,23,74,27,86,52,8,8,6,2,3,8,10,9,2,6,8,4,6,9,2,6,7,3,1,6,2,4,0
0,36,27,5,6,0,2,6,2,1,13,5,51608.0,936,41049.0,8,6,27,36,31,34,83,52,5,6,4,3,1,10,5,10,7,10,1,2,5,6,1,9,3,4,6,5,5,7,0
1,23,22,5,6,0,9,2,6,5,3,3,143471.34999999998,837,37556.0,8,6,32,17,96,91,93,31,2,1,8,1,7,1,6,1,5,4,1,8,7,6,7,7,3,5,5,7,9,2,0
0,24,19,1,2,0,8,1,7,2,18,2,66750.0,1451,30388.0,9,1,83,17,68,22,84,95,3,2,7,7,4,1,1,3,3,3,9,6,2,3,1,3,9,8,2,9,3,6,0
0,19,40,3,3,1,3,4,6,4,6,13,52327.0,1019,49131.0,10,2,4,4,91,48,66,58,2,9,10,5,8,3,9,9,10,4,5,4,4,2,9,7,3,9,7,5,1,5,0
0,19,43,5,2,0,10,3,4,2,10,17,38270.0,1188,23829.0,9,4,73,55,95,31,27,89,2,10,6,9,7,10,4,1,2,2,7,5,10,10,7,3,2,3,2,4,2,1,0
1,22,28,5,2,0,9,4,5,6,5,17,140533.0,1410,32546.0,3,6,51,81,40,43,5,41,9,6,10,10,9,8,4,7,1,2,1,7,7,9,10,6,1,7,3,10,10,8,0
0,23,41,5,2,0,8,6,6,6,8,11,143471.34999999998,1141,57390.0,1,1,9,73,43,82,30,6,1,9,8,10,2,1,8,1,2,7,7,5,3,9,3,6,8,6,3,4,10,9,0
0,33,41,5,3,0,5,3,5,1,13,9,136149.0,1005,35140.0,2,2,4,50,96,90,8,33,4,8,9,7,5,4,6,10,3,9,5,10,5,3,8,2,1,4,3,5,6,2,0
0,42,24,1,2,0,9,2,2,1,18,2,69336.0,916,15033.0,6,3,47,83,8,62,43,60,10,10,4,8,2,2,5,6,7,3,9,5,5,5,6,1,7,3,1,1,6,2,1
1,33,35,4,1,0,2,2,6,1,17,11,76809.0,1154,55619.0,6,6,15,29,96,28,86,8,4,5,10,9,5,4,1,9,3,10,8,10,9,10,6,6,3,7,2,8,10,5,0
1,31,38,4,1,0,4,3,3,2,16,1,26252.95,1559,31572.0,4,4,13,85,85,76,16,75,6,4,1,5,2,6,5,4,10,1,4,9,8,2,7,10,1,4,3,7,3,4,0
1,19,37,6,4,0,2,4,4,7,13,8,102346.0,837,54375.0,8,7,51,21,49,13,50,44,9,5,9,4,5,5,2,9,10,3,2,9,8,9,3,3,7,8,9,4,5,10,0
1,30,38,3,5,0,6,1,6,1,5,5,140160.0,990,39292.0,5,5,18,4,81,81,8,38,1,9,3,4,7,6,2,5,2,9,2,4,1,9,4,6,7,3,4,5,7,5,0
1,37,27,6,4,0,8,3,4,3,13,2,82935.0,1262,52880.0,10,9,4,4,77,48,74,16,8,9,4,7,9,5,7,3,7,8,2,6,6,7,2,7,8,3,7,7,5,2,0
1,27,42,4,4,1,3,3,1,5,18,4,26252.95,921,54473.0,7,5,95,8,11,7,71,33,9,6,7,7,2,2,7,8,5,10,10,1,5,5,1,3,9,4,1,7,1,1,0
1,41,32,6,6,1,6,4,4,3,11,1,59430.0,1546,38617.0,4,7,4,71,8,27,46,62,2,4,3,8,7,8,4,3,7,5,5,7,8,6,4,1,8,9,8,10,1,7,0
0,27,21,1,6,0,3,4,3,5,11,5,103310.0,1131,22730.0,6,5,96,18,12,51,95,76,5,7,2,5,6,3,2,10,8,9,1,10,2,8,1,2,8,4,2,9,7,8,0
0,26,33,3,3,1,5,4,6,5,16,15,118151.0,1465,17354.0,8,8,57,61,5,64,43,85,8,8,7,9,9,7,1,7,3,2,7,5,4,6,1,3,6,9,7,7,7,7,0
0,30,32,3,5,0,3,1,6,7,8,1,143471.34999999998,1284,40223.0,3,5,96,47,37,44,23,90,10,3,3,5,1,2,6,8,5,4,4,10,4,1,7,6,3,3,7,4,9,10,0
0,20,32,3,2,0,4,6,2,5,16,7,113474.0,849,39467.0,6,5,86,95,33,65,62,4,9,5,8,10,7,7,7,6,3,6,1,9,6,3,10,9,2,9,3,2,9,10,0
1,43,29,4,1,0,8,3,6,4,3,10,57020.0,1224,37462.0,9,5,76,37,4,44,46,5,5,4,6,10,5,2,8,7,8,7,10,7,5,5,10,3,6,6,3,7,8,6,0
0,35,25,4,6,0,2,2,7,2,12,3,99480.0,1349,12502.4,6,9,89,8,21,19,77,96,3,8,8,9,7,2,7,1,4,5,2,5,8,9,1,1,2,9,10,5,3,1,0
0,37,25,3,4,0,9,6,6,1,6,13,103797.0,1292,22977.0,4,2,17,58,74,13,94,79,6,7,3,7,4,2,2,10,7,4,9,5,1,4,10,2,9,2,9,2,3,2,0
0,19,35,2,1,0,4,2,7,6,7,11,138788.0,967,39600.0,3,5,96,33,83,33,42,53,7,8,8,7,6,6,1,2,3,10,6,9,6,1,5,5,2,4,8,8,6,4,0
0,34,23,4,4,1,4,4,5,3,16,16,130102.0,1511,12502.4,9,9,16,49,10,85,86,96,3,4,6,6,1,7,9,4,8,7,9,7,8,1,10,2,6,8,3,6,9,6,0
1,36,22,4,4,1,3,5,1,2,17,6,134197.0,1125,20015.0,5,3,20,95,28,53,48,82,7,4,7,4,9,6,1,7,4,9,1,7,8,10,4,9,3,7,10,3,10,10,0
1,40,19,3,5,0,10,2,7,1,11,15,99272.0,1027,50788.0,9,1,89,4,37,95,7,55,5,4,2,5,4,2,1,2,4,10,2,7,1,10,4,6,6,2,8,8,9,6,1
1,30,29,5,3,0,10,2,3,2,10,10,32286.0,1006,15385.0,7,2,76,94,44,73,23,34,1,4,1,8,9,5,3,4,3,10,2,3,10,9,8,9,1,2,9,6,4,3,0
0,30,43,2,3,0,8,5,6,7,16,5,113019.0,1030,19817.0,4,4,74,29,44,57,25,45,8,10,3,4,7,9,6,6,9,6,1,1,5,7,7,4,8,9,2,6,5,1,0
1,19,21,6,2,0,6,4,4,2,6,10,62707.0,937,31183.0,5,8,66,28,55,84,93,94,5,7,3,6,2,2,8,1,8,6,9,5,5,3,8,6,8,1,10,7,4,3,0
0,19,40,3,2,0,1,5,7,7,17,12,79664.0,1368,30908.0,3,9,82,84,49,37,13,73,5,6,3,4,4,10,10,10,1,5,2,5,3,6,5,3,10,10,1,4,3,7,0
1,19,30,2,1,0,6,4,6,6,5,15,26252.95,1031,54445.0,1,4,61,95,38,12,42,56,1,10,9,3,1,10,4,9,1,2,3,4,4,4,2,3,2,10,6,3,5,1,0
1,41,34,2,4,0,5,4,2,4,2,12,118940.0,931,57014.0,6,5,39,4,25,86,45,47,4,4,4,9,4,5,8,2,2,7,6,10,4,4,1,8,2,7,9,9,8,9,0
1,22,33,2,2,1,9,1,6,5,5,12,107588.0,1388,34095.0,8,4,80,27,38,29,48,20,4,8,1,1,6,8,10,1,1,5,8,2,9,2,9,8,4,3,1,1,2,5,1
1,41,26,6,3,0,4,3,1,7,17,2,107376.0,1540,52302.0,2,2,96,95,94,61,39,58,2,8,6,6,7,5,2,8,3,8,6,6,8,10,9,6,1,1,7,2,1,9,0
1,20,43,3,3,1,1,1,6,5,1,14,102882.0,1068,22465.0,1,2,69,45,22,5,5,49,7,7,1,7,1,6,8,4,7,9,7,9,2,6,10,8,8,8,9,10,6,7,0
0,24,19,2,3,0,10,4,1,7,13,2,71691.0,1539,57566.3,6,5,20,12,85,15,95,18,6,5,1,6,2,6,4,8,3,7,4,9,1,2,2,5,6,10,2,7,2,10,1
1,41,32,1,3,0,8,6,3,4,8,9,35686.0,1344,49785.0,10,1,49,7,4,36,5,44,8,1,4,2,9,8,1,9,9,5,10,7,2,3,3,1,4,7,5,10,10,6,1
0,39,29,5,2,0,2,2,5,1,12,13,78929.0,1486,12502.4,2,4,74,23,24,4,67,28,3,10,5,5,6,6,1,3,5,7,4,8,3,5,4,4,10,1,7,3,3,6,0
0,30,22,6,6,1,5,2,5,4,11,7,33345.0,943,30370.0,6,7,75,59,36,49,64,34,9,6,8,9,2,8,4,8,4,5,8,4,1,10,2,7,2,3,10,7,6,9,1
0,40,40,2,4,0,6,1,1,6,4,8,29982.0,1249,12664.0,4,8,4,41,79,5,40,64,7,9,3,10,7,3,4,4,4,5,6,2,8,3,4,10,3,5,4,5,6,9,0
0,35,41,6,1,0,7,2,1,5,10,12,73260.0,1314,54074.0,5,5,24,51,7,15,22,65,1,8,10,4,4,6,5,4,5,1,1,5,10,2,9,1,6,5,1,10,8,3,1
0,41,35,6,4,0,6,3,3,7,1,17,95579.0,992,26776.0,3,7,73,95,4,91,81,58,4,1,3,10,9,9,1,6,4,8,8,10,1,3,5,6,5,4,4,8,7,9,0
1,38,37,3,1,0,9,3,3,7,8,3,69994.0,1267,57566.3,8,6,41,50,4,66,57,46,8,1,2,8,9,10,7,4,6,9,4,4,8,8,3,10,5,5,2,4,6,1,0
1,24,19,5,1,0,8,5,6,7,1,8,130934.0,1487,32873.0,2,3,33,20,5,52,62,79,3,7,4,4,1,2,6,2,5,7,9,1,4,6,7,5,6,10,5,1,8,7,1
1,19,21,6,2,0,8,6,1,6,14,14,119014.0,1090,41071.0,6,1,21,32,11,49,55,12,4,8,1,7,8,7,9,8,2,4,7,6,5,8,7,4,4,6,8,8,8,1,0
1,22,32,1,1,1,7,4,6,7,7,5,49697.0,1183,50325.0,5,5,73,83,93,12,77,63,5,9,8,10,9,6,8,3,8,1,7,1,1,8,8,4,8,1,1,10,3,7,0
0,34,23,2,4,0,2,5,7,1,1,14,87487.0,1236,47266.0,2,4,28,19,66,90,64,21,5,8,2,3,1,1,5,8,3,4,8,10,1,9,4,10,5,3,4,10,8,6,0
1,25,39,1,2,0,2,5,5,7,15,13,65831.0,1506,53687.0,2,6,76,53,18,44,59,85,7,6,1,5,4,8,8,10,3,7,7,9,3,8,5,3,5,7,8,2,1,5,0
1,32,29,5,4,0,7,6,2,4,10,5,143471.34999999998,837,50548.0,3,8,18,19,86,4,56,82,2,2,10,4,6,8,5,6,10,10,7,10,2,7,2,8,8,3,2,7,10,10,0
0,37,35,6,1,0,6,1,7,2,3,8,26252.95,1559,13490.0,6,1,24,63,92,30,36,71,5,7,9,1,7,5,7,1,9,8,3,5,5,5,5,5,4,6,3,10,9,1,0
0,21,43,4,3,0,7,4,5,1,8,12,37699.0,1008,15350.0,2,3,60,43,39,94,42,33,10,6,6,3,7,6,7,6,6,7,3,9,7,7,2,3,2,8,1,3,7,9,0
1,19,37,4,1,0,7,1,2,3,14,6,33776.0,1559,13398.0,2,8,89,9,96,22,49,36,1,6,10,2,5,5,10,9,10,6,3,6,4,2,5,10,6,5,7,9,6,1,0
1,22,21,6,3,0,1,2,2,6,12,12,26252.95,1020,45140.0,1,2,32,23,22,54,52,35,5,8,9,4,7,6,6,3,6,9,4,3,2,6,7,1,4,9,10,8,8,10,0
0,19,19,2,5,0,1,2,2,7,4,1,54269.0,1463,18670.0,4,8,43,23,70,14,59,51,8,1,9,8,3,8,4,6,3,1,4,6,5,4,4,3,10,7,5,10,6,2,1
1,42,32,3,3,1,2,3,6,2,14,17,75362.0,1557,24633.0,10,3,27,8,47,39,95,76,5,5,2,8,7,9,10,9,8,4,8,7,3,5,8,6,7,4,9,4,4,6,1
1,22,35,1,4,0,3,1,3,7,13,7,114653.0,1530,27601.0,9,9,40,76,86,40,13,26,2,1,10,3,4,6,5,7,6,10,6,10,8,1,8,4,6,3,4,7,7,3,0
1,23,31,4,6,0,9,1,2,5,18,3,94845.0,1228,27010.0,2,1,4,95,6,87,46,14,9,2,5,4,7,9,1,10,6,10,5,2,6,6,4,5,7,3,3,9,7,9,0
1,19,20,3,5,0,9,2,6,5,4,5,31741.0,1513,56082.0,6,9,95,95,22,14,69,90,8,5,6,9,8,3,8,7,5,7,4,3,5,5,5,3,2,1,9,2,5,3,0
0,43,32,3,4,0,4,5,6,6,1,10,27321.0,1292,54148.0,5,4,4,68,77,42,50,34,2,9,5,10,4,6,9,3,9,1,9,3,10,10,7,5,7,2,3,3,5,8,0
0,43,43,5,1,0,2,5,7,7,7,5,27248.0,986,54576.0,1,7,69,33,31,22,26,13,7,6,1,10,4,10,3,4,5,7,1,6,3,7,7,9,7,6,3,8,1,10,0
0,19,22,4,4,1,9,3,3,6,7,8,95776.0,1410,47023.0,1,3,91,63,4,35,56,15,2,7,4,5,3,4,5,5,9,9,4,1,7,10,10,3,3,5,1,7,5,10,0
1,21,43,3,4,0,8,6,6,5,1,16,49214.0,884,32167.0,8,5,45,79,90,10,72,70,1,5,4,5,6,3,10,4,2,10,6,7,1,10,7,6,3,3,2,2,4,8,0
1,24,41,5,2,0,4,1,5,1,10,12,67441.0,914,38740.0,2,1,70,54,77,22,72,87,7,10,2,2,2,3,2,4,2,8,7,6,7,1,10,8,9,2,7,2,2,10,0
1,39,39,3,2,0,1,3,4,3,13,17,71908.0,1492,36475.0,4,1,23,87,58,59,50,41,9,6,9,3,7,1,3,9,1,5,1,2,9,7,3,7,5,1,10,10,5,8,0
1,43,20,1,1,1,1,3,6,7,6,5,104081.0,963,29515.0,9,8,50,46,26,96,95,78,10,4,4,6,4,5,2,7,2,6,6,8,4,6,3,1,4,1,4,9,6,10,0
1,19,39,5,5,1,4,6,7,7,13,15,136921.0,1428,49167.0,7,7,57,60,81,96,36,88,6,7,3,7,6,5,7,6,2,4,4,8,6,1,2,2,3,4,3,4,1,8,1
0,19,24,5,1,0,9,6,1,4,11,12,109388.0,1352,50624.0,9,8,15,82,4,67,87,89,4,10,8,5,9,10,1,5,3,1,8,1,10,9,9,5,6,6,8,8,10,8,1
1,25,23,2,5,0,8,4,5,2,18,6,106032.0,937,57566.3,5,6,35,17,88,96,71,78,3,7,4,9,1,5,2,4,10,1,5,5,4,6,8,9,5,3,4,7,1,1,0
1,37,43,4,6,0,10,1,4,2,2,5,38647.0,1328,12502.4,1,3,22,71,4,4,87,72,7,4,8,9,9,2,4,4,1,10,2,4,9,3,3,8,9,3,9,2,3,9,0
0,33,39,1,4,0,4,5,3,5,12,10,28135.0,1122,37162.0,1,4,93,48,11,10,17,26,1,8,2,5,5,3,8,8,9,3,6,3,6,9,5,4,7,4,1,4,2,2,0
1,38,19,2,3,0,10,3,1,3,6,7,91852.0,1273,42457.0,7,7,53,12,9,72,45,55,4,5,7,10,9,8,3,2,8,10,1,10,7,6,2,4,9,9,9,6,2,4,0
0,30,36,6,2,0,6,1,1,7,3,8,63668.0,1521,29873.0,2,3,47,29,4,49,74,66,7,5,2,4,9,2,10,10,3,2,8,8,9,3,10,10,4,7,7,7,6,3,0
0,40,24,1,2,0,8,5,3,7,7,16,49264.0,1210,27749.0,1,5,4,68,74,73,87,77,4,7,8,9,2,2,1,7,7,7,6,1,3,5,7,10,3,2,1,4,7,5,0
0,41,21,2,2,1,8,4,5,6,2,2,50967.0,1224,41586.0,7,1,29,16,69,23,47,89,3,9,9,10,8,1,9,8,5,10,5,5,9,2,7,1,7,9,1,7,7,4,0
0,43,29,5,2,0,9,5,4,5,3,10,88151.0,1332,12502.4,1,9,33,31,15,92,47,87,4,6,6,4,8,8,4,8,3,8,9,10,4,8,10,2,1,9,1,8,5,7,0
0,40,37,5,4,0,9,6,4,2,7,2,26252.95,919,51049.0,5,7,96,45,69,32,88,72,8,2,2,8,6,2,6,2,7,9,8,1,6,10,3,6,6,6,1,2,6,5,0
1,35,40,2,4,0,2,2,5,2,6,15,26252.95,896,32116.0,2,3,17,89,91,33,78,52,10,8,2,8,6,7,10,4,3,8,2,10,5,2,5,7,10,1,10,7,3,10,0
0,37,42,1,4,0,10,3,3,7,15,3,26252.95,1559,47083.0,3,5,76,93,28,27,19,31,7,4,7,4,10,5,3,3,8,6,5,10,7,6,5,9,4,2,7,4,7,7,1
0,27,43,1,5,0,10,2,4,6,11,8,122323.0,1505,54387.0,3,4,65,4,35,68,55,39,1,8,1,6,10,7,10,5,10,6,1,8,1,6,9,4,1,2,9,5,1,1,1
1,29,35,6,1,0,6,3,5,4,9,1,102867.0,1015,12502.4,3,5,11,35,42,19,65,20,6,6,3,4,9,8,7,1,9,1,1,8,10,3,9,5,1,4,1,1,8,4,0
1,19,26,4,1,0,4,3,3,3,15,1,50504.0,1370,28804.0,1,3,44,88,53,29,26,42,2,2,5,10,4,2,6,4,10,4,1,8,1,6,2,6,1,1,6,7,5,5,0
0,27,36,2,4,0,9,2,3,2,9,9,64113.0,1228,31989.0,4,3,25,48,47,96,75,16,7,3,10,10,4,2,5,3,4,5,8,9,1,3,7,2,10,8,8,1,1,4,0
1,26,39,4,3,0,6,5,4,3,16,3,34881.0,1260,21707.0,3,1,5,95,55,72,63,81,5,7,3,9,4,5,10,1,3,3,7,8,5,2,10,6,4,4,7,8,8,3,0
1,20,21,2,6,0,3,1,4,4,11,13,26252.95,954,41727.0,3,6,89,75,42,87,30,95,1,9,8,4,5,1,10,2,6,10,8,4,10,8,10,4,10,7,10,3,10,8,0
0,36,19,3,2,0,8,4,1,3,4,3,41024.0,1112,47779.0,5,2,65,95,7,22,82,11,1,1,3,8,1,1,8,5,8,2,5,6,7,8,9,9,8,2,3,5,5,3,0
0,43,26,5,6,0,4,5,6,1,16,9,75826.0,1247,47358.0,10,3,48,58,40,14,71,70,2,1,2,9,8,5,5,5,10,4,6,10,2,9,4,1,6,8,9,9,4,8,0
1,26,43,3,1,0,1,6,1,1,12,8,89968.0,1517,50053.0,5,8,4,14,14,27,55,37,5,5,1,4,8,7,8,8,1,4,6,1,9,3,7,7,9,7,1,9,1,6,0
0,27,32,5,3,0,5,4,5,4,18,5,99015.0,898,27131.0,5,2,36,95,46,36,46,95,5,5,7,7,8,6,1,3,7,3,3,2,3,4,4,2,4,4,6,9,7,9,0
0,36,39,5,6,0,3,4,2,1,11,15,26252.95,1529,37951.0,6,3,22,34,11,27,60,6,3,8,3,9,1,10,1,3,7,3,3,3,9,5,2,3,2,7,2,10,2,3,0
1,33,25,4,4,1,10,1,2,5,4,9,131903.0,1104,25506.0,9,3,64,95,6,51,10,73,9,1,3,4,4,2,9,4,4,1,4,7,3,7,4,1,7,9,10,9,3,3,1
0,41,32,5,2,0,6,2,2,1,12,4,33816.0,1078,26652.0,4,7,21,34,96,62,65,96,6,10,2,4,7,4,10,7,1,7,1,5,6,8,2,7,2,2,2,6,10,7,0
0,35,32,1,4,0,6,1,1,7,16,16,60975.0,873,26436.0,1,6,26,88,75,76,95,53,8,2,5,4,5,10,6,4,9,10,4,4,10,5,8,2,2,1,9,5,2,10,0
0,31,35,2,1,0,5,5,6,4,18,3,26252.95,932,42300.0,8,8,17,81,81,15,92,68,10,9,1,3,2,7,2,3,4,5,2,2,5,2,2,10,9,4,7,9,4,4,0
0,20,24,3,5,0,3,3,3,7,1,17,52876.0,1328,22236.0,8,6,59,47,7,11,28,5,3,1,1,7,4,4,3,10,6,2,3,2,7,6,5,1,9,3,5,7,8,2,1
0,19,39,6,1,0,8,4,1,7,15,15,74999.0,879,24889.0,6,4,18,73,88,68,11,65,1,1,8,4,3,6,1,6,7,9,4,4,6,8,7,5,10,5,2,6,3,8,0
1,19,35,1,6,0,10,6,6,1,14,16,99628.0,1058,31200.0,5,9,68,10,4,10,77,4,5,9,3,1,7,5,9,6,6,7,6,4,6,9,1,9,9,2,2,7,4,6,0
1,35,33,4,5,0,7,3,6,6,8,9,130946.0,860,31256.0,4,9,39,5,81,83,10,49,8,7,1,5,8,3,3,5,2,5,10,5,7,1,2,3,10,5,2,2,10,5,1
0,41,19,2,2,1,8,1,3,1,4,17,26252.95,1399,15885.0,9,2,82,95,80,46,89,31,6,8,10,6,3,2,3,9,5,2,4,3,5,5,8,6,7,8,3,10,7,4,0
1,26,21,3,1,0,6,3,6,4,3,14,36739.0,1230,40025.0,6,8,73,32,59,42,67,41,3,2,9,9,8,7,2,8,10,6,2,9,6,7,2,3,9,4,4,7,5,1,0
0,30,37,5,5,1,4,5,1,2,2,4,81686.0,1439,31307.0,10,3,49,21,87,50,16,70,4,10,2,8,3,3,10,10,7,8,2,6,6,10,5,3,4,3,8,4,9,6,0
0,19,33,3,5,0,4,6,5,3,7,17,129033.0,1537,52450.0,9,5,25,56,33,93,17,81,3,1,9,4,9,7,6,5,4,2,3,2,10,5,10,4,6,5,9,8,4,3,0
0,24,20,3,4,0,5,3,1,7,18,6,110504.0,1329,43897.0,6,1,6,77,75,19,45,26,5,4,6,7,9,1,3,2,2,4,8,3,5,5,6,9,10,2,10,9,6,3,0
0,33,41,1,1,1,3,5,5,6,9,12,142026.0,1164,12502.4,8,5,62,95,62,87,40,56,8,4,4,3,7,3,3,5,2,3,5,8,7,3,5,9,6,5,3,3,7,4,0
0,38,40,3,5,0,8,5,5,6,12,9,103246.0,845,56711.0,8,8,79,42,75,4,92,77,6,1,4,2,4,8,3,9,5,5,10,6,7,10,8,7,8,9,1,3,7,6,0
1,36,19,5,1,0,8,1,2,7,9,9,40614.0,854,55886.0,10,1,4,70,11,21,14,11,7,8,1,8,3,7,1,7,3,5,6,8,4,4,10,10,3,7,3,10,2,8,0
1,42,20,6,4,0,4,1,6,2,9,14,59107.0,1427,12502.4,10,7,8,75,17,49,60,81,5,4,1,4,6,10,5,7,7,8,5,1,7,9,6,6,7,1,5,9,3,1,0
0,32,43,6,6,1,8,5,3,4,8,14,30477.0,1259,57566.3,10,3,81,58,80,62,75,92,9,5,3,1,5,10,8,9,3,9,8,10,7,6,10,10,8,8,3,7,10,8,0
1,39,42,1,4,0,9,5,7,2,10,15,78673.0,924,35917.0,9,5,95,14,58,95,63,4,3,10,4,8,1,6,10,1,2,2,4,1,6,1,5,1,7,8,8,1,10,9,0
0,28,22,4,1,0,1,3,6,6,1,3,135807.0,1196,45841.0,7,8,8,71,87,35,85,89,10,2,8,5,5,9,8,8,6,2,10,5,10,3,3,4,4,8,3,3,8,1,0
1,19,19,6,3,0,1,4,7,5,11,2,138149.0,837,32392.0,6,9,47,4,14,8,41,76,2,6,7,1,7,9,4,10,3,10,8,4,2,6,9,6,10,6,7,10,10,9,1
0,38,36,1,6,0,2,2,7,5,9,17,116340.0,1364,18265.0,10,6,8,95,55,4,19,16,6,2,10,6,10,2,7,8,6,5,4,4,9,3,6,5,9,3,7,10,2,8,0
1,24,41,1,6,0,4,5,3,5,5,8,55894.0,1523,39334.0,8,9,34,62,28,71,34,60,1,4,7,5,3,10,10,8,4,7,4,2,1,7,3,5,3,10,6,5,2,6,1
0,37,37,5,1,0,8,1,2,2,8,15,32977.0,837,20930.0,5,1,61,51,95,86,5,13,3,4,5,3,6,10,7,8,2,10,6,2,5,10,1,3,3,2,1,7,10,4,0
0,25,19,6,1,0,3,1,5,2,9,17,111544.0,1515,12502.4,4,7,77,85,79,64,94,41,10,2,2,3,5,1,1,5,8,2,3,8,5,8,3,6,9,8,1,6,5,9,0
1,27,19,2,4,0,2,5,1,7,18,17,40117.0,837,19088.0,10,9,54,18,26,61,12,85,4,10,2,10,10,9,1,4,10,8,5,7,1,6,6,1,9,7,5,2,8,6,0
1,22,39,3,2,0,2,6,3,3,9,5,90658.0,1250,23278.0,1,1,28,83,20,96,65,71,3,5,6,7,9,7,10,8,8,8,1,3,7,4,1,3,4,8,2,5,10,9,0
0,26,41,5,2,0,5,1,4,4,14,15,73531.0,1041,12502.4,7,5,54,61,75,47,67,58,6,9,3,8,6,9,2,4,5,6,7,6,6,8,8,4,9,7,9,2,1,8,0
1,42,40,1,1,1,2,2,7,7,16,2,49228.0,1379,42617.0,2,1,35,56,96,39,64,84,6,8,6,5,6,1,7,2,9,4,9,1,9,4,10,3,1,4,5,6,4,10,0
0,42,37,2,5,0,1,6,6,1,16,3,97052.0,873,23748.0,8,2,76,42,66,96,72,37,7,4,1,9,10,2,3,3,5,10,7,7,10,3,5,1,9,8,2,9,5,1,0
1,19,35,1,1,1,4,6,6,4,7,9,71702.0,1099,37263.0,9,3,88,73,58,33,38,66,9,3,7,4,8,1,6,4,9,6,3,7,2,4,1,5,5,2,3,2,5,2,0
1,19,42,3,1,0,7,5,5,5,8,13,98715.0,1559,12502.4,3,9,72,30,76,55,29,41,10,9,9,3,7,9,4,3,9,10,7,7,10,4,1,5,1,1,10,10,8,9,0
0,36,37,5,4,0,6,6,6,1,2,11,69887.0,1446,53890.0,9,9,30,20,83,17,67,95,6,7,6,5,2,5,4,9,8,1,8,10,8,9,8,6,4,6,8,8,7,5,0
1,31,42,3,1,0,10,4,3,1,2,17,111035.0,1442,29438.0,3,9,52,51,4,77,73,16,2,8,8,7,1,9,8,7,9,5,8,2,8,1,10,2,7,7,1,5,4,5,0
1,37,38,4,6,0,1,2,1,3,8,14,43315.0,853,19670.0,6,9,93,81,27,5,24,29,9,9,1,3,6,1,4,8,10,6,10,1,6,10,2,3,9,6,6,1,1,1,0
0,27,31,1,1,1,5,5,3,4,14,13,111585.0,845,55006.0,6,2,21,15,21,5,7,34,3,6,7,9,8,4,4,8,5,4,1,5,4,8,8,8,4,3,6,1,2,1,0
1,26,32,3,6,0,5,1,2,4,5,14,98807.0,918,47514.0,7,5,22,32,42,67,95,46,10,9,3,10,2,7,8,6,2,7,7,6,6,8,9,1,9,3,8,5,5,7,0
0,27,29,5,5,1,3,3,1,1,4,13,109425.0,1101,42130.0,1,2,86,63,26,58,32,86,9,3,7,9,1,6,4,3,2,6,10,2,7,7,10,5,6,2,3,7,8,6,0
0,23,28,6,2,0,6,5,2,4,7,5,77706.0,1541,22628.0,3,4,95,11,11,18,93,63,2,2,10,8,5,5,7,5,9,1,3,8,8,6,2,3,5,1,8,1,10,3,0
0,34,28,2,1,0,7,2,1,2,6,13,73803.0,1558,51484.0,3,7,6,74,4,33,48,7,3,2,3,7,3,7,6,5,3,7,8,6,2,7,7,9,4,1,5,8,7,10,0
0,42,24,4,3,0,4,3,1,5,11,8,26252.95,837,25817.0,3,4,14,57,6,10,64,38,9,9,10,1,4,3,7,8,7,1,7,8,9,8,10,2,2,10,2,2,4,6,0
0,23,29,4,6,0,8,3,1,3,10,9,143471.34999999998,853,39540.0,9,7,70,25,85,86,49,7,1,5,2,5,2,3,8,4,3,8,9,3,10,10,3,6,4,5,7,4,3,6,0
1,21,33,1,4,0,5,3,4,1,12,12,73687.0,1382,20310.0,10,3,60,76,13,79,86,74,8,10,7,9,8,4,5,8,10,1,2,5,3,4,7,5,1,6,5,3,1,8,0
0,37,22,3,4,0,2,4,7,2,4,5,110840.0,1443,21645.0,5,7,24,83,12,80,76,85,1,4,8,9,9,5,1,5,4,3,8,6,5,5,4,8,2,2,6,1,6,6,0
0,20,19,5,4,0,8,6,2,1,16,6,36371.0,837,43492.0,7,8,60,53,6,91,83,85,2,2,1,6,6,8,3,2,7,8,1,7,4,3,7,8,7,6,7,10,8,7,1
1,40,39,1,6,0,10,3,5,5,2,13,141743.0,1303,55878.0,7,9,96,15,88,86,54,19,6,3,9,4,2,9,9,7,6,5,2,1,9,4,5,7,9,3,3,10,10,4,0
1,36,33,2,5,0,9,5,4,3,7,15,56730.0,1220,47407.0,1,3,33,81,61,96,40,5,7,6,3,10,3,1,6,8,2,3,4,5,1,2,7,3,1,10,6,7,6,5,0
1,35,40,1,3,0,4,2,4,3,8,12,143471.34999999998,1216,24391.0,2,7,4,10,96,53,30,66,7,8,5,8,2,10,8,9,1,7,8,1,3,1,3,7,7,5,9,5,7,6,0
0,43,32,3,2,0,3,5,7,3,18,4,47372.0,1000,28677.0,3,8,86,40,68,13,49,61,4,10,9,2,7,2,10,2,4,10,7,3,3,6,10,8,2,7,3,8,6,4,0
0,41,28,6,3,0,5,2,7,6,15,11,27798.0,1181,28175.0,6,7,20,72,80,85,5,96,9,5,6,8,5,7,8,4,7,4,10,3,9,9,4,8,7,6,9,8,8,7,0
0,21,23,4,3,0,6,2,3,4,12,3,69895.0,1535,51570.0,7,1,13,57,42,85,29,16,5,9,7,1,6,2,9,4,8,10,6,8,1,2,4,8,5,4,2,3,10,5,0
1,25,30,2,3,0,10,6,5,5,7,2,143471.34999999998,1336,35056.0,2,1,57,14,42,68,37,51,8,9,8,9,7,1,2,5,9,2,8,9,5,7,7,6,2,10,8,2,7,4,1
0,34,36,5,4,0,6,3,5,2,18,4,138326.0,841,35462.0,2,8,68,95,76,22,5,64,9,7,10,9,1,10,7,8,1,4,10,9,2,10,2,4,10,2,7,8,5,10,0
1,22,27,2,2,1,8,4,3,3,9,14,111191.0,1140,18484.0,1,3,60,4,85,20,23,92,6,9,9,8,2,3,5,7,6,9,7,5,4,7,5,10,6,5,9,9,10,5,0
0,30,41,3,1,0,8,1,5,1,6,15,60341.0,1133,44515.0,10,5,48,17,50,32,85,82,8,3,3,8,3,5,8,1,2,6,8,1,9,5,4,1,7,10,2,2,7,1,0
1,42,36,1,2,0,9,5,3,1,17,5,107353.0,866,27546.0,10,2,53,73,7,96,93,36,3,1,1,4,2,6,5,8,3,9,3,8,6,9,5,1,10,6,2,3,4,2,0
0,19,22,2,6,0,4,4,6,2,9,11,134531.0,1139,36563.0,1,4,6,58,39,53,51,96,10,3,5,9,6,2,4,5,8,8,6,9,1,8,6,5,5,10,7,9,7,2,0
0,43,42,4,1,0,1,4,4,2,10,1,67697.0,994,34417.0,2,6,88,95,41,85,95,24,7,3,4,10,5,2,8,2,9,8,5,1,8,6,3,1,1,2,6,2,1,1,0
0,30,43,2,5,0,6,6,3,5,6,13,62401.0,903,37928.0,7,5,51,40,32,51,7,69,10,4,3,10,9,9,7,7,1,9,8,10,2,4,8,1,7,5,9,7,8,10,1
1,21,38,3,4,0,10,1,5,3,4,12,54658.0,1109,57566.3,9,8,77,19,21,73,91,96,9,5,10,3,2,3,1,5,10,4,4,4,10,3,7,6,5,2,4,9,10,2,0
1,39,24,1,2,0,8,5,1,5,17,3,83603.0,981,57403.0,3,5,96,46,77,93,82,8,5,1,7,9,2,10,10,3,7,9,10,9,6,9,1,5,5,9,6,10,5,2,0
0,43,28,3,1,0,5,5,4,5,15,14,117478.0,1384,17124.0,5,9,10,53,58,17,24,95,5,3,2,8,7,7,4,1,9,9,1,5,6,8,7,4,2,8,5,6,3,8,0
0,41,31,2,5,0,4,1,2,3,6,11,118338.0,1359,26591.0,2,4,77,47,78,67,53,65,2,4,7,1,3,3,7,10,4,1,4,3,4,2,4,4,6,3,6,10,7,3,1
0,31,40,2,2,1,7,6,1,3,2,9,49279.0,1215,19343.0,6,5,26,4,31,59,94,52,8,10,3,9,9,6,1,3,10,7,2,2,9,8,8,10,10,5,4,3,4,8,0
1,20,38,3,4,0,10,3,7,2,14,8,62003.0,954,30266.0,8,3,36,18,33,50,5,89,9,9,8,9,9,3,8,2,1,8,3,8,6,1,7,5,6,3,1,2,6,6,0
0,22,33,5,2,0,5,4,1,7,10,1,125077.0,1555,24303.0,4,7,55,56,67,12,92,51,1,7,3,1,7,8,8,2,5,3,4,6,10,4,9,1,4,6,9,8,1,10,0
0,24,35,4,2,0,2,3,3,5,7,8,143471.34999999998,1469,12636.0,6,3,18,80,18,9,84,18,3,7,5,1,3,8,3,6,2,10,6,5,4,8,9,2,2,2,6,5,5,7,0
0,19,38,4,6,0,10,5,7,3,16,14,143471.34999999998,837,49576.0,6,8,19,55,87,4,41,35,9,8,8,2,5,7,5,9,4,6,7,5,4,4,3,5,2,5,9,2,2,10,0
0,40,40,3,6,0,6,6,2,3,16,3,140522.0,1306,45545.0,1,6,20,74,68,47,56,47,2,1,1,4,8,5,10,3,2,2,8,4,2,10,4,8,5,6,8,5,10,3,0
1,29,40,2,5,0,1,4,2,4,3,3,125778.0,837,30975.0,1,4,10,41,47,16,27,51,3,9,8,9,7,9,8,10,10,7,1,9,9,7,6,2,9,3,1,1,3,8,0
1,28,21,4,3,0,2,5,2,5,3,6,32805.0,895,13003.0,1,7,39,5,27,83,70,13,5,9,9,9,5,7,6,2,10,7,3,7,1,2,3,10,2,1,4,9,1,1,0
0,41,19,5,5,1,5,2,4,1,12,5,32020.0,1157,43384.0,7,7,55,14,33,74,43,54,7,8,9,5,2,2,5,1,3,9,10,9,10,4,8,3,1,3,5,1,6,7,0
0,25,39,5,1,0,6,1,3,1,5,13,75027.0,1217,23248.0,10,9,73,77,72,50,49,26,10,5,9,10,7,4,9,7,3,4,6,10,9,8,1,2,3,8,10,2,3,3,0
1,42,32,2,4,0,5,3,2,4,12,13,119911.0,1278,12502.4,6,9,19,44,96,64,53,64,2,1,3,5,9,10,9,3,3,7,2,2,2,7,4,3,4,9,8,6,4,9,0
1,23,31,3,5,0,5,3,7,6,8,6,36756.0,1075,13594.0,8,3,38,51,88,29,77,63,3,3,9,4,6,10,10,2,9,6,1,7,10,9,1,8,3,1,2,1,6,7,1
0,39,36,6,6,1,2,6,5,7,7,15,119083.0,1322,17938.0,3,9,55,7,70,15,93,96,10,5,4,3,3,5,2,3,2,8,9,2,9,9,6,1,10,7,7,6,5,3,1
1,19,43,3,5,0,9,3,5,6,16,1,136292.0,1049,52098.0,4,1,82,95,15,65,95,47,8,8,3,8,8,2,1,2,9,9,6,1,3,4,10,8,2,7,7,4,1,8,0
1,36,22,4,6,0,9,3,1,5,5,14,123320.0,1512,40145.0,3,6,87,93,8,31,63,81,8,8,3,6,3,9,3,3,9,1,9,6,7,4,4,2,1,5,4,1,5,2,0
0,37,21,2,4,0,6,6,7,2,11,10,112691.0,1195,29675.0,6,2,62,91,50,18,5,49,6,4,6,10,7,1,5,2,4,3,6,2,6,7,1,3,7,7,1,2,5,8,0
1,37,30,5,5,1,2,6,4,4,18,15,41750.0,1044,34156.0,9,5,86,73,9,96,36,81,1,6,4,4,2,8,10,6,9,3,10,7,5,1,3,7,8,2,8,6,2,10,0
1,41,35,3,3,1,3,4,6,4,16,16,75999.0,1191,57566.3,2,4,4,93,4,5,65,75,3,5,5,4,5,1,9,7,1,2,9,2,5,9,5,8,10,10,4,3,3,3,0
0,31,29,3,3,1,2,5,1,3,6,10,50567.0,1122,45134.0,10,8,91,4,60,17,60,62,4,5,4,5,1,1,3,5,6,2,3,2,3,7,10,8,7,4,3,2,5,5,1
0,19,40,4,4,1,10,2,7,5,7,8,65426.0,867,42303.0,3,7,83,70,81,61,38,13,2,1,5,7,7,8,1,2,2,8,7,6,10,9,6,8,4,4,9,7,9,9,0
1,27,38,6,4,0,8,1,2,5,13,8,52515.0,1528,13528.0,6,2,96,18,78,19,18,55,5,1,6,6,5,6,4,7,6,1,9,6,4,7,9,7,3,2,4,8,2,8,0
0,33,32,3,3,1,9,3,7,1,10,13,26252.95,1399,23276.0,2,8,66,72,85,60,5,65,2,9,9,9,6,6,3,10,4,10,6,1,10,5,4,4,7,4,1,5,4,2,0
1,21,40,6,2,0,3,6,5,4,14,13,28572.0,1319,50828.0,6,7,65,93,33,64,8,4,4,7,6,7,10,7,1,9,9,6,4,3,5,3,1,10,5,4,8,10,8,9,0
0,43,26,2,6,0,1,6,6,3,8,12,29417.0,1559,46241.0,1,1,32,36,4,62,5,33,5,9,3,1,5,5,10,4,8,6,7,9,6,2,10,1,3,1,9,7,6,5,0
1,28,21,3,3,1,2,3,7,6,5,7,71181.0,1241,12502.4,7,2,23,78,38,62,88,86,10,7,1,2,8,8,4,10,1,6,5,8,8,1,8,6,7,3,8,1,7,7,0
0,33,22,6,5,0,3,3,5,3,18,11,106549.0,1232,20692.0,1,1,6,17,12,63,30,55,1,6,7,6,2,9,3,10,2,5,1,5,2,6,10,10,1,10,5,4,5,3,0
1,43,26,1,4,0,1,6,2,7,3,11,137422.0,1293,57566.3,2,5,89,91,72,72,5,74,5,7,7,7,1,8,8,7,4,8,10,4,3,6,7,7,9,2,4,5,1,3,0
1,37,30,1,5,0,1,6,2,4,13,3,62603.0,1171,28999.0,6,2,58,78,16,73,81,29,4,4,5,10,2,5,10,6,8,1,7,1,5,9,3,2,6,4,8,2,6,10,0
1,19,27,1,4,0,3,2,2,7,14,13,115604.0,1456,53292.0,9,1,69,15,56,93,77,83,6,9,4,2,7,5,8,5,5,9,6,6,3,6,10,9,10,4,2,5,2,9,0
0,33,43,2,4,0,6,1,4,2,12,6,93740.0,1370,43019.0,4,4,87,47,4,8,21,50,5,5,4,3,1,2,4,7,10,5,4,1,10,2,6,10,1,7,9,1,10,10,1
0,36,33,5,6,0,2,6,7,7,16,3,125254.0,1555,38717.0,6,6,56,88,96,48,36,49,7,7,5,9,5,1,1,3,8,2,8,1,7,3,9,6,4,8,10,1,7,7,1
1,38,30,2,5,0,1,6,5,2,12,15,60866.0,896,21919.0,2,7,83,65,92,4,77,70,1,2,6,5,6,6,6,1,7,9,9,3,10,4,8,9,10,1,5,8,5,2,1
1,39,21,3,5,0,1,2,1,5,2,15,40571.0,841,54596.0,5,2,27,54,24,49,57,63,4,2,4,7,7,9,2,2,3,10,10,5,2,8,4,6,7,9,2,7,6,8,0
0,26,38,2,5,0,4,1,1,7,16,4,98128.0,1328,47031.0,4,2,85,74,58,95,71,47,5,9,2,10,10,1,4,9,8,3,7,2,1,5,4,7,6,1,8,10,9,7,0
0,26,30,3,5,0,10,4,6,5,1,11,53853.0,869,23923.0,9,4,82,61,40,26,56,92,3,10,5,3,6,9,2,10,9,9,2,10,3,6,9,3,3,3,2,8,1,7,0
0,26,38,1,1,1,4,6,6,5,8,4,46993.0,1047,33869.0,8,2,77,64,22,89,50,5,8,10,8,9,5,7,4,10,7,3,2,2,2,2,10,4,7,7,8,6,10,5,0
0,43,25,3,3,1,6,5,1,6,3,12,108536.0,1507,46143.0,6,6,96,55,45,42,15,51,9,9,1,2,3,6,7,7,10,10,3,2,6,2,10,10,6,5,1,5,8,2,1
0,34,30,2,6,0,3,1,5,4,15,3,98569.0,1028,19176.0,7,9,50,39,37,96,71,49,4,6,8,3,1,6,1,1,5,1,5,9,5,9,1,6,2,8,3,4,1,7,0
0,29,32,4,5,0,6,3,3,2,3,15,143471.34999999998,1080,32626.0,10,7,27,81,14,11,70,5,4,1,3,10,1,5,1,10,6,5,2,5,10,3,8,8,10,1,3,1,7,7,0
1,42,37,1,1,1,5,3,4,2,12,7,63243.0,1519,57566.3,6,1,37,59,7,66,23,64,1,7,6,6,4,2,8,6,8,3,10,3,4,1,1,2,2,3,2,3,9,5,0
0,30,37,5,6,0,4,2,5,7,16,9,56490.0,1332,12871.0,1,7,51,47,74,4,11,44,4,4,3,1,6,7,1,1,3,9,1,8,8,4,2,10,7,6,3,7,2,1,1
1,25,30,4,6,0,5,5,7,6,5,15,40879.0,1398,36234.0,5,3,39,9,96,27,5,87,10,4,9,9,10,3,9,2,4,1,10,8,8,10,9,3,3,7,2,3,9,5,0
0,33,40,1,1,1,6,6,7,1,3,7,84547.0,837,57566.3,4,6,24,43,75,88,15,24,6,9,4,2,8,7,10,3,8,10,3,4,7,7,10,7,2,9,7,7,2,3,1
0,35,43,2,1,0,5,5,7,6,14,8,139520.0,1546,23824.0,4,5,87,43,27,9,89,50,5,7,10,2,8,5,8,4,10,10,9,3,7,7,5,5,6,6,6,1,4,1,0
1,43,22,6,2,0,4,3,4,5,10,7,35016.0,955,49391.0,4,3,28,61,15,84,60,28,3,2,3,8,2,7,9,8,3,5,9,8,5,9,8,3,6,6,3,3,6,9,0
1,19,39,6,2,0,10,2,7,4,2,13,81263.0,954,42157.0,8,8,38,49,5,69,50,55,7,5,7,2,9,5,1,6,5,5,4,1,10,2,9,9,7,8,8,3,2,3,0
0,19,39,6,4,0,7,3,4,4,13,16,75181.0,1559,21056.0,1,3,86,85,63,17,58,39,10,6,4,5,2,5,9,10,10,6,9,2,2,8,2,3,10,7,8,9,3,3,0
1,29,23,6,2,0,5,3,7,6,18,14,113458.0,1559,12502.4,9,9,67,95,96,88,5,94,1,8,8,2,1,5,9,3,5,9,10,2,9,8,10,10,8,9,3,6,8,6,0
1,23,43,4,5,0,3,1,6,7,11,2,35869.0,1559,29740.0,10,7,62,5,40,62,51,44,3,4,2,8,5,4,5,9,10,7,10,1,3,6,3,5,4,6,3,10,5,10,0
1,26,22,2,1,0,6,1,5,7,2,2,47152.0,1120,57566.3,9,4,52,54,76,95,44,64,2,6,6,10,2,8,4,5,5,1,4,10,4,9,4,3,9,7,5,1,7,3,0
1,40,30,5,2,0,6,4,7,7,5,12,136246.0,1559,38031.0,3,4,8,58,39,21,87,28,2,1,8,5,9,9,4,2,1,6,10,9,2,9,2,1,10,9,3,4,8,10,0
0,22,22,4,5,0,4,1,2,7,15,6,107853.0,1559,36520.0,2,6,27,56,33,93,71,72,2,7,4,10,4,4,2,6,9,9,4,9,5,10,3,6,9,6,7,6,6,5,0
1,43,42,5,4,0,5,3,6,2,13,17,26252.95,837,26691.0,5,9,85,4,32,80,61,81,2,9,9,7,8,10,9,7,3,9,4,3,5,3,8,9,6,2,2,2,3,4,0
0,33,30,6,3,0,8,5,1,3,15,11,83593.0,1459,54481.0,3,3,90,74,23,7,76,61,6,10,9,3,3,8,5,10,10,3,6,1,1,4,7,4,7,7,9,3,6,4,1
0,35,41,2,1,0,8,4,4,3,3,7,128854.0,1334,23916.0,7,9,92,17,96,96,37,61,7,10,9,4,1,10,5,6,6,4,4,7,9,3,5,5,5,1,4,4,4,7,0
0,34,37,3,1,0,9,1,2,2,14,5,113852.0,1522,45783.0,4,1,59,89,71,14,24,45,9,9,3,3,5,5,4,1,3,3,3,7,9,4,9,5,7,4,10,1,10,7,0
0,35,40,5,3,0,2,3,3,5,5,8,125584.0,1270,52951.0,7,1,31,95,58,22,95,15,7,1,7,10,2,9,2,2,7,2,5,2,7,5,4,7,7,6,4,6,5,1,0
1,19,25,5,6,0,5,6,3,4,12,11,114292.0,1559,47609.0,9,7,84,55,22,53,32,28,3,9,9,2,7,2,8,5,7,10,2,5,7,8,6,2,7,3,7,5,3,6,0
1,36,26,4,5,0,2,5,6,3,1,6,90956.0,1514,30825.0,10,4,51,66,72,33,88,35,9,8,7,10,8,2,7,5,6,4,9,7,5,5,1,7,1,2,5,5,10,6,0
0,39,38,1,5,0,8,3,2,7,11,17,93747.0,1320,38319.0,2,6,58,25,75,24,47,66,7,7,8,9,8,6,9,8,4,3,10,2,9,9,5,10,7,3,2,3,5,1,0
0,25,36,3,1,0,5,1,3,7,16,15,130699.0,1153,25317.0,8,3,88,48,93,25,53,27,4,6,8,5,1,2,9,3,5,8,3,10,1,8,9,6,8,6,10,4,5,1,0
0,20,37,3,3,1,6,5,6,2,17,3,56697.0,1559,57566.3,2,7,38,72,43,37,62,4,6,6,10,10,2,1,1,6,10,6,2,6,8,4,1,4,2,6,1,5,10,4,0
0,43,32,4,2,0,2,2,6,3,13,5,26252.95,837,36600.0,7,8,84,23,33,96,52,54,10,9,8,7,6,10,4,9,1,8,6,4,9,9,7,2,8,8,7,9,10,1,0
1,42,43,5,6,0,10,3,1,5,11,16,123496.0,872,49453.0,1,3,20,4,93,52,64,40,8,2,7,1,5,10,2,3,9,1,3,5,6,7,2,9,6,7,8,7,5,7,0
0,43,39,1,3,0,10,2,4,4,17,14,125988.0,1087,46462.0,7,5,22,88,83,64,59,10,4,2,4,9,5,9,8,8,1,1,8,4,9,4,5,4,6,7,7,6,6,5,0
1,22,27,3,2,0,7,4,1,1,15,15,50301.0,1213,37455.0,8,5,6,92,4,29,24,11,5,6,7,10,7,10,8,8,2,10,6,3,5,3,1,9,4,5,4,9,7,10,0
0,40,28,2,2,1,5,6,2,3,6,12,143471.34999999998,924,46280.0,8,3,65,67,19,92,43,75,6,2,9,8,9,10,6,7,1,8,10,2,10,5,10,2,5,2,8,3,8,3,0
0,25,22,1,4,0,8,4,1,4,12,14,59261.0,1236,41447.0,7,1,96,51,28,92,57,58,10,5,9,7,3,1,10,1,4,9,7,9,5,7,10,9,5,2,4,7,3,1,0
0,36,26,4,6,0,7,2,7,1,8,7,39500.0,837,13919.0,7,2,68,82,65,30,15,66,2,7,7,8,3,3,4,3,4,6,9,3,4,1,6,2,9,8,6,4,1,3,1
0,35,28,2,3,0,7,2,7,5,18,2,26252.95,1097,19293.0,9,4,77,10,75,77,55,25,3,1,2,10,8,8,2,5,8,10,2,3,4,3,7,5,5,5,3,9,9,9,1
1,35,43,2,2,1,6,1,4,3,17,8,29460.0,867,15246.0,3,6,75,88,84,28,42,9,3,5,1,2,5,5,6,1,9,1,10,9,9,5,8,5,7,3,3,10,3,4,0
1,38,36,6,4,0,5,2,4,7,16,4,62527.0,1482,44018.0,4,2,55,58,69,58,58,19,7,8,3,8,3,7,4,4,6,8,2,7,2,9,10,7,3,2,1,6,9,5,1
1,19,19,5,4,0,7,1,4,1,18,10,66279.0,1440,57378.0,8,9,22,10,23,81,58,4,3,6,6,5,7,5,10,10,3,3,4,6,4,6,8,9,10,1,2,8,10,2,0
0,32,23,6,5,0,7,3,1,4,5,1,127040.0,1559,13815.0,5,9,64,73,64,75,68,63,2,10,3,7,10,7,7,6,3,5,5,2,10,2,1,8,5,7,7,3,7,3,0
0,35,40,5,2,0,3,2,1,4,14,12,141720.0,1511,26781.0,5,2,55,60,20,26,39,42,2,6,10,3,6,1,6,1,5,9,6,4,1,4,3,2,1,5,1,4,3,7,0
1,42,38,4,4,1,2,1,3,2,11,2,120720.0,1026,38205.0,2,5,5,41,59,66,5,38,4,5,8,5,2,6,9,9,10,9,1,1,7,3,3,2,1,9,8,8,6,4,0
1,24,19,2,1,0,1,1,1,4,12,5,40553.0,1378,57566.3,7,5,85,73,57,95,59,21,6,4,3,9,6,10,5,1,1,8,6,5,10,2,5,10,5,10,7,6,5,1,0
0,33,20,3,6,0,7,4,3,3,12,17,63321.0,837,57566.3,1,7,92,31,37,29,59,6,4,9,2,1,10,3,10,2,6,6,8,8,4,9,8,4,4,6,2,3,4,10,1
0,33,20,3,5,0,10,3,4,7,18,15,66144.0,1191,33260.0,6,6,50,95,20,41,63,7,9,3,10,4,1,5,7,3,2,9,10,8,10,1,9,8,8,1,2,8,8,8,0
1,32,31,6,4,0,2,3,7,5,12,5,34723.0,913,57460.0,10,5,96,25,77,96,7,59,9,1,5,4,7,9,1,3,6,7,6,5,9,1,5,8,10,1,2,2,1,7,1
0,23,37,5,5,1,9,2,7,2,12,14,119509.0,968,52768.0,9,9,87,72,41,46,95,36,7,8,6,9,10,2,2,3,6,3,7,6,6,6,7,8,2,3,4,9,6,10,0
0,26,43,6,3,0,8,4,5,3,1,4,83789.0,841,35932.0,1,4,82,4,9,92,10,80,7,9,4,8,3,8,1,8,7,1,3,4,5,3,6,8,7,9,10,2,7,3,0
1,24,39,6,3,0,9,3,3,1,5,12,46319.0,1174,20719.0,7,3,18,33,86,51,49,19,1,5,7,4,9,7,9,6,9,3,4,8,7,6,5,7,6,10,9,5,10,10,0
0,31,22,1,1,1,7,3,3,6,13,15,143471.34999999998,1480,37763.0,4,6,92,28,63,93,19,94,10,8,6,5,4,10,4,6,1,9,7,9,4,5,6,5,7,10,8,2,5,6,0
1,28,34,5,4,0,7,6,3,2,9,16,125187.0,1101,12776.0,10,9,40,95,73,9,80,49,10,6,7,3,6,10,3,1,5,7,5,3,3,10,6,2,10,7,8,3,10,3,0
0,38,32,2,1,0,9,1,1,6,10,4,61852.0,1321,48815.0,6,6,94,93,41,27,43,22,9,10,9,1,9,5,4,7,8,3,10,4,1,10,2,10,4,1,9,9,5,10,0
1,33,23,3,3,1,1,1,7,6,4,12,103269.0,1537,52613.0,1,4,12,4,33,37,18,24,10,8,2,6,9,7,9,9,7,1,10,5,2,8,10,9,1,5,3,2,8,8,0
0,42,31,2,3,0,10,3,3,5,2,13,80111.0,1415,46366.0,7,4,62,43,5,16,36,54,10,4,5,5,3,8,10,10,9,4,9,7,10,7,3,6,8,4,5,10,5,2,0
1,23,31,3,4,0,10,5,5,2,9,6,74368.0,884,22511.0,10,6,93,61,28,88,91,64,1,5,1,9,4,7,3,1,2,10,1,2,2,6,8,9,7,8,2,5,9,8,1
1,39,42,3,2,0,10,4,5,6,17,10,26252.95,1057,23140.0,4,4,41,76,8,56,10,23,7,6,4,2,10,5,10,5,10,4,9,5,1,2,3,1,9,8,2,9,5,5,0
1,43,43,2,4,0,4,1,4,4,2,13,55977.0,1416,22659.0,8,5,47,71,30,41,33,39,2,8,6,6,2,3,10,3,9,3,1,7,2,5,9,6,2,1,3,8,3,4,0
1,33,34,6,5,0,9,6,3,7,16,12,30170.0,997,47002.0,9,3,96,35,96,38,56,88,8,1,8,7,7,7,3,10,10,1,9,6,5,3,3,4,3,7,10,10,7,2,0
0,37,25,4,6,0,6,5,5,2,9,4,104800.0,939,53976.0,9,9,26,4,74,84,95,33,7,4,2,2,6,2,5,4,8,2,9,3,3,2,7,5,10,10,9,7,2,2,0
0,33,25,1,6,0,6,5,3,1,7,8,35227.0,837,13880.0,1,2,96,18,84,4,62,12,6,8,2,5,9,7,2,2,2,4,4,10,9,7,5,3,5,6,1,7,9,2,1
1,29,36,4,4,1,6,4,5,7,8,6,103781.0,1270,45974.0,3,1,86,7,31,66,95,57,9,2,9,9,5,1,2,3,8,2,1,6,10,8,2,5,8,10,7,10,6,6,0
0,34,26,3,2,0,7,3,3,7,1,1,122366.0,914,36878.0,5,8,96,29,95,33,5,27,3,3,5,8,3,5,5,1,3,5,5,8,2,8,10,5,7,8,7,4,5,6,0
0,22,28,6,2,0,9,5,6,1,9,8,26252.95,1436,46090.0,10,2,96,44,76,96,95,36,3,3,9,2,3,6,6,6,9,9,7,1,6,5,3,5,6,5,4,4,9,1,0
0,43,30,5,5,1,2,4,7,1,8,4,60422.0,1358,29503.0,3,5,46,37,19,36,55,36,10,5,10,8,1,4,1,5,4,8,5,10,3,7,6,9,6,6,9,7,1,6,0
0,42,30,5,5,1,7,6,6,4,7,6,125737.0,1103,12943.0,4,9,42,75,68,26,72,92,2,2,7,4,6,9,3,3,5,2,7,10,1,10,2,7,5,8,7,7,3,6,0
0,30,43,2,4,0,1,4,2,7,17,15,126927.0,837,50099.0,10,7,93,85,69,49,92,53,1,2,5,10,1,5,4,2,8,5,1,2,9,3,5,1,7,8,5,6,3,7,1
1,25,41,6,1,0,4,3,2,6,3,1,53298.0,1402,24646.0,4,9,42,59,73,64,46,88,7,2,2,8,5,3,4,3,8,4,2,7,1,8,8,1,6,1,7,6,10,5,0
1,41,36,2,5,0,3,1,4,7,2,16,98897.0,1266,12502.4,2,5,66,15,79,70,6,88,3,2,5,2,9,6,6,5,2,6,1,5,1,1,1,4,3,2,9,2,1,7,1
1,22,43,4,6,0,5,2,6,5,14,2,41957.0,1181,54464.0,10,3,7,95,59,17,13,75,8,3,1,10,10,10,8,6,9,2,5,4,4,7,2,5,5,1,6,4,6,5,0
1,29,38,2,1,0,9,1,7,2,1,4,78805.0,1318,53294.0,1,4,40,15,69,73,48,22,6,10,9,3,2,3,9,3,2,2,7,7,3,9,8,3,9,4,9,6,9,1,1
0,26,36,1,2,0,4,4,7,1,11,8,48713.0,837,42812.0,9,1,70,64,4,39,85,56,6,3,8,9,8,3,4,2,8,7,7,5,5,8,9,4,10,5,7,7,3,5,1
0,20,22,6,1,0,3,1,6,6,9,6,26252.95,1308,43124.0,3,9,39,36,33,41,48,28,1,4,7,7,10,2,3,1,5,5,2,5,8,4,2,5,10,4,7,6,7,3,1
1,20,33,2,3,0,10,6,1,3,12,13,40741.0,868,18748.0,9,6,48,82,72,92,5,31,9,8,6,10,7,4,8,8,1,2,3,4,10,5,3,3,8,10,4,7,3,9,0
0,19,26,4,3,0,2,2,4,5,7,12,43044.0,1308,51120.0,1,9,26,86,81,54,94,93,1,3,3,2,2,3,9,3,10,4,4,9,5,1,1,4,4,4,9,6,10,6,1
0,42,37,4,3,0,4,2,1,4,5,5,69963.0,886,57451.0,8,4,20,12,30,7,26,41,1,1,9,4,3,5,4,9,8,1,7,4,1,2,1,5,7,6,9,4,1,4,1
1,39,39,1,2,0,3,6,3,3,10,14,76284.0,1420,41758.0,4,5,11,63,68,89,10,11,10,10,5,6,10,7,5,5,6,4,2,6,3,9,9,4,10,1,4,4,1,4,0
0,35,20,4,2,0,2,6,4,2,2,15,120147.0,961,32218.0,8,9,53,54,96,72,47,24,2,6,10,3,5,2,8,2,4,3,5,7,3,6,1,1,3,3,9,7,3,10,0
1,41,36,1,6,0,7,5,7,4,14,14,143471.34999999998,1449,47746.0,8,8,78,87,90,81,64,96,2,6,6,6,8,3,10,3,4,5,7,10,1,5,10,4,1,8,1,3,6,2,0
1,29,22,5,6,0,1,1,2,2,9,10,125961.0,1075,47222.0,5,2,96,5,83,19,20,41,1,6,6,1,8,10,6,7,9,9,1,6,5,8,4,5,10,7,5,6,5,6,0
0,26,25,3,6,0,1,1,4,6,4,4,69553.0,1275,51094.0,10,7,25,75,4,69,51,87,5,10,8,5,2,5,4,2,2,6,1,7,4,9,6,6,3,5,3,2,7,7,1
0,26,31,3,6,0,1,5,4,6,13,6,67115.0,1290,35921.0,7,9,40,23,67,81,59,26,8,3,7,3,8,3,3,4,8,3,3,6,3,5,4,10,9,3,10,7,5,6,0
1,35,41,1,4,0,5,5,5,3,1,6,26252.95,1438,24535.0,10,1,24,66,16,77,60,22,7,3,9,9,3,3,10,10,9,4,9,4,6,7,6,7,2,1,3,4,3,4,0
1,35,20,6,2,0,2,5,5,6,12,14,85029.0,1358,57566.3,2,6,52,12,96,25,80,69,3,3,4,1,5,5,10,3,1,4,3,5,4,8,7,8,7,4,3,1,3,5,0
0,24,41,3,4,0,1,3,7,3,12,1,107407.0,1214,26689.0,5,7,13,33,96,63,32,67,3,3,6,10,7,8,8,3,8,3,10,6,7,10,2,4,1,4,3,10,2,5,1
1,43,30,6,5,0,8,4,3,4,15,13,125713.0,1358,33547.0,10,4,25,95,70,32,31,49,7,6,1,2,7,7,5,5,10,10,5,3,6,8,3,3,4,2,6,2,2,3,0
1,21,28,3,6,0,2,4,4,3,3,9,115896.0,1206,32287.0,1,1,84,50,75,18,65,30,8,7,6,3,5,4,6,3,3,1,6,6,9,10,1,4,3,1,5,1,1,3,0
1,30,25,6,5,0,6,6,2,5,18,2,80009.0,1559,25870.0,2,1,94,74,54,14,45,62,6,3,10,6,3,7,1,9,6,8,6,8,6,8,3,5,1,8,2,1,5,10,0
0,34,36,1,2,0,10,2,5,2,15,2,36583.0,1463,32213.0,6,7,70,27,29,52,95,54,10,6,4,3,5,10,5,7,1,5,7,10,8,1,8,2,4,5,5,2,5,2,0
1,41,27,5,1,0,6,1,3,1,7,11,123391.0,1078,29183.0,1,2,47,4,5,57,49,74,3,3,6,10,3,4,6,5,4,3,2,4,5,2,4,9,6,2,9,4,1,3,1
0,19,43,4,6,0,10,5,7,1,1,7,76168.0,1331,13085.0,3,1,66,8,10,30,24,60,9,10,2,6,3,5,1,7,8,7,8,10,9,5,2,3,7,3,6,3,7,6,0
1,31,35,5,5,1,8,6,6,5,6,3,131767.0,1181,49555.0,9,6,54,45,28,34,28,6,1,1,9,4,10,7,4,6,4,10,10,5,3,4,10,7,8,10,3,3,2,5,0
0,20,43,2,6,0,5,1,4,3,12,12,116720.0,1361,54653.0,9,7,4,49,77,32,8,63,7,8,9,8,6,2,4,10,7,9,1,10,6,8,8,5,5,10,7,8,4,4,0
1,22,35,1,6,0,7,5,3,2,6,6,131602.0,837,12502.4,6,2,85,10,56,70,58,24,2,2,8,5,6,9,2,7,10,10,9,3,9,9,8,7,3,1,4,10,4,10,0
0,31,42,4,2,0,1,3,4,1,17,7,110711.0,877,19029.0,10,3,4,95,4,27,32,36,7,4,2,2,6,10,10,4,2,8,5,3,3,9,1,8,7,1,9,7,5,2,0
0,20,24,1,1,1,7,5,1,4,7,6,142241.0,1168,22320.0,4,2,43,9,56,5,49,11,5,2,7,9,9,5,5,2,2,3,1,1,5,2,8,9,4,9,4,9,10,8,0
0,40,33,2,1,0,9,5,4,7,12,2,27090.0,837,41526.0,8,6,52,77,80,58,12,17,10,4,6,9,5,7,8,8,9,4,1,8,2,9,4,8,10,1,6,3,4,3,0
1,24,23,2,3,0,1,6,1,5,10,14,63803.0,1038,51728.0,5,3,55,68,44,65,76,16,8,5,10,2,1,10,4,4,1,6,8,4,4,1,2,4,2,7,5,2,3,3,0
1,35,33,5,4,0,1,4,1,1,4,13,26252.95,1326,43244.0,10,1,59,59,57,46,85,53,8,2,1,10,3,8,5,1,9,2,1,9,5,8,7,4,1,9,10,9,5,4,0
1,30,33,3,2,0,5,4,2,2,6,15,48630.0,1475,22382.0,10,2,68,4,7,49,35,5,5,5,7,9,8,4,2,1,2,6,10,7,9,3,7,7,6,5,3,3,10,5,0
0,40,40,6,5,0,10,3,1,3,8,15,78431.0,1559,57566.3,2,5,23,64,23,40,91,67,6,7,2,9,8,10,2,3,2,6,10,3,6,8,3,4,2,5,2,8,7,2,0
1,43,41,2,4,0,4,4,1,5,10,13,29132.0,1476,30724.0,9,5,70,69,49,52,68,34,6,7,8,1,10,4,6,5,8,5,1,3,4,7,7,2,2,2,5,8,2,6,0
0,39,19,6,3,0,3,5,2,5,10,6,80746.0,1011,27759.0,3,9,87,26,19,71,19,41,8,9,8,2,5,6,6,3,4,9,8,9,3,4,10,2,2,8,8,4,1,7,0
1,27,41,5,5,1,4,4,4,3,17,12,60135.0,926,20247.0,6,5,7,84,91,46,53,78,3,8,8,10,7,3,2,2,2,10,8,7,1,1,5,7,2,9,9,8,9,1,0
0,42,36,4,1,0,4,5,4,5,4,5,57874.0,1309,24112.0,9,1,28,4,65,68,29,90,6,7,4,10,6,5,3,7,6,2,3,10,4,9,10,9,6,6,1,4,7,8,0
0,30,20,2,6,0,2,4,3,3,7,9,136404.0,903,52666.0,1,5,44,45,96,73,69,48,4,2,6,1,3,7,3,9,5,8,7,6,8,9,3,3,1,7,8,4,1,6,0
0,33,23,3,6,0,6,6,1,2,3,12,49163.0,849,40890.0,3,4,7,49,91,96,65,9,9,6,1,9,1,3,4,1,6,6,5,5,9,7,2,9,9,9,10,2,7,6,0
1,26,21,5,4,0,10,6,1,1,15,7,143471.34999999998,857,30151.0,7,5,73,56,4,72,84,52,5,8,7,10,2,7,9,6,10,10,8,4,4,1,1,9,3,3,6,8,1,5,0
1,19,21,3,5,0,1,6,7,1,18,11,80054.0,837,12502.4,7,1,34,53,63,87,67,9,3,9,1,4,3,4,1,6,2,10,2,6,2,7,2,5,2,1,1,8,10,1,0
1,40,21,5,2,0,9,5,3,7,6,5,115522.0,887,17754.0,5,8,62,26,33,75,67,4,9,5,10,2,2,6,9,1,4,2,7,8,8,1,1,9,4,5,10,6,7,8,0
0,22,27,4,6,0,2,4,5,4,18,8,43389.0,1322,12502.4,8,5,16,27,87,41,46,96,7,10,8,6,2,7,1,8,1,7,8,3,6,8,4,4,1,1,10,8,8,8,0
0,39,26,5,5,1,7,4,2,7,4,16,54929.0,856,23503.0,10,5,4,18,54,82,61,7,9,10,7,10,7,3,6,7,5,2,4,1,8,4,1,2,5,3,3,10,2,6,0
1,34,25,3,2,0,3,2,7,1,15,17,127174.0,1378,45906.0,5,5,21,81,70,96,10,45,6,10,4,8,8,8,10,10,7,7,8,6,9,1,8,7,4,6,7,9,4,7,0
1,40,36,6,5,0,8,5,1,2,6,3,135841.0,1224,38482.0,8,8,19,83,82,25,14,8,8,10,1,5,4,3,6,4,5,5,6,5,7,6,4,8,9,4,7,4,2,10,0
1,39,34,2,2,1,3,2,7,2,3,2,74695.0,1545,50717.0,3,4,52,10,34,6,75,20,10,7,8,8,7,3,1,2,10,4,8,5,1,2,8,7,6,3,10,2,5,2,0
0,21,34,3,4,0,10,4,6,3,18,14,27151.0,1264,42864.0,5,7,61,81,36,58,71,82,3,8,1,1,8,1,4,9,6,8,8,9,7,6,6,7,9,10,6,6,2,4,1
0,34,19,6,3,0,9,2,2,7,6,3,107528.0,1559,54488.0,1,2,4,6,62,33,63,44,10,2,1,1,5,6,4,4,8,10,1,10,5,5,6,1,9,1,5,6,9,5,0
0,26,37,6,2,0,5,6,6,6,17,5,70654.0,1068,12502.4,9,7,75,41,27,78,13,72,2,4,7,1,4,7,1,3,10,3,9,10,9,8,7,4,7,7,7,3,1,7,0
0,37,31,2,4,0,6,3,6,2,14,13,44493.0,1408,36947.0,1,1,49,40,28,88,5,58,10,10,2,4,8,2,10,4,4,6,10,3,2,9,1,3,10,7,8,1,10,1,0
0,19,39,5,1,0,2,6,1,2,1,4,31215.0,1021,33297.0,7,8,66,80,9,51,7,27,7,4,5,10,2,1,9,3,10,8,8,5,6,3,3,6,1,4,1,6,7,3,1
1,41,37,4,6,0,2,6,5,3,15,17,131049.0,988,13074.0,10,8,31,95,12,31,63,83,9,3,6,1,1,5,9,1,6,3,10,8,1,1,7,6,1,2,2,4,8,3,0
0,35,43,5,1,0,6,2,7,7,17,6,103418.0,1116,47441.0,1,7,70,38,84,51,69,69,9,4,9,1,7,8,10,10,7,8,2,6,4,5,5,5,3,3,10,8,8,5,0
0,38,28,6,3,0,10,1,4,2,14,17,63992.0,1230,22949.0,7,9,93,32,44,50,13,4,8,8,4,2,7,4,6,7,3,7,2,4,1,6,8,9,6,8,1,1,9,8,1
0,43,20,4,6,0,5,3,4,1,15,17,111398.0,950,57566.3,9,3,63,36,4,20,46,52,3,8,9,6,9,1,2,7,8,6,6,7,8,9,5,3,9,3,4,3,10,7,0
0,39,41,6,6,1,10,5,7,4,1,8,78904.0,1008,34172.0,2,5,52,4,23,83,70,76,4,7,5,1,6,2,4,8,10,6,2,5,5,2,9,6,6,4,6,4,5,2,0
0,28,25,6,4,0,1,4,4,5,18,14,143471.34999999998,959,38329.0,10,7,40,92,54,23,25,58,5,1,6,9,8,5,6,4,8,10,4,4,3,4,4,8,5,10,9,9,8,3,0
1,30,39,4,1,0,9,4,1,1,12,11,58420.0,981,38580.0,2,2,30,41,18,27,19,4,4,7,5,2,5,2,1,10,10,4,7,4,8,2,9,5,1,3,4,5,6,1,0
0,25,42,4,6,0,6,6,6,5,10,12,26252.95,1559,56022.0,5,4,81,41,23,18,24,12,10,5,9,4,2,4,5,9,5,3,5,10,9,2,3,7,5,7,2,1,10,4,0
0,43,27,2,1,0,4,4,5,6,13,16,143471.34999999998,1128,27312.0,1,1,68,67,31,59,65,75,4,10,9,10,5,5,8,6,8,3,10,7,10,10,8,3,2,5,7,7,7,1,0
0,19,34,1,2,0,5,3,3,3,1,12,78091.0,1072,33820.0,8,9,54,39,17,96,66,53,10,6,7,4,10,9,5,1,1,10,1,10,6,8,2,2,4,4,4,1,10,8,0
1,34,25,3,6,0,7,5,5,7,18,15,28346.0,1559,29454.0,7,7,36,75,76,53,18,17,4,9,7,4,7,8,6,4,2,8,10,1,10,4,10,3,8,8,10,9,8,4,0
1,29,39,5,3,0,6,1,6,7,14,1,89073.0,1193,42291.0,4,7,72,35,46,4,10,41,1,9,4,3,6,8,6,6,6,7,1,4,2,7,1,2,8,4,1,9,5,4,0
1,21,19,3,3,1,1,1,6,5,7,17,30852.0,1300,45387.0,7,3,87,77,63,77,81,74,8,2,5,7,3,3,3,6,9,6,4,10,10,5,4,4,10,5,8,2,2,6,1
0,38,37,1,6,0,2,2,1,7,4,11,118409.0,1132,57566.3,4,1,93,95,71,52,65,72,2,8,7,6,2,10,7,6,5,7,2,4,6,9,8,9,8,7,7,5,9,10,0
1,30,38,6,1,0,9,1,5,3,10,5,58365.0,1074,34848.0,3,1,26,33,27,9,88,26,2,4,10,4,8,8,9,8,10,5,6,5,5,2,1,10,10,6,5,1,9,6,1
0,26,24,2,3,0,5,2,5,7,5,16,109463.0,837,28243.0,9,2,21,25,61,94,89,69,2,4,7,6,2,6,4,5,10,8,8,1,7,1,4,2,10,1,5,9,9,8,0
0,43,41,3,3,1,8,6,7,6,3,14,109149.0,1549,37223.0,2,1,35,69,10,65,11,25,8,3,9,4,7,2,7,6,6,8,8,4,10,7,1,9,4,2,5,7,4,1,0
1,24,26,1,2,0,3,6,3,4,6,8,29234.0,896,26441.0,9,5,96,75,24,14,53,58,2,8,2,1,10,1,9,7,2,7,3,10,7,2,5,1,10,7,4,7,8,5,1
0,40,29,4,3,0,7,1,2,3,18,2,71761.0,1520,28425.0,3,5,6,4,58,30,36,38,1,4,4,7,3,2,2,6,10,8,5,8,2,9,7,6,9,5,3,10,10,6,0
0,41,39,4,6,0,2,3,5,1,8,16,64317.0,936,14471.0,4,7,18,56,22,89,71,16,10,2,10,6,8,10,8,4,6,2,2,8,7,1,10,1,8,1,8,7,10,4,0
0,22,43,6,5,0,3,2,6,1,1,13,50805.0,1211,54630.0,10,6,66,55,44,4,6,68,1,1,7,3,7,3,5,7,4,8,7,5,2,9,7,1,5,6,3,2,1,7,0
1,22,26,4,4,1,9,4,6,3,5,12,65262.0,1401,42478.0,7,1,79,30,89,46,29,92,5,10,6,1,7,6,3,7,7,1,5,1,2,2,3,1,3,1,10,1,9,2,0
0,34,37,1,3,0,6,3,5,4,13,8,118379.0,1309,47707.0,5,2,83,17,46,37,20,51,2,7,6,6,9,6,9,7,8,6,10,8,5,8,1,10,3,2,9,9,1,2,1
0,26,41,2,1,0,9,4,4,6,13,7,134903.0,1297,13301.0,2,2,36,54,56,33,28,42,10,9,9,4,3,5,3,10,3,2,7,8,4,3,1,2,9,1,10,2,6,6,0
1,23,20,1,2,0,8,3,7,7,13,3,32073.0,1029,42134.0,3,5,29,26,96,88,82,37,5,5,4,5,4,6,6,3,2,1,3,7,1,10,7,6,6,10,3,6,4,7,0
0,42,21,6,1,0,1,6,5,4,18,9,76150.0,1519,41122.0,9,5,23,45,85,44,34,32,10,6,4,9,2,2,6,9,6,6,6,8,1,2,2,8,2,4,7,7,9,5,0
0,36,27,1,1,1,4,3,3,6,16,16,105620.0,1058,47285.0,7,5,64,56,65,41,23,30,7,5,1,9,3,1,8,5,3,8,3,6,2,10,2,3,7,5,6,7,7,6,0
1,33,21,2,5,0,1,4,4,4,4,12,106584.0,1559,15674.0,8,4,65,42,92,67,49,13,4,1,6,6,7,10,8,4,5,9,6,10,9,3,8,5,1,7,5,7,5,9,0
0,38,39,4,3,0,4,3,3,5,15,6,34010.0,1251,48641.0,8,5,65,85,87,96,7,36,8,4,7,2,2,7,3,3,1,4,3,2,9,6,1,4,10,6,10,2,6,1,0
0,19,26,4,6,0,6,5,4,2,10,15,49029.0,1029,43979.0,7,1,8,95,86,14,73,32,5,2,2,6,2,5,3,8,3,1,4,5,2,7,2,9,3,7,4,3,10,8,0
0,27,39,6,2,0,10,6,5,3,16,16,125025.0,1486,52370.0,2,2,96,76,16,14,13,84,5,9,6,2,5,10,10,9,2,9,1,1,8,9,9,5,1,10,9,5,1,9,0
0,33,19,3,3,1,7,6,6,1,16,11,52919.0,929,19888.0,9,6,96,33,68,60,95,4,9,4,8,5,6,2,7,10,10,5,1,9,4,10,8,2,1,1,1,7,3,9,0
0,22,22,6,2,0,4,5,6,3,18,8,131091.0,1559,54032.0,8,2,15,95,48,48,70,65,1,3,8,8,4,3,8,3,1,4,3,10,1,3,9,3,8,3,1,10,10,2,0
1,32,26,4,5,0,9,5,6,5,15,14,49168.0,1194,23696.0,9,2,4,80,34,47,72,47,6,8,2,2,6,7,8,2,9,6,10,8,5,4,7,10,1,1,4,9,3,10,0
1,30,22,4,3,0,6,5,1,3,14,14,108828.0,1130,45885.0,6,8,17,37,68,15,95,74,3,9,6,6,1,7,9,4,4,4,2,1,9,3,7,8,10,8,8,10,8,5,0
1,30,23,5,5,1,9,6,7,2,3,9,33665.0,1223,26983.0,6,6,96,26,46,40,11,19,9,9,3,4,10,8,3,7,3,5,1,6,4,6,2,1,6,1,2,4,9,2,0
1,30,36,2,2,1,2,6,5,3,10,7,54131.0,1137,41117.0,9,1,65,78,14,58,44,29,8,9,8,1,8,9,5,2,8,1,3,3,10,4,2,5,9,6,1,6,4,4,0
0,32,25,2,1,0,4,6,2,4,7,3,50362.0,1204,36301.0,9,5,48,42,57,63,84,60,7,9,9,10,4,6,2,9,8,6,5,6,8,6,6,4,9,1,7,1,1,6,0
0,31,27,2,1,0,1,4,1,2,8,9,132243.0,1045,56063.0,8,5,76,84,56,67,30,41,1,6,9,5,8,3,1,3,3,7,7,9,5,8,2,1,2,4,10,9,6,4,0
0,25,28,6,6,1,5,5,1,5,7,14,118368.0,983,33608.0,2,7,35,67,82,22,52,69,1,7,3,5,4,5,6,4,2,7,9,4,2,5,2,4,5,9,10,4,2,10,0
0,28,30,1,5,0,6,2,5,1,12,5,72843.0,1176,41412.0,3,7,6,44,16,38,44,59,3,10,3,4,1,1,3,5,7,2,9,10,5,9,5,5,8,8,1,2,4,7,1
0,35,37,3,3,1,2,6,4,2,3,4,129810.0,1542,38908.0,2,5,57,42,4,38,35,24,6,10,8,9,8,9,4,2,1,2,5,10,2,5,2,8,1,9,8,3,1,7,0
1,41,21,5,1,0,9,1,2,2,6,8,39476.0,1016,38361.0,10,6,49,15,47,22,25,24,7,2,10,7,2,3,2,7,6,3,7,9,5,4,7,10,7,1,7,3,8,4,0
1,21,28,6,3,0,2,5,4,5,3,2,123553.0,877,57566.3,4,5,10,11,58,4,23,49,9,5,1,6,8,3,7,4,10,1,8,8,2,7,3,7,7,7,4,9,7,6,0
0,43,29,3,3,1,1,2,4,2,1,9,143471.34999999998,1330,57033.0,7,3,8,94,96,18,95,12,2,5,2,1,10,7,6,7,1,1,3,9,9,6,6,7,2,1,7,7,2,5,0
0,27,22,5,4,0,4,2,6,3,3,2,93169.0,1232,34666.0,2,1,11,18,81,62,74,46,7,6,9,5,4,9,7,8,1,3,4,3,8,8,9,4,2,3,7,3,5,9,0
0,19,27,6,2,0,1,4,5,6,11,8,41568.0,1165,16904.0,10,1,61,29,26,37,10,73,9,9,9,9,2,9,4,6,2,4,1,8,2,6,8,10,9,7,9,7,3,8,0
1,22,42,5,3,0,5,5,6,6,10,8,99305.0,1279,57566.3,4,2,85,8,96,14,31,23,9,7,1,2,7,7,3,5,9,3,2,6,1,9,7,10,5,2,9,7,8,5,1
0,30,41,3,2,0,4,1,7,2,10,5,131085.0,909,55852.0,2,8,70,5,85,63,89,51,2,6,4,10,4,9,2,8,5,7,4,8,1,9,6,8,1,8,10,7,2,4,0
0,19,24,2,6,0,1,6,7,3,11,16,26252.95,1559,52615.0,1,3,46,82,11,50,89,49,9,2,1,10,10,8,6,5,10,4,7,3,10,5,7,2,1,8,8,7,6,2,0
0,40,38,2,1,0,2,3,6,3,6,1,42766.0,1061,51782.0,3,6,4,77,62,35,8,21,1,8,4,4,1,7,10,7,4,8,8,2,7,8,6,1,4,10,4,5,5,3,0
1,25,26,2,2,1,10,2,1,3,14,9,76438.0,927,22426.0,10,9,15,77,36,11,51,49,7,1,5,1,8,8,6,7,10,4,9,3,7,2,2,2,9,3,8,7,9,8,1
0,20,26,6,5,0,4,5,4,1,11,9,127860.0,927,25031.0,4,2,88,4,89,94,84,53,3,8,8,7,9,7,10,1,7,9,3,7,2,8,7,10,10,2,7,9,2,1,0
1,20,27,3,1,0,2,3,3,3,1,4,127351.0,837,19878.0,10,1,8,20,11,22,46,87,6,5,1,4,10,4,9,8,1,3,3,5,5,3,2,6,5,7,4,2,4,5,0
1,24,27,5,2,0,2,4,1,2,12,9,74046.0,1161,40007.0,5,1,96,39,18,50,89,32,6,5,4,4,5,3,3,7,9,8,4,1,10,9,10,1,10,5,8,4,6,6,0
1,21,19,2,6,0,3,4,1,7,18,15,52041.0,1559,25115.0,3,3,54,69,59,17,87,32,4,4,1,4,7,3,7,8,3,3,5,7,3,10,9,9,2,5,7,7,4,3,0
1,20,21,6,6,1,10,3,7,4,9,12,58233.0,1526,47100.0,3,9,31,25,75,86,95,30,1,7,10,6,4,5,4,2,9,8,10,5,3,1,2,8,9,8,3,1,2,8,0
1,32,25,3,3,1,4,6,2,3,13,1,47318.0,961,12502.4,2,5,20,20,10,57,5,56,3,8,5,3,4,7,10,2,1,10,5,1,7,2,3,8,4,6,5,1,5,6,0
1,25,31,6,4,0,8,4,5,7,6,1,142353.0,1355,34556.0,1,2,36,72,88,28,57,34,6,9,9,6,7,5,4,6,3,7,9,7,2,2,4,2,10,3,10,10,6,2,0
0,20,34,4,5,0,6,6,6,4,11,13,92580.0,1079,19791.0,7,5,32,76,20,53,80,49,9,7,3,1,7,2,2,8,1,6,7,2,9,10,5,1,5,3,1,8,3,7,0
0,24,30,1,5,0,7,6,2,5,12,9,56313.0,1147,36769.0,7,2,19,90,10,84,77,83,1,5,3,5,1,6,3,2,6,7,6,2,1,2,10,6,5,8,10,8,1,3,0
0,35,38,6,1,0,2,6,2,1,7,4,61878.0,1514,57566.3,9,5,79,38,92,56,80,66,7,2,6,9,4,10,8,2,1,7,10,2,2,1,5,1,2,6,5,6,5,8,0
1,28,41,5,2,0,9,5,4,3,14,12,37809.0,1344,28061.0,8,9,54,7,6,78,61,50,5,1,6,7,3,9,10,4,2,4,6,3,1,7,10,5,7,1,2,3,6,6,0
0,28,35,1,1,1,5,4,6,6,14,11,110088.0,1047,38452.0,8,1,28,95,81,93,9,64,4,8,2,4,4,3,4,6,8,10,9,2,3,4,4,2,7,6,2,6,3,8,0
1,34,35,4,6,0,2,5,5,5,6,11,91479.0,895,33692.0,8,3,42,28,70,96,88,43,6,7,8,10,2,1,6,8,5,10,1,2,3,2,6,6,4,4,6,8,4,6,0
1,23,30,5,4,0,2,6,5,1,5,4,83935.0,1049,12502.4,9,2,12,13,7,22,54,70,4,2,4,2,3,5,8,9,2,3,7,8,6,8,9,7,4,4,4,7,6,9,0
1,25,25,3,6,0,1,6,6,5,13,3,143371.0,1182,50674.0,7,3,92,22,22,30,40,4,7,8,2,3,10,3,3,5,10,9,6,5,7,9,7,2,9,4,10,2,8,3,0
0,19,43,5,1,0,1,6,1,1,3,2,70167.0,1512,57566.3,1,9,73,9,96,31,55,52,6,5,8,6,2,1,6,1,1,1,4,7,7,2,5,8,8,10,6,2,4,4,0
1,27,29,2,3,0,5,2,3,2,13,13,31958.0,1430,21506.0,7,9,42,15,59,44,19,44,7,2,10,10,1,6,10,10,7,6,4,2,3,10,5,9,9,5,1,8,9,2,0
1,42,42,1,4,0,3,2,4,7,1,14,143471.34999999998,1179,49169.0,3,4,95,10,28,35,58,18,6,5,7,9,9,1,7,10,9,7,1,8,3,10,3,6,5,1,5,10,9,10,0
0,36,40,5,2,0,2,4,6,4,16,10,26252.95,1053,56739.0,7,2,43,95,49,64,60,19,8,4,4,4,9,6,1,5,2,9,5,9,1,3,8,4,6,2,6,6,7,1,0
0,20,41,3,2,0,1,1,7,1,2,5,95723.0,1104,16007.0,2,1,18,31,12,37,11,31,2,5,9,6,5,5,5,10,9,9,10,9,8,10,5,2,4,6,9,9,4,10,0
1,21,38,6,4,0,10,3,5,3,11,13,70688.0,1171,20075.0,8,8,43,95,34,84,68,64,4,1,1,3,4,3,3,5,5,8,5,4,7,6,3,2,6,1,3,7,2,9,1
1,28,19,6,6,1,1,3,7,7,9,10,78237.0,1559,42277.0,9,7,62,29,71,66,17,12,4,1,6,3,9,10,4,10,6,6,8,10,9,9,1,2,1,4,2,8,2,6,0
0,32,37,2,3,0,4,6,3,6,11,14,91070.0,1559,53093.0,5,6,25,39,82,74,10,51,8,2,3,10,1,8,6,9,2,2,5,6,9,1,10,3,7,3,1,10,2,8,1
0,19,35,6,2,0,2,6,5,4,10,9,27518.0,1018,41166.0,6,3,82,51,48,51,54,19,3,6,6,10,5,8,5,8,8,10,3,1,4,10,7,5,1,7,1,2,7,3,0
0,26,20,1,5,0,8,5,2,4,12,13,77794.0,1052,36084.0,10,6,4,28,19,49,88,11,9,5,2,3,7,5,9,5,4,10,4,1,6,9,1,1,2,1,9,9,7,10,1
1,28,29,4,4,1,2,5,7,1,11,1,86482.0,930,14432.0,8,1,63,90,4,88,29,90,4,10,8,9,9,4,2,7,8,8,10,8,8,10,1,10,7,7,7,9,2,8,1
0,36,36,3,4,0,10,3,4,5,15,14,62455.0,927,54618.0,9,6,69,85,94,25,53,39,6,7,4,6,10,9,4,3,8,7,2,4,6,7,8,3,4,7,3,7,2,7,1
0,30,42,1,5,0,6,3,2,3,17,2,81690.0,944,55653.0,10,2,67,4,96,50,62,30,2,3,9,2,6,4,9,3,8,4,8,5,4,9,6,7,4,3,10,3,5,4,0
0,43,30,1,3,0,5,6,4,1,6,5,62736.0,1200,40993.0,1,1,82,91,75,22,29,88,3,6,10,6,5,9,3,1,6,2,2,9,10,8,8,8,8,7,1,2,8,7,0
1,33,27,6,4,0,5,4,1,2,17,5,81576.0,922,20459.0,10,9,37,71,15,90,13,8,6,3,8,8,4,10,7,6,3,3,9,7,8,2,7,1,10,9,5,3,7,4,1
0,21,32,6,5,0,9,2,4,2,16,3,86140.0,901,54069.0,4,9,74,15,36,39,77,89,2,8,2,8,3,6,2,5,2,8,5,1,5,8,4,1,3,5,5,5,8,1,0
0,19,37,1,4,0,9,5,7,3,14,5,42368.0,906,47507.0,2,8,14,86,26,33,77,71,9,8,5,9,10,4,10,1,5,7,8,4,6,6,9,1,6,3,7,4,9,10,0
0,37,19,2,4,0,9,6,2,7,5,16,26252.95,1046,37364.0,8,5,61,44,60,62,86,31,3,10,6,8,2,4,7,2,2,4,8,4,6,3,6,6,4,5,1,8,9,10,0
0,30,36,4,2,0,8,4,6,5,11,15,124499.0,1417,24009.0,3,1,81,32,70,20,17,55,9,1,1,6,4,2,3,10,1,10,8,9,5,1,4,8,10,8,8,4,7,9,0
0,19,20,6,6,1,3,1,4,6,14,2,57548.0,1326,31852.0,6,6,45,25,96,45,95,42,10,9,2,5,3,5,9,5,1,8,3,9,3,2,6,3,3,1,10,1,10,8,0
1,22,31,3,1,0,8,1,4,5,15,15,89032.0,1421,12502.4,10,2,22,16,43,61,55,16,9,1,6,5,9,5,5,10,6,10,5,8,1,8,10,3,7,2,3,5,9,10,0
1,22,24,3,1,0,4,1,7,3,14,7,36276.0,1164,54973.0,2,6,62,52,31,42,75,88,3,5,7,4,5,2,1,10,4,4,7,2,7,9,10,6,10,3,4,2,9,3,0
1,31,25,3,4,0,7,6,3,7,16,6,26252.95,1065,43965.0,1,5,60,77,93,70,48,66,1,9,4,3,3,1,3,3,10,2,3,3,2,6,6,1,1,6,1,10,9,6,0
0,43,28,4,2,0,2,4,6,3,7,8,59789.0,1155,32327.0,6,6,36,55,49,49,5,56,2,7,7,10,6,9,6,2,3,2,5,7,4,1,5,2,1,2,7,7,1,7,0
1,40,39,1,6,0,1,4,2,3,17,7,82764.0,1498,57566.3,9,8,68,5,59,5,45,57,2,5,8,5,5,10,9,9,5,7,10,4,2,8,3,10,3,6,5,9,1,8,0
1,31,37,1,5,0,1,4,7,3,15,3,139079.0,996,31960.0,7,9,50,58,51,57,67,72,4,10,6,4,6,6,2,8,4,7,4,4,2,4,10,7,6,5,5,5,7,10,0
1,25,23,2,2,1,6,5,4,6,17,14,108866.0,1159,53798.0,2,1,92,26,93,54,5,14,10,7,6,1,4,7,7,6,10,9,8,5,9,10,7,1,8,4,8,9,4,1,0
0,21,28,1,4,0,8,3,1,2,11,10,45878.0,1559,37262.0,8,3,61,62,89,55,74,57,6,2,7,4,3,4,5,7,4,3,7,5,5,1,5,1,1,9,7,5,4,4,0
0,24,34,3,5,0,9,2,6,1,5,10,104581.0,1031,12502.4,3,1,46,66,70,74,95,78,3,10,5,2,6,3,2,3,2,6,3,3,1,8,6,5,7,8,4,3,3,2,1
1,37,27,2,1,0,7,5,3,7,15,6,143471.34999999998,1103,12502.4,5,5,27,42,49,4,18,72,1,10,4,1,9,7,7,8,8,2,2,2,1,4,8,10,9,7,7,2,3,5,0
1,36,41,6,1,0,7,6,7,1,8,3,56462.0,1038,34561.0,8,8,66,56,71,87,14,78,3,6,1,10,10,10,5,4,1,1,4,8,8,7,7,1,8,6,4,8,3,4,1
0,32,34,3,2,0,6,6,6,6,4,11,69992.0,968,33673.0,10,5,56,80,7,44,19,17,1,9,5,3,9,8,6,4,5,4,10,10,9,6,1,9,2,3,4,4,9,7,0
0,39,38,1,3,0,4,1,2,5,1,5,122858.0,1383,43479.0,10,7,48,74,19,75,50,17,2,7,3,3,6,4,8,6,6,6,6,10,4,2,3,4,8,5,6,4,5,1,0
1,21,19,2,4,0,3,1,7,5,4,8,35064.0,1074,27390.0,9,4,94,24,96,87,23,55,4,3,5,7,6,2,8,7,4,6,6,10,8,3,2,4,7,7,7,3,7,10,0
0,36,23,6,5,0,4,3,7,5,10,2,35569.0,1411,41740.0,10,1,12,13,8,73,9,89,10,7,5,6,2,4,7,1,9,2,9,4,8,9,2,2,4,3,3,2,1,2,0
1,26,42,5,1,0,8,6,2,4,8,4,124467.0,1024,18097.0,3,6,71,72,47,22,17,38,1,6,3,7,1,10,10,6,5,2,7,1,3,2,1,6,7,6,5,3,9,5,0
0,38,22,4,2,0,1,1,4,2,12,8,138455.0,1442,34444.0,5,5,70,87,77,84,74,91,6,5,10,5,9,8,1,8,7,10,6,4,2,1,6,9,10,4,5,10,10,9,0
1,30,21,5,4,0,7,4,7,4,14,13,41496.0,1192,51445.0,7,7,72,57,77,42,22,62,3,4,10,2,7,1,5,7,9,4,1,1,10,4,7,4,6,4,10,6,3,7,1
1,31,19,2,5,0,6,2,1,7,16,5,36533.0,1480,52037.0,4,2,48,71,92,39,58,61,8,2,10,10,7,10,8,10,1,8,5,10,1,3,8,6,1,1,8,2,5,10,0
0,40,29,2,3,0,6,6,6,2,17,2,31528.0,1519,38781.0,6,6,17,51,5,57,92,17,10,6,10,6,1,1,9,4,5,1,5,8,2,8,4,5,3,10,6,6,3,9,0
1,31,20,4,5,0,3,1,4,4,12,3,143467.0,1243,40405.0,7,9,79,48,11,63,38,30,6,1,9,10,10,4,5,9,5,8,4,2,7,3,9,3,5,6,3,1,1,4,0
1,39,23,6,2,0,7,5,1,1,10,3,108112.0,1492,47372.0,6,2,33,51,57,24,91,93,3,1,7,4,8,7,6,3,5,2,7,1,9,7,5,7,4,9,1,5,6,3,0
1,27,41,3,5,0,8,2,1,4,12,10,67783.0,845,39128.0,10,1,6,66,64,57,58,96,4,8,1,10,4,2,2,10,3,8,6,9,4,5,2,1,2,6,10,7,9,9,1
0,33,31,2,2,1,1,4,5,1,1,11,40936.0,1559,35771.0,4,6,53,46,44,71,5,24,5,9,1,7,6,8,7,1,5,4,10,9,1,1,4,4,5,4,6,7,6,4,0
0,22,25,6,4,0,6,2,3,1,9,17,78923.0,1278,12502.4,1,6,79,32,56,84,83,4,2,4,9,5,1,2,6,6,6,1,5,4,6,10,8,1,8,1,8,4,10,4,0
0,40,38,5,4,0,10,3,2,6,10,14,123559.0,837,34702.0,10,6,11,93,54,42,70,8,2,8,10,6,6,1,7,9,9,1,7,7,10,7,8,5,4,6,6,4,4,8,0
1,43,38,4,6,0,10,2,4,3,11,5,45501.0,1209,34033.0,6,5,92,29,32,74,24,94,8,7,3,5,8,6,1,6,6,3,9,6,2,5,2,10,2,5,9,6,7,5,0
0,23,43,1,1,1,9,5,4,2,17,17,142031.0,1321,39859.0,1,6,50,90,72,48,53,22,1,5,3,4,6,4,2,1,8,9,5,4,7,5,6,9,7,2,9,1,2,7,1
1,43,31,1,6,0,10,1,2,3,9,7,87879.0,1106,19262.0,7,6,54,37,63,66,88,53,6,4,6,3,2,6,5,1,5,4,4,8,10,3,8,1,6,3,2,8,9,6,0
1,19,20,1,2,0,8,4,3,5,6,12,101313.0,1559,36671.0,5,3,85,31,43,74,16,96,3,1,2,7,4,4,8,1,1,8,8,3,7,1,4,7,4,6,10,7,3,3,0
0,30,33,4,6,0,9,3,2,5,4,14,51282.0,1243,49585.0,5,5,58,52,96,52,58,86,4,5,2,6,4,7,4,8,4,5,9,2,9,9,5,3,6,2,9,8,7,3,0
0,30,32,2,4,0,1,3,1,3,4,15,53567.0,1545,18499.0,4,8,66,69,16,30,5,56,7,10,10,8,1,6,9,3,3,3,3,6,1,8,5,1,3,2,8,10,3,3,0
1,36,24,1,6,0,2,6,4,2,8,1,27332.0,1322,57566.3,1,6,74,5,5,61,73,4,8,6,7,5,6,2,7,7,3,10,8,6,8,4,4,5,7,1,7,3,10,5,0
1,35,32,6,2,0,2,1,1,4,11,11,104891.0,937,20815.0,8,5,53,37,89,31,15,48,4,1,6,3,7,2,10,3,5,1,4,1,10,6,4,9,2,10,10,5,4,5,0
0,36,30,6,3,0,3,4,4,7,12,8,26252.95,1338,27743.0,8,3,76,94,71,34,35,27,3,8,8,2,2,10,6,5,2,10,6,9,2,9,2,8,6,2,8,6,6,5,0
0,19,23,6,1,0,5,6,3,5,1,3,138318.0,1482,42858.0,5,5,57,95,25,47,63,89,8,8,4,8,9,5,2,5,10,7,3,6,1,4,5,3,9,9,2,3,4,6,0
0,25,32,4,1,0,10,5,6,4,9,14,139851.0,1094,56712.0,3,5,85,95,18,25,55,4,4,4,1,5,2,1,6,10,6,2,10,7,9,2,7,1,1,9,2,1,9,2,0
1,39,34,1,3,0,7,6,2,1,18,1,26252.95,1317,20652.0,8,4,86,39,69,79,20,56,4,7,9,5,5,9,8,5,3,5,7,10,2,3,6,4,2,2,5,8,10,2,0
1,33,21,2,2,1,4,4,4,4,8,9,41401.0,1473,44364.0,4,3,90,72,91,30,14,45,4,2,9,10,9,9,5,1,8,2,6,9,6,1,2,3,8,4,1,4,2,5,0
1,19,39,2,5,0,6,4,4,3,13,3,131337.0,916,46181.0,10,4,7,84,32,96,95,56,6,7,5,10,4,1,2,9,10,10,6,6,4,1,4,2,8,2,4,5,10,3,0
1,25,43,4,5,0,2,3,5,4,3,11,50658.0,907,26841.0,5,2,26,94,34,89,23,82,7,1,1,9,10,4,10,6,10,8,2,5,1,8,7,8,1,4,5,3,2,1,0
1,23,39,2,3,0,10,2,3,6,7,11,118008.0,1157,30100.0,3,9,89,16,6,20,95,92,6,9,10,6,1,1,9,10,1,4,7,5,10,4,10,3,8,10,2,9,10,10,1
0,33,43,4,2,0,6,2,6,4,6,3,50492.0,1284,43095.0,4,2,6,23,43,21,54,20,5,1,1,4,5,6,7,8,9,6,1,4,6,4,2,6,7,5,3,3,8,4,0
0,40,31,4,5,0,10,3,7,5,4,9,107697.0,983,17662.0,5,5,41,43,52,78,5,15,10,3,9,2,9,4,3,2,9,8,8,3,5,10,5,2,6,7,8,9,7,9,0
1,28,32,3,3,1,10,1,4,5,16,3,91958.0,1362,52727.0,1,9,72,79,93,52,47,27,7,10,5,8,3,2,5,3,8,8,3,4,2,4,6,9,5,4,7,4,3,8,1
1,34,29,1,2,0,8,6,1,7,5,2,66434.0,1172,14736.0,5,8,96,26,86,96,57,11,4,7,6,5,5,4,9,8,9,4,7,8,3,6,5,1,2,9,8,8,7,4,0
0,40,36,6,3,0,9,5,4,1,12,11,136774.0,1532,22488.0,8,9,4,27,66,30,68,35,6,8,8,8,9,7,2,10,10,8,6,10,8,3,3,1,1,8,6,9,9,3,0
0,36,39,5,5,1,10,5,5,4,14,10,26252.95,1553,12502.4,10,1,36,72,83,39,12,4,3,1,7,6,2,9,2,7,2,10,1,7,10,10,10,8,1,1,5,2,5,7,0
0,28,27,5,2,0,7,6,1,5,3,11,50501.0,1559,53505.0,5,7,34,15,50,17,82,54,5,9,8,1,8,6,4,1,8,6,7,6,2,7,5,2,6,7,8,1,4,7,0
0,25,23,3,3,1,4,2,3,5,12,11,95923.0,1094,56280.0,9,9,91,39,15,5,10,96,5,9,5,1,4,7,10,10,5,3,3,1,2,6,4,5,5,1,4,7,5,3,0
1,39,42,3,2,0,10,4,5,7,18,14,39633.0,932,27006.0,1,2,38,39,21,18,73,52,5,9,1,9,10,9,1,3,6,5,2,7,1,6,3,6,1,4,9,3,2,2,1
0,21,26,5,1,0,7,3,4,2,11,12,83594.0,1096,38498.0,10,3,48,39,71,29,89,75,6,6,6,2,1,5,2,7,5,3,7,2,5,3,4,5,3,3,7,5,3,10,0
1,28,19,6,1,0,1,4,3,4,13,12,127905.0,1412,31004.0,5,9,89,55,39,16,37,57,8,2,5,8,1,7,3,9,8,9,2,1,6,10,10,4,8,5,3,5,4,2,0
0,25,21,2,3,0,1,5,1,2,16,6,109782.0,1235,42748.0,3,4,26,91,28,71,27,24,2,9,3,8,5,4,10,2,4,4,1,7,9,10,3,6,10,2,1,5,6,2,0
0,26,26,5,5,1,6,5,6,7,7,4,72643.0,1079,49008.0,10,8,4,77,21,37,55,37,4,5,6,8,10,6,6,7,2,7,2,9,10,4,4,6,3,2,10,1,10,10,0
0,43,32,3,2,0,1,3,6,7,12,1,122799.0,1417,25779.0,5,1,39,8,51,22,61,96,5,9,2,6,7,7,9,9,3,8,8,3,5,5,4,4,4,7,7,7,3,9,0
1,19,30,4,2,0,8,3,6,1,1,9,38507.0,1072,45985.0,2,5,75,94,6,37,47,93,5,9,7,8,7,3,8,8,8,5,1,5,4,7,2,6,10,9,6,4,9,9,0
1,33,37,2,1,0,4,6,6,3,12,1,66689.0,1549,12502.4,6,5,92,78,76,31,52,9,5,5,6,6,4,2,8,10,4,8,4,9,1,10,7,6,6,4,5,9,9,5,0
0,23,25,2,2,1,5,5,1,4,17,5,90426.0,1274,12502.4,5,5,26,8,54,96,57,4,5,1,1,2,10,5,3,3,4,8,4,2,4,9,3,8,9,9,7,2,1,3,0
1,38,43,1,2,0,8,4,5,6,13,1,26252.95,889,41583.0,9,9,12,23,23,55,62,32,10,3,1,4,1,3,7,2,6,7,5,6,6,10,6,7,3,2,8,2,8,6,0
1,38,36,3,5,0,7,6,2,3,12,14,130162.0,845,32340.0,7,8,25,16,63,14,58,39,6,10,1,10,10,10,3,9,9,10,4,9,2,5,8,7,5,3,9,8,9,4,0
0,43,36,6,3,0,1,1,2,2,10,2,134063.0,1327,27854.0,4,5,30,95,87,96,53,16,3,10,2,10,6,7,3,10,8,5,10,8,1,10,7,2,1,8,1,6,6,5,0
0,43,42,5,3,0,7,5,5,4,14,5,84324.0,856,33426.0,5,4,13,44,53,26,84,94,10,9,6,4,2,2,10,1,8,5,7,7,4,1,5,7,5,4,1,2,8,4,0
1,36,33,4,4,1,6,2,7,6,16,10,58982.0,1559,13685.0,3,5,41,90,35,4,95,87,1,2,6,2,4,8,4,7,3,6,6,4,7,10,6,7,4,1,2,7,6,1,0
1,25,28,1,2,0,6,4,4,7,3,1,60000.0,861,37295.0,5,4,5,95,96,4,95,60,2,6,5,8,2,5,5,6,1,8,3,8,7,8,5,1,9,7,8,10,4,1,0
1,31,27,1,6,0,4,6,7,5,3,2,40102.0,1470,43628.0,2,7,56,81,31,70,5,96,3,9,10,8,7,6,7,2,4,8,6,7,4,6,7,1,5,3,2,5,3,1,1
0,41,25,6,3,0,5,3,1,7,15,2,115200.0,1422,24022.0,2,2,41,25,42,76,12,20,2,3,2,5,10,4,9,6,5,6,10,4,5,6,5,4,8,10,10,5,7,6,0
0,33,19,3,6,0,3,4,4,7,13,3,36790.0,1530,36479.0,3,5,88,63,72,96,84,38,7,10,2,3,7,1,5,10,2,10,4,8,7,10,1,5,4,9,9,9,3,9,0
1,29,27,5,6,0,2,5,1,6,7,10,109396.0,1372,34902.0,3,6,94,76,48,45,75,16,9,6,3,3,4,9,8,5,10,4,5,2,3,3,6,10,4,10,9,8,1,1,0
0,22,35,4,3,0,5,3,3,7,11,6,58866.0,966,20653.0,9,4,10,86,20,16,95,91,9,1,7,2,9,10,1,1,8,10,7,5,4,5,7,5,6,1,7,1,9,6,0
0,41,20,2,4,0,7,3,7,6,1,11,42136.0,1505,30610.0,5,7,71,28,10,15,66,24,8,7,6,10,1,2,5,1,9,10,7,6,9,9,6,2,2,2,7,9,9,4,0
1,43,28,5,1,0,6,6,4,7,3,8,85279.0,1125,30534.0,9,8,81,20,89,49,47,63,5,8,1,5,6,10,10,1,9,1,2,9,5,10,8,5,9,3,1,2,3,1,0
1,41,35,2,5,0,7,4,6,7,5,16,57100.0,943,13716.0,4,4,41,47,40,86,42,50,10,10,8,8,9,5,4,3,8,10,3,7,7,7,2,2,2,9,1,4,1,2,1
0,36,20,4,4,1,1,4,7,1,2,3,26252.95,1272,35172.0,6,9,5,8,78,16,90,13,9,4,9,10,8,9,10,4,1,7,6,2,8,1,2,7,10,10,9,6,8,5,0
0,35,25,6,3,0,3,2,5,5,13,17,27752.0,1216,47380.0,5,7,84,6,74,93,8,64,8,9,3,9,3,8,4,9,8,1,4,3,8,4,3,5,10,9,10,8,10,7,1
1,26,43,2,1,0,4,4,2,3,6,6,123007.0,1419,28405.0,7,4,49,42,11,63,11,89,3,7,1,3,2,3,7,9,9,10,4,1,8,2,6,7,9,9,7,8,10,4,0
0,19,43,3,5,0,2,1,7,1,17,6,26252.95,1559,52950.0,2,2,12,7,48,78,67,7,5,6,3,8,9,5,2,8,4,10,6,8,1,9,1,1,4,5,6,2,1,2,0
0,42,31,2,6,0,5,2,7,1,13,6,54898.0,1149,12502.4,10,2,56,87,57,10,64,96,10,2,2,6,4,7,10,7,2,9,10,3,3,5,1,3,3,6,10,1,4,10,0
1,37,23,1,4,0,1,4,1,5,7,4,79804.0,1382,41892.0,1,1,85,81,59,4,66,48,2,4,4,5,3,6,7,6,5,2,1,5,3,8,10,5,7,4,3,6,7,1,0
1,29,32,2,4,0,3,2,2,2,15,17,120432.0,1410,36660.0,6,1,74,75,76,9,69,81,3,4,2,9,1,1,5,7,3,7,9,7,9,8,8,8,4,10,5,1,7,10,0
0,19,31,4,4,1,7,3,2,1,18,13,26252.95,1083,37227.0,1,6,62,55,4,69,57,52,9,5,2,10,7,4,10,4,8,4,9,9,4,1,5,7,1,6,1,1,1,9,0
0,27,24,3,2,0,1,4,5,5,9,3,107388.0,1008,37157.0,10,3,39,68,28,56,94,7,1,4,1,2,8,9,8,2,6,10,5,3,2,6,9,8,1,5,7,10,4,3,0
0,19,27,3,4,0,8,1,1,3,11,11,56792.0,1158,30398.0,4,2,19,53,96,46,54,53,5,2,8,5,1,5,6,3,7,9,10,4,2,5,8,7,8,6,7,6,5,3,1
1,21,32,5,6,0,5,4,5,5,11,13,67937.0,1040,30996.0,8,6,78,67,8,9,5,85,8,8,9,3,6,8,2,8,5,3,9,1,3,3,6,2,3,3,2,4,5,4,0
0,42,27,4,2,0,8,4,6,6,11,11,119559.0,1559,43346.0,3,7,82,17,46,60,45,4,10,10,9,4,6,6,7,5,6,8,8,6,2,6,5,8,3,3,5,2,9,1,0
0,29,39,2,2,1,8,1,4,3,9,17,68033.0,1310,15272.0,9,6,76,81,63,8,79,73,7,5,3,10,6,7,7,1,4,3,5,10,3,6,7,6,3,9,3,2,7,5,0
1,26,34,1,3,0,1,4,2,4,14,4,73854.0,1247,51980.0,1,4,40,71,46,73,80,29,10,9,10,7,6,1,5,2,8,9,4,4,4,7,7,7,10,3,10,5,5,3,0
1,21,43,3,3,1,7,4,3,3,1,17,114043.0,1374,21793.0,7,2,79,62,71,4,31,96,7,5,3,7,2,5,2,1,9,5,7,10,9,8,1,5,5,8,3,3,9,2,0
0,26,36,4,5,0,1,4,7,4,15,2,109824.0,1445,30986.0,4,9,24,88,80,96,56,59,7,3,4,9,3,2,10,2,7,8,10,10,6,4,10,4,6,9,3,1,6,4,0
1,23,34,2,5,0,4,5,3,6,13,11,75319.0,1212,25698.0,10,6,24,86,24,54,39,72,8,6,7,9,4,2,5,6,5,9,1,5,2,7,6,5,7,1,6,2,4,7,0
1,19,29,6,2,0,9,4,7,2,14,4,143471.34999999998,1314,13529.0,9,7,16,4,86,17,44,96,9,10,10,9,7,10,2,2,1,1,4,5,1,6,4,10,4,3,5,2,7,10,0
0,27,32,1,5,0,9,5,7,1,2,16,75822.0,1322,21894.0,3,2,4,26,95,29,84,58,9,8,4,6,7,3,3,8,4,2,2,7,10,6,8,8,6,5,1,5,9,5,1
1,31,43,5,3,0,7,1,1,4,2,14,112733.0,1431,56609.0,5,4,89,46,94,41,74,20,8,2,9,10,9,10,4,7,4,1,4,3,2,8,10,8,7,8,8,6,5,5,0
1,39,29,5,3,0,5,6,7,6,4,13,138366.0,1359,48697.0,8,8,64,37,68,19,67,96,6,10,2,10,7,8,4,3,6,10,2,9,7,5,2,9,6,10,10,8,7,10,0
0,42,42,4,4,1,3,5,7,4,4,13,26252.95,970,20433.0,2,5,48,87,96,56,34,53,3,10,9,10,5,6,2,10,8,3,3,8,6,4,10,6,3,10,1,5,4,8,0
1,35,26,2,2,1,1,1,4,6,16,6,116806.0,1090,19666.0,3,3,8,22,96,19,70,81,9,1,6,10,8,4,2,8,3,2,7,10,8,4,3,5,7,2,5,10,9,7,0
0,23,22,3,2,0,9,5,4,7,13,11,142903.0,1559,26714.0,10,6,4,41,51,28,5,43,4,1,3,8,3,8,8,1,6,10,2,8,7,9,1,2,8,8,1,2,6,4,0
0,35,21,6,1,0,3,5,6,1,10,2,127786.0,1428,41154.0,7,1,11,57,61,87,38,6,7,4,5,6,7,5,9,4,3,9,6,1,4,1,5,5,2,4,1,8,9,7,0
1,37,29,5,3,0,2,3,6,5,1,8,45059.0,881,13667.0,9,8,15,66,4,49,16,66,3,3,4,3,8,4,10,6,1,1,2,10,4,5,2,4,8,9,3,6,10,9,0
1,33,33,2,1,0,5,4,7,2,10,9,68754.0,837,57566.3,6,5,37,23,95,6,58,62,6,4,6,3,9,4,3,2,8,5,5,4,4,7,7,8,5,5,2,7,9,1,0
1,32,26,4,6,0,8,2,1,7,9,4,71205.0,866,48827.0,9,8,75,91,87,18,89,33,6,2,5,1,5,4,10,2,10,3,10,2,4,10,9,6,1,7,5,1,2,2,0
0,33,42,5,2,0,6,6,6,2,1,15,80367.0,1065,45216.0,10,5,26,16,38,86,6,60,4,4,9,3,8,5,10,8,9,4,5,2,8,6,8,8,4,2,6,1,7,2,0
1,25,20,5,6,0,4,1,7,2,12,13,95726.0,895,43088.0,7,8,29,20,57,82,29,17,4,2,7,1,4,8,5,4,2,8,2,5,3,10,3,7,7,2,3,8,10,4,0
0,30,38,1,6,0,1,4,5,1,2,13,55900.0,847,47882.0,7,4,83,48,4,27,53,91,8,8,6,2,10,10,9,10,5,8,5,4,5,2,5,1,1,4,1,9,6,7,0
1,40,20,1,6,0,9,5,2,3,2,10,53352.0,1042,46129.0,2,7,40,21,56,36,52,75,3,10,9,6,3,7,5,1,10,4,7,9,10,10,4,3,4,8,1,4,7,3,0
1,28,43,6,5,0,10,5,3,6,7,1,129038.0,991,18434.0,4,3,54,61,28,68,10,34,6,7,6,1,6,3,3,10,10,5,8,7,9,10,3,7,5,5,4,9,3,9,1
1,42,35,1,1,1,4,2,4,6,13,11,31936.0,889,33842.0,2,3,7,4,49,28,93,40,8,4,5,9,10,4,2,2,1,1,8,6,1,8,10,1,3,8,5,4,2,7,0
0,24,34,4,4,1,1,6,1,5,9,1,88808.0,1448,15937.0,5,3,41,93,75,17,22,15,6,1,6,9,10,8,10,5,10,10,6,2,8,5,8,2,7,7,1,9,3,10,0
1,34,27,6,3,0,10,5,7,3,15,8,102416.0,1317,56208.0,4,6,44,26,80,4,12,72,3,6,2,1,6,8,1,3,1,1,7,5,4,2,3,3,6,4,4,2,8,8,0
1,35,19,4,2,0,4,6,7,5,17,13,67208.0,1409,42562.0,5,4,14,87,70,15,66,53,4,9,10,5,4,2,4,6,5,1,6,8,7,9,6,5,2,7,4,4,9,8,0
0,39,41,6,3,0,4,6,3,7,2,1,129350.0,1172,16674.0,7,6,53,14,75,92,85,75,10,9,4,9,8,7,6,9,10,1,3,9,4,8,3,7,10,7,9,8,6,4,0
0,40,28,5,3,0,7,3,1,7,3,15,134396.0,1044,21517.0,7,6,88,72,77,30,95,10,9,4,8,1,6,6,1,10,3,7,1,3,3,1,7,6,1,3,2,5,9,7,0
1,36,41,5,2,0,3,2,2,2,2,1,134571.0,1559,40362.0,10,8,54,44,78,50,73,64,8,1,5,1,10,8,3,7,9,9,8,10,3,4,5,3,6,2,6,7,7,9,0
1,42,20,5,2,0,8,6,2,1,15,12,143471.34999999998,1458,35578.0,9,1,63,9,4,43,80,4,10,2,8,4,1,2,9,1,7,10,6,1,10,5,8,8,2,7,9,6,5,6,0
1,30,40,6,3,0,8,4,4,5,3,2,68261.0,943,31710.0,2,3,11,33,96,41,41,31,9,1,6,10,10,5,2,1,1,9,6,7,5,1,5,5,4,2,3,8,10,1,0
0,32,40,6,1,0,1,2,3,2,15,2,109539.0,1455,13708.0,5,2,48,52,31,70,61,78,8,10,9,7,3,6,5,9,5,6,5,4,1,6,5,2,9,10,10,6,1,9,1
0,40,19,3,6,0,8,3,4,1,5,8,68686.0,982,14808.0,4,1,17,39,60,22,46,4,1,8,7,1,7,7,8,1,10,4,3,10,7,1,6,8,5,1,3,7,5,4,0
0,39,26,1,6,0,2,3,7,5,6,3,42801.0,1130,57566.3,3,4,8,85,4,9,45,79,8,9,5,4,10,7,3,5,5,3,6,8,3,1,9,3,6,3,9,9,8,10,0
0,39,36,6,5,0,9,1,7,5,15,11,34956.0,908,57566.3,6,5,77,14,85,57,93,25,2,1,10,5,3,10,1,7,4,10,1,5,10,10,3,7,3,10,3,2,9,9,0
1,19,19,6,1,0,7,3,2,4,12,1,26252.95,1395,14233.0,9,6,67,64,71,66,49,52,6,5,4,7,3,4,3,7,3,7,9,4,1,6,2,2,8,6,9,5,9,10,0
0,33,36,5,1,0,9,5,2,5,10,13,29944.0,1073,41396.0,2,8,19,7,69,95,43,41,8,2,4,4,3,4,4,10,5,3,7,1,10,3,8,5,9,9,7,5,3,2,1
0,22,19,6,1,0,5,4,5,6,9,13,130266.0,1473,56752.0,7,9,43,32,41,16,81,37,4,1,5,8,5,4,8,6,4,6,1,1,5,4,3,1,2,6,6,4,8,7,0
0,43,32,4,2,0,10,6,7,3,5,5,43945.0,1447,57566.3,7,1,94,20,12,34,55,90,6,10,3,2,5,9,3,6,1,3,1,1,8,1,9,3,4,8,8,5,8,4,0
1,20,41,2,6,0,1,2,3,5,18,1,100169.0,1049,26213.0,4,1,38,19,22,4,54,18,6,5,9,1,1,6,1,6,6,3,3,6,4,5,5,10,7,1,2,5,2,1,0
1,40,38,2,5,0,1,6,3,3,4,4,79834.0,870,16102.0,4,3,38,26,60,85,66,44,3,10,6,6,2,8,1,3,2,2,9,6,10,3,8,5,2,6,4,7,7,7,0
0,27,20,3,6,0,6,5,2,7,7,6,114259.0,936,16313.0,2,2,42,37,46,8,64,25,3,6,1,9,10,10,7,5,8,10,2,8,3,7,3,1,8,2,10,2,2,5,0
0,36,22,3,3,1,2,4,5,4,8,5,71968.0,1121,52023.0,3,4,55,10,60,45,72,90,7,1,6,7,5,1,7,9,2,5,7,7,7,1,9,7,4,3,5,5,4,7,0
1,22,28,1,6,0,3,3,7,4,9,2,39887.0,1007,21934.0,7,2,35,23,44,83,50,48,7,9,2,9,3,10,7,4,3,5,8,3,8,4,9,9,4,3,8,9,9,3,0
1,24,43,4,2,0,10,5,5,6,10,7,120088.0,939,12502.4,6,5,63,37,82,96,73,96,3,5,6,5,7,4,4,3,7,3,2,1,8,1,7,2,9,10,9,5,1,3,0
1,31,41,2,2,1,8,5,4,7,6,1,73289.0,1106,19422.0,10,7,4,13,6,21,47,52,4,5,3,2,1,2,5,10,6,10,9,2,5,2,2,9,3,2,6,6,4,10,0
1,20,24,5,3,0,3,6,2,1,3,17,54495.0,1001,25349.0,1,8,39,84,57,54,45,21,10,5,8,2,1,3,2,6,7,3,9,7,4,3,1,6,8,7,3,1,6,1,0
1,30,23,6,5,0,10,4,6,1,1,16,56551.0,1262,56309.0,5,6,61,75,69,27,62,71,1,5,4,1,7,6,7,1,5,1,9,1,2,10,5,2,9,4,9,7,3,5,0
1,30,31,1,1,1,8,3,3,2,6,7,110711.0,993,26780.0,5,6,75,72,16,9,55,46,10,5,2,4,6,5,5,6,10,1,5,6,5,1,2,7,6,2,8,2,5,6,0
1,27,19,4,3,0,4,4,4,4,10,10,71087.0,1057,42794.0,5,4,76,32,4,56,61,22,1,10,10,1,2,1,5,10,3,2,4,9,2,2,6,4,4,6,2,3,5,5,0
1,19,43,2,4,0,7,3,7,4,13,9,63947.0,896,34631.0,2,5,49,34,35,74,35,5,8,7,7,5,2,4,4,5,8,2,3,2,6,4,2,8,3,10,5,8,6,9,0
0,23,34,2,1,0,6,4,2,4,3,10,140680.0,1343,55403.0,3,7,13,56,39,4,52,5,2,10,7,3,6,2,6,7,10,9,9,6,1,9,7,3,4,4,10,7,4,8,1
0,25,34,4,1,0,8,2,1,7,2,17,135390.0,1550,20314.0,6,5,36,45,78,20,5,79,6,4,5,7,1,8,6,2,7,9,7,5,4,9,3,6,7,6,3,5,2,7,0
0,21,31,4,5,0,6,5,4,4,13,17,92106.0,849,25831.0,5,1,21,71,8,52,30,4,10,8,2,1,10,9,8,3,8,4,6,8,8,4,5,1,10,9,4,7,7,4,0
0,42,27,1,2,0,3,6,4,7,11,3,26252.95,1529,44172.0,5,8,75,86,70,75,68,53,2,1,6,7,4,7,6,4,4,10,4,4,7,6,6,8,4,3,5,10,1,5,0
0,29,25,4,3,0,7,1,5,7,17,16,59309.0,1372,45523.0,7,5,47,61,87,4,95,4,9,10,7,2,10,8,5,1,8,5,4,8,3,9,8,6,8,4,1,3,9,7,0
0,32,25,3,3,1,7,5,1,5,9,12,64682.0,881,47418.0,7,7,87,9,53,63,21,64,2,6,10,7,4,5,8,7,4,10,2,7,6,7,5,8,3,6,6,1,7,2,0
1,25,31,6,4,0,8,3,7,1,15,7,86124.0,1055,37622.0,3,3,70,28,6,17,95,55,8,6,5,2,1,1,10,3,2,2,5,2,1,8,6,2,8,3,8,5,1,5,0
1,24,24,4,3,0,6,4,4,1,2,16,63906.0,1264,31800.0,7,3,24,33,17,35,22,61,3,1,3,3,5,5,2,6,9,8,3,5,9,1,8,1,6,10,10,4,9,9,0
0,31,23,2,1,0,6,4,6,7,3,9,143471.34999999998,1028,22490.0,5,9,65,15,24,49,42,75,7,1,4,8,5,5,7,1,2,3,1,1,1,1,6,6,8,1,8,3,1,1,1
0,40,21,3,6,0,5,3,3,2,16,15,130084.0,1070,26365.0,4,9,92,50,22,96,58,41,10,1,10,6,2,10,4,7,6,8,7,9,6,7,1,1,9,4,3,3,2,9,0
1,36,19,3,1,0,9,4,6,4,17,11,142261.0,884,13721.0,2,7,28,63,8,33,79,29,6,6,1,7,7,10,9,8,9,9,2,6,6,9,3,5,10,7,7,7,9,4,0
1,31,32,2,2,1,9,2,4,4,11,3,41579.0,1236,12502.4,8,5,73,53,80,83,11,52,2,8,5,4,8,8,9,5,3,8,1,8,5,8,9,9,1,6,4,9,7,7,0
1,39,42,4,4,1,8,6,2,5,5,6,114640.0,1015,38840.0,6,5,82,4,72,52,69,92,4,6,3,6,4,7,5,6,8,3,2,7,10,6,1,9,6,1,8,2,7,10,0
0,30,32,1,6,0,10,6,5,3,15,6,34158.0,968,16067.0,6,8,96,68,72,66,77,67,9,10,8,6,5,4,2,5,1,10,4,4,8,9,1,3,2,7,7,4,6,1,0
1,38,19,1,5,0,7,3,1,7,17,12,31552.0,1026,15126.0,6,2,19,50,78,74,95,19,8,7,5,8,7,5,3,9,5,1,5,8,1,1,7,6,1,3,4,9,10,9,0
0,19,37,5,1,0,10,1,1,1,9,3,92725.0,837,40207.0,7,6,90,52,76,34,94,45,9,5,3,3,2,10,6,8,10,8,10,8,7,8,6,4,7,10,3,6,1,3,0
0,43,20,3,2,0,4,3,2,3,17,7,37465.0,1132,51288.0,5,6,34,50,34,11,64,88,9,8,2,10,1,8,5,1,1,8,7,8,4,1,1,9,8,5,8,10,9,7,0
1,36,40,1,2,0,3,2,3,6,11,4,44046.0,1508,14711.0,3,6,25,4,10,27,53,26,2,8,3,8,10,10,9,7,3,4,10,2,8,1,4,2,2,3,2,7,7,7,0
1,19,22,6,2,0,2,5,3,5,8,8,70101.0,1160,41734.0,1,3,86,35,27,81,17,4,5,9,4,1,10,4,7,3,2,8,8,4,9,1,5,1,2,10,7,1,6,8,0
0,21,22,3,4,0,3,2,3,2,13,13,127922.0,886,21808.0,10,6,48,27,4,83,20,51,5,2,8,4,2,9,10,2,7,3,1,1,2,6,8,9,3,5,10,7,6,6,1
1,27,21,5,2,0,4,3,3,2,12,5,125026.0,1559,30528.0,10,4,88,68,52,64,14,91,5,3,7,9,9,3,7,4,1,3,2,10,7,8,2,10,10,7,9,9,9,8,0
1,20,34,2,3,0,7,5,6,4,14,4,142279.0,894,34021.0,7,2,70,84,62,4,49,92,10,9,2,10,8,8,10,6,8,2,1,3,10,1,3,9,3,7,2,4,2,1,0
0,43,38,5,2,0,5,1,7,3,2,1,57804.0,1325,45263.0,10,1,14,68,4,74,44,35,9,3,3,10,2,5,2,1,10,9,8,3,10,1,2,8,3,9,8,8,6,9,1
1,37,37,3,2,0,1,3,3,6,17,7,26252.95,1079,39230.0,10,4,14,87,94,25,46,81,2,1,7,10,1,4,3,4,8,8,2,9,3,10,9,5,5,3,1,3,8,5,1
0,26,31,3,5,0,2,1,7,7,2,3,125574.0,1111,24971.0,1,3,80,90,74,4,60,26,3,8,5,7,7,5,7,8,1,5,4,3,5,2,2,3,2,6,7,3,4,9,0
0,20,43,5,5,1,8,2,4,3,1,11,82138.0,1486,46339.0,2,4,10,77,55,19,39,90,5,10,7,6,7,9,9,8,7,2,8,2,4,5,2,7,6,3,3,4,2,3,0
1,23,25,6,1,0,6,3,4,6,12,12,143471.34999999998,966,55423.0,1,1,90,95,90,4,67,23,6,10,5,6,10,3,7,7,2,5,1,5,7,10,9,3,1,10,10,3,9,9,1
0,23,19,1,4,0,3,2,3,3,5,4,130975.0,1208,14610.0,2,6,52,70,30,18,57,36,1,6,9,9,4,5,4,4,5,2,3,9,1,1,7,7,3,4,9,8,10,2,1
0,40,25,5,2,0,1,4,4,1,3,7,30672.0,1489,21512.0,6,5,85,76,76,58,74,33,6,7,9,9,8,7,10,10,1,6,1,5,3,1,1,9,5,4,2,2,1,10,1
1,42,19,4,1,0,5,3,2,5,13,3,56067.0,997,12502.4,4,4,22,78,20,13,5,50,6,7,9,5,5,1,7,9,7,2,7,5,2,6,10,1,7,7,3,9,3,8,0
1,29,21,3,1,0,5,3,4,6,7,13,132883.0,1151,14625.0,5,3,50,44,75,16,42,25,10,8,5,7,3,3,4,6,6,4,3,10,5,3,1,2,9,8,8,10,1,1,0
1,40,36,6,2,0,10,5,5,7,1,14,123917.0,940,21138.0,8,7,7,76,96,74,89,69,3,9,8,6,8,8,9,5,8,7,5,5,2,3,6,1,1,9,7,3,4,5,0
0,19,22,5,1,0,6,3,2,5,12,5,143471.34999999998,1430,35295.0,6,4,8,26,29,84,94,42,1,10,8,5,5,9,8,7,4,9,1,9,9,4,4,9,5,1,9,3,5,5,0
0,33,22,4,1,0,7,2,1,1,18,17,51080.0,971,12502.4,3,4,89,47,11,40,5,63,4,7,3,1,10,2,5,9,3,4,1,10,7,7,4,6,2,6,9,1,4,2,0
1,41,38,6,4,0,5,1,6,5,13,14,34040.0,1025,37848.0,5,9,58,13,4,4,70,35,9,9,9,3,8,10,4,1,7,9,10,2,8,5,4,6,3,10,10,4,8,3,1
0,22,37,5,2,0,4,2,6,6,5,13,142043.0,1194,20087.0,4,9,94,94,23,48,81,45,4,1,2,6,5,5,2,2,5,3,8,5,8,1,2,10,5,9,6,1,8,10,0
1,26,41,6,3,0,3,6,4,7,9,12,143471.34999999998,1118,20639.0,3,2,59,4,48,72,82,93,9,1,9,9,5,1,7,6,4,8,6,4,3,8,5,5,2,2,2,6,3,4,0
1,27,36,3,2,0,5,1,2,7,2,13,95621.0,1081,47957.0,1,2,68,68,56,75,6,21,2,4,6,3,9,1,3,1,9,1,4,2,3,2,5,3,6,9,4,2,6,5,0
0,30,29,5,4,0,5,4,2,2,9,8,63203.0,837,37079.0,10,9,42,67,64,62,95,4,5,3,9,4,10,7,2,6,8,5,8,7,1,9,8,1,1,6,10,1,5,8,1
1,32,37,3,6,0,9,2,6,3,11,16,122938.0,1056,38520.0,2,4,89,15,64,76,5,96,8,10,6,8,7,3,2,4,10,1,7,1,5,5,6,10,2,10,9,10,6,3,0
0,29,19,5,4,0,10,4,3,6,1,17,55597.0,1536,30171.0,2,8,91,95,71,23,63,94,1,9,4,1,8,9,1,1,10,5,9,1,4,8,10,2,9,6,9,3,4,10,0
0,22,24,5,3,0,6,6,4,6,6,16,98257.0,838,31925.0,8,9,74,24,63,26,54,66,10,5,1,9,2,1,4,3,10,8,10,5,9,6,2,6,4,8,6,3,8,7,0
1,22,34,3,3,1,7,6,6,1,14,13,30519.0,989,37197.0,9,2,59,67,48,63,62,5,2,5,1,9,4,5,3,3,6,3,6,8,5,6,7,3,4,9,6,3,7,2,0
0,35,19,6,1,0,1,1,2,4,12,4,28247.0,941,57566.3,1,2,56,65,73,76,5,36,6,10,7,6,6,5,7,6,10,3,5,9,2,8,6,5,8,10,2,5,8,1,0
1,29,28,3,5,0,3,5,7,6,1,4,55588.0,1335,37026.0,9,9,55,77,25,78,78,48,10,9,8,2,3,6,4,10,4,7,9,7,6,5,3,8,9,4,5,10,5,2,1
0,43,24,1,2,0,7,4,5,2,16,7,64681.0,1522,12502.4,2,4,58,95,18,77,78,57,2,3,7,8,10,3,8,1,1,4,4,4,7,5,8,8,2,2,4,3,2,5,1
0,20,34,6,3,0,2,1,3,7,16,10,54334.0,1476,16022.0,7,4,93,88,77,8,5,38,4,10,6,5,1,3,1,5,9,7,9,9,9,10,9,9,2,3,1,2,6,8,0
0,43,43,2,2,1,5,6,2,6,18,5,76769.0,861,22788.0,8,4,68,11,49,41,31,76,7,8,7,5,1,5,5,7,10,4,10,3,8,6,6,4,3,3,1,1,6,6,0
1,42,20,5,4,0,5,1,2,1,13,10,138313.0,1144,41131.0,6,8,16,16,42,91,88,10,1,10,8,7,10,5,8,8,9,1,10,3,2,8,2,7,10,10,9,3,2,1,0
0,24,39,5,5,1,4,2,4,2,9,6,111726.0,1191,19693.0,5,8,63,55,96,45,50,45,9,7,5,1,5,10,10,3,7,8,7,9,10,8,8,8,2,6,2,8,9,4,0
1,34,23,4,3,0,7,5,5,1,4,8,29205.0,1471,39326.0,9,3,79,95,31,96,83,80,10,4,8,3,7,7,9,2,2,6,10,10,6,3,1,2,2,3,6,7,4,4,0
0,36,39,6,3,0,8,6,7,7,8,5,134474.0,1114,15414.0,4,5,74,16,73,42,77,95,8,5,6,4,9,7,1,6,4,3,10,6,3,4,4,10,10,8,4,6,5,1,0
0,35,28,2,4,0,1,4,7,7,16,7,97221.0,884,14872.0,9,3,42,28,27,9,95,84,2,5,8,10,6,9,4,7,7,4,4,1,6,10,2,6,10,8,4,6,6,10,0
1,19,35,2,2,1,2,3,2,3,12,3,73707.0,1285,26277.0,8,9,96,18,4,69,22,28,4,8,3,8,9,9,6,8,1,7,9,1,1,5,3,5,5,6,1,2,2,8,1
1,42,35,1,2,0,5,1,1,2,9,8,54365.0,1073,47975.0,9,2,8,4,89,24,86,41,4,2,10,8,7,2,1,7,6,3,4,4,1,4,3,10,5,9,8,2,10,1,0
1,41,39,2,6,0,8,5,2,6,4,5,68044.0,1463,25123.0,4,6,96,24,90,94,58,73,9,7,10,9,3,5,2,7,4,10,1,8,5,8,2,4,4,4,8,4,7,7,1
1,22,27,6,5,0,9,4,1,7,3,12,142505.0,1275,53863.0,1,4,87,93,4,18,25,11,3,2,6,4,3,8,8,9,4,4,5,4,5,2,4,2,3,2,4,2,5,2,0
1,43,22,3,6,0,7,3,6,3,14,9,78607.0,929,54510.0,9,8,73,80,76,40,46,8,4,9,6,1,2,9,7,4,10,5,8,7,6,7,4,4,4,5,5,9,3,7,0
0,19,40,5,4,0,3,4,2,7,18,8,68242.0,1529,27213.0,4,1,43,26,94,57,8,9,2,7,4,7,6,1,9,4,2,3,3,7,1,4,7,7,6,5,7,7,2,10,0
0,19,40,3,2,0,3,6,5,3,14,14,32035.0,1398,45979.0,5,9,36,47,53,29,10,54,1,1,7,3,6,4,2,4,2,7,8,6,2,3,9,8,10,10,1,3,8,10,0
1,24,38,1,3,0,6,6,1,2,16,6,63029.0,1419,21127.0,4,5,47,87,93,65,43,96,7,7,3,1,1,4,6,6,9,9,10,6,4,1,4,2,7,1,4,4,10,8,0
0,28,41,3,5,0,6,4,3,2,15,5,53784.0,965,32351.0,5,7,25,50,61,15,18,19,3,6,9,9,7,7,8,3,9,7,5,3,7,10,8,8,4,2,10,8,4,9,0
0,28,43,5,5,1,10,2,5,2,15,7,110282.0,1107,52115.0,4,6,60,7,36,91,81,64,3,4,10,3,9,8,1,3,10,2,3,5,7,2,5,9,8,8,2,4,2,9,0
0,35,39,1,5,0,7,5,1,5,12,15,103782.0,1372,29230.0,3,4,30,48,24,40,71,36,6,7,5,6,6,6,5,5,5,7,10,7,1,6,3,8,5,2,6,6,5,8,0
1,34,32,2,5,0,2,2,1,2,2,4,98831.0,1345,38265.0,1,2,18,15,86,77,76,68,8,1,9,6,6,2,2,5,5,4,1,1,5,3,9,3,8,8,7,5,7,4,0
0,19,38,4,5,0,3,4,7,1,14,12,99080.0,1197,34476.0,2,6,26,42,89,51,91,58,3,3,8,7,8,8,9,8,5,9,4,7,6,5,7,9,8,6,4,2,3,6,0
0,24,37,5,1,0,7,4,1,3,18,15,112542.0,1299,50871.0,5,6,57,95,59,78,5,62,5,6,3,1,1,6,6,9,4,2,9,2,6,6,4,2,2,2,6,8,9,10,0
0,24,40,1,1,1,3,4,5,2,7,7,135759.0,1547,57345.0,4,5,74,23,65,41,47,89,1,4,1,9,1,6,4,4,9,1,5,4,9,5,2,1,7,2,6,10,3,5,0
1,27,21,6,1,0,7,6,7,5,8,15,26252.95,1473,35957.0,3,2,74,57,67,5,71,36,3,4,10,4,6,10,1,4,4,8,1,8,2,8,1,1,7,10,2,9,10,2,0
0,39,38,4,1,0,4,1,3,4,18,13,76140.0,959,25705.0,7,6,95,17,36,74,88,70,3,2,10,8,8,3,4,1,7,9,8,2,7,2,1,7,8,8,5,1,1,9,0
0,38,38,5,6,0,2,2,2,7,11,10,127592.0,882,14642.0,10,8,87,55,45,94,77,5,6,1,7,8,4,6,9,4,2,5,8,9,4,1,2,1,1,6,6,4,8,4,0
1,20,19,2,3,0,1,4,3,5,8,14,61870.0,1397,23652.0,6,6,70,86,57,70,68,9,9,3,3,3,10,2,3,4,9,9,8,8,1,3,1,8,9,6,8,3,4,6,0
1,29,32,4,3,0,9,4,3,3,1,7,128584.0,1215,42380.0,6,6,82,4,4,7,39,4,6,8,1,10,8,6,3,4,8,5,1,8,8,7,4,2,9,9,10,9,6,3,0
0,20,34,6,4,0,3,3,3,5,1,4,143471.34999999998,944,57566.3,2,5,48,23,37,34,5,83,9,5,1,10,3,9,1,10,9,7,7,4,7,3,3,10,10,7,3,9,8,8,1
0,28,36,4,2,0,6,2,1,6,6,4,107158.0,944,54650.0,4,8,44,47,84,39,15,22,3,8,2,8,6,3,4,9,3,9,7,6,1,3,6,2,9,5,7,6,2,6,1
1,29,31,1,4,0,5,1,5,2,10,17,141516.0,1559,30969.0,2,8,21,83,77,70,71,32,5,8,5,2,3,3,10,6,3,3,3,2,3,1,5,6,9,8,4,9,9,7,0
1,42,43,5,5,1,6,5,1,1,18,3,130606.0,1559,13391.0,4,3,56,15,54,22,17,47,2,6,9,7,6,1,3,8,8,2,8,4,8,8,6,6,6,7,3,2,9,3,0
1,21,36,2,5,0,4,5,2,7,16,14,64478.0,1077,34094.0,1,4,82,59,9,96,19,86,7,9,10,9,3,9,8,4,7,4,5,2,3,6,6,2,4,3,7,5,5,7,0
1,42,35,6,1,0,5,5,6,3,9,1,56859.0,1341,43634.0,7,5,17,19,25,8,5,41,10,10,4,6,4,3,5,6,1,4,9,7,2,7,8,8,6,2,10,3,3,1,0
1,33,19,1,1,1,7,2,7,4,15,7,107202.0,932,27084.0,6,1,80,92,73,10,95,27,7,5,5,4,1,3,4,4,5,5,10,7,3,8,8,5,7,6,3,1,10,6,0
1,37,23,4,3,0,2,5,3,1,3,15,62834.0,847,18187.0,2,7,28,19,77,86,83,16,2,7,3,3,8,4,6,6,2,3,7,7,7,9,5,3,8,5,9,1,7,6,0
1,35,30,4,2,0,10,4,6,6,12,6,81114.0,999,42709.0,10,6,92,81,96,62,5,32,2,10,10,5,8,10,4,5,6,4,7,1,10,8,10,10,3,7,4,4,4,3,0
0,21,34,4,1,0,8,4,3,1,15,4,35157.0,837,48406.0,8,8,94,81,96,41,71,10,9,7,5,9,7,1,8,4,1,3,3,1,9,1,9,4,6,5,8,8,3,2,0
1,39,23,1,1,1,8,1,1,2,16,10,48592.0,1123,26996.0,10,1,36,22,64,46,71,96,1,6,5,4,8,1,7,1,4,7,4,6,1,5,3,9,6,1,2,6,7,2,0
1,23,38,2,5,0,2,3,6,2,14,13,123555.0,1125,50196.0,10,3,61,7,85,49,6,94,5,10,10,3,9,1,8,10,7,4,7,9,7,8,8,4,10,1,9,2,1,1,0
0,38,39,6,3,0,10,5,7,4,13,4,50603.0,864,38380.0,3,2,21,40,22,16,24,20,10,5,2,3,3,10,1,10,7,9,2,2,6,8,9,8,1,8,3,8,8,2,0
1,32,22,2,6,0,9,4,1,6,5,9,68302.0,1302,57558.0,6,9,5,92,78,32,43,64,6,9,6,6,10,5,10,8,8,6,6,3,8,1,3,6,5,6,3,6,9,3,0
1,19,24,1,5,0,1,1,2,4,17,6,27698.0,945,15048.0,4,6,93,64,52,51,76,19,7,6,3,1,1,5,8,7,8,3,6,7,6,8,7,6,5,2,4,1,7,6,0
0,20,19,5,3,0,3,2,2,7,15,6,143471.34999999998,1123,57566.3,10,7,83,47,96,4,66,87,1,1,4,6,7,2,8,3,8,6,9,4,3,4,2,2,2,5,1,1,7,3,0
1,22,30,1,5,0,6,6,7,4,13,11,79231.0,979,39149.0,10,3,32,50,6,42,7,83,8,9,8,8,5,1,8,5,9,3,8,1,10,8,4,10,9,3,10,6,4,7,0
0,39,36,3,2,0,7,4,7,4,4,12,125500.0,880,51398.0,5,7,20,95,14,55,82,63,7,2,9,4,1,3,2,9,8,2,2,7,2,9,2,6,8,8,3,7,9,7,0
0,34,39,4,4,1,6,3,6,5,6,7,26252.95,1127,57566.3,3,9,76,20,65,80,91,86,8,3,5,5,6,5,10,1,3,6,3,7,4,10,6,3,7,4,1,2,1,2,1
0,31,19,2,5,0,7,3,5,2,13,2,127507.0,1355,52039.0,8,3,60,11,41,7,54,95,3,5,6,7,5,3,9,6,3,6,1,3,3,5,5,7,7,4,10,2,1,8,0
0,26,30,3,5,0,10,5,4,1,13,11,43108.0,1090,46403.0,3,6,71,95,26,69,80,47,7,1,4,10,4,4,3,7,5,6,10,9,7,6,8,2,2,5,3,1,4,9,0
1,20,28,3,5,0,3,1,5,7,1,16,133136.0,1074,55438.0,10,8,96,34,12,6,6,93,3,10,3,6,4,1,3,4,6,6,2,3,3,6,5,7,10,10,4,9,10,4,0
0,43,43,5,5,1,6,5,5,7,1,11,95302.0,1484,46371.0,1,1,4,66,90,61,5,96,9,4,5,1,2,5,10,8,6,5,4,2,3,8,10,3,7,6,5,8,3,7,0
0,30,24,4,3,0,1,3,1,5,8,3,143471.34999999998,1156,35881.0,9,1,29,63,71,85,57,70,7,4,7,10,10,10,2,6,5,9,5,1,6,8,4,3,4,9,10,8,9,6,1
1,20,37,1,3,0,1,5,3,5,15,12,44973.0,977,12502.4,7,2,13,18,4,51,15,89,5,6,9,6,9,1,1,1,8,8,7,9,7,6,4,3,6,9,4,2,1,8,1
0,28,20,4,3,0,4,2,2,4,4,2,120758.0,952,13862.0,3,9,32,23,42,55,19,96,6,1,8,10,4,3,2,10,7,4,10,6,9,3,8,9,5,5,7,10,1,10,0
0,19,43,6,2,0,1,4,4,3,4,10,26252.95,875,57566.3,7,1,16,33,11,87,40,65,5,9,9,7,8,1,10,5,7,1,10,7,2,4,6,6,8,7,9,5,5,3,0
0,41,42,3,1,0,9,1,5,7,2,12,103447.0,942,52463.0,5,9,74,42,39,93,20,50,2,1,3,4,1,3,8,2,2,6,5,7,7,10,5,1,3,8,5,1,7,7,0
0,32,19,3,6,0,5,5,4,4,2,8,26252.95,1162,33250.0,5,2,11,30,77,54,16,60,7,6,8,3,1,8,2,5,5,7,10,2,7,7,3,8,2,7,5,6,4,4,0
1,30,25,2,3,0,6,2,3,6,5,12,37707.0,1446,17440.0,9,8,19,95,93,90,38,4,10,4,3,8,4,3,10,6,1,9,3,10,2,7,6,1,6,6,3,9,5,10,0
0,36,34,5,2,0,7,1,5,6,4,2,75708.0,1119,54539.0,9,5,66,82,15,43,58,50,5,9,3,9,4,2,1,2,1,3,4,1,2,5,7,5,3,9,4,10,1,7,0
1,39,30,4,1,0,2,5,6,7,7,2,99421.0,1434,34753.0,4,5,6,89,15,7,43,62,4,9,7,4,4,5,5,1,2,2,1,4,7,4,3,9,4,8,6,3,3,2,0
1,33,31,1,2,0,9,5,5,4,10,3,143471.34999999998,1497,19814.0,2,7,20,95,22,62,55,82,3,8,8,1,6,10,3,5,9,6,2,5,1,10,7,8,2,10,8,2,6,4,0
0,35,22,3,4,0,6,3,2,2,2,10,121191.0,1315,43668.0,6,2,70,65,33,72,66,32,5,7,1,9,4,10,1,7,8,2,4,2,7,3,7,6,10,3,8,10,4,1,0
0,24,43,1,6,0,8,5,6,4,16,13,58678.0,1517,26128.0,5,8,84,43,54,62,27,52,10,4,5,4,6,4,8,10,3,5,1,6,7,5,10,9,3,4,4,1,7,1,1
0,30,41,6,5,0,1,4,4,5,1,8,91361.0,940,40341.0,4,9,82,89,39,68,57,29,3,6,10,7,6,2,7,8,5,5,9,3,6,6,8,6,8,3,4,8,3,4,0
0,21,39,1,2,0,2,5,1,1,15,7,61011.0,1469,57566.3,3,9,52,28,52,21,81,80,4,2,5,3,1,1,4,10,6,5,10,4,3,6,10,2,1,7,10,9,3,2,0
1,26,40,1,2,0,8,3,3,6,1,1,68800.0,1345,25200.0,3,6,82,19,85,44,95,42,3,2,6,2,3,7,5,3,7,5,1,7,1,5,6,1,6,10,1,8,9,1,0
1,27,43,3,4,0,8,6,5,4,13,8,53367.0,837,57566.3,7,2,11,9,30,69,85,96,10,1,9,10,9,6,10,6,9,10,1,2,7,3,5,8,10,6,9,9,3,3,0
1,26,41,1,2,0,6,6,7,6,8,15,140075.0,1389,47686.0,9,8,96,52,63,92,90,14,5,3,7,10,9,7,4,9,4,7,4,3,6,9,6,7,1,5,1,3,5,9,1
0,24,23,2,5,0,5,1,4,3,14,14,120884.0,1392,33324.0,7,5,69,20,96,54,5,96,10,8,6,8,7,4,1,8,1,1,10,8,10,2,1,5,3,2,5,6,3,7,1
1,32,43,2,4,0,5,3,5,3,3,16,42168.0,858,57566.0,2,5,4,39,72,56,68,74,10,6,1,1,8,6,3,7,7,1,2,6,9,6,3,4,2,1,5,8,10,3,0
0,25,39,2,3,0,7,1,6,5,14,8,58587.0,1559,37564.0,5,1,31,90,24,30,95,30,3,8,4,8,3,7,8,2,4,7,9,6,8,2,1,1,5,1,1,4,9,9,0
0,36,43,5,3,0,8,6,1,5,8,17,50764.0,1388,28900.0,8,7,9,76,40,33,48,74,7,8,4,1,6,8,2,4,6,10,10,8,1,10,4,9,5,5,4,3,9,7,0
0,28,23,2,3,0,8,6,6,2,1,12,134325.0,1467,23837.0,7,7,73,21,49,17,5,4,4,8,7,1,3,3,7,9,10,7,5,1,3,8,6,7,3,6,7,7,1,1,0
0,22,38,2,5,0,3,5,7,6,8,5,98805.0,1174,22365.0,8,2,20,11,29,91,12,23,1,10,1,1,5,2,10,4,4,5,2,5,4,2,4,8,9,5,9,4,1,3,0
0,19,25,6,6,1,1,3,3,1,2,7,68099.0,994,13615.0,6,2,75,60,95,26,28,25,8,7,4,5,5,3,4,6,7,1,7,3,5,4,9,9,2,4,7,6,8,9,0
1,27,30,6,6,1,9,1,1,5,18,2,61800.0,1310,53469.0,6,6,75,95,85,21,9,43,4,6,8,8,1,7,7,5,1,5,8,9,1,1,1,3,9,10,2,1,1,8,0
1,33,35,2,2,1,1,2,1,1,1,5,52768.0,1557,25371.0,10,2,19,62,67,9,50,79,7,6,10,1,6,10,7,3,9,7,4,8,10,6,3,5,3,2,5,1,3,1,0
0,40,40,4,6,0,10,3,3,6,5,4,119483.0,1540,32067.0,2,9,21,41,86,24,43,42,7,6,9,3,8,10,6,1,10,8,6,7,3,10,8,2,8,1,5,10,4,1,0
1,30,21,5,4,0,8,3,6,5,1,13,109916.0,837,41201.0,3,8,29,34,72,38,88,60,8,8,10,6,6,5,4,7,3,10,5,6,6,9,10,7,3,8,6,6,1,9,0
0,25,34,4,3,0,4,3,6,5,12,17,61760.0,1015,12784.0,3,3,86,81,16,64,74,28,10,2,10,10,8,6,2,2,4,6,8,8,2,2,4,1,7,5,3,9,9,5,0
0,26,22,1,3,0,9,6,7,4,14,13,53818.0,837,44458.0,7,8,87,59,55,70,69,39,5,6,7,7,8,8,2,8,10,1,5,8,6,4,7,10,4,5,8,10,2,3,0
0,28,20,6,4,0,7,3,2,5,17,7,143471.34999999998,1350,50638.0,7,5,82,22,23,33,68,91,3,9,7,6,1,1,4,6,5,1,6,7,7,2,7,5,8,10,7,10,3,7,0
1,28,21,2,3,0,3,4,1,1,18,15,76399.0,925,41122.0,2,3,4,78,26,64,64,78,5,1,9,3,2,10,10,7,6,6,1,9,6,6,7,9,8,10,8,2,9,3,0
0,40,40,5,1,0,7,4,5,4,18,10,75772.0,1300,43370.0,2,9,38,77,20,13,49,66,4,4,2,2,3,3,2,4,9,5,8,9,5,8,8,8,2,10,10,5,6,8,0
0,43,22,3,5,0,9,4,7,1,14,6,107773.0,837,39069.0,6,4,21,25,63,95,12,35,8,9,10,1,9,2,4,5,10,1,8,1,8,6,7,8,9,7,8,5,7,4,0
1,33,31,1,3,0,8,6,5,3,11,2,133108.0,1229,44615.0,9,9,4,7,50,58,94,4,3,10,1,3,8,6,3,10,1,8,5,3,10,1,2,1,4,9,9,6,10,6,1
1,27,32,4,5,0,6,4,2,1,5,11,61808.0,885,43664.0,2,4,74,26,4,38,66,70,7,2,6,4,10,3,4,3,6,5,4,10,7,8,2,5,4,4,10,7,5,9,0
1,41,37,5,6,0,3,5,2,5,16,12,91970.0,1267,12959.0,2,8,96,72,4,77,63,28,8,6,8,5,5,9,1,7,10,7,4,3,6,10,1,9,4,9,8,5,6,4,0
0,29,34,6,5,0,5,2,4,3,6,6,128713.0,1453,46072.0,3,5,15,61,96,60,54,4,1,1,4,1,8,6,10,3,5,1,9,4,3,5,4,4,7,1,8,3,2,7,0
0,42,23,4,2,0,1,6,7,4,12,3,42712.0,1517,33822.0,10,2,15,29,83,29,37,17,9,6,3,1,4,10,3,2,10,3,5,1,7,5,1,4,2,2,3,3,4,1,1
1,23,43,1,1,1,6,5,3,1,15,17,81016.0,1518,16943.0,4,1,86,81,60,64,95,39,7,9,6,4,3,3,1,6,6,2,6,9,9,9,6,9,4,3,3,3,8,6,0
0,29,27,4,6,0,5,3,1,5,9,12,34126.0,1191,27111.0,10,2,61,15,63,72,42,48,8,9,6,9,10,5,9,8,9,3,2,9,7,3,9,6,8,2,6,4,6,6,0
1,27,39,3,3,1,8,2,1,7,16,13,140173.0,1184,57566.3,2,5,33,86,38,20,67,68,8,6,7,7,9,5,10,7,4,1,5,3,6,5,6,10,7,9,3,1,10,7,0
1,35,40,3,5,0,10,1,1,3,14,16,104908.0,980,53857.0,2,3,59,72,41,53,39,91,9,8,2,6,8,5,5,3,7,4,1,7,6,5,5,8,1,1,2,10,1,1,0
0,35,33,3,1,0,6,6,6,5,5,1,86003.0,1097,17741.0,4,3,78,61,47,58,95,91,4,4,3,4,8,8,5,8,9,6,2,9,2,3,2,1,7,8,10,1,10,9,0
0,21,34,6,3,0,6,2,4,3,5,13,86660.0,1299,56674.0,8,3,40,80,4,4,50,96,3,1,2,9,3,5,5,1,7,2,3,4,10,7,9,5,7,7,4,7,2,8,0
1,26,31,6,1,0,1,1,5,4,7,12,100883.0,1553,34247.0,7,6,36,76,29,96,30,82,1,6,6,9,1,4,2,10,6,9,1,3,8,5,4,8,7,9,8,2,3,5,1
1,24,37,5,3,0,8,6,6,5,13,14,42755.0,1089,39892.0,8,6,22,11,64,46,54,43,1,7,6,2,2,4,10,10,2,6,2,10,3,2,5,9,3,1,7,6,10,3,0
1,35,29,4,6,0,2,5,2,7,9,9,100725.0,1545,40357.0,9,9,65,11,22,28,48,13,3,1,6,1,10,1,3,10,7,8,2,10,3,7,7,2,8,8,5,4,3,9,0
1,25,26,1,4,0,6,6,7,2,6,3,110062.0,1049,53473.0,4,5,31,55,4,70,92,59,8,7,4,8,5,3,10,3,9,5,3,3,5,4,10,7,9,8,9,1,9,3,0
0,28,32,3,1,0,4,5,6,1,6,17,54019.0,1313,13907.0,8,2,52,38,38,65,31,4,7,10,5,9,5,2,6,10,9,7,6,4,1,7,1,4,3,6,7,1,4,2,0
1,24,29,5,5,1,6,2,1,2,11,11,78034.0,1353,51690.0,2,3,48,26,15,4,84,46,1,2,6,10,8,9,5,1,6,6,7,10,3,5,4,3,1,8,2,10,3,6,1
1,26,31,6,1,0,1,1,3,5,1,9,83056.0,1272,38584.0,2,9,56,43,77,6,5,39,10,3,2,7,2,10,6,2,6,9,7,7,3,5,8,2,1,2,8,2,9,2,0
1,25,43,2,1,0,2,2,5,6,14,9,67479.0,899,31731.0,7,7,86,58,6,95,30,26,3,10,8,3,7,1,5,8,1,4,6,10,3,6,3,1,8,6,8,5,9,3,0
0,20,39,6,5,0,5,6,2,1,14,9,26252.95,922,44615.0,10,9,81,95,33,29,52,19,7,9,2,6,2,5,10,6,4,6,6,2,6,4,4,3,1,8,5,5,8,8,0
0,34,35,5,2,0,5,1,3,2,9,3,108330.0,924,27156.0,10,7,67,83,93,26,12,24,2,3,6,7,1,1,1,10,1,5,4,3,6,5,9,9,8,2,6,3,7,2,0
1,19,37,3,6,0,8,6,5,7,18,15,29080.0,973,43802.0,5,9,28,33,53,72,95,4,6,8,2,1,1,7,4,10,8,7,6,3,1,2,10,9,4,10,4,8,4,1,0
0,32,23,6,5,0,9,6,3,5,9,13,129564.0,1326,53822.0,8,5,32,12,90,66,72,44,6,1,10,1,10,7,5,4,6,4,10,8,3,7,3,9,10,2,9,9,3,6,0
0,31,21,2,6,0,10,4,2,4,14,13,97770.0,1171,50592.0,3,6,16,92,6,49,11,24,5,8,5,2,7,9,7,4,7,3,8,7,6,9,10,10,4,5,5,5,7,6,0
0,35,43,5,3,0,10,2,3,3,11,10,123200.0,1156,12502.4,3,3,74,64,68,45,74,18,6,7,10,9,6,6,6,10,9,4,4,4,10,10,9,6,7,10,4,4,5,8,0
1,33,40,6,5,0,6,5,7,2,17,11,34431.0,1122,53405.0,9,2,36,72,72,66,75,48,7,6,10,4,1,4,7,7,6,4,6,3,6,3,2,4,9,9,5,4,6,5,0
1,37,29,3,4,0,6,5,4,2,11,17,111394.0,837,21088.0,6,1,86,54,9,24,41,44,1,9,10,9,8,3,9,7,9,10,7,9,7,1,4,9,5,5,9,10,7,9,0
0,39,30,4,4,1,6,5,4,2,16,16,95733.0,1092,45427.0,1,5,10,90,46,43,49,54,4,4,6,7,7,5,7,3,6,5,6,5,1,3,2,6,7,1,9,9,5,2,0
1,21,36,5,5,1,7,6,7,4,17,16,53733.0,1213,13307.0,5,4,32,75,81,96,63,46,5,10,7,2,6,5,1,9,10,8,10,5,7,2,8,1,7,3,9,5,9,4,0
1,42,39,2,6,0,6,3,5,5,5,3,89269.0,885,53119.0,3,3,57,77,92,86,58,94,8,8,8,9,7,5,6,2,3,9,4,8,8,3,2,4,10,8,4,7,3,7,1
0,37,30,6,1,0,6,6,5,4,2,10,26252.95,978,21008.0,5,9,22,29,80,37,26,50,10,6,4,4,2,10,5,5,4,3,4,9,3,9,2,8,2,8,4,6,4,8,1
0,23,29,1,3,0,8,4,5,1,5,16,101678.0,1395,31512.0,10,9,24,56,18,81,47,83,9,8,4,1,5,3,3,1,10,1,9,3,1,7,1,6,9,5,7,8,8,9,1
1,23,37,2,5,0,9,4,5,3,17,12,26252.95,887,12502.4,4,1,86,69,70,33,69,43,1,6,7,5,9,10,3,10,3,8,10,4,3,5,10,1,3,8,3,9,8,10,0
0,43,20,6,1,0,2,1,2,5,8,5,62203.0,937,16566.0,4,5,95,53,60,64,61,48,9,9,9,4,2,8,2,6,4,3,7,3,9,3,6,2,7,6,1,2,7,8,0
1,28,20,5,3,0,7,4,6,6,14,5,65655.0,963,47869.0,5,6,95,84,72,67,15,83,3,4,2,1,4,2,1,5,4,1,4,8,1,7,5,4,5,10,2,1,8,4,0
1,43,31,6,1,0,4,5,7,6,12,4,124863.0,1197,38794.0,2,6,7,25,56,16,78,40,9,3,10,1,4,9,7,7,6,9,9,3,2,5,3,4,8,5,8,10,5,3,0
0,34,35,2,2,1,7,5,5,4,14,5,91077.0,1462,15384.0,9,6,4,81,14,38,30,40,10,5,3,3,10,8,9,4,1,9,2,5,2,4,2,10,2,2,5,3,3,5,1
1,41,43,6,6,1,9,1,2,6,2,16,42981.0,1034,38382.0,7,4,42,45,54,61,53,25,5,4,8,6,7,5,3,1,6,4,4,9,6,8,8,5,1,10,6,1,6,8,1
1,20,36,2,3,0,9,1,4,6,3,7,68022.0,1487,13183.0,6,6,96,95,34,58,16,33,2,10,1,5,10,8,10,7,9,10,5,8,10,5,2,9,6,2,1,2,2,3,0
0,30,27,1,6,0,7,6,7,2,5,10,93756.0,849,32129.0,9,2,26,15,56,4,85,27,9,8,5,4,10,5,5,8,3,2,2,2,1,9,2,3,10,9,10,3,4,7,0
0,39,34,2,3,0,5,2,2,1,10,8,130676.0,1448,36975.0,6,8,45,17,77,42,67,42,4,3,1,8,2,8,3,5,5,1,7,5,3,9,5,5,8,1,7,4,4,9,1
0,20,32,3,2,0,6,3,2,6,5,14,47899.0,1347,19457.0,5,8,96,47,92,4,62,13,2,2,7,1,7,4,6,7,1,4,6,6,4,9,6,3,3,3,2,7,10,1,0
1,33,36,2,4,0,5,1,1,1,2,5,75734.0,1175,45875.0,6,6,16,91,41,5,23,60,1,9,1,10,2,10,8,5,8,2,9,8,9,1,10,1,10,6,1,2,1,4,0
0,32,26,1,4,0,9,5,5,4,16,11,99138.0,1192,12502.4,2,7,55,88,91,63,67,52,7,6,8,4,4,6,5,7,2,4,7,5,10,1,8,2,1,2,1,1,6,1,1
0,28,21,3,5,0,1,4,5,3,8,5,66306.0,882,13477.0,8,5,95,4,91,77,95,11,8,9,3,3,6,3,5,2,5,1,9,5,5,2,8,1,7,6,10,6,7,6,0
0,35,32,1,3,0,9,4,2,6,14,10,120462.0,1296,55440.0,6,6,80,46,96,88,47,68,6,9,6,2,10,6,8,8,9,2,7,9,2,9,9,5,8,2,4,2,1,1,0
0,32,36,2,1,0,6,5,2,7,5,3,72679.0,1465,19886.0,7,8,53,31,33,67,11,60,1,6,1,5,5,10,1,9,7,2,10,10,8,2,1,6,6,9,1,2,9,9,1
1,22,33,1,2,0,6,4,4,7,3,11,119320.0,1539,39612.0,5,3,92,16,78,22,46,70,9,2,5,3,9,9,6,8,3,10,3,6,10,9,9,2,4,3,2,7,4,8,0
1,33,25,3,3,1,9,6,5,1,7,15,26252.95,1453,33203.0,3,7,43,46,96,5,5,54,2,4,9,10,7,2,9,1,4,5,7,4,8,7,3,3,9,5,9,2,2,6,0
0,33,34,3,3,1,3,4,6,4,7,4,115597.0,1559,25829.0,5,2,77,8,53,64,95,68,8,5,9,7,4,5,2,9,8,9,9,10,3,5,10,3,3,9,8,9,5,7,0
1,34,38,1,2,0,10,2,1,4,12,14,65323.0,1471,55973.0,4,4,45,95,78,33,29,34,5,1,6,7,1,10,5,5,6,1,8,2,6,3,7,10,9,1,2,2,8,1,1
0,26,19,3,5,0,8,5,3,4,8,13,97168.0,1208,36167.0,1,7,60,23,50,63,37,76,2,3,4,6,1,2,3,1,7,3,2,10,9,10,3,6,2,6,4,5,9,1,0
0,43,24,4,2,0,8,5,7,4,5,7,101297.0,1451,41190.0,10,1,87,58,67,20,45,15,10,6,8,4,6,3,8,10,8,4,5,5,10,9,10,5,2,8,1,10,1,10,0
1,40,38,3,5,0,10,6,6,6,11,2,122107.0,844,18229.0,10,7,48,43,90,4,15,82,10,6,6,2,2,2,4,3,9,1,4,7,9,2,7,9,1,5,4,1,8,4,0
1,20,35,3,5,0,9,1,3,4,16,9,97996.0,1180,24301.0,4,8,23,45,95,61,95,4,9,7,6,8,7,3,1,4,5,6,7,7,4,6,7,8,2,4,9,4,5,6,1
0,37,29,1,1,1,10,5,2,5,15,8,85482.0,911,42802.0,8,4,92,60,4,45,56,68,7,5,3,7,6,9,10,9,2,7,9,2,7,6,6,2,2,7,1,7,1,4,0
0,30,33,2,3,0,1,2,6,2,2,9,77594.0,1151,25788.0,8,5,42,51,62,96,84,61,5,6,7,3,4,5,1,4,7,10,10,6,3,4,5,2,4,9,1,5,6,3,0
1,39,19,5,4,0,9,5,6,4,14,12,82887.0,919,29027.0,3,9,95,20,40,51,17,67,5,9,9,5,4,6,6,10,4,6,3,1,7,1,3,7,9,7,1,9,6,2,0
0,20,43,1,4,0,10,6,2,4,12,4,116048.0,1095,15976.0,5,3,20,34,4,94,17,82,6,8,3,10,3,9,4,3,5,7,6,10,9,9,3,3,8,6,6,7,5,5,0
1,24,32,1,3,0,5,1,4,3,8,4,64542.0,1337,56165.0,5,9,26,30,18,49,32,36,4,9,8,2,1,5,2,6,10,10,4,6,4,3,3,7,5,8,9,5,4,3,0
0,23,24,5,3,0,9,1,2,6,11,16,103550.0,1179,57566.3,8,5,78,61,15,62,64,70,4,3,10,1,5,7,5,10,8,10,5,10,3,4,1,1,9,10,3,8,5,1,0
0,26,34,3,3,1,9,2,1,6,10,7,65585.0,1178,16367.0,9,9,28,45,35,70,5,76,9,3,6,7,7,6,7,10,3,2,10,7,2,4,8,2,7,8,8,9,3,1,0
1,29,20,6,5,0,4,3,7,3,8,1,64319.0,1321,43171.0,9,6,96,28,85,27,48,29,7,4,6,9,5,2,5,8,8,7,3,6,6,8,9,4,8,10,6,8,9,10,0
1,32,28,1,1,1,8,1,4,1,10,17,143471.34999999998,934,31321.0,9,3,54,92,76,41,86,85,10,8,1,8,2,8,5,1,5,5,7,1,6,10,8,7,6,2,8,6,3,4,0
1,38,23,1,1,1,9,6,1,7,5,16,61614.0,1366,50615.0,2,9,74,44,18,4,33,80,5,1,5,9,7,9,9,2,3,10,2,3,8,7,2,7,7,8,9,3,1,4,0
1,37,23,3,1,0,7,1,6,6,15,14,57836.0,902,12502.4,1,5,55,21,51,4,95,52,8,5,5,6,3,5,2,6,9,8,10,10,9,4,8,1,9,3,5,6,4,1,0
1,20,32,1,6,0,6,1,6,1,3,6,102295.0,1076,28873.0,7,9,60,24,96,59,31,51,2,10,5,5,8,5,6,8,9,8,1,4,2,10,6,9,10,2,1,4,10,6,0
1,27,24,5,4,0,4,2,3,1,3,13,136408.0,1295,53282.0,1,5,33,26,31,96,68,79,8,2,10,4,5,8,9,2,4,9,1,2,4,4,6,8,8,10,1,9,3,4,0
1,19,28,5,2,0,5,2,1,5,17,17,137139.0,1512,26926.0,2,8,4,65,36,29,95,74,2,5,8,2,7,3,9,3,10,10,6,3,1,1,3,3,1,6,7,7,6,8,0
0,36,43,1,5,0,9,6,4,1,3,11,143471.34999999998,1343,50524.0,2,3,80,73,4,66,85,30,10,3,3,4,4,3,7,8,7,6,2,10,8,4,3,1,10,7,4,5,10,2,0
0,36,34,2,6,0,2,3,5,3,8,15,62687.0,1203,30718.0,3,9,60,83,24,12,12,13,1,8,5,3,3,1,7,8,10,9,6,7,4,1,10,7,9,1,7,3,1,5,0
0,40,40,2,5,0,1,2,6,1,9,17,135980.0,1430,47481.0,1,6,96,9,87,71,27,32,5,6,6,8,6,7,2,9,5,1,8,5,6,7,6,10,8,2,3,8,7,4,0
1,40,35,2,3,0,3,4,6,1,15,1,63899.0,837,20249.0,2,5,11,9,25,12,64,71,4,9,5,6,1,5,1,5,8,6,8,10,3,7,2,6,3,2,2,7,5,1,0
1,30,39,6,1,0,8,6,4,5,9,6,131525.0,1180,47132.0,6,6,34,88,45,96,7,78,6,4,4,8,6,2,10,2,7,5,1,7,8,9,10,5,9,1,10,5,10,4,1
1,29,41,1,3,0,9,2,4,6,5,5,86330.0,1426,42341.0,8,9,96,8,77,4,21,47,3,5,4,2,4,10,2,10,1,4,1,3,3,10,10,9,9,7,3,7,6,3,0
0,19,38,5,6,0,8,4,7,2,5,6,131958.0,1208,44965.0,10,3,35,57,77,89,16,27,2,10,4,6,10,9,2,1,2,1,2,5,2,7,5,3,4,1,7,6,10,1,0
1,36,43,6,3,0,8,2,7,6,2,16,116493.0,1352,57566.3,9,4,4,8,12,74,87,72,3,2,1,7,2,7,2,5,8,5,5,4,9,8,2,8,10,5,2,6,5,2,0
1,41,36,2,2,1,1,2,3,4,14,16,74222.0,1438,57258.0,4,5,85,66,20,4,67,29,3,5,6,1,3,9,3,1,9,10,4,9,2,8,5,6,6,6,3,1,2,2,0
0,33,43,4,4,1,6,3,2,7,8,12,67455.0,1044,38057.0,4,2,36,4,34,35,74,67,9,6,8,8,6,2,7,8,1,10,8,10,8,8,2,1,1,4,8,8,1,5,0
1,42,25,4,5,0,7,5,7,5,2,12,143471.34999999998,1253,32486.0,10,7,21,85,24,34,69,4,5,10,8,10,5,8,8,10,2,9,2,5,5,5,3,4,3,5,10,5,2,7,0
0,40,41,4,6,0,3,1,1,4,4,1,135945.0,1478,20262.0,9,7,30,70,43,37,16,61,2,10,9,5,9,10,4,9,9,7,8,2,1,10,8,7,2,4,10,2,1,7,1
0,40,37,5,1,0,3,2,5,5,3,5,33118.0,1128,12502.4,7,7,23,4,17,48,84,95,1,10,4,6,10,9,7,7,2,8,8,10,9,2,2,3,4,6,10,3,8,9,0
1,32,25,3,2,0,10,2,1,1,10,10,104382.0,968,21713.0,3,3,88,12,76,68,95,18,8,10,3,7,7,10,7,1,2,6,4,5,4,7,6,7,6,5,6,10,8,3,0
1,33,38,6,2,0,5,2,7,4,15,6,77238.0,1049,36866.0,9,3,36,28,96,51,64,88,2,3,6,2,10,10,4,8,5,8,8,10,6,8,1,5,1,10,7,5,7,10,1
1,28,28,6,5,0,2,5,4,4,4,15,45270.0,1159,18460.0,8,1,31,80,22,71,59,26,6,4,8,3,7,6,9,3,10,8,7,7,4,4,1,8,4,2,9,10,8,1,0
0,41,38,5,6,0,3,1,7,7,17,8,43522.0,1477,45987.0,4,6,77,48,27,67,74,96,9,10,10,6,5,10,2,5,1,1,5,5,7,10,8,1,6,6,1,5,9,2,0
0,23,20,4,1,0,9,4,5,6,2,15,26522.0,1313,19473.0,1,1,52,22,95,26,79,24,3,5,5,9,10,7,8,6,9,3,4,6,8,10,6,2,7,4,9,1,7,8,0
0,28,40,2,3,0,3,5,2,1,17,2,143471.34999999998,851,25731.0,3,8,58,94,35,4,48,36,2,2,7,4,10,10,5,3,3,8,8,1,9,4,7,6,5,1,4,5,10,1,0
1,20,43,4,4,1,2,6,5,4,10,3,46300.0,1175,52325.0,4,5,70,61,19,92,70,96,7,1,7,8,3,8,10,7,8,6,3,7,7,10,5,6,6,7,3,6,1,6,1
1,32,31,5,6,0,10,3,1,1,8,9,67634.0,1541,29120.0,4,8,36,75,4,64,33,72,6,2,6,4,1,2,3,6,10,8,4,8,2,9,1,1,1,3,10,9,10,10,0
1,19,43,2,1,0,9,3,2,7,2,5,26252.95,1543,57566.3,1,7,61,64,73,35,91,52,10,4,7,1,5,1,6,10,8,5,9,6,2,3,2,10,8,6,2,9,7,3,0
1,24,26,3,2,0,7,1,6,2,14,4,49328.0,894,23900.0,9,8,32,4,4,7,37,77,2,2,4,6,6,10,3,7,1,3,10,7,5,1,3,6,9,9,4,2,7,2,0
0,19,42,4,2,0,4,1,3,7,18,10,116534.0,898,32850.0,2,4,41,52,53,63,8,79,2,2,5,7,10,4,10,8,7,4,7,3,7,4,6,4,9,10,1,2,4,1,0
0,34,19,5,2,0,8,6,2,4,15,4,76428.0,1300,49969.0,8,2,25,68,41,58,15,33,9,8,3,9,2,10,2,5,5,9,7,6,7,7,9,1,6,2,3,6,3,2,0
0,26,19,3,4,0,10,5,3,5,11,5,50381.0,1060,28926.0,4,8,92,48,4,55,14,74,1,5,3,4,9,1,9,5,7,6,10,2,9,3,7,10,9,4,10,1,10,2,0
0,43,43,3,5,0,10,3,5,1,8,13,62588.0,944,27153.0,1,1,28,38,64,8,35,62,8,5,8,1,10,1,4,10,6,10,4,6,4,3,2,10,5,9,4,5,7,9,0
1,40,29,4,2,0,2,5,1,2,13,8,100668.0,1051,43381.0,2,5,93,22,26,37,39,76,10,6,3,5,7,4,2,2,4,4,4,10,3,8,2,1,2,6,5,1,8,7,0
1,30,28,5,2,0,5,2,6,3,7,16,91727.0,1128,40770.0,2,3,22,82,8,73,10,47,8,1,10,6,7,9,3,8,7,10,6,8,4,10,6,5,3,2,5,3,10,8,0
1,28,38,4,6,0,9,6,3,1,7,1,88380.0,919,55143.0,10,8,30,46,13,48,91,38,4,9,10,9,2,1,4,9,3,7,4,8,8,2,7,3,7,2,10,6,9,5,0
0,37,19,1,2,0,4,2,3,5,1,7,134970.0,1491,32983.0,3,7,18,5,32,23,67,34,7,2,9,6,7,2,7,7,3,10,1,4,8,6,5,8,5,7,4,5,1,8,1
0,23,37,6,4,0,4,5,4,5,15,4,134914.0,1203,29137.0,5,2,4,46,67,61,50,4,6,9,5,8,10,7,10,7,4,9,6,8,1,2,2,2,9,5,8,8,4,6,0
1,19,29,6,4,0,5,4,3,4,15,10,26252.95,925,21960.0,6,8,69,95,5,13,28,85,9,4,8,1,3,5,3,2,7,8,3,7,5,4,3,2,10,9,5,9,9,3,0
1,24,34,5,4,0,8,6,6,1,13,8,81618.0,973,55990.0,5,6,44,6,82,76,10,94,3,5,8,8,6,9,1,4,2,3,8,7,9,5,3,10,4,9,4,6,7,1,0
0,29,32,1,6,0,7,2,6,1,4,1,45156.0,856,56678.0,2,1,13,13,93,60,13,67,10,7,5,2,8,7,10,9,2,5,6,9,4,4,9,9,6,10,2,8,6,9,1
1,39,19,6,1,0,5,1,2,2,10,17,109626.0,1210,44009.0,5,4,15,93,66,50,11,37,3,3,10,2,9,8,5,9,4,9,6,2,6,7,10,3,3,2,8,6,3,8,0
0,37,35,3,1,0,3,4,4,2,16,4,91781.0,1244,54115.0,5,4,59,27,51,85,80,73,2,9,9,5,1,1,1,8,2,5,3,8,6,4,5,2,10,1,10,5,3,7,0
0,40,33,4,2,0,6,5,2,5,5,8,139467.0,1559,28983.0,8,3,76,93,95,42,10,63,7,8,4,3,3,7,1,9,1,2,3,3,2,8,1,9,6,4,8,7,10,5,0
0,36,21,3,6,0,9,5,7,6,15,11,26252.95,837,42565.0,1,6,4,49,6,9,6,90,2,9,7,8,3,1,10,5,7,3,2,2,2,2,6,6,8,10,10,1,6,2,0
1,34,25,2,5,0,3,4,6,4,6,9,59505.0,1062,26645.0,4,6,16,78,93,8,47,92,9,6,4,10,10,7,5,8,8,5,10,8,6,9,9,10,2,2,10,6,10,1,0
1,21,19,1,3,0,6,3,7,6,12,8,93287.0,1262,15621.0,3,2,14,56,38,96,36,80,5,1,2,8,3,9,7,10,8,4,1,3,4,10,8,10,3,1,1,8,7,8,1
0,20,31,3,1,0,10,5,5,3,3,6,139723.0,1112,38831.0,4,1,21,29,74,13,43,93,10,2,7,1,10,1,2,3,3,4,10,7,9,8,6,6,3,6,4,10,10,4,0
1,19,42,1,3,0,2,2,7,1,9,8,126140.0,1087,38463.0,5,3,69,25,43,49,55,62,2,8,9,10,5,9,4,8,4,6,9,4,1,8,3,5,1,5,4,5,4,1,0
0,35,32,2,5,0,4,1,3,4,16,15,143471.34999999998,1348,52719.0,2,6,41,31,92,96,79,51,8,10,1,6,8,6,8,9,3,2,6,7,8,10,6,10,8,9,4,3,5,6,0
0,43,26,3,3,1,5,6,4,4,16,3,127847.0,966,36212.0,3,3,55,15,79,74,5,8,7,9,1,7,8,10,6,4,10,1,8,6,2,6,9,10,2,8,3,5,10,1,0
0,38,19,5,4,0,3,1,2,2,8,17,97208.0,908,51572.0,6,5,69,20,34,92,56,20,6,9,3,10,8,2,8,7,7,6,1,7,3,1,4,5,4,1,6,6,3,3,0
0,32,34,5,3,0,10,5,3,3,2,14,26252.95,1559,43552.0,1,3,39,13,40,9,13,45,10,4,9,4,9,3,10,10,9,3,8,1,3,4,9,1,5,4,7,6,8,6,0
1,25,43,3,2,0,2,6,7,2,3,10,45433.0,1434,56315.0,7,7,91,81,67,60,7,61,5,5,1,1,2,2,5,9,7,2,1,1,7,1,8,3,6,4,3,9,8,4,0
0,19,27,5,4,0,3,5,7,3,15,1,83242.0,1385,13109.0,4,5,21,15,19,35,67,40,6,5,3,10,10,6,10,6,10,9,10,1,5,7,6,5,4,9,9,3,8,10,0
0,37,26,2,4,0,1,5,5,6,13,8,30540.0,1341,21058.0,6,2,85,47,14,4,95,44,8,1,9,10,7,8,2,7,4,5,8,2,8,8,6,10,4,5,5,9,1,10,0
1,31,19,3,1,0,3,6,5,1,12,7,143471.34999999998,1208,54951.0,7,2,17,37,93,17,68,51,5,8,5,4,8,8,2,5,10,10,10,5,2,8,10,5,7,3,5,3,4,4,0
0,21,41,5,4,0,8,2,1,5,16,16,38558.0,856,26330.0,7,4,94,18,6,47,43,71,3,5,10,10,8,6,2,5,2,6,9,6,3,2,6,5,10,7,9,8,2,1,0
0,22,36,2,4,0,2,4,4,6,12,14,26252.95,1065,12502.4,1,8,56,66,55,29,34,36,4,6,5,7,10,1,8,5,6,8,8,2,8,6,10,7,3,2,1,10,8,2,1
1,40,34,1,2,0,9,4,7,4,16,3,109679.0,837,18890.0,10,7,19,4,66,36,95,77,1,2,2,7,6,10,6,4,7,2,8,4,6,6,9,10,10,4,8,8,9,9,0
1,30,28,6,1,0,7,5,6,6,8,10,26252.95,1324,57566.3,3,4,63,84,96,45,38,10,4,10,8,7,10,1,6,4,10,5,9,6,9,4,6,10,7,1,9,10,4,6,0
1,41,34,6,4,0,10,3,6,3,7,8,69739.0,1559,33467.0,3,7,22,24,26,56,5,61,9,1,8,2,5,9,4,6,7,1,8,5,8,10,3,8,3,4,7,8,7,1,0
0,32,27,5,3,0,4,4,3,4,7,12,76713.0,1544,32083.0,4,5,9,63,75,62,40,30,6,9,6,5,8,2,1,3,4,2,4,5,3,7,5,1,5,3,2,9,2,4,0
1,23,35,6,3,0,6,5,7,5,17,4,138740.0,1315,31550.0,3,5,17,21,81,53,95,90,2,3,2,9,9,5,6,10,1,2,10,1,8,10,9,7,8,1,1,7,4,3,0
1,19,40,3,4,0,8,3,2,5,2,5,140091.0,1231,48341.0,1,4,33,69,59,49,51,36,1,5,5,1,4,7,7,7,10,10,1,6,6,6,7,7,10,6,6,8,2,10,0
0,40,23,6,3,0,1,4,3,2,3,7,35423.0,1558,44027.0,8,7,95,29,39,89,66,36,5,3,8,7,3,5,8,5,1,3,2,1,9,7,10,4,2,3,7,6,7,9,0
0,36,33,3,6,0,4,1,6,1,1,6,90306.0,1328,36869.0,4,6,58,71,88,44,71,63,8,10,5,2,5,6,7,1,6,9,7,8,1,3,1,8,3,5,3,9,4,9,0
0,30,43,5,6,0,4,4,5,4,12,16,93193.0,857,47493.0,2,5,75,74,41,81,75,53,2,1,3,4,4,5,2,1,7,10,8,7,6,8,3,3,2,4,3,4,2,6,0
0,23,35,3,6,0,3,4,3,7,4,6,114023.0,837,30448.0,7,5,51,26,9,28,93,22,10,6,1,5,9,9,3,8,6,5,2,1,5,3,9,3,4,6,6,3,6,10,0
0,32,37,1,1,1,4,5,5,1,9,10,29884.0,1417,43175.0,4,1,68,7,88,94,80,82,9,5,8,3,7,6,3,7,10,4,5,3,4,10,6,4,5,9,10,9,8,1,0
1,33,35,1,4,0,10,6,7,6,8,2,29726.0,880,57566.3,8,5,68,56,6,4,30,68,9,1,5,5,5,10,10,7,6,1,5,1,5,3,2,7,10,2,6,7,10,9,0
1,41,19,6,4,0,7,2,2,6,7,13,123178.0,1163,24273.0,8,2,10,80,65,32,91,39,10,7,10,6,7,2,9,1,8,8,7,10,9,8,8,2,4,1,8,3,3,7,0
1,40,20,3,5,0,7,5,3,6,10,7,26252.95,1305,39243.0,8,5,25,35,10,96,10,73,9,8,3,6,7,5,1,7,5,6,7,5,1,9,5,10,7,8,9,2,7,3,0
0,33,32,5,6,0,1,6,6,4,17,5,55546.0,920,37373.0,6,6,20,79,94,43,57,23,10,7,9,7,6,9,9,4,2,6,5,7,10,8,8,6,3,3,6,4,7,10,0
0,27,37,3,5,0,10,3,6,6,3,6,135339.0,1347,14077.0,7,2,81,12,4,4,80,85,1,1,3,4,6,8,10,2,4,1,6,3,6,6,3,4,7,2,2,1,3,7,0
0,39,27,4,4,1,9,5,1,7,17,7,88748.0,1211,50298.0,4,7,96,12,75,88,11,18,1,5,1,4,9,3,1,3,5,7,7,6,6,4,7,8,10,7,7,8,10,3,0
1,26,38,5,3,0,10,5,1,5,11,8,103624.0,846,17738.0,5,5,4,95,66,89,39,85,2,5,8,4,10,2,1,8,8,2,9,5,10,5,5,3,2,2,8,6,9,7,0
1,26,22,1,5,0,9,3,7,1,15,5,68812.0,1511,39052.0,7,1,70,76,7,9,19,47,2,6,5,3,6,4,1,1,10,2,9,7,3,3,7,9,2,6,4,10,9,8,0
0,34,32,2,1,0,7,5,5,1,18,15,68764.0,1512,22518.0,10,1,67,25,27,13,38,74,8,7,7,4,5,5,6,7,3,4,4,4,1,10,10,7,5,8,3,7,4,5,0
1,34,40,3,5,0,10,4,7,1,18,16,57855.0,1139,31673.0,5,3,7,67,89,92,65,25,9,1,9,2,3,9,1,1,7,4,5,4,7,7,1,7,8,9,3,1,8,1,0
0,34,31,6,2,0,1,1,7,5,2,1,67031.0,1300,38954.0,10,4,11,93,52,67,32,29,7,6,6,1,9,2,2,4,10,9,4,8,9,5,6,7,8,1,8,5,2,9,0
1,41,32,2,2,1,4,2,5,3,17,11,66628.0,1085,37164.0,9,6,19,19,8,95,51,18,5,3,1,9,2,1,10,4,2,10,4,8,7,9,3,4,5,8,10,7,6,1,0
1,29,27,4,5,0,1,5,5,7,15,1,47389.0,871,23052.0,7,5,36,90,7,14,82,31,3,4,6,9,10,6,2,5,1,8,8,1,10,1,4,2,2,1,5,3,5,6,0
1,30,41,2,4,0,8,4,6,2,2,5,101784.0,873,33991.0,7,5,96,52,66,9,83,81,10,7,8,1,4,9,3,5,9,8,8,10,2,4,6,10,2,4,3,6,4,5,0
0,29,26,1,5,0,1,1,6,2,4,12,39785.0,1395,14522.0,10,3,44,16,91,69,91,74,4,3,1,5,6,5,2,7,4,8,5,8,1,1,1,5,3,3,7,3,7,5,0
1,31,29,2,6,0,4,2,1,1,14,7,31435.0,840,13207.0,3,8,26,30,83,21,16,51,5,5,1,6,8,10,6,9,2,3,1,6,1,6,8,7,3,8,10,9,8,9,0
1,27,24,4,6,0,6,5,6,2,18,5,107716.0,1559,48373.0,6,3,9,54,90,22,55,8,10,10,6,5,6,5,7,8,2,8,6,5,9,1,1,6,7,6,10,2,8,9,0
0,40,22,5,3,0,9,3,5,7,10,11,136994.0,1309,24839.0,7,5,20,85,22,26,30,10,8,4,5,1,1,9,2,9,9,8,7,8,5,2,10,6,7,5,5,10,3,2,0
1,36,42,2,4,0,8,3,2,7,18,7,135655.0,1018,42702.0,7,2,21,51,61,4,5,37,7,5,10,2,3,9,6,5,5,5,3,8,2,7,10,7,2,5,6,5,8,4,0
0,19,41,1,1,1,2,3,6,3,17,12,52639.0,1336,38160.0,2,2,78,56,6,59,10,94,6,6,7,3,9,9,8,4,2,7,3,5,5,1,9,10,3,9,8,7,6,1,0
0,21,27,3,2,0,4,4,1,2,8,13,131307.0,837,25455.0,9,6,96,79,23,92,95,88,7,9,3,1,1,1,8,4,4,6,3,5,2,4,10,5,6,7,9,3,1,4,0
0,36,42,5,5,1,6,2,3,3,4,17,91857.0,1531,51857.0,2,4,35,67,89,71,87,96,7,2,6,4,3,5,8,7,5,6,9,5,2,4,1,1,2,10,1,5,8,6,0
0,24,43,4,3,0,2,6,6,2,9,16,26252.95,861,14227.0,6,7,32,13,92,12,95,9,10,5,6,6,9,4,1,6,9,3,9,1,4,7,8,7,8,4,2,7,9,2,1
0,43,25,2,3,0,1,3,5,7,11,5,52826.0,1559,42915.0,8,2,50,39,41,34,10,21,1,3,1,1,3,3,8,2,5,6,10,3,4,9,6,6,9,9,5,9,7,10,0
1,32,39,4,2,0,8,6,4,4,13,6,26252.95,1433,34685.0,9,5,42,80,33,31,48,7,6,8,8,3,10,8,3,6,8,4,4,9,9,5,3,4,3,5,7,6,4,8,0
0,32,37,2,1,0,10,1,5,5,11,7,54163.0,1010,46647.0,10,5,31,46,4,17,61,52,10,9,2,5,4,4,6,2,8,4,7,7,8,1,2,6,3,1,8,3,4,7,0
0,41,42,5,5,1,4,3,6,6,17,16,90747.0,1440,55451.0,3,5,90,82,75,90,42,92,5,10,3,4,4,4,9,9,7,7,9,9,9,6,3,8,9,2,1,4,7,5,0
0,23,33,3,1,0,2,1,4,5,15,5,115340.0,1112,46100.0,8,1,73,65,25,72,17,96,9,10,5,3,2,4,6,2,6,7,9,2,8,6,2,10,4,9,4,5,8,10,0
0,20,29,5,4,0,6,1,2,2,15,8,116612.0,1039,23086.0,5,5,37,23,96,63,33,18,1,6,2,8,4,7,3,1,4,6,8,10,10,10,3,5,10,7,6,2,10,3,0
1,23,26,6,1,0,3,2,7,3,8,16,30582.0,1490,25190.0,9,3,76,92,13,11,64,84,5,2,1,6,1,6,2,10,5,4,1,2,8,9,10,8,4,4,3,4,9,2,0
0,33,27,6,5,0,8,1,3,4,2,11,135311.0,1430,12502.4,5,6,67,38,59,92,16,21,2,1,5,8,6,10,7,10,3,10,8,6,9,9,10,4,4,2,3,7,9,2,0
1,19,33,6,5,0,3,3,1,2,10,8,31357.0,1532,33830.0,3,6,15,45,66,91,7,96,3,7,9,8,1,3,9,10,3,10,3,8,2,1,3,6,3,7,9,3,10,6,0
0,24,27,2,4,0,3,4,4,3,3,2,102393.0,880,57430.0,3,5,78,22,63,13,51,94,2,7,10,3,10,4,3,10,9,6,8,1,10,1,10,8,9,4,7,1,3,4,1
1,28,26,6,4,0,8,5,7,1,4,9,128249.0,1473,23275.0,3,3,21,7,96,40,53,86,9,7,5,5,6,10,2,7,2,7,7,4,9,2,10,3,2,4,4,5,9,5,1
0,43,43,4,6,0,9,6,6,3,11,13,134659.0,837,36337.0,2,7,60,8,59,65,64,23,3,8,6,8,10,7,5,2,8,10,2,3,2,4,8,2,6,5,4,3,10,3,0
0,24,20,5,5,1,5,5,6,7,5,5,143251.0,837,37903.0,1,9,39,16,28,20,22,84,5,3,3,5,4,5,8,10,8,4,2,1,1,6,8,2,6,2,1,10,9,7,1
1,21,43,5,2,0,7,5,2,6,6,8,64866.0,1559,49054.0,5,9,70,16,80,86,38,54,6,8,5,8,9,9,1,6,5,3,9,5,6,2,2,1,8,4,5,8,8,5,0
0,41,36,3,3,1,8,3,5,5,17,5,27499.0,1273,42336.0,4,6,4,7,20,91,36,96,10,5,3,7,7,8,2,10,9,3,9,10,10,4,3,8,10,4,7,8,2,9,0
1,37,28,6,5,0,10,1,2,3,18,9,26252.95,1559,17067.0,6,2,42,28,38,87,38,18,5,10,10,1,9,6,3,5,10,6,7,9,1,5,10,3,10,6,2,5,2,2,0
0,24,23,4,6,0,7,1,6,2,5,2,88227.0,1454,52622.0,8,8,48,47,19,12,87,4,9,8,4,6,4,5,8,5,9,5,1,2,10,3,6,8,3,4,9,6,5,4,0
1,21,23,4,6,0,3,5,5,4,1,3,38595.0,1524,44203.0,3,2,59,78,76,13,90,63,1,7,10,7,7,3,3,9,10,6,6,2,6,10,1,1,7,3,6,2,2,1,0
0,29,32,6,5,0,3,3,6,6,7,2,40576.0,1028,27061.0,10,5,96,20,92,39,88,77,4,10,6,4,5,4,9,8,1,4,10,7,6,6,6,6,4,2,8,6,10,3,0
0,22,32,5,2,0,5,2,3,2,16,1,58875.0,1033,12818.0,2,4,67,7,62,4,48,4,6,8,9,9,6,2,8,3,10,4,9,6,2,8,4,9,10,7,6,8,6,9,0
1,40,30,1,3,0,7,5,7,1,11,15,139272.0,858,26155.0,6,4,76,65,80,96,50,21,9,6,5,2,5,8,3,3,10,6,7,10,8,3,2,5,4,7,9,9,9,3,0
0,43,39,2,6,0,5,5,4,3,3,15,60566.0,1053,32258.0,9,7,70,33,85,6,15,88,4,4,1,2,10,8,9,2,2,6,6,2,8,10,4,2,4,5,4,6,2,10,0
0,36,22,5,3,0,1,6,2,2,9,8,66644.0,1550,32742.0,4,9,87,42,4,82,84,77,10,8,9,5,3,1,1,3,2,7,2,6,2,10,9,8,10,6,10,8,1,10,0
0,43,31,4,1,0,2,6,4,4,11,4,143471.34999999998,975,14212.0,5,4,9,13,66,8,86,57,5,2,4,5,9,1,3,1,5,4,7,3,7,5,5,10,10,7,6,7,2,10,0
0,22,38,6,4,0,5,4,2,6,12,6,26252.95,1559,40068.0,5,8,68,8,7,64,93,26,8,9,6,3,5,5,6,1,8,6,6,4,9,10,7,4,3,5,1,7,10,8,0
0,43,19,6,1,0,1,3,5,1,17,11,45344.0,901,30979.0,3,6,70,35,20,33,40,34,10,2,8,2,5,9,7,3,5,8,6,10,4,1,3,9,3,6,9,10,10,4,0
0,36,40,5,3,0,4,5,6,2,3,14,77686.0,876,53587.0,6,6,25,24,23,71,85,79,5,8,8,4,2,6,4,3,9,8,8,1,5,5,9,9,7,10,5,5,8,4,0
1,38,29,3,4,0,3,4,4,2,8,10,38321.0,1000,48130.0,8,4,59,66,71,52,87,4,8,2,10,9,3,6,1,7,4,1,1,6,9,3,4,9,9,8,1,3,8,8,0
1,20,37,3,1,0,2,2,2,7,11,16,77834.0,931,57566.3,9,2,78,14,22,53,26,56,4,3,6,7,7,5,3,4,3,8,8,2,10,8,6,10,9,8,2,1,5,2,1
1,43,31,4,5,0,1,1,6,7,13,14,143471.34999999998,965,36225.0,2,2,91,5,19,24,5,76,1,2,7,8,5,1,7,9,5,10,3,4,9,8,2,4,10,8,8,6,10,8,0
0,43,36,4,5,0,7,5,2,6,10,13,52541.0,1046,57566.3,9,7,28,50,58,72,21,6,10,7,4,7,2,9,7,10,3,2,3,10,4,9,2,6,7,3,7,8,4,7,0
1,28,41,4,3,0,7,1,3,1,8,9,28480.0,1203,22829.0,4,5,37,25,96,86,78,4,4,2,3,2,4,10,5,6,9,10,5,5,10,9,5,9,10,6,6,6,6,7,0
0,24,37,6,6,1,8,2,3,6,18,6,59586.0,914,47003.0,10,9,25,64,68,23,17,96,1,4,10,9,6,9,6,4,2,4,8,3,4,10,5,5,1,6,5,1,4,7,0
0,34,32,1,5,0,7,6,1,3,7,17,39563.0,1366,31280.0,3,3,87,38,36,93,18,58,9,4,1,2,7,6,4,4,10,9,7,8,7,6,9,3,1,4,2,3,8,9,0
0,42,43,2,1,0,4,3,1,3,2,16,97923.0,1475,39463.0,7,3,74,20,75,96,22,90,9,2,1,7,1,5,6,8,5,2,7,9,6,4,4,2,6,3,5,6,3,6,0
0,26,37,5,1,0,8,4,7,7,17,9,58970.0,900,57566.3,2,9,83,60,64,69,5,44,5,8,10,4,1,9,8,5,5,9,5,8,4,7,3,10,10,9,8,4,6,9,1
1,38,41,5,1,0,2,5,1,3,1,14,76710.0,943,19051.0,5,1,9,12,96,36,95,5,4,8,7,3,9,10,7,6,5,7,4,2,10,7,3,8,10,9,5,1,10,4,0
0,26,34,3,6,0,10,5,5,2,8,6,83318.0,1401,24149.0,3,8,32,59,71,55,83,88,10,8,4,4,3,10,4,4,7,7,9,1,8,5,8,8,5,8,10,10,4,8,1
1,27,42,2,4,0,4,1,7,4,9,7,123745.0,1307,26424.0,1,3,64,4,12,4,63,49,6,2,4,5,5,9,3,1,1,9,5,7,10,1,2,1,2,10,1,5,2,10,0
0,30,31,4,2,0,5,3,5,7,10,1,72680.0,1072,42399.0,1,8,56,61,93,18,65,56,9,7,10,6,3,6,6,6,4,4,10,4,6,10,4,7,6,5,7,1,9,1,0
1,32,40,2,3,0,7,6,5,7,8,15,51249.0,937,46620.0,5,2,20,58,45,68,77,96,2,5,2,1,9,5,3,1,4,4,4,9,5,10,9,7,8,3,4,8,9,9,0
1,39,35,4,2,0,9,2,5,7,11,8,43829.0,1079,29879.0,3,5,60,35,71,55,40,82,1,9,10,4,4,8,6,3,8,10,10,4,1,5,2,5,10,9,3,1,4,7,0
1,22,43,5,5,1,8,5,4,3,14,9,68795.0,1541,40889.0,4,8,69,42,85,51,26,66,8,4,1,4,9,6,1,6,2,8,4,5,9,1,1,4,1,5,4,8,4,8,0
1,20,39,5,4,0,7,2,3,6,6,2,112843.0,1559,32094.0,8,3,56,62,96,96,76,44,7,7,3,4,3,7,5,3,3,8,1,4,8,3,6,10,9,5,5,10,4,2,0
1,43,41,3,2,0,4,4,2,2,2,17,109735.0,1305,15460.0,8,6,76,55,81,11,21,88,1,5,6,3,4,5,6,3,10,4,8,9,8,9,9,3,9,5,6,8,4,6,0
1,43,43,4,5,0,10,6,1,4,14,6,107751.0,1535,48456.0,8,4,51,12,94,5,10,35,9,5,4,4,8,8,4,10,9,10,3,8,6,8,7,4,6,10,3,10,10,9,0
0,25,22,5,1,0,2,2,5,1,12,11,26252.95,1165,55827.0,7,7,86,4,30,31,53,31,1,9,6,9,8,1,8,10,4,8,8,7,3,5,6,5,2,6,7,4,2,2,0
1,37,39,2,5,0,2,5,3,1,9,11,85927.0,1386,56689.0,3,4,61,4,86,71,92,57,1,4,8,8,9,2,8,6,10,4,9,8,2,4,6,3,10,1,7,4,4,6,0
0,27,29,3,2,0,1,3,2,6,6,8,52189.0,995,21451.0,1,5,96,90,69,46,21,22,9,2,10,7,5,3,8,10,9,8,9,8,1,10,9,6,5,2,10,8,1,2,0
1,30,27,2,2,1,2,4,5,4,7,15,124816.0,1559,38871.0,5,3,84,5,92,51,69,84,4,8,2,9,3,8,2,9,4,9,1,9,6,1,6,10,8,8,4,6,2,2,1
0,20,25,4,4,1,3,6,6,7,16,10,143471.34999999998,947,54022.0,8,2,78,34,88,96,95,44,5,8,3,8,10,8,7,8,6,8,1,7,4,10,4,9,3,2,7,5,2,8,0
1,39,23,1,4,0,4,3,1,3,1,2,27880.0,961,43728.0,9,1,45,73,48,27,83,12,6,5,3,6,3,10,9,10,4,6,3,9,8,10,7,8,2,10,8,8,10,1,0
1,25,42,2,4,0,6,1,2,7,3,8,81960.0,1189,47961.0,7,9,54,8,75,78,61,63,8,4,9,9,9,2,1,9,1,6,8,7,9,10,1,2,1,10,3,4,9,5,0
0,26,32,4,1,0,8,4,1,2,11,17,40842.0,1514,56494.0,9,4,25,95,40,30,5,94,7,6,10,7,1,6,9,8,7,9,6,9,10,9,7,2,4,7,4,10,5,9,0
1,39,29,3,2,0,8,3,7,1,2,9,104440.0,1265,45743.0,1,8,16,61,75,60,58,93,10,7,5,9,4,9,9,5,6,3,10,7,7,4,5,9,3,2,1,4,2,7,0
1,38,42,2,5,0,4,6,5,7,16,10,129318.0,1492,16814.0,9,3,72,65,96,49,5,38,5,6,8,10,9,1,4,6,9,1,7,10,5,7,5,10,5,5,3,4,9,9,0
1,29,42,1,2,0,4,5,7,3,3,11,107970.0,855,39740.0,3,5,44,28,26,49,75,88,8,1,3,5,6,6,6,4,8,9,3,2,1,6,3,6,1,4,9,5,4,7,1
0,28,23,3,6,0,6,5,6,3,1,5,75652.0,1517,57531.0,4,3,56,49,38,86,6,96,3,5,3,6,2,10,6,2,6,8,8,6,6,9,9,1,3,5,7,5,7,8,0
1,19,29,3,1,0,10,4,4,6,3,2,141035.0,954,39288.0,3,5,41,23,64,79,39,26,7,8,5,10,8,8,2,9,5,3,6,9,8,10,8,5,6,3,8,2,7,4,1
0,35,32,2,6,0,4,4,1,4,13,4,31140.0,1300,52481.0,4,5,77,95,81,13,47,68,7,5,4,3,7,6,8,2,7,1,5,3,7,6,8,8,8,2,1,8,10,9,0
1,26,29,3,1,0,6,1,4,6,13,1,117180.0,1043,41708.0,6,9,96,80,78,33,77,67,6,5,8,8,2,1,4,6,8,7,7,1,7,3,9,1,10,6,5,3,9,4,0
1,19,26,6,5,0,3,4,6,5,16,4,140480.0,1400,16544.0,4,6,81,51,74,18,14,87,1,4,8,10,9,9,8,7,1,8,10,5,6,1,4,5,7,6,7,4,4,4,0
0,19,36,5,4,0,10,6,5,1,16,2,57094.0,1285,43496.0,5,6,6,17,88,16,9,17,9,3,10,9,7,9,7,2,9,6,5,8,4,1,2,10,8,1,5,10,6,7,1
1,20,38,6,1,0,4,5,2,6,8,17,77825.0,1146,49961.0,4,3,86,34,4,22,8,21,10,7,9,1,3,9,2,6,2,8,2,2,7,2,8,3,8,4,10,8,2,9,0
1,33,19,3,5,0,10,4,5,5,11,2,61468.0,1334,39081.0,6,4,4,4,21,38,14,4,6,2,4,5,7,3,4,9,9,3,3,6,10,6,3,3,10,6,4,2,7,10,0
0,36,30,6,6,1,4,4,2,1,13,14,88670.0,1456,12502.4,5,3,76,95,45,37,29,54,3,4,10,1,5,10,2,6,1,7,2,3,8,10,3,7,4,10,3,6,8,9,0
1,21,30,5,6,0,8,2,6,3,7,9,107303.0,1146,17323.0,5,3,12,46,29,4,37,4,9,2,5,7,10,6,4,3,2,3,4,2,4,7,2,5,3,4,3,9,6,8,0
0,40,25,1,5,0,6,2,6,3,14,10,26252.95,1421,24459.0,10,8,7,62,10,16,38,81,10,5,3,2,3,9,5,4,6,6,6,9,10,9,2,3,4,1,8,10,8,3,0
0,42,43,2,4,0,9,4,2,3,7,2,52132.0,837,43026.0,2,2,73,79,34,81,62,5,9,8,9,8,7,2,9,6,4,8,3,2,7,1,7,4,2,5,3,10,3,3,0
0,35,30,5,2,0,2,2,1,1,11,17,106823.0,1457,22916.0,7,9,15,75,76,30,79,18,10,10,10,10,6,4,8,4,6,10,8,8,9,8,1,7,5,3,10,8,3,4,0
1,37,21,6,2,0,7,4,1,7,13,17,82692.0,1403,47706.0,7,4,27,45,23,4,16,35,5,1,4,8,3,10,7,7,4,8,1,7,2,5,10,6,4,4,9,6,6,8,0
0,42,23,2,5,0,8,4,4,1,15,8,108028.0,837,46351.0,6,6,68,46,96,64,20,70,2,5,6,3,4,6,4,4,8,6,3,3,5,5,8,7,1,1,4,2,6,1,0
0,35,23,6,3,0,2,5,2,5,5,2,95592.0,1323,57566.3,9,7,9,48,68,91,61,46,8,9,1,8,3,4,7,6,2,7,3,7,7,8,8,2,6,10,1,4,7,6,0
1,27,38,4,5,0,9,5,5,2,13,1,101991.0,841,25463.0,7,5,77,56,82,18,67,88,10,6,5,8,4,8,5,4,1,6,8,10,2,2,9,8,6,5,2,9,8,6,0
0,28,29,2,3,0,2,5,4,5,12,17,84411.0,837,52432.0,10,9,28,7,88,26,6,64,5,9,9,4,7,7,5,8,9,10,3,2,4,1,1,8,2,5,5,1,2,2,0
1,34,29,1,1,1,7,3,6,7,7,14,143471.34999999998,927,48357.0,9,5,24,93,83,96,7,41,8,4,3,8,9,7,3,8,9,3,10,4,9,9,6,2,7,3,6,6,7,5,1
1,43,34,4,4,1,6,4,4,1,15,11,96247.0,1455,57022.0,9,5,13,58,49,79,71,47,1,8,5,2,7,9,5,2,5,7,10,6,5,9,9,9,5,3,4,3,9,2,0
1,41,43,3,2,0,1,5,4,5,5,16,64451.0,1559,14225.0,6,7,66,30,70,96,77,13,5,1,8,9,4,6,8,3,2,8,8,9,10,4,10,5,9,4,3,7,9,9,0
1,42,24,6,4,0,5,1,7,4,9,2,116134.0,837,41639.0,7,4,95,55,25,94,89,33,2,10,8,9,7,1,1,7,7,2,9,7,2,6,5,4,7,1,7,1,10,6,0
0,40,43,1,6,0,10,2,4,5,16,4,93951.0,878,30221.0,10,3,72,40,10,25,5,34,2,6,6,10,4,9,2,2,3,7,7,6,2,2,10,9,2,3,4,7,3,10,0
0,41,32,3,3,1,9,6,7,4,8,4,104273.0,1492,57566.3,8,7,45,61,90,28,90,30,10,6,3,2,9,8,9,2,4,8,5,10,9,3,6,1,7,9,2,10,4,1,0
0,37,41,2,2,1,6,1,2,2,8,10,99658.0,895,31203.0,9,2,58,38,96,73,17,58,7,6,7,4,1,8,9,3,1,9,5,2,7,2,4,8,3,1,5,1,4,3,1
0,33,34,1,1,1,3,1,7,2,14,5,33230.0,1559,12502.4,6,2,89,95,57,11,10,34,6,6,5,4,2,3,9,1,1,8,2,9,3,9,9,5,10,2,6,2,7,7,0
0,37,27,5,5,1,9,4,6,5,9,9,143471.34999999998,1135,36605.0,2,5,82,62,91,29,5,94,3,3,6,8,10,8,2,1,9,5,5,4,3,10,9,3,9,4,3,1,9,10,1
1,30,40,3,2,0,3,2,7,4,6,2,44358.0,963,53519.0,7,2,46,52,94,71,76,54,10,8,10,3,1,10,2,9,2,6,1,1,5,4,3,9,3,3,8,8,4,10,1
0,19,37,5,2,0,4,1,5,7,7,6,77647.0,1189,41586.0,8,5,51,4,4,94,5,40,7,8,2,8,6,4,5,2,9,8,2,1,10,4,6,1,4,9,6,6,10,1,0
0,41,23,3,3,1,7,6,4,7,1,1,26252.95,1242,52289.0,5,1,56,79,67,84,22,79,6,8,4,4,9,10,3,1,3,6,10,1,5,3,3,8,3,8,4,9,3,8,0
0,43,26,1,2,0,10,4,3,5,16,6,77884.0,1559,41671.0,9,1,79,82,80,87,23,45,3,3,4,2,4,7,1,1,10,6,8,3,5,7,8,7,5,5,8,7,3,1,0
1,19,32,1,3,0,8,5,5,6,10,6,48089.0,1462,19602.0,3,4,82,5,80,77,13,33,8,6,3,9,7,3,10,9,5,6,5,1,2,8,2,5,8,9,10,1,8,8,1
1,42,33,6,6,1,9,4,3,1,12,5,113148.0,1025,32473.0,8,5,16,68,90,34,60,24,10,2,1,10,2,5,2,3,9,4,6,5,7,2,4,8,3,5,4,6,4,1,0
0,31,38,1,5,0,2,1,4,1,9,11,48004.0,1275,16273.0,7,7,79,59,47,82,62,53,7,5,6,10,4,4,1,9,1,8,6,2,6,8,7,1,4,3,1,10,9,10,0
1,21,25,6,1,0,6,3,5,7,16,2,121979.0,1466,55958.0,10,4,32,33,86,67,86,10,3,9,2,5,1,10,7,2,10,3,9,3,8,4,5,2,3,9,8,1,6,8,0
0,34,33,5,3,0,10,6,6,1,10,4,73770.0,1525,16216.0,4,9,4,19,76,63,55,86,10,8,2,1,3,10,5,4,7,4,7,2,10,8,7,9,4,9,3,7,8,9,0
0,30,22,1,5,0,7,6,6,5,3,1,96407.0,1559,54813.0,4,7,76,54,55,79,5,15,8,10,7,8,1,5,8,4,10,10,2,9,7,2,9,8,9,4,4,10,6,9,0
1,21,35,4,5,0,6,2,3,1,15,3,142721.0,1030,31388.0,10,4,26,92,96,21,31,31,6,2,10,10,7,1,9,3,2,1,7,5,8,8,4,3,9,10,1,10,5,3,0
1,20,37,3,3,1,6,3,3,5,8,6,43911.0,1254,35075.0,9,8,28,95,74,4,87,71,1,3,1,6,5,3,5,3,2,8,3,1,7,5,5,2,6,8,5,8,4,7,0
0,29,31,4,2,0,7,5,5,3,17,4,131966.0,1152,33094.0,8,8,22,85,89,83,75,25,8,1,9,9,9,3,3,1,10,10,8,3,5,1,3,1,8,1,8,4,9,4,0
0,39,19,4,3,0,1,6,3,1,9,4,66274.0,1205,19236.0,10,3,9,24,10,46,14,67,4,2,10,8,9,6,7,9,10,8,1,7,8,6,7,6,1,8,4,1,1,3,0
1,40,40,3,1,0,10,4,7,7,11,13,131664.0,1513,41705.0,4,6,87,48,35,71,70,49,3,4,3,6,9,6,6,4,3,6,8,4,8,10,5,10,9,2,9,8,8,7,0
0,25,40,6,1,0,4,6,6,4,11,15,142906.0,1419,39321.0,2,4,77,95,42,4,35,13,2,6,4,7,9,4,3,2,5,4,6,7,9,10,2,8,1,7,3,10,9,10,0
1,19,20,2,4,0,10,5,1,7,17,5,84686.0,1544,44039.0,5,5,14,42,47,4,32,76,6,8,8,7,5,6,2,7,3,5,8,9,2,10,1,1,5,6,10,4,10,7,0
0,23,31,5,1,0,3,3,2,7,4,17,49825.0,1227,24394.0,4,8,66,30,53,47,76,67,9,10,7,7,4,10,8,7,9,4,2,6,10,5,1,6,2,5,3,3,8,5,0
1,39,24,3,6,0,6,4,2,6,17,15,69617.0,1287,12502.4,3,3,23,78,4,34,74,27,6,8,4,4,6,7,6,9,8,9,7,6,5,10,5,5,1,8,1,6,3,2,1
0,27,32,6,3,0,7,4,2,1,8,12,96382.0,1186,24157.0,6,6,60,59,69,18,26,96,3,1,7,2,4,8,6,4,3,4,1,5,10,7,8,1,9,2,4,10,5,4,0
0,29,34,3,3,1,9,1,6,2,6,4,49482.0,1323,20961.0,9,2,96,26,79,47,74,59,4,2,6,7,9,7,10,9,8,3,5,1,8,5,6,4,3,2,10,4,8,9,0
1,38,19,4,6,0,6,6,4,4,1,6,90215.0,1055,41410.0,2,6,42,42,8,28,51,4,1,8,9,4,4,7,7,2,9,4,4,4,8,1,6,4,7,4,5,8,2,9,0
0,27,26,3,5,0,6,3,7,3,16,11,82914.0,1153,56939.0,6,1,38,53,78,88,80,41,7,6,3,10,9,6,6,2,1,6,2,7,2,3,8,6,5,6,5,7,8,4,1
0,27,39,1,4,0,7,5,6,6,6,11,143471.34999999998,990,25063.0,3,5,4,4,44,22,43,66,8,7,3,1,10,2,6,6,6,7,1,1,3,9,5,9,9,1,7,2,5,10,0
1,40,31,6,6,1,7,2,6,1,16,11,91908.0,1004,13550.0,6,6,88,94,4,80,81,51,10,10,6,8,5,1,4,3,4,4,1,5,7,1,2,5,7,10,8,5,5,7,1
0,20,33,3,2,0,10,4,5,7,3,5,123967.0,944,44736.0,1,4,95,4,46,60,16,11,2,6,5,6,3,6,9,5,4,4,7,8,8,4,3,10,1,8,6,7,4,3,1
0,37,38,2,4,0,1,6,2,1,9,13,40208.0,1261,12502.4,10,5,40,73,41,66,5,5,7,9,3,4,10,3,1,5,7,2,9,2,6,4,6,2,1,9,3,5,7,9,0
0,27,30,4,5,0,2,3,4,5,18,8,59695.0,977,44189.0,10,1,17,40,18,79,26,79,4,7,10,1,1,4,5,7,6,8,7,7,3,8,8,4,3,2,1,1,7,6,0
1,26,23,6,6,1,3,6,4,4,7,9,85191.0,987,12502.4,7,2,6,4,34,95,18,64,5,5,1,8,2,3,3,10,3,4,8,10,4,4,6,10,7,5,3,6,3,8,1
1,37,39,1,3,0,10,5,6,7,13,3,57860.0,1056,44724.0,3,2,23,37,22,45,85,66,2,1,10,10,10,2,5,10,9,3,7,4,2,2,3,2,6,3,7,9,2,2,0
1,36,19,6,4,0,2,1,6,1,6,5,88598.0,887,41612.0,4,4,93,44,65,46,61,54,5,4,1,6,7,6,10,6,4,6,8,5,6,5,6,9,9,4,1,4,7,7,0
0,31,38,2,5,0,3,1,2,6,7,16,26261.0,1516,12897.0,9,8,18,54,27,17,72,42,6,8,6,2,4,1,5,6,3,10,3,8,2,1,5,9,2,5,8,10,2,1,0
0,19,42,1,3,0,6,3,1,4,2,8,26252.95,1003,27053.0,9,3,39,81,33,66,51,4,8,5,8,1,8,10,3,2,7,1,10,4,7,9,6,3,10,9,4,5,3,8,0
0,22,21,1,5,0,10,4,2,4,15,5,42494.0,913,27881.0,5,3,20,68,23,90,84,4,1,4,1,10,4,10,7,4,2,6,2,9,5,5,10,10,5,1,8,4,2,2,0
0,37,20,4,2,0,7,5,7,1,9,12,131898.0,1115,36400.0,3,2,96,53,49,60,24,95,4,8,6,3,10,4,9,2,5,8,4,8,8,6,5,8,1,6,5,1,1,6,1
1,25,34,1,6,0,5,1,4,2,2,8,81602.0,1381,52168.0,1,9,86,77,42,68,22,70,1,9,5,4,1,5,6,3,5,2,2,4,9,5,1,1,8,7,6,5,9,2,0
0,24,19,6,4,0,6,2,5,2,8,2,82271.0,857,35025.0,1,4,94,51,62,46,7,96,8,7,8,3,3,9,6,2,10,3,2,10,5,9,2,3,6,9,6,10,8,3,1
0,23,36,2,6,0,7,1,7,2,8,12,59584.0,1049,48466.0,5,7,30,4,86,96,5,4,3,8,7,9,4,10,8,6,8,5,5,3,3,7,3,5,4,10,4,4,1,10,0
0,28,37,4,5,0,4,4,6,1,17,3,65699.0,1368,42678.0,10,2,94,54,87,93,47,59,10,1,10,9,4,7,2,8,3,5,7,9,9,3,1,8,10,1,2,2,6,7,0
1,29,40,3,6,0,4,6,4,2,9,9,39456.0,1356,49612.0,10,8,71,55,66,41,45,37,9,10,2,1,8,8,8,4,5,3,6,1,10,7,2,6,5,7,2,2,7,2,0
0,35,39,3,1,0,6,2,3,2,18,3,26252.95,837,57566.3,8,9,20,32,40,4,32,53,4,8,6,1,4,10,1,10,10,8,6,10,6,10,1,4,5,2,9,10,3,8,0
0,36,43,2,6,0,10,3,7,3,15,1,113040.0,1559,22511.0,7,9,96,12,77,9,85,17,9,2,3,3,8,6,4,8,10,2,7,6,5,10,8,1,9,2,7,4,3,9,0
0,27,25,1,1,1,6,6,1,2,12,7,39216.0,1381,43941.0,8,3,37,14,36,80,25,62,9,9,2,9,9,10,1,4,9,9,7,3,3,1,5,2,7,7,8,8,10,9,0
0,42,42,4,3,0,1,6,3,2,9,6,44547.0,1156,44322.0,7,3,43,50,61,93,47,81,1,7,3,5,9,4,10,8,2,9,6,4,5,8,10,3,1,4,1,10,4,7,0
0,42,32,6,3,0,1,1,1,5,9,13,39545.0,1278,25984.0,7,6,67,66,60,11,69,8,7,2,10,3,10,3,9,10,2,5,10,10,5,7,8,7,2,8,1,8,5,10,0
1,38,23,3,1,0,10,6,1,2,8,5,71515.0,1559,51324.0,7,3,38,4,48,33,31,55,8,5,3,7,6,2,3,3,5,9,4,5,6,2,9,9,4,6,5,6,5,3,0
0,31,40,6,4,0,3,2,1,5,15,3,72711.0,1500,55260.0,10,4,25,52,58,33,93,96,6,6,9,5,6,4,6,6,7,3,10,7,7,8,1,6,7,10,5,10,4,7,0
0,20,37,2,4,0,1,4,3,2,10,6,26252.95,1364,18577.0,8,2,46,87,19,48,72,47,3,3,9,8,6,8,4,7,4,10,6,10,7,9,10,10,4,8,5,1,2,9,0
0,35,19,5,6,0,10,2,7,6,16,2,66109.0,1529,21135.0,1,4,25,53,39,14,51,11,10,8,10,7,7,1,1,5,10,9,10,8,10,4,4,4,10,6,2,4,3,7,0
0,41,42,2,3,0,1,6,2,2,4,1,110960.0,1259,28798.0,10,2,75,60,37,62,37,96,6,10,10,9,4,5,1,10,9,3,1,3,2,5,6,2,3,3,1,8,1,9,0
0,32,42,2,1,0,10,5,3,4,4,5,71318.0,1417,27572.0,10,3,22,28,43,50,70,6,8,4,4,1,8,1,6,10,9,2,7,8,4,1,5,5,1,6,10,5,9,1,1
0,23,32,6,2,0,7,2,7,4,1,10,28090.0,1036,37897.0,9,8,43,4,9,24,68,26,7,4,1,2,9,7,2,8,1,7,1,1,1,6,6,8,6,5,4,10,4,8,0
0,27,37,2,2,1,8,5,6,1,7,6,69680.0,1466,14189.0,7,3,44,72,91,6,67,4,1,9,4,7,1,10,3,6,6,2,1,2,10,1,6,9,3,1,10,8,8,4,0
0,43,29,6,6,1,1,1,5,1,13,11,113193.0,1329,31939.0,3,7,61,25,96,81,48,68,5,8,8,6,5,2,9,6,4,3,5,3,1,6,10,1,3,10,6,4,3,4,0
0,29,20,1,6,0,2,5,3,3,1,3,90113.0,1134,39590.0,7,8,57,48,64,90,25,21,8,5,3,2,4,4,1,4,6,10,4,7,7,3,2,8,7,6,3,9,10,2,0
0,24,27,6,5,0,9,1,1,3,12,7,127235.0,1321,53194.0,2,1,53,36,46,32,95,16,1,5,4,6,9,9,7,1,3,10,2,9,1,5,5,10,8,5,2,8,9,10,0
1,34,31,2,3,0,2,2,4,3,14,15,43242.0,1298,41724.0,6,1,96,22,60,78,63,4,3,7,5,6,10,7,7,2,8,2,9,6,2,7,6,10,8,6,2,9,5,10,0
1,19,43,5,5,1,5,5,3,7,12,1,89361.0,1171,53156.0,7,5,34,52,61,50,5,49,7,5,3,1,10,2,5,2,6,6,1,1,1,1,5,9,6,4,8,7,9,10,1
1,43,39,2,4,0,3,3,3,6,16,8,30180.0,1380,44815.0,6,4,37,30,91,43,46,44,10,4,2,9,9,7,6,10,6,4,3,3,9,5,3,5,9,7,3,6,6,6,0
1,35,31,2,4,0,4,3,2,6,10,2,104130.0,1273,22128.0,5,7,21,4,15,63,71,89,4,1,7,7,7,6,8,4,1,8,6,4,3,4,8,4,8,7,5,1,10,2,0
0,43,20,4,6,0,7,4,7,3,1,1,74820.0,902,55575.0,8,8,96,70,96,95,44,79,7,3,10,5,9,8,4,3,8,2,1,6,10,6,6,6,2,10,9,6,3,3,1
1,32,19,5,5,1,7,5,2,7,15,2,143471.34999999998,1559,34223.0,4,2,20,70,48,78,47,88,5,6,1,9,8,6,10,10,1,5,1,6,8,5,7,3,4,9,10,9,2,5,1
1,36,37,1,6,0,3,5,4,5,9,17,97352.0,1410,50320.0,10,5,63,31,56,51,58,21,5,3,4,10,10,6,7,3,2,1,7,9,10,6,3,1,2,6,8,3,1,8,0
0,19,19,4,3,0,1,6,4,1,14,6,41944.0,1182,16173.0,2,3,17,66,76,70,21,33,6,8,5,3,5,10,2,8,1,7,9,3,1,8,6,5,8,9,10,3,6,5,0
1,22,19,2,6,0,9,5,4,4,3,14,42414.0,1164,47272.0,7,6,40,22,43,82,53,7,1,9,8,6,5,1,4,2,3,2,10,8,9,2,1,3,9,1,4,10,6,3,1
1,32,36,4,2,0,7,5,2,5,5,12,142569.0,947,30034.0,10,1,92,7,16,58,78,39,8,5,8,7,5,9,5,6,3,10,4,6,6,7,2,5,6,9,5,3,7,10,0
0,20,41,4,5,0,2,5,4,3,8,13,141452.0,1501,33262.0,8,1,93,93,23,81,75,13,8,4,7,2,7,4,6,10,8,10,6,6,10,3,6,5,6,3,1,1,8,6,0
0,19,27,1,3,0,9,4,5,6,10,5,87853.0,1278,57566.3,3,9,83,80,40,45,56,68,9,10,6,9,2,10,7,5,1,10,1,8,9,8,8,5,10,8,10,7,10,6,0
0,25,21,4,2,0,4,3,2,6,2,1,59415.0,1348,38863.0,4,1,34,80,8,60,14,22,2,10,7,4,5,3,8,2,3,5,8,10,1,7,4,8,5,5,8,5,6,7,0
1,29,21,2,1,0,10,3,2,6,1,8,75310.0,911,37361.0,7,4,89,95,4,72,95,4,4,10,1,9,4,7,6,2,6,4,4,9,10,4,9,2,9,2,10,6,6,9,0
1,43,30,3,3,1,8,3,2,7,18,6,31348.0,1416,50697.0,4,1,37,69,56,69,26,78,2,6,4,10,1,6,10,10,2,8,9,4,6,2,1,9,2,7,5,8,2,4,0
0,39,43,5,3,0,5,3,2,7,16,10,111566.0,1135,41142.0,5,1,48,43,5,20,78,49,5,9,7,3,8,3,2,8,5,4,5,8,1,1,8,5,4,9,5,5,10,8,0
0,42,26,4,6,0,4,2,3,6,16,6,126857.0,1080,24478.0,6,7,44,53,30,10,15,60,7,2,1,2,7,5,5,6,1,5,8,8,4,3,7,5,9,6,2,5,2,7,0
1,36,24,2,6,0,6,4,5,5,17,13,34318.0,1514,13139.0,7,4,26,9,58,62,53,91,7,3,1,3,6,8,2,3,4,4,6,5,8,4,7,2,2,6,6,4,1,3,1
0,42,33,3,2,0,6,6,6,3,5,6,71471.0,973,25717.0,5,3,92,70,92,71,85,93,3,5,5,9,10,4,2,3,4,1,8,10,7,5,6,9,10,7,1,4,3,5,0
1,42,35,2,1,0,5,1,2,2,7,5,76648.0,1048,27274.0,1,6,44,67,32,29,19,8,4,10,9,2,3,1,8,5,1,8,10,4,7,7,4,10,1,7,2,7,3,5,0
0,29,20,1,2,0,1,4,3,3,9,3,94465.0,1158,54546.0,3,2,18,10,10,64,89,4,9,10,5,9,10,3,6,8,9,8,2,1,3,10,2,3,4,8,4,10,6,6,0
0,30,37,6,5,0,7,2,2,4,2,16,74001.0,1465,57566.3,1,8,53,71,81,47,52,7,8,8,8,6,7,8,6,2,10,6,8,7,2,8,4,9,9,5,1,4,7,2,0
1,19,37,1,6,0,4,1,5,4,4,8,62645.0,1516,29750.0,4,6,49,21,78,76,68,32,5,2,2,6,1,3,10,2,6,9,6,5,4,1,10,4,4,5,8,3,1,1,0
0,36,27,5,5,1,5,4,2,7,2,1,136762.0,1559,50002.0,1,4,65,85,20,72,56,19,7,8,5,1,6,2,9,5,10,6,5,4,3,5,5,7,6,10,4,5,2,3,0
0,23,41,6,4,0,6,5,3,4,7,14,143471.34999999998,1097,32341.0,6,5,8,39,49,42,84,95,2,3,4,5,9,5,2,2,6,4,9,8,4,3,3,10,6,10,3,9,9,9,0
0,25,43,2,6,0,5,4,4,6,11,13,135229.0,841,12502.4,10,2,45,9,59,31,47,18,5,6,10,5,9,3,10,2,10,8,3,7,6,8,6,10,4,5,5,6,4,6,0
1,21,43,1,5,0,3,2,7,7,11,4,38023.0,972,57566.3,9,7,4,91,68,55,95,96,3,10,5,10,2,2,7,10,3,3,8,2,9,10,3,3,5,6,7,6,3,6,0
0,22,39,4,1,0,1,5,2,2,18,10,115874.0,1507,24577.0,9,6,38,76,20,24,75,15,2,3,5,2,6,10,1,5,8,7,3,6,4,9,5,6,7,7,1,3,8,10,1
0,42,33,3,3,1,10,4,6,3,7,5,68523.0,1218,39945.0,3,6,22,54,7,81,28,59,8,7,9,8,4,1,3,8,2,4,10,6,3,3,2,6,8,2,10,1,6,6,0
0,39,20,2,4,0,4,6,5,1,8,14,26252.95,845,41759.0,4,3,4,77,20,86,32,20,9,6,9,10,5,9,7,3,9,4,7,7,2,7,2,8,5,4,4,6,10,7,0
0,24,28,4,5,0,7,3,6,1,15,3,131054.0,1364,57566.3,10,2,85,44,28,16,66,55,3,8,2,1,7,2,7,5,8,2,2,1,4,7,4,4,8,8,8,9,5,9,1
0,40,42,6,6,1,8,3,6,3,9,12,143471.34999999998,1149,51026.0,2,9,5,17,96,18,42,63,4,10,3,9,8,10,1,1,3,1,1,7,9,5,1,4,8,10,5,8,9,5,0
0,21,27,2,4,0,10,5,7,6,14,6,26252.95,1493,53901.0,2,4,42,5,18,81,77,58,6,9,3,7,4,10,7,6,1,9,10,8,5,10,1,3,5,2,4,6,9,9,0
1,37,33,3,5,0,4,6,5,7,17,15,101031.0,1159,33222.0,8,2,13,30,84,36,88,74,6,8,9,10,6,2,8,1,7,3,6,7,7,5,5,3,7,4,7,1,3,1,0
1,21,25,4,5,0,8,4,4,5,9,16,113023.0,859,19907.0,3,7,68,5,11,6,33,16,7,7,7,2,4,3,3,9,6,7,3,9,9,2,6,3,5,5,9,3,10,1,0
0,32,26,4,1,0,2,1,5,3,5,15,102223.0,951,39808.0,1,4,56,68,64,81,51,96,1,3,3,10,7,2,8,1,7,7,1,7,7,10,8,9,8,4,4,1,2,2,0
1,43,32,2,2,1,7,3,4,1,8,9,84776.0,1395,14581.0,5,4,4,37,14,23,37,46,1,1,2,1,9,2,7,6,3,1,7,10,6,4,8,5,2,4,3,9,4,5,0
1,38,38,2,3,0,1,2,2,1,17,3,143471.34999999998,1132,12502.4,6,1,94,39,4,21,64,4,3,3,7,3,2,9,6,2,9,9,6,1,2,5,8,10,2,10,1,6,10,2,1
0,22,20,1,5,0,5,5,5,7,6,17,57715.0,1394,23483.0,1,8,13,32,25,40,9,52,2,8,6,5,7,1,5,5,9,7,6,1,4,2,5,1,3,1,8,4,5,4,0
1,41,21,2,4,0,3,5,4,6,1,10,111480.0,1384,21957.0,4,8,49,91,78,28,21,96,1,2,6,4,8,9,5,3,1,8,5,6,1,8,7,9,8,5,8,5,8,2,0
1,26,30,4,5,0,9,4,1,7,12,2,67649.0,918,46742.0,1,2,49,95,4,94,95,11,4,9,6,4,5,7,3,9,5,5,4,1,4,5,2,10,10,8,6,5,10,4,0
1,19,29,5,6,0,6,1,5,4,8,9,44813.0,971,37309.0,8,3,96,15,91,32,57,50,2,2,4,10,10,6,5,9,5,1,6,1,10,10,3,5,6,4,9,1,10,8,1
1,43,38,2,3,0,3,2,7,4,13,1,87531.0,850,49669.0,9,5,64,89,85,62,28,17,1,1,7,7,6,10,6,9,1,3,6,8,8,4,10,2,7,2,2,10,5,1,0
1,24,26,3,3,1,2,5,2,3,9,11,74643.0,866,36306.0,4,5,51,95,71,10,39,4,2,10,9,2,9,10,4,7,6,8,7,7,10,2,1,7,4,5,5,3,1,6,0
1,34,42,2,6,0,8,6,5,2,7,6,38937.0,1005,52723.0,8,8,60,60,96,29,40,57,3,2,10,2,5,5,4,8,4,8,7,4,2,4,5,2,1,2,10,2,7,2,0
1,33,31,5,1,0,10,2,4,6,7,10,32250.0,1207,55570.0,4,8,8,53,85,40,76,90,6,4,3,4,7,7,6,5,6,4,4,3,10,6,3,9,3,4,9,2,1,7,0
1,34,36,5,5,1,10,6,5,6,11,17,90875.0,1559,53130.0,3,9,83,7,36,17,23,85,4,2,4,4,7,8,5,5,5,6,5,2,6,6,1,4,6,6,4,1,8,2,1
0,37,24,6,2,0,9,1,7,6,9,10,61290.0,1519,47487.0,7,7,33,30,91,33,87,4,1,3,6,1,9,6,5,5,5,7,4,2,8,5,10,5,8,4,7,7,3,7,0
0,43,33,6,4,0,7,5,2,6,2,4,60657.0,925,28436.0,10,7,18,4,96,74,5,21,9,5,8,9,8,6,2,8,5,6,5,4,9,6,10,4,4,3,4,7,2,4,1
1,40,39,1,1,1,1,6,4,7,4,11,34038.0,1332,46285.0,2,9,86,9,77,25,82,96,4,6,6,10,3,5,5,10,6,2,10,2,9,6,6,2,8,9,1,2,6,7,1
1,19,37,2,1,0,5,6,3,1,1,6,74052.0,901,50321.0,9,4,43,73,49,75,66,50,3,8,1,2,3,7,7,9,9,5,8,9,7,6,4,4,6,9,4,1,4,4,0
0,28,22,2,5,0,6,6,4,1,15,12,90210.0,1555,19933.0,5,6,10,34,30,15,44,4,3,9,1,10,5,1,5,3,8,8,9,8,7,5,10,10,4,1,3,3,7,7,0
1,19,27,5,6,0,6,4,6,4,3,17,85273.0,837,12502.4,10,5,86,4,20,58,77,66,8,9,4,9,9,2,10,6,1,3,9,6,7,2,5,9,3,4,4,9,5,2,0
1,19,35,2,6,0,6,3,5,7,6,3,63426.0,974,45110.0,5,4,8,48,85,48,66,66,1,9,4,5,10,10,4,3,5,9,1,10,8,5,9,10,5,6,5,4,5,5,0
0,43,28,6,3,0,5,2,5,4,8,9,95947.0,1060,35311.0,4,2,96,17,65,58,63,13,9,1,9,2,4,9,10,2,5,8,6,9,5,2,1,10,6,8,7,3,9,2,0
0,19,24,5,5,1,9,3,1,4,7,2,119487.0,1245,35478.0,9,1,51,95,21,96,94,96,6,2,8,9,5,6,5,8,10,6,8,4,8,8,1,10,3,1,5,5,9,7,0
0,40,31,6,4,0,3,1,5,7,1,12,93658.0,1311,27402.0,9,5,47,77,23,67,69,4,6,6,10,5,1,4,5,1,9,4,1,7,10,8,3,2,3,8,4,2,5,7,0
1,26,37,5,4,0,4,4,3,7,8,5,72227.0,1060,14280.0,6,8,35,63,32,27,28,12,8,9,10,5,5,2,8,3,6,2,6,8,10,4,5,8,3,7,4,2,3,5,0
1,39,35,5,3,0,7,6,1,3,8,7,38063.0,967,32091.0,10,5,47,70,6,95,50,69,9,6,7,6,1,8,2,9,4,1,3,7,4,8,1,10,2,9,9,7,4,4,0
0,43,28,3,4,0,1,5,1,3,10,1,143471.34999999998,1552,50006.0,7,5,13,64,80,81,34,51,4,5,10,4,7,5,4,8,8,3,5,2,4,8,2,9,8,5,7,4,6,6,0
0,19,39,6,2,0,4,2,3,5,5,1,52127.0,1536,48854.0,6,6,83,28,66,35,55,79,2,6,3,4,9,10,10,2,2,4,10,1,6,9,5,3,4,5,2,1,10,3,0
1,32,43,2,2,1,5,2,6,1,15,12,42311.0,1434,41876.0,2,6,16,94,62,68,90,86,3,8,8,4,8,9,7,5,1,9,4,4,9,7,1,1,8,5,7,1,5,6,0
0,27,29,5,1,0,1,5,5,1,1,9,48717.0,1014,26270.0,6,2,36,32,29,72,29,87,7,8,3,1,10,3,10,10,3,5,10,6,1,4,8,8,10,10,1,2,9,4,0
1,32,35,6,6,1,2,5,7,3,6,6,94662.0,1153,57566.3,6,1,32,42,48,84,6,60,5,10,8,5,7,6,4,4,1,6,5,5,10,9,2,1,3,5,1,10,3,10,0
1,27,43,2,6,0,1,1,4,3,9,13,80378.0,1266,49731.0,6,8,87,33,12,67,41,62,8,3,10,5,2,1,6,4,9,7,1,1,10,3,1,8,8,1,7,2,4,4,0
0,42,19,4,2,0,5,3,7,6,13,4,131429.0,1146,57566.3,10,9,62,19,12,21,88,8,4,6,9,8,4,7,9,1,7,7,4,6,5,7,7,3,3,8,7,6,1,1,0
0,40,40,5,3,0,5,2,5,2,16,9,26252.95,993,14371.0,1,7,4,95,20,41,50,18,3,3,10,4,10,1,9,6,3,6,9,9,6,8,1,2,8,3,4,5,7,9,0
1,43,19,2,6,0,9,6,5,6,10,12,80877.0,890,22401.0,3,3,36,55,90,96,21,4,4,10,7,3,8,9,9,9,2,3,5,8,7,7,10,9,10,8,6,8,9,7,0
0,34,40,5,6,0,6,3,3,5,17,4,74392.0,1450,40108.0,9,2,82,40,91,71,71,95,3,8,7,2,7,7,9,7,5,5,3,3,9,2,1,6,7,8,3,1,8,3,1
0,26,27,6,1,0,7,1,4,1,9,13,143471.34999999998,1136,16587.0,3,8,80,51,62,80,64,30,3,1,1,2,8,6,6,5,6,9,7,4,2,8,6,5,5,10,4,1,1,9,0
0,35,38,4,4,1,8,4,7,3,3,3,95144.0,944,15579.0,4,4,11,35,48,73,43,56,5,1,6,9,6,3,3,4,7,9,8,10,6,3,1,4,10,9,9,7,8,1,0
0,21,19,5,3,0,4,6,3,5,10,7,123328.0,1209,32213.0,3,8,38,66,87,10,16,16,1,8,8,9,6,7,7,3,3,7,2,6,2,10,8,3,4,8,4,8,1,2,0
1,26,23,4,3,0,3,5,5,4,17,3,26252.95,1115,12502.4,8,5,96,95,10,13,44,12,1,5,9,1,3,4,4,8,10,6,9,9,4,8,4,1,2,9,9,2,8,1,0
1,33,24,2,4,0,6,4,5,3,5,7,90296.0,1085,24939.0,6,5,47,53,31,75,50,18,2,6,4,10,4,9,4,2,9,6,10,5,5,10,10,9,9,10,8,9,8,4,0
1,21,34,2,1,0,9,2,2,1,12,16,26252.95,1224,29205.0,4,9,35,50,66,94,70,43,6,3,6,4,9,10,6,9,5,10,1,2,10,2,7,5,8,1,6,1,3,1,0
1,33,26,6,3,0,5,6,7,2,12,8,92047.0,1482,54328.0,6,6,45,45,84,78,29,59,10,2,2,9,4,8,2,8,10,1,2,10,6,4,1,6,7,9,9,1,5,5,0
0,36,24,5,1,0,1,1,2,2,9,13,39102.0,1106,13482.0,2,2,19,86,64,96,14,50,4,4,10,8,9,4,9,4,8,10,9,10,6,8,5,6,6,10,2,10,1,5,0
0,19,34,4,4,1,4,5,1,1,10,1,106955.0,1167,15272.0,5,2,23,25,10,92,95,27,5,6,7,2,8,6,7,9,9,2,4,1,8,4,1,1,6,4,1,3,9,8,0
1,40,20,2,1,0,2,4,1,3,8,2,98919.0,1136,12502.4,10,5,57,95,74,39,75,55,1,7,4,4,1,8,6,8,4,2,3,8,2,3,4,10,3,4,10,3,6,9,0
1,23,33,5,5,1,2,1,3,5,15,16,88869.0,1362,47156.0,7,5,85,4,42,21,35,93,9,1,1,9,3,3,7,9,8,6,3,10,10,1,3,8,2,3,8,5,7,2,0
0,27,22,2,4,0,7,6,1,1,17,3,143471.34999999998,1553,57566.3,7,8,20,44,34,42,95,10,4,9,8,5,10,3,2,2,4,6,9,2,4,9,5,2,4,2,3,5,3,2,0
1,33,37,6,1,0,10,5,5,7,9,1,33108.0,1105,16435.0,9,1,37,10,94,65,59,58,3,2,6,10,2,4,3,2,8,7,9,4,2,6,3,4,3,3,5,8,6,5,0
1,21,35,4,5,0,10,2,4,4,2,13,130430.0,994,47703.0,2,2,24,80,47,34,95,19,6,4,10,10,7,10,6,5,7,7,1,6,7,1,6,6,4,8,6,2,6,8,0
0,39,19,6,1,0,7,2,5,5,10,16,84400.0,1312,35747.0,5,3,83,75,32,53,11,15,6,3,6,3,4,4,10,2,8,9,1,1,10,4,2,3,7,10,5,2,6,1,0
1,39,21,6,5,0,6,5,2,6,16,11,80060.0,1178,39062.0,8,9,51,23,13,42,57,4,2,7,10,3,9,1,8,9,6,9,3,10,5,4,1,4,6,8,3,9,3,8,0
0,30,40,1,4,0,3,6,1,2,5,4,89470.0,1558,48526.0,8,2,96,51,83,4,64,91,2,8,7,7,9,8,3,3,2,3,10,5,2,1,10,1,4,2,8,9,10,6,0
0,33,28,4,2,0,3,1,3,7,5,14,96455.0,1472,16199.0,9,4,60,47,17,83,50,20,10,4,4,9,3,7,5,3,8,8,10,5,10,1,7,10,2,2,10,5,3,10,0
1,37,37,3,1,0,9,5,7,3,4,13,71240.0,959,16051.0,9,5,23,53,69,25,22,53,1,4,1,8,1,9,5,5,7,5,10,1,7,7,6,4,6,7,6,3,8,2,1
0,23,26,4,2,0,3,3,1,5,15,14,126608.0,1224,31986.0,10,1,4,27,27,21,54,10,8,3,1,1,1,3,6,3,3,6,8,2,5,2,1,1,5,9,7,3,5,9,0
1,43,25,5,4,0,4,2,5,6,10,1,46508.0,1356,33234.0,3,5,8,85,11,49,93,39,7,8,9,7,7,4,1,5,2,3,10,3,7,2,4,9,2,2,3,1,3,10,0
0,28,25,2,5,0,5,6,7,2,14,6,54826.0,1490,46027.0,8,7,46,17,14,75,5,63,7,3,3,6,4,5,10,3,7,5,5,9,6,2,9,8,7,3,4,9,3,3,0
1,41,22,5,1,0,8,2,1,7,18,1,60977.0,988,36581.0,3,7,84,44,9,80,91,28,1,1,1,1,7,3,7,8,5,9,2,4,3,10,1,3,1,2,4,4,5,3,0
1,20,29,4,5,0,3,5,7,5,2,6,75924.0,866,22379.0,1,4,45,60,40,39,8,9,5,4,5,1,8,10,5,4,4,4,1,3,1,5,5,5,8,9,9,10,2,2,0
1,37,19,5,3,0,10,3,2,6,14,4,70764.0,1177,12502.4,7,1,94,25,56,11,72,51,9,8,7,6,8,8,8,7,9,8,6,2,2,3,2,8,5,10,5,9,10,1,0
0,27,32,6,5,0,3,6,6,3,3,5,48741.0,1350,40251.0,9,4,84,4,58,85,75,8,2,2,8,6,6,9,1,4,3,7,4,1,3,4,5,2,8,10,6,2,3,2,0
0,19,42,4,4,1,9,6,7,6,6,13,41264.0,1376,28824.0,1,9,24,65,80,27,25,92,9,4,10,5,9,2,2,5,8,6,5,1,3,2,7,10,5,6,9,7,4,4,0
1,37,35,6,2,0,5,6,7,6,17,11,135812.0,1324,40181.0,4,2,4,85,85,5,93,52,8,9,1,4,5,2,7,2,6,10,6,4,6,6,1,6,8,10,6,9,3,10,0
0,28,23,4,4,1,10,1,6,1,8,3,107767.0,1526,41670.0,10,5,42,59,60,43,63,25,4,3,9,7,2,5,7,2,2,7,8,5,10,3,5,2,1,10,7,1,5,8,0
1,43,27,5,2,0,6,6,2,3,14,3,55702.0,1531,42435.0,10,3,61,7,4,4,73,96,9,8,8,3,2,3,9,6,7,3,9,7,2,3,10,3,9,7,5,9,7,3,1
1,43,31,2,5,0,4,1,1,7,5,16,129679.0,932,15752.0,7,2,71,85,29,23,5,15,10,6,8,9,5,7,9,6,10,2,10,7,1,7,2,5,7,6,7,2,10,2,1
0,29,38,6,6,1,10,4,5,7,14,8,26252.95,922,56466.0,4,6,39,91,49,96,83,8,1,5,10,7,6,9,9,2,2,1,7,8,9,2,10,7,2,2,9,10,9,10,0
1,31,43,3,4,0,7,5,5,7,1,11,86558.0,1154,38478.0,3,8,64,65,91,64,8,76,10,4,2,1,5,4,8,7,3,3,3,10,6,5,7,2,10,7,5,6,10,2,0
0,42,25,3,5,0,10,4,3,7,11,10,135053.0,1307,15019.0,2,1,71,86,72,83,10,58,6,10,9,9,3,3,4,5,10,6,2,8,7,10,10,8,1,4,1,9,3,8,0
1,25,43,5,6,0,7,2,4,6,6,9,51488.0,1087,49718.0,3,8,49,27,8,25,86,4,10,4,4,1,2,4,5,3,5,8,3,1,2,10,2,7,3,10,10,4,8,3,0
0,28,20,3,3,1,8,5,2,4,4,11,85060.0,1115,35631.0,2,8,90,18,44,90,26,54,2,7,7,7,6,10,5,7,7,3,5,5,10,10,3,5,6,2,9,1,1,5,0
1,21,39,3,1,0,10,4,1,3,4,1,143471.34999999998,1143,55926.0,10,7,81,52,53,12,95,5,6,7,4,10,9,5,10,10,9,2,4,1,5,5,3,1,2,6,6,8,2,7,0
1,24,39,3,2,0,5,2,6,2,7,7,143471.34999999998,1269,55353.0,4,8,20,18,27,69,5,85,5,4,7,2,8,3,9,4,9,4,3,3,9,8,5,3,10,9,4,10,2,6,0
0,27,43,4,5,0,1,5,6,7,18,6,138797.0,1005,43283.0,2,7,36,46,57,92,29,42,5,3,8,6,7,7,5,4,5,3,9,2,1,8,1,6,8,7,7,4,7,3,0
1,36,36,4,1,0,1,1,4,2,10,4,87657.0,1450,29474.0,4,9,75,58,21,66,50,87,7,7,8,8,2,10,10,8,7,3,6,7,3,3,6,10,1,7,7,3,7,6,0
1,42,29,2,6,0,4,5,6,7,6,6,97803.0,894,28523.0,10,1,4,52,4,27,22,18,1,7,4,2,10,2,5,4,2,1,2,4,6,5,8,2,4,5,5,10,1,2,0
0,43,29,4,1,0,10,4,2,3,5,5,126763.0,1108,53437.0,9,9,90,35,29,59,79,72,1,8,4,8,7,10,5,7,7,6,4,3,5,2,4,4,2,3,4,7,2,8,0
1,21,32,6,5,0,6,5,7,4,18,8,26753.0,1163,50337.0,5,5,96,31,92,61,75,64,8,7,6,8,6,3,4,10,2,1,6,6,6,5,9,10,2,10,1,10,9,10,0
0,19,24,1,3,0,8,6,7,3,2,4,64038.0,1071,55814.0,3,2,14,79,9,70,44,67,8,4,2,5,4,10,7,5,5,6,8,6,5,8,7,6,8,3,7,1,4,9,0
1,43,43,6,4,0,4,2,3,2,11,2,122987.0,1096,30321.0,1,1,74,7,42,38,84,66,8,6,3,8,4,4,6,10,7,1,7,2,9,4,5,5,1,3,4,4,3,2,1
0,38,21,1,3,0,9,3,1,7,3,17,93825.0,1120,18016.0,3,7,52,95,72,41,50,94,8,2,3,5,6,6,10,5,5,4,1,10,8,9,10,2,2,5,4,4,7,1,0
1,35,38,3,6,0,8,5,5,4,15,4,53657.0,1535,20902.0,9,6,92,33,14,33,5,11,2,1,10,6,8,7,8,2,4,9,9,6,10,5,5,4,1,6,7,9,4,1,0
1,31,26,5,1,0,4,2,7,3,18,15,143471.34999999998,1453,23126.0,2,5,15,23,61,72,78,32,7,5,3,5,10,9,2,3,5,7,3,8,2,6,8,4,3,2,10,1,5,9,0
1,43,39,4,5,0,4,1,4,2,12,17,62013.0,906,38241.0,8,2,45,90,69,16,76,17,6,9,3,2,2,8,6,2,3,5,3,1,9,6,6,8,9,10,4,8,2,1,0
0,33,33,1,6,0,9,1,5,6,3,12,33361.0,1105,50298.0,3,8,80,95,49,9,32,83,6,8,10,5,9,9,10,9,6,2,4,3,3,3,7,2,5,10,7,8,5,6,0
0,39,43,2,2,1,5,3,4,4,14,17,123487.0,1070,20526.0,8,8,70,50,87,28,5,84,8,8,4,10,3,5,4,4,8,1,5,6,4,7,1,1,1,6,2,7,1,8,0
0,28,30,3,4,0,10,5,4,1,5,6,42938.0,837,24990.0,5,5,44,88,37,58,74,49,7,1,1,6,2,9,6,3,1,5,4,10,1,4,6,2,10,8,10,1,1,4,0
0,27,21,6,1,0,6,3,2,4,2,10,89727.0,1112,12502.4,3,7,60,81,72,42,49,67,1,4,5,9,4,3,6,5,3,4,4,8,7,8,7,9,3,2,4,5,10,2,0
1,34,41,4,5,0,2,6,3,5,5,10,26252.95,902,41619.0,9,3,60,73,4,96,38,43,2,6,9,10,9,10,7,4,7,5,2,8,10,1,9,1,4,5,8,1,6,7,0
1,31,26,6,4,0,2,6,6,3,1,9,92178.0,1559,26451.0,2,4,85,4,68,90,89,71,10,3,9,8,10,1,2,7,8,1,5,3,4,1,10,8,8,2,6,1,9,8,0
0,39,43,5,1,0,3,6,2,1,14,13,122986.0,1059,42883.0,10,3,27,57,84,4,57,36,2,4,9,1,6,9,9,3,8,5,2,1,2,1,6,8,5,2,5,3,5,8,0
0,21,38,6,1,0,3,5,6,3,11,17,26252.95,1529,24147.0,10,9,31,94,19,86,95,59,7,6,9,1,7,5,10,4,7,1,1,2,2,6,5,9,3,4,9,7,6,1,1
0,36,35,2,6,0,6,5,2,3,15,13,59602.0,1213,26149.0,1,6,87,16,61,6,57,50,5,9,2,4,5,2,7,2,9,2,7,6,2,1,8,2,8,2,3,2,4,1,0
1,19,32,3,6,0,4,2,6,7,1,13,107941.0,866,27260.0,9,8,40,33,9,57,89,21,5,6,5,2,1,7,2,2,8,4,6,8,3,5,5,6,5,2,3,2,5,3,1
0,24,32,4,1,0,1,1,5,2,1,1,31977.0,1523,24674.0,1,7,33,33,76,7,32,4,7,8,8,2,3,2,9,5,3,10,8,9,4,9,3,5,4,7,1,7,6,2,0
0,26,23,6,2,0,2,3,2,4,15,11,55582.0,1515,17573.0,8,4,11,92,27,59,36,75,9,6,2,9,7,1,2,6,2,3,4,10,10,3,4,2,1,5,9,7,3,3,0
1,36,28,6,5,0,7,2,1,6,15,3,112979.0,1437,56007.0,6,9,32,4,8,39,95,47,8,4,1,9,4,5,8,1,5,4,8,3,10,8,9,4,4,10,6,10,6,10,0
1,33,25,1,3,0,9,3,1,5,15,17,143471.34999999998,928,23876.0,1,8,39,24,7,81,23,94,1,8,2,10,4,6,1,4,9,4,2,3,1,7,6,4,1,6,2,10,5,5,0
0,39,38,2,4,0,6,2,3,7,4,7,143471.34999999998,1377,12502.4,8,6,81,9,47,84,30,67,10,7,10,8,4,2,4,5,2,2,2,5,6,8,9,8,6,6,3,9,8,3,0
1,42,34,1,2,0,4,4,2,5,10,8,61136.0,1056,21010.0,7,8,67,54,85,44,21,8,7,10,5,5,8,8,6,4,5,7,1,1,2,10,4,6,4,5,8,3,9,5,0
0,33,41,2,1,0,6,3,3,6,10,10,42648.0,1080,43539.0,9,7,96,47,4,67,42,23,1,7,9,4,7,5,4,6,7,1,8,1,2,5,2,3,2,4,7,6,6,9,0
1,35,42,6,1,0,8,3,1,7,18,5,90682.0,837,34431.0,10,6,60,95,4,78,95,27,7,1,2,3,9,5,5,7,8,7,3,4,6,4,9,10,6,5,8,4,7,8,0
0,40,34,2,6,0,3,2,6,4,18,7,129510.0,889,32232.0,1,8,87,48,24,85,84,40,4,6,3,10,4,9,1,8,1,1,8,9,1,10,10,10,4,5,2,3,1,3,0
0,38,41,5,1,0,9,6,1,4,9,7,70326.0,886,16974.0,1,1,81,76,91,53,95,94,5,4,8,8,7,5,1,5,10,1,9,6,2,3,3,6,6,4,6,8,4,8,0
0,38,43,4,1,0,10,1,3,2,9,11,139633.0,1138,18732.0,3,9,15,95,73,30,9,88,10,3,7,4,6,2,8,4,4,10,1,8,2,10,2,5,7,1,5,7,9,5,1
0,28,35,1,5,0,4,1,1,3,15,10,84467.0,1277,52211.0,6,5,93,78,24,67,89,75,4,6,3,9,9,8,5,7,2,5,6,6,1,2,8,5,7,4,1,3,8,3,0
1,24,21,4,2,0,10,3,1,1,6,12,135587.0,1041,44157.0,8,1,48,50,84,45,95,4,8,2,9,8,5,3,4,8,4,2,9,9,10,4,2,6,3,6,6,2,3,2,0
1,26,32,5,5,1,5,1,7,3,5,6,58750.0,1316,53496.0,3,8,4,46,64,65,18,13,6,3,5,3,5,10,6,6,9,8,1,8,8,6,9,2,4,10,10,4,3,8,0
1,21,19,1,4,0,9,5,3,5,16,4,80070.0,1122,15851.0,5,8,79,34,28,11,21,4,4,8,8,4,1,7,5,1,7,2,2,4,4,5,4,3,8,9,10,8,2,4,1
1,42,19,2,1,0,2,3,1,2,8,9,41747.0,1364,32160.0,5,6,80,70,17,52,63,34,9,6,10,7,1,8,2,2,3,2,9,9,9,1,9,4,5,3,4,1,4,7,0
0,30,27,4,5,0,5,4,1,2,12,13,87978.0,1106,12502.4,1,4,47,4,81,71,40,33,2,6,2,6,10,5,3,3,10,9,5,10,3,10,6,10,4,6,5,7,5,1,0
0,43,20,5,2,0,10,2,1,4,10,15,75385.0,1003,54738.0,2,7,79,33,7,19,95,96,3,10,1,6,1,8,7,2,8,3,10,9,7,4,10,7,8,6,4,10,7,4,1
1,43,25,5,5,1,3,2,3,2,16,4,128844.0,1006,35763.0,6,4,21,6,71,13,95,4,1,5,1,7,1,9,10,6,1,9,6,7,9,8,10,6,10,8,5,10,2,10,0
1,42,37,5,6,0,1,4,6,5,11,5,84138.0,1224,28606.0,10,8,90,95,64,78,91,63,6,2,9,7,4,4,8,6,10,2,9,7,6,4,8,7,7,10,7,8,7,1,0
1,21,24,1,6,0,9,2,5,6,14,10,122024.0,1413,30732.0,4,5,45,83,54,96,14,54,4,5,4,2,2,3,6,9,1,8,4,8,10,9,1,8,6,4,6,1,10,2,0
1,36,29,6,1,0,7,3,1,3,3,13,104117.0,1485,57566.3,1,5,84,73,94,17,50,64,7,5,5,4,8,7,1,3,2,3,9,8,8,9,10,8,6,3,1,6,5,10,0
1,19,43,6,4,0,1,4,4,5,3,3,43521.0,1052,53428.0,10,3,28,95,43,43,87,64,4,4,2,1,4,7,9,2,4,9,2,7,10,1,3,2,9,8,7,7,7,2,0
0,26,36,1,3,0,4,5,6,2,6,7,110223.0,1059,57566.3,8,1,8,55,23,12,95,25,2,6,6,9,1,5,5,4,10,2,1,9,3,2,5,1,6,5,9,7,1,2,0
0,29,43,3,2,0,1,5,2,7,2,5,32298.0,1263,27981.0,6,9,76,72,49,7,38,89,4,1,7,4,4,6,9,1,4,9,6,6,8,6,6,1,2,3,1,4,9,9,0
0,19,32,3,6,0,8,3,3,6,1,1,54267.0,981,45715.0,6,4,61,47,56,70,70,96,5,6,4,10,1,7,6,9,1,5,2,3,3,3,7,9,3,9,9,8,1,4,0
1,23,31,6,6,1,1,2,3,4,4,16,113116.0,1544,34897.0,7,7,43,78,14,40,38,52,1,10,5,1,3,4,8,3,6,7,4,4,3,3,2,10,4,10,3,3,8,3,0
1,22,33,3,5,0,3,6,7,3,14,14,52440.0,1114,19986.0,7,1,70,75,59,30,32,86,1,9,7,4,1,6,9,6,4,8,6,5,9,3,3,1,2,4,10,1,6,10,0
1,22,43,6,2,0,10,5,1,7,5,16,33650.0,1420,18721.0,7,5,51,78,72,54,41,17,9,8,1,2,1,5,2,10,4,7,4,3,9,4,3,5,10,3,6,2,8,10,0
1,37,31,4,4,1,8,2,7,1,13,4,123586.0,910,13826.0,4,3,27,39,34,50,70,30,5,9,8,6,4,2,8,5,8,5,10,6,8,7,7,2,6,1,1,2,10,3,0
0,39,20,5,2,0,3,2,3,6,6,13,73332.0,1411,12974.0,8,6,46,36,39,16,44,49,2,5,4,7,8,2,1,7,5,4,2,7,10,9,9,7,7,9,1,4,1,10,0
0,22,35,6,1,0,4,6,6,2,13,2,100279.0,1528,53620.0,1,1,20,29,5,36,47,71,1,2,6,10,5,5,7,2,10,10,1,7,9,5,7,10,7,10,9,5,7,10,0
1,43,39,1,1,1,7,4,6,1,8,2,112398.0,1380,34115.0,9,4,90,7,89,62,59,86,4,9,10,8,5,7,8,10,1,8,5,5,5,4,10,3,9,8,2,8,6,3,0
0,21,23,3,4,0,6,4,4,5,4,14,31282.0,1559,45534.0,4,5,69,12,10,4,49,26,10,1,4,8,8,10,7,7,9,1,8,4,10,10,8,6,10,9,1,5,2,1,1
0,26,34,2,3,0,6,5,3,4,17,4,90287.0,1559,12704.0,4,8,26,24,28,20,23,74,10,6,2,3,4,6,3,1,7,9,9,7,2,7,9,1,9,6,1,10,7,6,0
1,39,40,1,5,0,1,6,2,3,16,1,91371.0,1467,20230.0,6,3,4,94,96,4,87,22,8,9,7,2,6,8,8,5,6,1,10,10,4,1,4,6,2,2,9,5,2,10,0
1,43,31,1,1,1,1,6,5,1,16,17,97543.0,1319,55996.0,8,6,25,13,51,60,31,36,9,2,3,4,2,9,4,3,8,3,1,2,4,1,9,5,5,6,4,9,10,3,0
1,27,31,2,1,0,3,3,5,3,6,9,134290.0,1331,24765.0,3,3,18,31,8,88,9,33,5,2,2,6,1,4,9,5,2,8,7,4,7,1,6,8,9,2,3,10,1,7,1
1,33,37,5,4,0,10,6,3,6,13,16,26252.95,1242,54050.0,1,9,18,47,86,73,28,87,6,7,7,2,5,7,2,6,3,7,4,8,2,10,4,2,7,9,10,10,4,6,0
1,27,30,5,4,0,9,6,5,1,13,12,35169.0,956,16399.0,4,2,74,6,23,13,29,43,10,3,8,8,4,6,1,10,9,7,3,1,7,3,9,4,4,6,6,7,9,5,0
1,27,43,6,4,0,6,6,3,1,8,9,46505.0,1204,55843.0,9,8,64,66,4,12,68,42,2,3,4,6,1,6,5,1,4,3,6,7,8,10,1,10,1,3,3,7,7,3,1
0,36,20,1,5,0,7,4,2,4,14,10,70476.0,1037,26164.0,5,4,18,17,83,58,19,57,8,10,5,7,3,3,2,9,6,1,3,3,6,6,5,8,10,10,1,6,4,9,0
0,27,30,5,5,1,1,5,4,5,13,4,37895.0,894,39996.0,1,3,35,41,42,56,8,49,4,5,2,9,7,3,1,1,10,6,9,6,9,3,7,7,8,5,10,9,2,8,0
1,23,41,3,4,0,1,4,6,6,6,6,88971.0,1185,52887.0,7,7,96,11,90,42,95,80,9,8,3,10,6,10,6,6,2,8,7,2,6,8,6,2,10,6,5,1,8,3,0
0,34,19,1,5,0,10,1,6,5,2,12,37117.0,1477,40012.0,10,2,11,93,29,4,43,6,1,5,8,4,7,3,6,5,10,6,10,4,9,4,7,5,1,10,2,7,6,10,0
1,22,26,2,2,1,3,1,4,5,3,13,126716.0,1200,22093.0,1,1,7,84,9,21,5,30,1,1,4,4,4,5,4,7,10,2,5,3,6,1,8,6,10,6,10,5,5,4,0
1,43,30,2,3,0,3,1,3,7,8,1,39329.0,1331,29707.0,3,2,23,72,17,74,73,16,1,8,10,4,6,2,5,9,4,3,5,10,10,3,7,7,9,10,7,1,2,4,0
1,23,25,4,3,0,8,6,2,6,13,14,53222.0,1322,20385.0,2,4,48,61,31,41,65,88,2,8,1,9,8,4,5,5,6,8,6,7,3,2,5,6,10,7,7,10,7,4,0
1,43,33,5,5,1,2,3,1,3,4,14,51955.0,1365,33009.0,3,9,6,27,48,61,38,70,3,10,10,8,4,6,6,3,4,4,10,10,9,9,9,8,3,6,2,9,8,5,0
0,41,41,1,6,0,6,3,6,7,17,15,27958.0,1547,22994.0,8,9,70,19,66,10,76,60,7,3,2,9,8,6,6,4,4,2,8,4,10,9,9,7,9,8,4,6,9,3,0
1,43,20,2,2,1,9,5,1,7,2,9,47188.0,1551,57302.0,5,8,33,95,75,86,44,96,1,2,3,3,3,2,7,5,7,2,4,7,2,8,8,1,10,9,8,8,7,10,1
0,32,30,3,3,1,1,1,3,4,15,9,50621.0,1404,12502.4,2,8,24,91,21,75,84,40,5,10,2,3,8,5,6,2,4,3,6,10,9,4,10,6,6,9,3,3,9,8,1
1,42,21,1,3,0,1,5,1,4,11,17,79017.0,983,19579.0,8,4,73,81,58,51,93,54,8,7,9,4,9,6,1,5,5,6,7,10,7,8,3,2,8,8,4,2,5,1,0
1,43,35,6,4,0,10,3,4,1,12,17,60444.0,1321,34891.0,10,6,42,9,44,53,49,19,10,6,3,4,8,6,4,8,10,4,10,9,9,7,3,3,9,8,2,8,2,5,0
1,36,19,2,6,0,3,1,5,4,17,3,120190.0,1559,47076.0,4,9,22,4,7,29,52,60,8,8,6,6,5,10,7,3,9,8,5,6,10,8,7,3,9,8,5,2,10,1,0
0,35,37,4,2,0,4,4,6,7,4,9,117362.0,1008,54561.0,1,8,84,29,65,41,30,37,5,1,10,7,2,7,4,9,1,6,1,1,3,1,6,2,6,8,8,1,3,1,1
1,21,39,1,6,0,4,2,3,2,14,11,29949.0,987,12502.4,8,7,89,20,4,22,57,28,9,6,4,8,5,3,4,7,3,3,10,7,7,4,9,4,2,9,10,6,7,7,0
1,25,38,5,1,0,1,2,5,3,2,10,54945.0,1051,29813.0,1,4,41,95,77,75,39,96,10,1,6,6,5,10,6,2,10,4,5,10,10,4,6,5,7,9,5,1,5,10,0
1,43,32,1,6,0,4,5,1,1,17,12,93495.0,1007,15418.0,10,3,69,65,90,30,95,96,7,4,10,7,4,3,4,4,3,5,2,6,8,10,1,8,2,10,5,9,2,1,0
0,33,34,1,3,0,7,1,4,5,10,7,143471.34999999998,921,12502.4,7,7,76,15,49,69,75,12,1,7,3,8,1,4,9,1,8,2,10,6,5,9,2,8,8,2,2,9,5,1,0
0,41,27,1,2,0,8,5,3,7,12,3,60953.0,1289,53944.0,1,8,23,4,93,42,72,81,3,4,8,3,7,3,8,10,7,4,5,8,9,7,10,1,2,9,7,10,9,10,0
0,36,19,6,3,0,4,5,4,5,8,13,48508.0,1377,29258.0,3,3,23,51,41,5,25,51,3,2,6,8,10,1,1,6,10,6,2,4,2,8,4,10,8,1,9,4,10,2,1
1,37,23,5,3,0,8,6,3,1,17,14,118615.0,1315,41226.0,3,2,74,4,4,19,46,90,4,1,6,7,10,8,6,2,5,2,7,1,3,6,6,8,9,10,5,3,3,3,0
0,20,20,4,3,0,7,3,2,2,12,4,52252.0,1004,16496.0,5,2,4,72,90,15,61,45,8,7,9,1,2,5,8,2,8,3,2,10,8,4,7,10,1,2,3,7,9,10,0
1,27,36,4,6,0,4,3,4,6,5,17,79482.0,1351,26562.0,9,6,44,77,11,57,14,96,3,10,6,10,6,2,7,3,1,10,2,8,7,10,7,3,5,5,8,5,5,4,0
0,19,24,2,2,1,8,2,2,4,1,17,69791.0,909,50701.0,8,4,73,86,81,71,95,23,2,4,4,3,10,2,9,9,7,1,3,3,9,8,6,10,3,10,1,3,8,10,0
0,21,30,3,3,1,8,6,2,2,16,4,66633.0,1291,31082.0,8,7,65,38,12,4,92,85,5,10,2,10,2,5,3,8,1,5,5,5,8,5,1,8,7,10,6,6,3,8,0
1,23,30,4,3,0,1,5,1,1,14,3,137662.0,837,30009.0,10,8,29,49,40,56,73,15,8,5,7,2,10,6,3,4,10,10,6,8,2,10,6,5,7,10,10,6,5,10,0
0,28,34,6,4,0,5,1,3,7,18,2,140495.0,1536,25442.0,10,7,4,7,44,4,18,23,9,8,6,3,9,4,5,1,8,3,1,10,9,3,2,4,3,8,3,8,1,5,0
1,31,19,4,3,0,7,1,1,1,7,12,61242.0,1135,57372.0,7,8,90,29,34,28,95,43,7,6,3,10,8,1,4,9,1,6,8,3,8,10,7,5,4,3,8,4,4,3,0
1,33,31,6,2,0,9,5,2,7,10,7,44319.0,1117,24101.0,2,8,22,26,69,78,95,58,3,9,3,9,8,2,9,4,4,7,10,5,5,3,1,8,4,7,8,4,5,6,0
0,43,43,6,5,0,8,2,5,4,17,11,39323.0,888,48723.0,3,6,4,29,4,4,34,41,7,1,8,3,3,7,2,9,1,8,5,5,10,6,2,10,5,3,7,10,4,5,0
1,38,20,1,1,1,9,4,6,5,15,10,114778.0,1389,32679.0,1,3,76,23,16,44,64,8,6,10,1,2,8,4,10,9,9,7,4,7,3,9,6,7,1,9,4,5,9,5,0
1,36,31,3,2,0,9,2,2,7,5,10,34501.0,837,50741.0,4,6,30,54,23,87,39,54,5,3,6,1,9,7,6,7,4,2,1,1,1,7,5,5,1,7,6,10,4,5,0
0,19,41,4,3,0,9,5,3,6,4,10,50964.0,921,28784.0,4,1,13,8,44,74,5,44,10,5,6,8,10,4,10,2,2,4,9,6,1,8,4,7,2,1,8,6,4,1,0
0,42,19,5,4,0,9,6,6,1,10,12,95764.0,1344,55469.0,5,5,43,58,53,23,46,24,2,4,7,9,3,7,1,6,4,7,4,4,4,6,2,1,9,8,1,10,7,3,0
1,34,33,4,1,0,5,3,3,6,15,2,29383.0,1252,12502.4,2,8,57,45,36,64,11,10,8,8,5,4,5,7,3,2,7,5,1,10,4,5,2,6,3,7,5,8,2,7,0
0,26,27,2,5,0,2,2,2,1,8,13,74838.0,1482,23650.0,1,2,4,23,6,62,45,57,5,3,10,8,6,10,4,10,3,9,1,1,3,1,4,10,9,9,3,10,9,6,0
1,34,30,1,1,1,7,3,7,6,16,7,121667.0,837,19572.0,4,8,95,50,68,87,12,32,7,2,9,8,3,10,10,3,7,4,4,1,8,6,10,5,10,9,6,4,3,9,1
1,32,21,4,2,0,9,3,1,3,12,9,26252.95,1197,57566.3,2,4,16,65,4,62,13,14,6,8,5,9,3,8,6,1,3,9,10,3,6,3,10,7,2,3,7,9,7,1,0
0,24,26,6,2,0,7,4,1,6,17,11,105710.0,1454,12502.4,9,6,17,39,94,87,95,73,6,8,8,8,10,8,10,8,7,4,8,5,6,2,1,4,8,3,5,6,10,2,0
0,39,31,5,3,0,7,2,2,5,5,6,82112.0,1312,57566.3,2,7,96,66,51,75,50,25,5,8,6,9,10,8,3,6,5,6,6,2,3,1,7,10,8,4,8,8,8,6,0
0,40,21,5,4,0,2,6,2,2,2,5,26252.95,1320,27535.0,1,4,8,10,32,95,45,51,10,8,3,2,3,6,5,8,8,9,6,7,3,5,4,5,1,8,5,1,3,7,0
0,36,27,3,6,0,4,3,2,7,7,5,83995.0,1197,12858.0,9,8,93,67,66,42,76,40,3,8,9,5,1,7,4,5,4,7,5,1,7,7,10,3,6,8,10,10,10,6,0
1,20,25,1,4,0,1,3,7,1,15,15,135419.0,1435,57278.0,5,2,8,19,57,88,22,25,5,8,10,7,7,3,4,1,1,9,1,3,1,5,8,6,8,10,7,8,1,9,1
1,43,40,2,5,0,8,4,1,4,13,1,63271.0,949,49730.0,3,8,45,72,63,53,25,69,4,8,1,5,10,7,9,4,3,7,9,7,1,5,7,10,1,5,1,5,4,9,0
0,19,20,2,4,0,7,2,3,2,13,4,91078.0,947,29180.0,7,1,29,54,44,92,16,72,3,9,8,2,7,9,6,8,1,6,1,8,4,10,4,3,9,7,9,8,6,6,0
0,21,40,1,4,0,7,4,2,4,18,14,44264.0,1130,57566.3,6,1,37,83,83,33,7,68,10,1,2,7,4,2,6,8,4,3,3,9,5,9,2,8,7,2,1,1,2,6,0
1,35,24,4,2,0,2,6,1,2,18,14,116556.0,1288,45789.0,8,4,93,93,30,16,83,61,10,4,7,9,6,7,1,6,10,9,10,7,3,5,8,2,6,9,4,7,5,3,0
1,43,27,5,6,0,9,2,6,1,6,17,85569.0,893,20135.0,4,4,92,92,11,37,18,67,8,10,5,6,6,7,8,10,7,9,6,2,1,3,9,10,10,9,6,8,2,8,0
1,25,20,6,6,1,9,5,5,3,16,14,135889.0,1559,27894.0,5,6,34,75,4,55,95,29,1,9,9,5,10,9,6,6,4,3,6,6,3,4,4,5,6,8,8,4,4,7,0
1,36,19,1,5,0,10,6,1,4,9,14,68645.0,1222,27534.0,4,8,73,83,17,75,60,17,10,4,2,8,5,1,10,9,7,10,10,3,3,9,4,4,5,9,10,2,4,6,0
0,40,32,4,1,0,3,2,5,5,16,10,112454.0,1193,26599.0,3,9,10,41,35,63,21,11,8,9,1,1,8,7,9,2,4,2,6,4,6,7,8,7,10,4,10,5,8,7,1
1,40,26,5,1,0,6,1,3,5,12,1,87632.0,1388,19046.0,2,5,60,70,29,34,31,87,4,5,8,5,7,9,3,3,7,4,10,8,2,2,10,3,10,5,8,5,6,5,0
1,42,32,1,6,0,3,5,7,3,14,7,85779.0,1253,49780.0,7,2,47,4,35,92,6,77,1,4,4,2,1,8,2,1,3,10,9,3,4,7,3,3,6,3,10,5,1,7,0
0,23,34,5,3,0,9,6,4,2,14,7,109950.0,956,37309.0,3,5,86,88,72,75,71,71,3,4,5,8,10,3,3,10,2,6,8,1,9,10,10,7,4,4,10,2,2,1,0
1,19,24,6,4,0,4,2,4,2,13,1,116415.0,1006,28580.0,6,4,48,94,29,27,5,48,4,3,3,6,7,1,7,9,10,3,9,8,1,5,4,10,2,4,7,2,4,7,0
1,25,37,5,1,0,4,5,6,3,15,9,84890.0,1008,44799.0,4,8,45,15,19,88,7,75,2,10,9,7,6,9,7,6,7,1,5,4,6,7,6,6,3,3,9,1,8,4,0
0,19,35,5,5,1,9,4,4,1,6,4,71492.0,1051,18830.0,1,4,10,81,36,15,95,72,5,9,3,5,1,1,5,6,6,10,2,3,7,3,3,8,2,4,2,10,7,6,0
0,36,32,4,2,0,5,4,1,5,17,14,130220.0,1532,29804.0,5,5,94,54,96,94,29,96,10,6,5,8,10,2,4,7,6,9,5,1,9,9,1,5,10,7,10,9,9,2,0
0,28,35,6,4,0,7,6,7,2,4,2,91190.0,1517,55233.0,1,9,91,41,6,95,79,16,4,8,10,6,4,10,10,1,10,7,2,1,8,8,3,1,2,1,3,5,8,9,0
1,38,41,3,1,0,10,5,1,3,18,15,51410.0,872,22434.0,10,2,89,4,4,39,12,6,8,10,3,6,3,6,4,5,10,2,8,7,3,4,8,3,1,1,2,1,10,4,0
1,41,40,5,1,0,6,3,6,4,5,5,143471.34999999998,1041,17013.0,4,6,78,93,94,55,89,85,9,5,2,10,1,1,5,9,4,1,10,10,7,3,8,1,2,9,7,8,6,8,0
0,42,29,6,2,0,8,1,4,7,18,3,32167.0,1542,56494.0,4,6,60,77,26,40,30,56,2,5,6,10,4,4,1,9,5,9,4,4,7,6,10,2,4,2,8,2,8,1,1
0,32,40,4,5,0,4,3,2,5,9,11,100905.0,1244,25051.0,2,6,17,63,95,23,82,7,1,5,10,4,9,6,6,10,4,2,7,10,1,7,8,7,1,6,3,3,1,8,0
1,40,38,5,1,0,7,2,1,1,14,9,105848.0,1354,21609.0,8,5,60,36,38,8,43,85,2,4,6,6,5,1,2,1,1,10,3,2,4,4,3,6,1,10,2,6,5,8,0
0,42,43,6,2,0,6,5,2,5,8,8,143471.34999999998,1559,39473.0,9,5,70,83,42,72,50,68,2,1,7,8,4,8,8,8,3,4,2,4,7,8,1,9,9,10,9,6,5,5,0
0,28,25,2,3,0,9,1,1,3,18,17,143471.34999999998,1082,55979.0,4,2,31,61,52,26,87,13,10,6,7,3,4,9,10,8,7,8,7,4,7,4,3,7,3,1,5,4,2,7,0
0,36,19,1,1,1,10,5,1,6,16,1,109637.0,964,31620.0,10,7,73,76,87,93,18,65,1,7,5,6,1,9,6,8,3,2,10,3,7,1,6,7,6,6,2,6,3,4,0
1,38,19,1,6,0,5,4,1,3,18,17,98773.0,1553,28862.0,9,6,20,5,44,51,81,50,9,10,4,7,2,3,5,4,1,2,9,9,4,1,7,4,7,8,5,2,8,8,0
1,27,22,3,2,0,8,6,6,2,5,14,49295.0,1395,29110.0,8,1,12,57,48,61,89,96,9,7,7,9,10,8,9,3,10,9,9,9,7,6,4,10,4,6,7,4,2,10,1
1,41,19,2,1,0,10,5,3,1,1,14,36899.0,1107,15423.0,2,6,58,26,68,84,94,94,3,2,6,6,7,5,5,3,1,7,8,5,9,5,2,8,10,6,7,10,10,2,0
1,29,39,1,6,0,8,1,1,2,16,13,26252.95,1356,57566.3,5,8,57,95,8,65,46,44,10,5,4,1,5,2,9,9,1,4,7,7,1,1,6,3,1,1,5,1,6,2,0
1,19,21,3,3,1,7,6,4,1,14,1,48293.0,1523,49261.0,10,9,10,81,78,37,80,44,10,9,1,4,7,5,7,2,5,9,4,6,7,2,10,7,5,8,6,5,1,9,0
1,41,23,5,3,0,9,3,5,3,14,6,80406.0,1107,53206.0,1,6,75,15,51,19,91,73,6,1,3,6,9,8,9,1,8,3,4,2,1,6,3,9,6,6,4,8,5,3,0
0,24,40,5,5,1,1,3,5,5,13,6,107518.0,1423,24880.0,7,9,96,72,10,41,8,64,4,10,1,2,2,2,3,3,1,6,8,3,4,7,8,1,4,3,2,8,8,9,0
1,34,30,4,6,0,8,3,4,7,17,4,35740.0,1459,19066.0,10,5,71,82,27,52,95,40,5,9,10,6,2,9,5,9,5,8,7,3,10,10,9,7,3,6,8,10,9,1,0
1,43,36,6,3,0,1,2,1,3,14,5,52533.0,883,55192.0,4,3,79,61,10,72,49,49,8,4,1,7,5,10,7,3,6,4,2,4,5,3,5,9,4,2,7,1,6,3,1
0,27,28,2,5,0,10,6,1,7,14,4,76730.0,1459,28360.0,7,7,16,74,20,37,95,69,8,6,9,8,7,6,5,10,7,10,7,9,1,3,3,10,5,6,10,2,9,9,0
1,23,30,5,5,1,7,6,2,6,15,4,65657.0,1559,12502.4,10,6,24,65,4,95,5,44,8,5,1,10,10,3,4,2,8,9,8,1,4,10,2,6,3,6,5,5,8,6,0
1,34,25,4,1,0,6,5,7,2,5,14,106940.0,1504,49380.0,5,4,17,25,65,45,29,77,8,2,5,9,5,3,2,4,2,7,4,5,2,2,6,7,5,5,5,9,2,4,0
0,35,24,1,3,0,9,6,1,7,11,8,143471.34999999998,965,48519.0,1,2,17,50,34,96,21,69,2,10,3,2,2,6,10,3,8,2,4,10,9,7,2,7,10,9,6,9,2,2,0
0,22,30,2,2,1,5,4,5,4,14,14,123568.0,1200,30750.0,5,2,38,20,8,67,5,47,3,4,7,4,1,6,7,7,9,6,7,10,9,2,2,9,5,7,2,3,2,3,0
0,35,19,4,6,0,10,1,5,6,6,2,105795.0,1270,20924.0,8,3,36,10,17,4,91,62,3,7,7,4,10,7,7,5,2,9,1,1,8,6,2,10,7,4,4,1,5,3,0
1,43,23,6,3,0,8,3,3,6,10,10,143185.0,837,13450.0,3,3,55,37,46,8,24,70,10,9,10,5,6,10,5,1,1,2,2,10,2,10,7,10,10,9,3,10,7,9,0
0,34,24,3,4,0,6,4,7,5,11,5,44835.0,963,57566.3,5,3,16,95,4,90,63,66,5,7,2,7,9,5,1,3,3,6,8,10,7,2,6,9,4,6,8,6,8,9,0
1,39,33,6,4,0,5,5,6,3,8,10,81396.0,1018,38960.0,9,7,75,62,85,75,23,93,8,6,9,4,3,10,7,5,8,6,2,9,2,3,7,8,7,9,1,10,5,3,1
1,33,43,4,1,0,8,2,5,4,6,14,54104.0,1379,26320.0,7,2,93,79,35,73,51,18,9,1,8,5,9,8,6,3,1,9,3,5,10,6,3,8,5,5,2,10,2,5,0
1,25,32,5,2,0,1,6,6,2,1,1,86073.0,948,28739.0,2,6,82,47,4,42,50,28,5,10,8,7,4,1,6,8,3,8,5,5,7,3,6,2,10,6,3,1,2,10,0
1,41,37,6,2,0,1,6,6,2,15,13,26252.95,1418,19177.0,6,3,61,15,44,46,95,15,5,2,2,1,4,7,4,3,1,7,7,8,9,4,8,2,4,9,3,8,4,10,0
0,30,19,3,5,0,6,6,4,4,17,15,30257.0,847,41879.0,6,6,43,4,84,17,60,29,2,1,3,2,8,9,7,10,9,9,4,2,2,5,7,5,10,5,3,9,6,5,0
0,41,43,6,2,0,4,3,2,4,9,14,126541.0,1006,27107.0,2,3,90,81,46,80,80,15,4,4,7,6,2,9,10,10,4,9,8,4,8,2,4,5,3,5,4,7,9,9,0
1,33,42,6,4,0,4,2,4,4,18,17,51221.0,1318,18658.0,4,7,58,58,9,60,81,25,6,7,1,2,7,6,6,3,2,1,6,6,6,3,10,8,9,3,9,4,1,9,0
0,28,40,4,6,0,10,4,1,2,10,2,143471.34999999998,1139,26677.0,8,2,83,18,81,13,32,59,1,5,2,5,10,5,5,4,9,10,9,9,10,5,7,5,8,6,8,4,9,10,0
1,23,33,1,6,0,7,5,1,3,18,9,39326.0,1364,12536.0,2,3,61,67,77,56,91,17,4,5,1,5,4,3,5,5,10,3,3,3,9,7,8,2,3,4,6,3,7,1,1
1,43,34,5,3,0,4,4,1,5,9,3,26252.95,1306,54926.0,7,4,68,46,18,70,27,13,10,5,8,10,2,1,2,1,4,1,1,3,7,1,2,4,4,3,5,9,7,10,0
1,20,41,2,6,0,2,5,1,3,15,14,90560.0,1145,48375.0,4,7,6,54,68,52,41,22,6,4,9,9,8,3,6,5,8,9,5,4,7,4,3,9,8,5,9,7,7,8,0
0,19,32,5,6,0,2,5,6,3,17,13,26252.95,1405,27635.0,10,2,59,56,91,58,76,21,10,7,2,5,10,6,1,4,1,8,9,2,2,7,10,8,5,5,6,10,5,3,0
1,35,20,4,6,0,1,6,4,5,10,17,36407.0,1172,20014.0,9,3,10,43,83,7,5,57,3,4,10,8,2,7,8,9,4,8,4,3,5,7,3,4,7,3,2,2,5,6,0
1,22,21,4,3,0,8,2,5,3,8,2,139503.0,1373,35746.0,6,2,36,77,15,64,22,39,8,2,4,1,1,7,9,8,9,1,6,5,3,3,9,10,9,3,1,1,9,6,0
0,30,29,6,3,0,1,6,1,6,15,7,66566.0,1120,29619.0,3,3,15,5,47,33,86,60,9,6,6,5,3,2,7,2,2,9,10,1,6,3,5,2,2,3,10,1,4,10,0
0,27,22,5,5,1,5,3,1,4,6,2,75425.0,1559,19603.0,5,2,19,47,46,94,69,8,1,9,9,7,1,5,2,2,10,9,1,10,2,6,4,9,6,7,7,9,1,9,1
0,22,34,3,1,0,7,3,2,2,9,16,92322.0,1169,12502.4,5,7,35,46,80,62,51,91,2,2,2,7,1,10,9,10,3,10,1,8,7,1,1,6,2,1,9,2,1,7,0
0,43,23,2,1,0,1,1,7,6,3,1,78438.0,880,57560.0,1,8,36,23,19,4,6,96,1,1,7,6,10,10,10,8,10,7,9,6,8,3,5,8,2,7,8,4,3,2,0
1,31,27,3,5,0,9,3,2,4,12,7,38769.0,1473,49882.0,7,1,15,69,62,92,35,37,10,3,10,9,3,6,1,5,3,6,10,6,7,9,2,7,4,3,3,4,4,4,0
0,34,39,4,6,0,7,6,4,5,6,14,29960.0,1241,32201.0,1,3,64,40,60,4,95,28,5,4,10,6,3,7,6,2,5,6,4,10,6,9,7,4,9,5,4,3,2,8,0
1,19,35,4,1,0,9,4,7,1,7,3,131433.0,879,53344.0,3,3,72,18,4,52,73,28,1,5,4,1,3,2,6,1,8,9,2,5,7,4,4,9,9,8,3,7,4,6,0
0,42,43,2,2,1,7,1,2,6,18,15,141726.0,875,32233.0,10,4,38,92,90,9,43,43,7,5,1,3,1,1,6,6,9,6,7,2,6,3,9,5,8,8,6,7,9,7,0
0,19,27,6,6,1,5,1,3,6,14,7,88394.0,1392,33714.0,2,7,61,65,75,30,6,48,5,4,10,4,6,10,7,9,6,6,4,7,2,8,4,1,1,10,7,8,10,3,0
0,24,23,3,5,0,1,6,1,1,7,5,28571.0,837,45671.0,10,8,49,29,26,80,42,96,5,3,6,6,8,4,9,2,7,8,5,9,2,2,1,8,8,1,2,2,10,3,0
0,27,41,5,5,1,10,1,6,6,13,7,44115.0,1428,30073.0,2,9,24,12,83,47,95,87,7,3,8,2,7,4,8,10,5,4,7,7,9,4,7,7,9,5,7,2,4,9,0
0,37,23,2,2,1,7,3,2,1,14,17,68073.0,837,57566.3,10,4,48,52,73,56,60,12,3,4,6,3,6,2,10,9,3,9,2,5,8,1,7,1,9,9,8,6,7,3,0
0,24,37,5,3,0,1,3,7,6,1,11,89269.0,1047,25215.0,1,8,96,19,71,70,63,43,8,3,8,2,2,5,2,7,5,1,5,8,2,2,5,5,8,10,5,2,6,2,0
1,41,32,2,5,0,6,5,3,2,9,8,143471.34999999998,1037,37170.0,7,5,27,92,51,52,95,16,3,9,6,1,8,5,5,3,7,2,6,3,4,5,2,9,3,2,8,7,2,10,0
0,33,21,3,1,0,7,2,3,4,9,12,118910.0,1527,15187.0,7,9,39,35,47,33,70,77,1,10,4,10,1,9,8,2,2,3,3,9,10,2,9,7,7,8,5,5,9,4,0
0,22,42,2,6,0,4,4,4,6,6,12,50933.0,1092,14014.0,4,4,33,69,10,4,84,81,8,4,2,1,8,2,2,5,3,9,5,1,1,6,1,8,3,10,9,3,8,2,0
0,29,33,3,1,0,10,6,6,2,7,13,55529.0,1559,21229.0,5,8,52,87,74,47,68,61,10,2,9,10,2,10,6,1,8,8,7,2,8,2,3,8,6,5,2,9,1,10,1
0,34,39,2,6,0,1,3,4,2,16,8,65777.0,873,50851.0,3,8,15,73,70,21,57,79,3,1,7,6,3,6,1,6,2,4,3,2,3,4,10,9,2,8,1,3,4,9,0
1,33,41,3,5,0,6,4,6,5,1,3,114380.0,1220,51732.0,4,9,44,81,40,37,69,90,7,3,7,7,2,2,10,5,8,10,4,4,7,8,6,7,1,6,1,10,4,6,0
0,37,25,1,3,0,3,4,7,4,18,11,101381.0,837,56326.0,9,1,19,21,4,75,62,88,4,6,2,10,4,6,7,9,3,6,8,6,7,7,2,5,6,9,1,8,5,1,1
0,43,24,6,5,0,6,6,4,7,13,4,69924.0,1041,27687.0,6,3,4,35,7,47,7,63,2,1,4,4,4,10,5,10,10,1,10,7,9,9,6,10,9,6,6,4,5,3,0
0,33,36,6,4,0,8,2,2,6,2,15,81491.0,837,43474.0,5,8,93,15,73,88,81,67,2,5,6,4,4,7,5,6,4,5,8,5,7,6,2,5,5,2,4,4,9,1,0
0,36,43,6,2,0,4,2,1,3,16,7,139707.0,1168,40514.0,5,7,80,51,62,4,60,34,10,9,5,4,5,6,5,7,1,7,8,8,5,2,4,2,6,10,9,5,10,9,0
1,43,34,5,6,0,2,1,3,2,9,17,98722.0,913,23355.0,3,3,6,4,96,4,48,9,5,5,9,6,5,8,4,10,2,9,9,8,5,10,9,10,8,1,5,3,5,10,1
0,32,38,3,3,1,5,6,3,7,17,13,41061.0,949,51580.0,1,5,20,68,73,86,39,22,8,8,10,8,9,5,2,1,7,2,3,1,8,2,2,9,1,9,3,3,2,2,0
1,29,30,1,4,0,3,3,4,1,12,13,26252.95,1249,44527.0,5,6,57,4,14,52,15,73,7,1,9,4,1,3,4,1,1,10,2,4,8,1,10,7,8,10,1,3,2,2,0
0,38,32,5,5,1,4,4,4,1,8,3,91693.0,946,48517.0,3,5,57,30,45,75,52,80,10,4,6,9,2,8,10,6,4,1,5,2,7,1,10,6,2,7,1,3,7,1,1
1,27,43,6,6,1,10,1,7,7,10,9,85268.0,1037,42778.0,7,7,6,66,22,16,67,4,7,9,3,3,10,8,10,8,1,2,9,9,10,6,3,7,6,3,6,1,9,1,1
1,43,43,3,2,0,3,1,6,2,18,3,84478.0,1426,17570.0,7,5,59,25,34,65,55,39,9,1,6,4,6,7,10,4,6,2,5,7,2,1,8,2,3,8,6,10,2,9,1
0,39,19,3,6,0,6,5,2,5,5,12,108645.0,961,12834.0,10,6,67,36,17,76,53,48,5,6,8,2,3,4,6,4,7,2,2,3,1,3,5,9,9,4,5,5,7,1,1
0,19,27,2,6,0,1,3,4,7,11,4,42736.0,1411,32613.0,1,1,14,91,69,62,5,51,10,4,8,2,10,2,5,8,10,5,10,2,6,7,10,7,1,2,1,6,9,9,0
1,24,30,1,1,1,9,1,2,5,4,17,41649.0,1279,30423.0,8,6,5,75,68,88,93,79,1,9,4,3,6,8,3,4,8,5,6,2,9,2,10,8,5,2,6,7,9,10,0
1,30,35,1,6,0,7,6,6,5,9,14,111370.0,1267,46340.0,5,3,72,51,27,4,61,9,5,5,2,3,6,2,10,7,10,7,1,8,4,8,10,8,3,8,2,10,2,4,0
0,20,40,4,3,0,1,2,5,1,10,15,141801.0,1044,40723.0,5,9,65,45,6,66,33,96,8,5,4,3,10,5,5,8,7,5,6,6,2,7,8,1,4,8,5,9,10,10,0
1,32,28,4,6,0,6,3,1,3,13,3,64471.0,903,31531.0,6,6,73,46,59,7,85,19,4,5,1,3,3,8,5,9,6,4,5,3,6,3,8,5,1,2,1,9,10,9,0
1,19,30,1,5,0,6,3,3,5,6,5,120542.0,1559,39501.0,10,6,52,18,42,9,29,79,7,8,6,7,4,5,1,6,7,4,9,2,6,5,5,7,6,6,6,5,3,8,1
1,43,36,3,5,0,8,5,6,5,1,13,143471.34999999998,1559,35679.0,2,8,48,50,4,44,50,96,1,9,2,6,9,3,7,7,7,8,1,7,5,6,7,8,6,6,9,6,9,1,0
0,20,41,4,5,0,8,3,7,5,4,8,111509.0,1223,37849.0,7,4,66,23,26,27,91,10,10,6,6,10,1,8,4,7,7,4,4,8,8,10,7,2,3,9,10,1,3,6,0
1,42,42,1,5,0,9,5,1,4,15,11,111686.0,1316,57566.3,1,7,4,73,24,33,72,30,9,8,1,4,4,8,7,10,9,2,9,1,3,3,4,2,7,2,4,2,5,9,1
1,27,41,2,6,0,3,4,4,6,5,2,26252.95,1516,30763.0,1,2,43,35,49,44,38,72,2,4,7,2,1,9,6,3,10,7,8,7,10,4,10,4,10,2,2,4,3,3,0
1,43,39,2,2,1,2,1,3,6,11,14,82722.0,963,20765.0,8,9,10,90,40,89,7,62,8,7,9,1,7,7,1,6,5,1,3,1,8,9,8,9,8,6,6,3,9,2,0
0,43,22,4,1,0,3,6,1,7,12,17,122040.0,888,29230.0,7,7,4,72,69,46,31,60,10,2,6,5,3,10,4,6,4,8,6,2,9,9,2,2,10,9,10,4,3,8,0
0,32,20,2,6,0,3,3,6,1,8,7,53098.0,1410,51353.0,1,1,94,93,62,81,63,30,10,2,7,6,8,2,9,2,4,4,9,6,7,5,9,1,4,10,9,6,4,1,0
1,39,36,5,3,0,10,1,4,7,18,16,26252.95,1045,31969.0,4,3,50,69,41,54,25,28,8,7,3,9,4,5,2,3,9,8,6,4,5,9,5,6,3,10,8,2,9,4,0
0,43,40,2,2,1,3,6,5,6,8,11,104319.0,837,19370.0,6,3,87,13,75,28,6,8,4,9,10,8,2,7,4,5,8,6,2,5,1,5,2,7,2,6,8,10,8,8,0
1,23,30,6,2,0,1,6,4,5,5,8,94056.0,838,54124.0,5,7,36,64,60,18,13,55,9,2,8,6,7,8,1,1,5,4,1,10,4,8,9,4,9,6,4,4,6,10,0
0,37,22,1,4,0,9,4,7,4,12,10,55824.0,1507,46217.0,7,2,36,64,68,18,53,14,3,1,5,9,4,10,10,4,10,6,8,6,6,6,1,6,4,8,6,8,4,3,1
0,32,29,5,1,0,4,3,6,6,1,11,132678.0,1528,53576.0,1,7,43,44,34,29,58,48,7,8,8,2,5,4,2,9,1,1,6,5,8,7,3,1,2,6,5,9,6,8,0
1,41,31,5,4,0,8,2,7,6,7,1,28557.0,837,56839.0,8,9,18,21,96,68,40,21,10,8,10,6,3,10,4,10,5,9,7,8,4,5,7,5,9,10,9,9,3,9,0
0,38,23,2,1,0,7,5,1,1,16,16,50040.0,1488,19362.0,4,7,92,64,34,94,55,13,9,6,2,5,7,5,8,1,2,5,10,8,5,8,3,4,1,9,10,2,6,7,0
0,24,39,2,4,0,7,6,7,2,2,1,56627.0,1080,57566.3,4,5,72,48,38,32,92,38,4,6,4,2,7,10,2,3,10,4,3,9,8,1,4,3,6,3,3,7,3,10,0
0,42,26,3,5,0,5,4,7,1,13,13,84439.0,1205,51177.0,1,8,50,84,20,83,91,5,7,2,6,1,10,5,3,7,8,9,2,10,1,3,10,3,9,9,6,8,9,7,0
1,38,34,3,3,1,8,6,6,5,8,4,120596.0,1016,19120.0,1,1,60,95,4,12,38,11,2,2,8,3,2,9,2,10,10,2,9,4,8,10,4,9,7,4,3,3,9,9,0
0,43,25,5,3,0,2,6,3,5,11,6,143471.34999999998,1530,34566.0,9,1,93,16,38,36,38,69,5,9,10,3,10,9,4,2,3,9,10,4,7,4,3,3,9,7,6,7,1,6,0
0,22,43,6,6,1,5,2,6,3,10,1,61199.0,1429,28626.0,4,3,75,24,19,43,66,77,2,4,2,8,10,5,9,1,10,8,1,5,10,5,5,2,8,7,5,8,10,2,0
1,21,30,4,3,0,2,2,5,4,3,5,74280.0,901,19373.0,6,7,4,35,60,96,50,60,7,8,2,2,3,3,8,1,5,2,7,4,6,5,10,4,4,2,10,4,8,10,0
0,39,22,6,2,0,1,4,4,3,8,10,38283.0,953,17126.0,7,6,6,25,65,40,9,52,3,8,3,8,4,4,1,6,1,1,3,5,6,10,3,8,1,9,8,1,8,5,0
0,35,39,1,1,1,4,4,7,6,3,3,45219.0,1050,54951.0,5,9,24,48,30,8,78,65,2,3,5,6,1,10,2,2,4,1,2,6,3,10,2,8,6,8,8,4,1,2,0
0,20,39,1,6,0,1,6,1,7,6,14,143471.34999999998,870,31920.0,10,7,31,15,45,53,15,26,4,4,10,2,3,8,8,1,7,5,2,7,3,1,1,5,2,9,1,1,6,5,0
0,34,34,4,3,0,5,5,4,5,7,17,88045.0,1503,29440.0,10,8,34,57,72,58,33,42,2,5,9,5,10,3,8,10,1,9,6,10,6,1,10,3,2,8,9,9,2,10,1
0,35,20,2,5,0,8,6,7,1,3,17,50870.0,961,57566.3,7,5,7,54,28,10,84,11,7,9,4,10,7,7,10,1,1,3,3,1,8,6,7,5,4,6,9,8,5,9,0
1,35,23,6,6,1,1,5,7,4,5,2,49777.0,1290,51241.0,2,5,80,46,27,86,67,7,4,5,10,8,2,2,6,5,5,5,7,9,6,8,10,6,6,8,6,1,9,2,0
1,41,31,6,1,0,6,4,7,1,11,12,49147.0,1408,24697.0,4,8,13,47,72,21,82,57,6,1,7,5,3,5,7,6,10,5,3,8,9,1,6,1,6,5,5,2,3,10,0
0,41,32,6,1,0,4,3,5,2,17,4,91909.0,1374,46791.0,10,1,90,19,81,61,5,95,10,3,9,1,2,1,10,3,6,7,6,3,4,10,9,3,7,5,10,2,1,2,0
0,19,31,5,6,0,7,2,3,2,7,17,86595.0,1432,35779.0,10,2,58,9,83,5,50,92,7,10,9,1,8,3,4,8,8,1,7,2,5,3,9,4,3,1,1,6,9,4,0
0,30,28,3,4,0,9,1,4,4,17,12,64417.0,837,42456.0,4,1,51,87,4,88,5,4,8,6,6,5,6,7,4,10,7,6,4,9,7,10,8,1,4,2,4,5,6,7,0
1,39,28,6,4,0,1,1,7,3,13,5,130430.0,1030,57566.3,3,2,18,92,9,5,38,18,10,3,1,9,3,10,5,7,8,10,3,1,9,4,7,10,9,6,3,3,9,5,0
1,32,26,4,6,0,7,5,4,4,6,3,104903.0,1444,28482.0,5,8,14,38,57,16,68,39,2,2,6,1,3,3,9,2,2,2,2,1,3,10,1,6,7,3,3,6,7,5,0
0,22,23,1,3,0,4,1,6,2,18,14,108662.0,1220,56286.0,1,4,96,89,44,20,8,68,9,7,5,1,10,9,9,4,7,9,6,4,5,4,6,1,9,4,9,9,1,2,0
0,20,32,5,5,1,5,3,7,7,16,2,52584.0,1245,36410.0,9,1,59,82,77,74,67,46,7,8,3,8,9,6,5,4,10,3,3,3,10,1,5,2,10,4,2,6,4,8,0
1,22,29,2,5,0,2,4,6,3,10,1,128504.0,1007,13277.0,9,2,49,67,79,56,58,58,2,4,8,7,3,3,8,9,5,4,5,2,10,4,4,1,3,5,8,4,2,7,0
0,22,23,4,2,0,1,3,5,5,9,8,54948.0,1261,12647.0,3,6,36,4,55,39,66,54,2,7,3,2,1,1,1,6,2,5,1,10,2,9,5,4,9,4,7,7,6,8,0
1,22,19,1,3,0,3,3,7,2,11,12,132625.0,869,20286.0,2,1,70,4,90,5,58,30,9,6,6,6,6,5,2,7,8,6,2,3,3,4,4,9,10,7,4,10,5,8,0
1,20,42,3,3,1,2,1,2,2,10,4,108985.0,1375,17971.0,7,3,4,65,6,8,13,64,2,9,10,10,7,8,4,7,1,2,5,4,4,10,8,9,1,5,3,3,3,2,1
0,20,33,4,6,0,8,1,6,4,1,12,74575.0,1035,15725.0,8,9,59,86,4,91,32,76,3,8,2,8,2,9,5,10,9,7,1,10,10,9,4,6,3,6,10,4,2,9,0
1,37,37,3,6,0,9,6,6,7,3,6,63022.0,1308,22997.0,8,5,41,8,75,17,16,41,6,7,1,6,8,9,5,9,1,3,7,4,1,5,9,5,4,4,5,3,1,4,0
0,40,32,3,2,0,10,6,7,3,17,7,99459.0,850,15647.0,8,3,29,34,64,82,18,40,4,1,10,10,3,2,7,4,10,1,4,2,2,3,9,3,3,1,5,5,6,8,1
0,35,19,1,1,1,6,5,7,3,2,8,79759.0,1309,56252.0,4,5,88,66,54,56,61,6,9,4,9,9,1,9,6,9,6,10,7,8,10,10,9,8,1,5,1,3,9,10,0
0,43,34,1,6,0,7,3,4,1,10,9,77179.0,1273,49019.0,2,9,90,53,58,87,50,4,2,6,2,3,8,1,9,10,2,5,7,3,8,9,5,6,4,9,10,2,2,9,0
0,37,20,6,4,0,7,4,5,5,3,11,46140.0,980,19507.0,6,7,17,92,32,40,37,55,8,7,5,1,1,2,8,4,1,6,10,1,9,6,4,3,1,1,6,7,5,3,0
0,21,20,2,1,0,8,4,1,2,12,7,143346.0,998,15988.0,10,1,31,31,27,80,42,85,7,10,7,6,7,2,3,5,4,2,7,3,10,8,3,8,3,3,1,8,2,6,0
0,19,22,2,4,0,4,5,2,2,8,14,41774.0,1044,43977.0,1,7,37,13,39,81,13,50,1,10,3,7,5,9,4,4,8,6,10,6,7,2,9,4,10,2,2,9,5,4,0
1,43,34,6,5,0,6,1,4,7,3,10,59324.0,1378,22737.0,3,5,15,41,17,78,68,96,6,3,8,1,8,9,8,10,10,2,8,6,10,1,4,8,1,7,5,6,1,10,0
1,33,40,1,1,1,2,2,4,6,7,16,97033.0,1472,20861.0,7,9,39,37,5,77,87,51,4,7,10,9,4,3,3,6,6,4,9,6,10,8,4,1,9,3,4,1,7,9,0
1,25,34,2,5,0,6,3,5,6,1,8,59615.0,1083,13974.0,8,3,25,22,63,91,20,12,1,7,1,5,1,4,3,10,3,9,6,9,7,7,7,1,9,9,9,1,1,9,1
1,34,37,3,4,0,8,1,7,7,1,5,132699.0,1559,45625.0,5,6,53,69,35,44,5,46,2,7,7,4,7,2,4,7,7,4,6,9,4,6,3,6,1,4,10,9,10,6,0
0,25,23,3,4,0,5,4,5,7,4,7,122971.0,1423,35432.0,6,9,78,42,30,26,52,83,9,9,5,5,6,6,7,9,8,3,1,7,7,10,4,8,8,8,8,6,7,4,0
1,24,19,4,4,1,6,1,4,2,10,1,97784.0,907,45840.0,1,5,18,32,22,42,18,50,1,4,6,2,2,3,1,3,3,2,7,5,5,8,6,4,10,8,2,7,7,9,0
1,42,24,5,2,0,2,6,3,6,6,3,103381.0,1406,22567.0,10,8,72,13,53,35,71,89,5,5,5,10,9,7,6,7,4,1,7,3,9,5,2,6,1,7,10,1,2,1,0
1,25,43,1,4,0,8,2,1,5,12,8,112566.0,1117,29801.0,6,2,38,4,59,13,13,96,5,10,10,6,4,8,4,1,10,4,9,10,6,2,7,4,4,2,6,5,10,2,0
0,38,32,3,4,0,8,1,4,5,5,1,63483.0,1523,54340.0,2,4,66,81,59,12,15,87,2,3,2,9,9,7,8,8,5,3,2,1,10,1,1,1,7,7,4,1,10,8,0
1,41,24,4,5,0,6,6,2,7,1,17,45227.0,870,57566.3,4,8,96,4,88,93,5,94,8,9,4,1,9,2,3,9,1,6,8,3,10,10,1,8,7,3,4,6,7,2,0
0,43,36,6,5,0,9,5,7,6,15,3,75431.0,1199,34304.0,9,3,73,37,4,27,70,59,5,2,8,3,1,2,10,10,6,8,7,3,3,9,4,6,5,8,1,5,6,6,0
1,43,37,6,4,0,4,3,4,5,17,3,58353.0,993,54997.0,9,2,24,73,30,76,31,28,10,2,4,6,4,10,8,5,5,10,1,10,7,2,9,3,2,7,7,9,3,10,0
0,29,39,4,3,0,4,2,2,5,17,14,61160.0,1196,19156.0,1,4,41,92,45,34,86,71,5,1,6,3,2,2,8,3,10,8,7,3,5,6,8,9,1,8,6,9,3,9,0
0,33,28,1,4,0,10,1,7,4,9,15,71937.0,1021,43027.0,10,1,9,39,27,4,95,91,7,2,1,1,8,5,3,7,8,9,8,5,8,8,8,8,9,5,5,10,8,4,0
1,29,40,4,1,0,5,1,7,1,1,15,131494.0,1383,27376.0,5,4,22,27,95,76,49,66,9,5,2,7,7,8,4,6,7,6,2,4,9,8,3,2,4,6,2,1,4,10,0
0,36,31,4,2,0,6,4,5,4,3,10,117677.0,1559,24264.0,4,6,87,19,37,70,78,58,10,3,8,4,2,4,9,6,8,1,7,1,4,1,10,6,2,6,7,7,9,1,0
0,27,30,2,4,0,9,3,4,2,2,12,104018.0,924,36633.0,7,9,8,94,17,18,17,15,3,3,3,7,8,6,4,10,5,6,10,10,10,2,8,5,9,9,8,8,1,5,1
1,24,37,1,1,1,7,2,2,1,9,15,78725.0,1516,45205.0,5,1,15,70,77,10,88,49,8,5,5,9,6,3,2,6,6,7,1,1,4,9,8,1,9,8,6,4,4,2,0
1,29,43,4,3,0,4,6,2,6,14,2,26252.95,1559,37268.0,10,3,67,87,5,4,52,6,3,5,6,1,6,1,5,10,10,8,9,8,2,9,8,4,6,7,9,10,10,6,0
1,37,43,4,5,0,4,6,6,2,9,11,41542.0,1004,13680.0,2,4,9,79,4,21,41,79,3,9,7,8,10,7,10,10,10,9,5,8,1,5,3,4,7,7,1,6,6,1,0
0,22,42,2,2,1,3,1,1,1,13,16,51123.0,1037,57566.3,1,6,47,5,14,10,67,45,7,10,7,9,6,8,1,9,6,7,4,10,6,10,4,10,4,10,2,2,2,2,0
0,33,26,1,5,0,5,2,3,6,3,1,98820.0,837,26233.0,8,6,13,13,43,20,18,56,10,5,3,4,3,10,4,9,8,8,10,6,1,6,4,7,2,5,2,1,2,3,0
0,26,26,5,5,1,7,1,3,4,9,12,64073.0,1045,24963.0,7,7,92,92,41,96,75,31,5,2,7,1,6,3,9,5,10,8,10,2,8,4,7,5,4,6,2,4,2,4,0
1,24,33,3,3,1,2,5,3,6,16,8,26252.95,1144,25144.0,5,7,4,80,76,20,18,64,1,6,7,5,5,8,3,8,10,3,2,10,9,4,1,7,8,3,8,1,2,9,0
0,37,29,4,3,0,1,1,6,6,18,13,90278.0,965,51597.0,6,1,45,77,34,73,82,76,8,2,5,7,1,10,4,2,5,2,7,10,6,5,1,8,6,3,7,1,3,3,0
0,39,27,2,5,0,10,4,6,7,7,6,54716.0,1559,12502.4,6,6,27,55,71,44,52,89,4,6,1,7,7,1,2,2,7,9,9,8,7,1,5,5,1,5,4,10,1,6,0
0,43,23,3,4,0,6,3,1,3,8,2,132862.0,1383,13732.0,9,5,92,24,86,13,82,34,1,1,8,1,7,9,5,3,1,6,7,3,2,5,9,9,5,8,8,4,2,8,0
0,31,35,1,6,0,5,2,1,7,13,13,86005.0,837,50821.0,2,3,93,35,79,33,78,4,5,4,2,8,7,3,2,4,1,4,3,7,2,2,4,3,8,10,7,3,4,1,0
0,28,19,6,1,0,3,1,6,1,6,10,93082.0,1448,33224.0,1,8,96,46,69,68,13,27,1,8,8,7,4,10,4,3,1,5,3,4,2,9,10,2,10,10,7,3,5,4,0
0,24,43,1,6,0,10,1,2,2,2,9,54355.0,885,22654.0,5,9,84,46,32,10,86,18,8,8,8,2,6,2,1,5,6,9,4,5,8,5,6,5,10,5,7,2,10,7,0
0,27,37,3,4,0,6,6,1,6,18,4,122658.0,1108,56931.0,2,4,42,95,42,78,41,44,3,10,6,6,8,8,7,10,3,1,6,3,6,9,6,7,2,5,7,2,8,7,1
1,26,26,5,2,0,7,1,2,7,10,1,52760.0,1559,47176.0,2,6,28,5,90,52,22,75,1,1,7,7,8,4,10,5,10,1,9,1,2,3,10,3,5,8,5,6,6,4,0
1,21,36,5,3,0,5,6,4,3,5,11,119125.0,1409,14095.0,8,7,34,28,29,13,63,41,9,1,5,6,10,10,6,9,8,8,6,7,8,1,10,9,2,4,10,9,4,8,0
1,33,23,6,4,0,5,5,6,5,11,2,91684.0,1054,46810.0,4,3,50,93,4,86,65,10,7,10,4,9,5,2,3,8,7,2,8,1,7,10,9,8,9,1,6,6,8,9,0
0,27,19,5,6,0,9,1,6,1,3,3,26252.95,1499,52637.0,6,2,18,53,76,20,49,5,10,3,9,9,8,9,5,6,1,7,4,5,6,5,6,9,4,2,1,7,9,9,0
0,36,32,3,6,0,1,6,7,4,2,1,97254.0,925,46556.0,1,2,76,4,15,95,26,42,7,6,10,9,8,2,10,10,3,10,6,3,9,6,6,3,3,10,2,3,8,3,0
1,41,34,2,5,0,2,2,2,6,17,8,64904.0,1303,15981.0,3,6,65,54,44,62,28,10,8,6,6,7,1,5,8,1,7,4,5,8,9,3,8,3,3,9,2,3,4,1,0
0,34,33,5,2,0,2,6,3,3,7,9,143471.34999999998,1025,23894.0,3,2,70,55,89,27,68,5,9,9,4,3,8,6,9,5,6,5,9,2,4,3,6,8,10,2,3,9,9,2,0
1,26,38,6,6,1,7,5,1,1,10,11,90311.0,837,57440.0,1,5,36,21,8,47,95,45,6,6,8,1,1,3,6,9,4,9,1,9,5,6,6,9,4,7,7,9,3,6,0
0,30,25,3,1,0,6,2,1,7,2,16,143471.34999999998,865,37667.0,4,4,38,72,11,52,78,57,2,8,1,6,2,8,3,10,3,8,5,2,10,10,10,7,9,2,1,7,5,7,1
0,19,27,6,4,0,2,4,5,3,3,3,104013.0,912,19716.0,10,8,72,86,66,9,62,32,1,6,9,5,9,2,3,10,10,10,4,10,5,6,9,3,3,8,4,9,6,9,0
1,19,27,4,4,1,3,5,7,5,14,13,111676.0,1230,46966.0,2,2,46,93,4,64,60,78,4,2,5,3,3,10,2,10,2,5,6,1,2,7,4,9,9,7,6,5,5,3,0
1,30,35,5,4,0,4,5,1,5,2,1,33941.0,1196,46254.0,10,3,62,42,81,32,71,85,8,10,5,2,10,7,9,6,6,1,1,5,3,5,6,7,10,8,4,6,9,1,0
1,41,27,6,3,0,3,3,6,4,1,9,26252.95,1015,54402.0,1,5,62,90,11,47,67,38,7,3,10,10,9,5,4,3,7,3,5,10,10,8,3,7,7,10,8,1,10,8,0
1,26,26,6,6,1,7,1,7,5,1,5,143471.34999999998,837,18878.0,5,4,35,45,79,62,10,6,6,10,8,4,6,7,6,5,1,5,8,10,5,10,2,7,8,6,10,2,1,10,0
1,24,41,1,4,0,5,1,4,5,4,7,48524.0,837,46302.0,2,9,42,37,11,62,17,59,6,5,10,8,2,8,6,6,4,6,7,4,6,9,5,1,6,9,9,9,7,10,0
0,33,36,5,5,1,8,3,3,7,3,10,33568.0,1351,29506.0,5,2,87,57,5,23,61,60,6,4,5,1,10,1,10,9,4,4,7,8,4,10,7,6,4,2,1,9,5,5,0
0,36,19,5,2,0,9,2,2,4,13,12,101978.0,1345,21862.0,9,6,19,60,56,12,48,42,9,9,3,7,4,7,4,8,7,1,8,4,3,7,9,2,1,6,8,4,2,9,1
0,24,21,4,6,0,1,1,1,3,16,8,109865.0,1559,32701.0,10,2,41,28,79,8,34,47,1,3,6,5,9,5,8,2,10,3,1,6,1,1,4,10,5,5,3,4,5,1,0
1,23,41,5,1,0,3,4,2,7,4,8,116245.0,892,25974.0,6,5,69,63,39,21,41,76,1,2,4,4,5,1,1,6,6,6,3,5,2,2,7,7,4,1,9,8,10,7,0
1,35,20,1,4,0,5,1,6,3,9,12,89792.0,1559,31998.0,7,6,33,35,87,11,91,58,5,9,3,1,9,10,1,5,9,3,6,5,9,3,7,10,5,9,10,8,8,10,0
1,36,27,1,5,0,7,3,2,6,4,11,143471.34999999998,1048,12502.4,9,8,96,4,23,48,89,96,9,5,3,1,7,6,2,10,5,6,4,10,5,10,6,5,8,6,7,2,3,2,1
1,28,29,6,4,0,4,4,6,7,13,4,26252.95,1134,12502.4,10,6,8,80,4,28,95,12,2,7,9,7,1,1,8,7,7,5,2,7,6,10,4,1,3,5,7,2,7,4,0
1,29,35,5,6,0,1,3,3,1,18,17,45432.0,1364,43384.0,3,6,14,10,40,87,68,96,5,9,7,2,10,5,10,10,3,5,8,8,4,2,4,9,3,7,3,6,1,2,0
1,43,40,4,3,0,9,5,2,1,18,7,119239.0,837,25338.0,5,9,46,69,42,16,73,34,8,10,8,5,5,6,2,10,8,3,3,7,10,7,2,4,4,4,5,5,2,7,0
0,27,37,4,2,0,8,5,2,1,10,10,99072.0,1118,45544.0,7,4,60,82,93,86,62,76,1,3,9,1,3,4,8,9,3,7,9,7,5,9,8,4,3,5,1,6,7,10,0
0,30,23,4,1,0,9,1,1,4,18,5,33935.0,1319,52167.0,4,1,74,79,12,67,9,31,3,6,6,1,6,1,9,9,6,9,7,4,8,2,9,8,3,7,10,2,5,9,1
0,29,38,5,3,0,5,4,2,3,8,10,63261.0,1100,39426.0,5,3,96,82,23,25,31,45,3,7,5,5,3,9,1,7,1,6,7,3,7,7,4,4,3,8,3,2,9,2,1
0,38,19,3,2,0,5,2,4,5,11,16,124632.0,1486,22961.0,4,4,68,8,18,86,30,39,9,4,8,10,5,6,10,10,1,8,10,9,7,6,1,2,1,4,10,10,2,1,0
0,27,27,4,5,0,6,4,6,4,3,3,51945.0,851,18496.0,4,5,57,4,46,9,19,56,2,5,9,9,1,3,7,7,9,7,1,9,1,1,9,1,6,1,6,10,3,4,0
1,37,19,1,5,0,6,6,5,2,15,12,131797.0,1073,20812.0,1,4,52,33,63,25,95,4,5,8,5,4,2,10,7,9,10,1,1,7,7,1,4,9,3,5,4,3,7,9,0
1,35,26,6,3,0,4,1,7,1,4,9,135181.0,1390,27211.0,1,6,28,45,87,22,29,69,4,10,7,6,1,4,4,3,4,7,10,10,4,5,7,8,6,6,5,1,8,6,0
1,21,43,6,4,0,3,3,4,7,15,13,53953.0,961,39912.0,7,9,67,80,89,80,90,35,6,9,6,5,5,6,5,7,8,6,4,4,1,8,3,6,3,7,6,8,5,1,0
1,41,27,2,1,0,7,6,6,3,1,5,143471.34999999998,1270,12502.4,1,3,30,27,75,76,60,82,10,5,5,6,7,2,3,1,3,6,2,1,6,10,9,6,2,10,4,4,6,5,1
1,22,19,5,5,1,7,1,3,4,11,11,124103.0,1154,33022.0,9,1,94,6,32,26,37,56,8,4,3,2,9,6,2,4,8,9,9,5,1,7,9,6,4,8,10,3,6,3,0
1,22,25,3,6,0,10,2,3,6,14,4,80107.0,1427,24246.0,2,7,34,36,66,53,21,4,2,8,1,6,8,7,8,2,7,5,3,4,7,6,4,4,9,4,2,10,10,3,0
0,29,41,3,3,1,2,4,1,5,2,17,86252.0,943,12502.4,5,4,89,68,27,38,5,21,10,5,2,9,5,8,5,9,5,8,5,4,8,4,9,6,9,7,8,7,10,1,0
1,43,34,3,5,0,4,1,1,3,15,6,44066.0,1559,57566.3,6,3,19,16,23,76,94,89,9,5,4,3,5,8,2,7,5,7,1,4,7,7,8,7,8,4,4,2,10,4,0
1,20,34,5,6,0,9,6,4,3,2,9,65509.0,1137,27782.0,5,2,69,10,37,11,14,48,5,3,8,8,1,4,10,9,6,3,1,4,5,1,4,1,4,2,1,1,7,9,0
1,25,21,6,4,0,5,2,6,6,6,10,82789.0,1446,55330.0,1,8,13,17,67,12,47,81,1,9,2,9,7,1,1,1,9,3,8,1,9,10,10,7,8,6,7,8,9,6,0
1,39,35,2,1,0,2,6,5,4,4,16,33249.0,1338,14764.0,2,3,21,46,96,61,72,4,2,5,3,1,1,5,4,5,2,9,2,3,8,7,6,6,6,9,3,10,10,5,1
0,19,29,4,3,0,9,5,1,5,9,7,58136.0,1128,41325.0,8,7,65,32,96,43,33,68,3,5,5,9,9,8,3,7,1,2,8,2,10,1,1,4,1,6,7,10,6,9,0
0,35,34,2,2,1,2,2,6,2,13,6,26252.95,1231,16931.0,9,5,17,95,4,55,87,51,6,9,4,3,10,7,10,9,8,6,2,2,1,5,6,2,6,5,4,1,4,7,0
1,26,26,5,1,0,10,3,1,5,17,2,127900.0,1302,16799.0,7,6,24,53,37,90,9,15,1,1,7,6,9,2,8,9,1,7,5,7,5,4,2,3,6,9,8,6,3,1,0
0,30,36,2,5,0,3,6,7,4,11,2,71596.0,846,56236.0,6,1,79,41,31,76,19,4,10,10,9,5,7,5,1,7,2,2,1,1,3,5,5,1,6,2,1,5,6,3,0
0,24,31,3,3,1,9,2,2,2,4,10,35830.0,837,32177.0,6,9,35,38,82,83,22,29,2,10,5,7,1,1,1,2,2,7,1,5,5,10,4,5,10,8,3,4,2,5,0
1,27,31,1,2,0,2,6,7,5,16,7,111656.0,839,26516.0,9,4,96,89,53,53,9,64,2,4,10,10,8,7,7,1,10,6,3,2,6,2,8,5,5,7,5,10,4,9,0
1,26,34,2,6,0,2,6,3,5,10,12,28988.0,1426,32878.0,3,2,89,56,76,12,86,92,2,10,1,3,3,4,2,3,6,7,4,5,8,6,2,6,9,8,2,1,4,3,0
1,39,19,5,1,0,3,3,1,4,12,2,71027.0,921,31749.0,5,1,14,95,9,57,84,5,7,7,9,4,7,5,6,10,4,9,2,7,4,6,9,3,9,9,5,9,9,8,0
1,32,25,6,3,0,6,1,7,7,7,8,53139.0,864,38045.0,3,2,41,73,47,84,16,6,3,3,10,4,9,2,6,4,3,9,9,10,4,8,3,5,6,6,3,7,5,9,0
1,22,22,6,4,0,5,3,4,1,9,9,51230.0,1034,37350.0,7,2,36,68,63,66,49,79,10,5,4,10,10,4,7,2,4,8,3,1,9,6,3,10,1,8,4,1,8,8,1
0,29,43,4,6,0,9,1,6,4,9,8,34594.0,839,51465.0,6,7,90,45,25,83,87,4,6,1,6,2,2,2,10,5,3,10,2,5,3,3,3,9,3,3,6,1,3,8,0
1,19,24,2,5,0,4,2,7,1,3,13,48470.0,1254,56260.0,2,6,83,36,23,45,72,35,3,10,4,6,4,3,2,5,5,4,4,3,2,8,5,3,2,7,5,7,1,8,0
1,29,39,3,1,0,8,1,5,1,2,10,30190.0,1073,35051.0,3,3,61,75,81,9,46,4,5,2,3,9,7,10,2,10,2,9,9,2,7,10,2,9,6,2,5,8,5,7,1
1,39,33,1,2,0,8,5,3,5,14,5,124356.0,1082,38506.0,4,1,18,16,50,4,89,53,6,5,8,6,10,9,9,10,5,1,10,8,3,4,7,2,3,8,1,1,7,10,0
0,23,33,2,5,0,4,2,2,1,16,17,115249.0,945,39541.0,10,7,96,10,18,85,74,8,2,5,5,8,9,8,7,3,3,2,8,2,4,4,6,9,3,2,8,4,3,3,0
1,36,34,2,5,0,4,5,5,4,2,11,129938.0,1465,56789.0,3,1,50,27,32,44,83,40,10,5,2,1,8,9,7,2,5,10,9,7,5,3,10,8,5,10,4,6,2,5,0
1,36,39,5,3,0,10,1,7,6,10,9,128019.0,1288,43216.0,9,8,38,45,52,69,95,55,8,8,10,8,10,1,6,1,9,4,3,6,9,2,3,8,2,4,6,5,7,5,0
1,33,43,1,2,0,5,3,7,3,3,9,136836.0,1385,55158.0,1,5,51,62,22,84,21,50,4,8,9,4,9,3,7,4,8,3,5,4,4,4,3,8,2,1,3,4,4,2,0
0,36,24,4,5,0,4,3,1,5,16,16,27602.0,1258,27880.0,10,5,96,23,8,96,45,84,4,5,9,7,2,8,2,4,4,2,8,4,9,7,4,9,8,7,4,3,9,8,0
1,20,37,4,1,0,3,2,7,7,15,7,117504.0,1345,24914.0,4,9,43,14,74,96,5,26,1,8,5,10,6,7,7,10,10,9,7,1,7,1,9,1,2,4,3,1,4,7,0
1,40,25,2,2,1,3,5,7,2,2,17,45277.0,1474,56006.0,9,2,4,68,60,17,87,96,5,9,8,9,2,2,6,8,4,5,2,1,5,4,3,9,6,1,8,9,1,9,0
1,27,25,4,1,0,3,1,7,6,8,8,35634.0,1551,20317.0,5,2,76,84,61,44,70,14,9,1,4,10,6,1,9,8,6,5,4,10,8,3,7,7,6,10,7,4,10,9,1
0,43,40,3,5,0,1,3,1,7,15,1,95590.0,1137,56959.0,4,6,14,76,71,37,64,89,3,3,3,1,7,4,8,4,3,6,3,3,2,3,5,3,10,6,7,2,6,9,1
1,35,28,3,6,0,1,6,3,3,17,16,71913.0,1316,46813.0,9,3,49,67,89,96,55,52,4,3,4,3,10,9,8,4,5,7,8,2,4,2,4,6,4,6,2,2,6,2,0
1,43,32,2,1,0,10,6,4,2,1,11,123279.0,956,55416.0,3,2,29,63,36,90,46,84,10,1,5,10,7,1,10,4,2,5,9,7,10,1,3,5,7,4,9,7,2,2,0
1,30,35,1,5,0,10,6,6,7,12,8,38067.0,1139,46418.0,8,5,9,7,49,93,59,12,1,10,8,9,2,6,9,9,3,1,1,1,6,8,4,2,4,9,8,8,9,6,0
0,43,23,6,4,0,7,5,3,3,4,6,35334.0,1248,21470.0,6,3,96,8,94,44,79,38,1,9,10,7,2,10,9,9,10,9,3,1,7,2,2,6,3,10,1,4,5,3,1
1,35,39,3,3,1,1,2,1,5,15,15,125277.0,1287,56000.0,10,5,84,91,77,46,93,85,6,8,9,9,2,4,9,4,9,8,7,7,5,2,9,5,4,8,8,10,4,3,0
1,20,29,6,6,1,6,3,7,3,16,14,67528.0,1309,37576.0,2,6,96,85,4,34,66,58,9,9,7,7,9,10,9,6,9,4,5,6,1,8,8,5,10,4,3,7,7,1,0
1,43,32,2,5,0,7,4,1,2,17,7,63381.0,1099,12502.4,4,8,18,53,30,6,8,8,10,5,1,1,4,10,10,7,7,7,8,4,10,8,4,5,8,7,9,9,8,9,0
0,40,40,4,1,0,6,2,7,3,2,14,45837.0,1093,44203.0,5,9,8,33,34,57,13,30,8,5,10,6,3,9,8,1,10,6,8,3,6,3,9,4,2,10,9,7,8,8,0
0,20,23,4,3,0,10,2,6,4,13,15,66658.0,1464,57566.3,1,9,16,15,4,69,26,49,8,4,8,3,7,7,3,2,10,4,8,1,1,1,6,7,1,7,3,7,4,4,0
1,40,35,6,6,1,1,2,7,4,11,13,60853.0,1317,14435.0,2,5,45,4,36,33,73,96,7,5,9,7,3,1,8,3,2,4,1,2,7,5,5,10,6,2,5,8,9,4,1
0,42,41,5,2,0,4,6,1,7,3,17,134860.0,1497,52650.0,5,4,36,74,75,16,19,4,10,2,7,3,8,4,5,2,3,10,5,8,5,4,10,5,1,7,4,10,4,4,0
0,43,37,1,4,0,2,2,7,7,5,1,50389.0,1514,36152.0,10,9,4,20,71,92,78,40,8,6,7,4,10,9,2,8,4,3,3,10,9,1,8,8,2,4,2,5,6,2,0
0,43,26,3,6,0,2,5,6,5,13,4,26252.95,863,12502.4,9,2,19,86,15,33,41,52,5,10,3,4,9,6,5,2,5,5,6,6,8,4,6,1,7,7,9,9,4,7,1
1,29,25,6,6,1,5,5,6,5,13,11,36596.0,837,41982.0,1,2,34,75,78,6,84,22,9,3,3,1,3,1,8,10,10,3,5,7,4,6,1,5,1,9,1,5,4,7,0
1,43,31,6,3,0,1,1,5,2,17,16,26252.95,1243,46054.0,9,7,13,95,89,54,26,52,8,9,5,3,5,3,3,7,4,10,9,9,5,6,8,10,3,2,10,9,4,8,0
0,37,36,4,4,1,2,6,4,6,11,8,105970.0,882,53685.0,1,3,71,76,49,86,26,28,10,2,2,10,8,1,6,10,3,6,2,7,6,4,4,9,1,3,3,2,5,9,0
0,24,36,6,2,0,10,1,7,1,11,11,128121.0,837,21035.0,3,4,79,28,31,52,58,87,7,1,2,7,6,7,9,2,1,6,8,10,4,8,10,10,1,6,1,3,1,6,0
0,42,25,1,5,0,2,1,4,4,16,14,94710.0,1440,48559.0,10,9,57,61,53,56,5,86,1,7,1,8,9,2,2,9,1,10,7,7,5,2,5,6,10,3,4,7,1,10,0
1,41,19,6,4,0,7,2,7,7,3,5,112548.0,1523,29184.0,1,5,19,85,86,23,5,96,3,8,3,1,6,9,2,9,9,9,6,1,9,10,4,3,10,10,6,9,4,4,0
1,25,42,5,3,0,3,1,2,2,1,8,51228.0,1116,14358.0,1,7,13,44,7,79,57,16,2,5,1,4,9,8,4,5,9,10,3,7,10,4,9,8,6,8,2,10,3,5,0
0,26,21,2,4,0,1,2,1,6,18,9,35823.0,1542,26273.0,3,5,69,73,96,9,34,78,2,4,7,5,5,3,9,4,10,5,5,6,3,6,3,6,8,5,3,4,7,4,0
0,31,23,5,2,0,10,5,1,6,17,15,49049.0,837,40476.0,9,8,70,63,60,82,7,42,10,1,5,8,3,9,1,6,1,1,7,2,3,1,10,1,3,1,6,8,5,5,0
0,22,20,6,2,0,4,1,1,7,4,12,50363.0,965,28059.0,7,2,62,5,88,87,64,34,8,3,8,10,8,7,5,10,7,7,9,9,1,3,4,3,9,3,1,5,10,7,0
0,38,20,3,4,0,8,4,2,3,7,13,26252.95,1484,18991.0,7,3,15,31,10,16,75,32,6,9,10,7,8,1,4,6,1,8,8,6,2,9,7,3,7,7,6,9,1,7,0
1,36,36,5,1,0,4,4,2,2,5,3,26252.95,1045,12502.4,6,4,76,4,89,58,92,90,4,1,9,10,1,4,5,1,6,9,2,2,7,3,8,10,6,10,10,1,10,1,0
0,38,28,1,3,0,5,2,1,4,7,10,82269.0,1509,17728.0,9,6,62,57,24,54,45,80,9,10,7,2,2,10,1,6,6,9,6,6,10,9,4,7,9,10,9,1,2,8,0
1,33,27,1,4,0,8,2,7,1,1,6,124695.0,1146,48971.0,5,2,6,37,30,43,46,76,9,3,5,3,2,5,9,2,9,4,10,10,1,1,6,9,4,4,8,6,3,10,0
0,41,29,3,5,0,10,4,6,5,3,8,43590.0,1276,37604.0,4,9,96,57,51,62,71,22,9,9,8,2,10,10,10,9,1,7,1,2,8,7,1,4,1,8,3,4,7,1,0
0,29,31,3,2,0,8,5,7,4,3,17,61547.0,1305,55372.0,3,4,61,70,69,48,32,60,9,5,1,5,3,6,6,2,4,2,4,6,10,2,9,3,3,1,2,4,9,7,0
0,38,35,1,1,1,7,2,4,4,6,6,33253.0,1334,53880.0,6,1,75,83,50,4,50,4,6,6,1,7,6,8,3,5,5,1,1,4,1,8,4,10,9,8,7,10,1,8,0
0,21,41,2,4,0,9,5,4,1,9,6,108509.0,1462,23378.0,9,8,33,16,39,13,74,25,7,1,4,7,4,5,2,4,2,5,7,6,4,5,1,7,3,1,1,3,7,8,0
0,25,26,5,2,0,7,6,3,1,3,16,60316.0,1287,54373.0,3,4,96,95,23,75,10,63,9,7,2,3,7,4,8,7,10,8,1,4,4,1,8,10,7,6,2,8,5,3,1
1,24,32,5,4,0,10,1,6,6,6,5,70673.0,1501,23855.0,6,2,86,66,91,75,49,89,6,6,5,5,8,8,10,5,1,10,1,5,9,10,8,1,8,5,7,7,2,5,0
0,32,41,3,1,0,7,3,2,2,11,8,66330.0,1384,32201.0,1,9,83,15,43,84,45,31,3,5,6,10,9,5,10,7,3,10,6,8,8,5,4,5,4,3,1,9,2,7,0
0,23,43,4,2,0,1,6,4,6,8,17,44810.0,1322,57566.3,3,2,36,78,78,19,36,34,9,5,8,8,3,4,4,5,4,7,4,1,1,9,7,8,3,1,2,7,4,3,0
0,22,20,4,1,0,4,5,7,2,2,16,26252.95,1544,26480.0,10,9,29,17,62,96,5,75,9,1,6,5,8,9,8,9,3,2,10,4,3,1,8,8,7,1,2,6,3,8,0
1,31,40,4,3,0,7,2,1,4,10,15,92522.0,959,12502.4,1,9,40,69,72,56,85,87,6,8,10,5,6,7,1,6,10,5,7,4,5,7,2,10,2,2,9,2,4,3,0
1,38,28,3,2,0,2,5,6,2,4,10,134639.0,837,12502.4,7,2,60,49,9,69,73,65,5,1,7,2,1,2,9,8,1,8,3,10,8,4,8,2,4,7,10,7,9,1,0
1,30,27,3,3,1,4,5,7,5,8,4,50078.0,1024,16630.0,4,8,35,45,81,91,31,69,6,7,8,7,6,6,7,2,7,7,10,1,8,2,6,4,1,3,1,2,4,4,0
1,27,35,4,1,0,5,4,1,5,15,7,135415.0,1385,25293.0,2,6,96,8,44,32,24,9,3,9,1,1,2,5,2,10,6,10,4,4,10,2,4,8,8,10,7,10,10,5,1
0,35,21,5,6,0,3,6,2,7,17,9,143471.34999999998,913,31004.0,2,6,13,39,40,8,13,48,1,5,8,5,2,9,5,1,4,5,8,1,7,2,9,6,3,2,5,5,7,3,0
0,21,30,4,5,0,9,1,4,3,9,14,108637.0,954,17666.0,5,9,82,83,90,19,68,14,3,9,7,1,6,1,9,1,9,10,5,8,8,9,5,4,1,7,4,7,7,10,1
0,25,23,3,1,0,3,4,5,3,6,17,58298.0,972,24401.0,6,2,44,21,27,31,33,94,4,10,7,10,8,9,9,8,6,3,4,6,1,2,7,2,6,1,3,6,6,10,0
1,41,43,4,6,0,5,4,1,2,9,17,55665.0,1404,27441.0,5,3,52,39,7,36,58,50,4,3,5,6,9,4,3,5,7,1,6,10,8,2,1,2,3,9,8,6,8,1,0
0,28,38,2,4,0,6,6,3,4,1,14,126454.0,986,46107.0,9,2,96,95,44,64,29,73,10,2,4,9,10,3,5,4,9,10,5,1,7,2,5,4,3,10,3,5,9,4,0
0,34,30,1,1,1,10,1,5,7,8,4,34567.0,1309,46187.0,10,2,59,81,9,61,24,20,9,9,5,6,1,8,5,2,3,3,9,3,9,8,3,1,6,7,4,1,9,10,0
1,35,42,6,3,0,10,1,1,6,18,9,103195.0,837,38682.0,4,5,50,65,50,71,95,45,7,2,6,10,9,8,3,6,7,4,4,9,7,8,3,1,7,2,10,3,10,3,0
1,38,43,6,6,1,5,1,6,4,17,3,82435.0,930,39543.0,5,3,96,4,32,87,19,96,2,8,9,2,10,7,8,3,9,9,8,3,4,10,6,7,9,5,6,5,8,1,0
1,42,37,2,4,0,9,5,3,2,9,4,99382.0,1353,17175.0,8,2,4,45,96,61,42,76,2,9,10,2,2,10,1,8,10,4,3,8,6,8,7,4,6,8,1,10,8,7,0
0,43,22,3,4,0,8,1,4,6,6,13,61598.0,995,12744.0,8,7,35,24,90,27,24,19,10,1,7,7,8,8,7,2,8,1,7,5,1,2,6,2,6,6,5,9,7,9,0
0,28,37,4,1,0,10,5,3,7,8,6,43943.0,1206,45196.0,9,9,96,11,8,36,12,31,2,8,1,8,5,10,1,7,8,1,6,3,10,5,7,9,3,9,6,9,10,2,0
1,33,31,5,4,0,9,5,7,5,10,5,62778.0,1152,31707.0,1,1,71,56,35,91,95,59,3,6,8,6,4,7,3,5,9,4,7,7,8,2,3,7,7,3,9,2,3,7,0
0,29,30,1,1,1,9,4,1,3,10,16,32678.0,877,22747.0,1,3,22,59,5,80,73,62,2,8,4,10,1,8,3,2,9,9,4,3,6,10,7,7,4,9,9,9,10,9,0
1,30,31,2,5,0,1,5,5,3,3,9,26252.95,1416,50414.0,5,1,46,66,49,76,65,69,6,8,10,2,5,2,3,5,4,1,4,8,10,2,10,3,3,1,3,10,8,3,0
1,43,25,5,4,0,2,4,1,2,3,16,64879.0,902,36918.0,8,6,96,90,96,96,45,88,8,5,1,9,1,2,6,4,9,2,10,6,2,1,8,3,2,8,5,5,8,5,0
0,33,33,1,5,0,4,3,2,4,3,5,143471.34999999998,1559,47761.0,5,9,96,28,72,96,68,92,8,9,7,9,4,8,8,5,7,8,2,1,5,10,6,9,6,6,4,5,1,10,0
1,40,30,4,4,1,9,4,7,3,1,16,113017.0,1427,38042.0,4,9,68,35,32,57,78,10,5,3,1,4,9,3,4,10,3,3,2,7,8,9,5,5,1,1,1,1,9,5,0
1,43,41,3,1,0,4,2,3,3,5,11,82267.0,1291,47954.0,9,5,36,12,40,16,80,90,2,2,6,3,6,6,9,6,1,1,7,5,7,10,7,4,3,3,6,1,7,10,0
1,38,32,4,2,0,5,3,3,1,15,16,73881.0,1412,57566.3,8,2,24,41,65,5,45,40,1,10,2,10,5,4,1,2,2,7,4,4,4,3,2,7,1,7,1,2,10,10,0
0,19,36,4,3,0,8,6,1,7,12,14,71649.0,1432,31020.0,8,8,17,4,92,6,21,96,9,2,3,5,5,3,9,7,10,2,9,2,5,5,10,3,4,8,5,8,3,6,0
1,33,19,2,4,0,2,1,7,3,15,1,27077.0,837,48026.0,8,2,88,67,49,63,32,11,7,2,2,7,7,9,9,10,4,10,6,7,6,3,5,10,10,6,5,6,6,9,0
1,32,39,2,6,0,8,4,7,7,9,6,27795.0,987,31591.0,10,3,21,18,60,95,54,4,10,8,7,4,10,5,7,2,8,7,7,2,4,10,5,8,1,3,2,10,6,1,0
1,23,19,2,6,0,5,1,6,6,3,8,101315.0,1516,51077.0,4,9,14,89,17,57,42,78,6,1,9,4,4,8,2,9,7,6,8,4,7,2,2,8,7,5,6,10,5,9,0
1,29,35,2,3,0,7,6,7,7,16,9,72917.0,982,31055.0,9,9,87,23,10,16,94,63,6,9,3,1,1,9,6,2,10,1,1,10,8,1,8,5,6,1,3,6,9,9,0
1,25,36,5,6,0,3,5,2,3,2,8,49348.0,837,57467.0,4,3,71,70,68,9,95,83,3,4,1,10,2,7,6,3,2,1,4,1,9,8,4,6,4,3,2,3,5,6,0
1,24,25,6,3,0,3,1,2,4,1,9,74886.0,936,36457.0,9,7,79,19,83,87,62,4,5,7,2,5,2,2,6,8,2,6,4,6,9,1,9,2,7,5,9,2,2,2,0
1,19,20,3,3,1,5,5,3,4,8,8,28291.0,1144,20164.0,10,7,47,51,67,13,95,95,1,7,2,7,2,6,4,6,5,2,8,10,10,1,7,4,1,5,6,8,10,2,0
0,29,40,6,4,0,2,5,4,2,17,13,143471.34999999998,1293,46749.0,3,2,38,22,88,96,87,58,3,10,9,2,1,3,6,2,2,1,5,3,5,7,10,1,8,6,2,10,4,3,0
0,38,43,4,6,0,10,2,3,3,9,5,58395.0,1498,14674.0,1,2,65,63,16,67,65,96,7,2,10,3,3,2,9,4,5,9,8,1,3,2,9,5,1,7,6,4,2,1,0
1,31,31,3,2,0,5,5,6,2,12,14,26252.95,1549,54746.0,10,4,61,88,22,93,69,45,3,6,6,3,1,7,1,5,3,4,10,9,3,8,3,3,10,5,1,3,10,8,0
0,33,43,6,4,0,4,4,5,3,5,16,58357.0,1083,57566.3,7,8,37,83,37,88,41,9,1,2,2,3,2,6,9,1,2,5,10,9,10,4,1,3,10,4,5,4,9,2,0
0,28,26,1,6,0,5,3,2,3,13,6,50844.0,1295,27594.0,2,4,8,63,59,23,48,28,7,4,4,8,10,8,4,10,4,3,7,2,2,10,5,10,6,10,3,9,7,9,0
1,37,25,3,5,0,2,3,2,7,11,13,68572.0,1445,38918.0,7,7,19,95,75,38,78,9,10,7,6,7,4,7,8,4,10,3,9,4,4,3,9,10,6,9,10,2,9,8,0
0,26,34,6,1,0,9,6,1,3,12,4,74967.0,837,24549.0,8,3,77,13,59,54,88,58,8,2,10,8,8,9,8,7,10,8,2,8,4,10,4,7,9,5,6,6,3,7,0
1,27,40,3,1,0,3,6,4,7,14,17,143471.34999999998,847,51872.0,2,1,7,35,85,73,75,81,8,9,9,6,4,7,2,6,2,6,8,8,5,5,1,1,5,1,5,10,7,3,0
1,34,40,5,3,0,8,6,2,6,17,1,77020.0,1281,18079.0,5,7,71,27,66,50,58,25,2,8,10,2,8,9,2,10,9,3,10,8,9,10,1,9,5,1,6,7,2,4,0
1,29,41,1,6,0,2,5,1,2,6,1,33893.0,1171,41219.0,6,4,39,32,95,41,95,58,4,10,10,8,4,9,4,5,10,4,9,1,2,5,6,7,9,10,10,7,2,4,1
1,23,33,3,5,0,9,1,2,6,3,13,48786.0,1108,56328.0,7,1,30,62,14,62,7,75,2,6,5,10,5,2,9,6,1,4,10,2,9,8,5,2,3,8,2,10,4,3,0
1,36,27,2,3,0,1,1,6,7,12,17,143471.34999999998,1155,48733.0,7,5,42,95,76,61,66,79,10,5,2,6,6,7,5,5,1,10,8,10,6,9,6,2,6,10,10,5,3,7,0
0,28,38,1,1,1,2,5,6,2,3,5,45512.0,1037,27067.0,6,3,13,13,42,6,36,57,2,4,6,6,8,4,5,1,4,10,8,4,5,6,9,6,4,9,1,6,4,3,1
1,26,27,1,6,0,7,6,6,3,10,10,91362.0,1559,53918.0,4,7,96,24,51,33,68,8,10,9,1,3,9,2,7,8,8,2,6,1,8,6,10,4,6,5,2,8,5,2,0
0,38,42,3,3,1,9,4,5,3,9,8,51894.0,988,14244.0,1,2,71,46,35,21,16,47,8,2,7,2,2,2,4,9,7,10,5,2,3,4,8,4,9,4,10,5,2,5,0
1,23,42,3,2,0,3,5,4,1,7,9,143471.34999999998,900,19663.0,1,9,68,16,31,92,83,78,6,3,8,1,5,8,3,5,3,8,8,3,3,7,6,4,8,1,1,3,8,3,0
1,43,41,4,1,0,5,2,2,3,2,7,97716.0,1178,26742.0,3,3,92,51,73,61,12,76,4,3,2,3,5,2,8,6,1,7,10,2,9,9,7,9,6,2,5,2,5,6,0
1,42,23,3,2,0,4,1,2,6,9,7,43611.0,1283,26435.0,6,9,13,39,74,96,50,75,10,2,4,6,9,7,5,4,2,1,3,3,8,5,9,6,5,6,3,6,8,10,0
0,42,39,6,4,0,10,2,2,1,15,3,136120.0,938,29811.0,2,5,44,73,92,17,66,24,7,7,6,1,4,5,8,1,2,5,9,9,5,4,9,9,7,1,4,9,3,5,0
1,41,34,4,4,1,8,2,5,7,1,12,81910.0,943,30526.0,8,7,41,41,96,46,7,16,8,2,9,8,9,10,9,1,5,3,8,10,6,1,4,1,5,3,5,3,5,9,0
1,42,33,5,6,0,3,4,4,4,10,2,115416.0,1057,32108.0,9,8,96,25,45,28,13,75,10,4,9,1,5,3,1,1,5,1,8,9,2,3,10,3,9,1,8,5,1,7,1
1,33,32,5,4,0,9,2,3,3,1,6,111698.0,922,27459.0,4,1,62,44,40,41,91,63,3,7,5,10,8,9,7,1,5,6,7,4,5,5,1,1,1,8,7,3,2,7,0
1,37,39,6,1,0,5,4,7,6,12,16,72055.0,1416,19789.0,3,6,92,95,62,59,72,96,3,3,5,1,8,3,7,10,6,9,1,4,6,8,6,3,4,2,5,2,1,4,0
0,33,31,3,1,0,9,5,3,1,18,4,82970.0,922,17216.0,9,4,94,4,12,54,75,30,7,3,4,2,4,7,9,8,4,3,6,7,6,1,5,2,1,7,7,9,7,1,0
1,23,21,5,5,1,2,5,5,1,9,5,73173.0,837,31520.0,8,1,96,57,23,60,59,11,10,5,2,1,6,4,3,1,1,5,1,7,9,5,5,8,10,8,10,7,10,4,0
0,22,21,1,3,0,3,4,7,4,7,13,133150.0,930,26292.0,4,8,78,35,17,43,63,59,2,5,4,6,1,5,6,2,6,9,6,8,6,5,8,7,9,10,2,8,5,6,0
1,38,19,3,3,1,4,6,3,4,14,13,71736.0,947,53323.0,8,4,67,4,50,41,11,39,1,2,5,4,5,9,3,4,2,8,6,2,8,6,4,9,9,5,2,5,3,2,0
0,21,28,3,3,1,10,6,6,3,3,7,33892.0,1450,12502.4,5,9,67,73,38,68,55,89,2,10,3,1,9,8,10,4,5,4,10,10,4,10,3,6,7,9,9,4,10,7,0
0,19,21,4,5,0,2,2,1,5,18,17,133372.0,1106,57566.3,3,9,40,95,56,59,72,17,1,10,6,8,8,10,6,2,4,9,2,9,10,8,8,9,7,8,9,8,2,4,0
1,23,38,1,1,1,3,3,5,2,7,12,120119.0,1285,28676.0,8,1,86,61,41,41,22,41,7,10,6,3,10,3,6,7,7,8,9,2,9,10,5,9,6,9,4,1,1,5,0
1,26,38,2,2,1,2,3,7,2,1,4,118958.0,840,50052.0,1,3,55,5,96,58,14,9,9,8,3,3,3,1,8,6,6,5,5,4,2,5,3,5,5,6,8,2,7,3,0
0,34,33,1,1,1,6,4,3,5,18,14,71788.0,1258,38598.0,5,9,41,36,8,89,8,51,1,4,3,4,8,7,5,5,5,3,2,8,8,5,3,2,2,6,4,4,3,9,0
1,31,38,4,2,0,6,1,6,3,7,15,111146.0,1099,56853.0,5,9,93,68,72,34,58,6,4,9,8,3,2,7,6,5,4,2,4,9,1,7,3,5,6,9,2,1,1,5,0
1,24,21,2,3,0,8,3,2,6,7,3,123138.0,1078,56797.0,1,2,51,95,84,79,95,5,4,8,8,1,1,7,2,10,7,4,3,4,5,6,8,7,6,10,10,3,7,3,0
1,39,19,3,3,1,9,1,5,5,16,13,79669.0,917,12502.4,5,5,33,69,30,93,40,45,1,8,7,6,1,3,6,2,5,8,6,2,1,5,6,3,1,10,7,4,10,8,0
0,36,43,3,5,0,8,2,2,5,2,8,81310.0,1151,42092.0,1,3,5,7,92,64,41,8,3,5,9,3,1,4,3,7,5,1,1,4,10,5,10,7,2,5,4,9,7,4,0
1,19,41,2,2,1,5,3,4,1,14,8,126409.0,1440,32736.0,8,2,4,65,96,76,95,19,5,4,1,5,8,2,1,6,10,3,1,6,6,9,6,5,9,9,8,9,5,1,0
1,37,36,5,2,0,6,6,5,7,13,13,29359.0,1514,44547.0,4,9,84,14,54,93,62,4,9,8,6,8,9,5,1,5,8,2,3,8,10,1,1,4,8,3,8,3,9,3,0
1,42,19,2,3,0,1,2,3,4,14,10,73244.0,923,33024.0,2,1,4,57,8,12,29,81,7,2,10,5,10,9,7,10,4,9,6,6,9,8,1,9,1,2,8,1,9,5,0
0,32,26,4,6,0,5,6,2,4,14,8,72406.0,958,35760.0,3,5,14,39,84,65,38,61,6,7,2,10,2,3,7,8,9,5,2,10,10,5,8,5,6,6,5,10,8,8,0
1,35,40,2,6,0,1,6,7,2,4,4,30471.0,1427,38956.0,8,8,44,74,96,54,68,35,10,3,8,7,4,4,9,7,2,8,8,5,2,2,10,5,10,10,4,6,9,10,0
0,20,42,4,3,0,2,1,3,6,13,7,108631.0,978,49296.0,5,2,76,63,32,16,74,35,6,9,7,9,7,6,4,1,4,7,5,5,9,7,10,2,3,8,5,10,8,10,0
1,35,30,4,6,0,2,5,5,1,14,15,83278.0,1402,15402.0,3,8,17,13,4,77,71,40,6,6,2,5,7,6,8,7,8,9,10,8,4,3,1,10,8,4,6,1,8,6,0
0,19,35,3,3,1,4,1,6,5,11,2,40699.0,931,51392.0,6,6,96,42,72,11,73,40,6,7,3,8,4,10,4,3,7,9,1,9,7,6,6,5,9,2,8,6,9,2,1
1,27,33,3,3,1,4,1,5,5,8,15,95103.0,917,20772.0,10,8,30,44,60,8,83,9,5,1,8,5,10,3,1,8,2,10,9,1,3,3,2,7,4,10,5,5,9,2,0
1,28,33,3,5,0,3,1,1,7,5,10,84129.0,1291,33360.0,4,2,25,23,33,10,6,46,2,10,7,9,8,9,8,5,6,5,3,2,7,2,2,7,7,2,2,9,10,1,0
0,43,42,2,4,0,6,3,6,2,16,13,89485.0,984,32187.0,6,1,66,46,64,86,67,58,6,7,5,4,2,1,2,7,4,5,3,5,4,9,2,10,5,7,10,1,3,6,0
0,41,27,2,4,0,7,2,6,1,9,5,110220.0,1284,25838.0,10,4,39,15,96,56,5,46,10,1,2,1,6,4,10,4,6,3,1,3,8,3,1,10,8,3,6,9,3,3,0
0,20,26,1,5,0,7,6,6,4,3,11,45464.0,981,12502.4,2,6,62,55,57,96,89,79,8,6,1,9,10,3,10,1,8,2,3,3,4,7,9,10,5,4,3,1,6,7,0
1,24,28,6,4,0,3,6,1,7,4,9,75583.0,1073,22685.0,4,2,4,19,42,96,37,62,4,8,9,1,8,8,3,5,3,6,4,9,8,9,6,9,6,8,2,4,9,4,0
1,25,42,4,3,0,4,6,1,3,13,15,28084.0,837,56670.0,4,2,46,66,39,34,5,96,7,3,5,7,10,3,10,1,2,4,7,10,10,8,8,7,3,9,3,7,2,9,0
1,36,43,2,6,0,7,2,7,6,13,10,50073.0,1383,39657.0,2,5,69,58,88,86,81,28,8,9,7,4,3,1,2,6,10,7,3,8,4,8,8,2,5,2,9,3,4,9,0
1,35,43,3,6,0,6,1,2,6,16,2,93991.0,1296,57566.3,9,6,86,75,53,45,72,51,5,1,8,4,3,3,2,7,6,4,4,8,4,1,5,2,10,2,4,1,1,2,0
0,30,21,4,5,0,2,5,2,5,5,10,26252.95,1324,39939.0,3,3,35,45,81,94,5,40,6,2,9,10,7,8,8,3,6,10,2,3,8,2,3,6,6,10,5,8,5,7,0
1,30,27,4,1,0,8,2,5,4,16,16,103410.0,837,37918.0,5,6,36,52,79,75,57,7,4,9,3,5,6,1,3,1,10,8,6,7,5,10,3,5,5,2,10,5,3,6,0
1,41,20,5,3,0,3,6,1,3,10,11,119502.0,1207,52382.0,7,2,23,15,17,81,5,21,10,9,9,1,4,7,2,4,1,8,6,6,5,4,1,7,10,3,10,5,4,8,0
1,36,23,5,1,0,3,2,3,4,4,17,39879.0,1251,27076.0,10,8,75,45,14,44,30,16,9,8,6,5,7,6,2,8,3,1,2,4,3,4,5,6,5,1,3,1,3,3,0
1,40,20,4,6,0,2,2,6,1,1,12,143471.34999999998,837,14833.0,5,9,30,71,54,30,77,69,9,5,8,5,8,9,7,7,6,2,2,3,3,3,8,7,4,2,5,5,7,5,0
1,29,43,4,3,0,10,1,4,2,14,2,81797.0,1471,52361.0,2,5,72,89,44,5,83,89,1,1,10,3,9,3,5,6,3,8,1,1,4,2,3,3,2,8,4,7,9,3,0
1,34,26,6,4,0,4,4,1,5,16,3,40344.0,1310,12635.0,7,2,82,48,60,4,58,28,7,3,9,5,4,10,2,6,4,2,7,5,8,3,2,10,6,8,10,6,6,9,0
1,39,20,1,5,0,3,4,4,3,15,8,129306.0,1527,40250.0,10,6,61,14,50,55,49,4,3,1,2,9,5,4,5,8,9,10,1,8,10,8,3,10,2,7,4,4,7,8,1
0,29,35,3,4,0,3,6,6,5,14,16,29583.0,1497,28464.0,9,9,23,61,59,77,32,66,4,5,10,5,6,10,2,10,4,4,8,6,4,3,3,5,9,9,3,3,7,4,0
1,30,25,5,4,0,1,4,4,3,9,15,45407.0,1264,57085.0,1,4,74,9,48,26,80,96,9,1,8,8,10,9,2,3,1,10,4,1,2,3,10,4,6,1,3,3,7,6,1
1,42,39,2,6,0,5,5,1,4,10,7,53737.0,837,12916.0,10,5,74,8,26,86,95,85,8,2,1,2,4,2,4,4,5,3,6,6,4,6,3,10,5,10,3,6,1,6,0
1,29,25,6,1,0,3,1,7,5,4,4,108701.0,837,14276.0,7,1,8,7,19,45,95,27,7,9,9,8,5,10,7,6,3,4,2,4,5,2,9,8,8,9,8,5,9,9,0
1,36,32,1,6,0,6,5,2,3,8,2,78740.0,1421,38058.0,2,1,27,15,35,71,81,73,10,2,7,7,1,8,7,6,9,8,9,8,7,9,6,8,4,10,5,5,1,1,0
0,31,30,1,3,0,6,4,5,1,18,8,143471.34999999998,1009,14043.0,6,4,5,4,39,64,61,4,1,9,7,3,10,10,9,9,3,1,7,4,3,4,6,2,1,9,7,10,4,6,0
0,24,24,3,2,0,9,5,4,2,8,11,124538.0,1250,50038.0,3,1,20,54,69,96,29,8,5,7,10,1,5,8,9,2,8,6,2,5,3,1,7,9,1,3,3,1,8,3,1
0,30,36,6,5,0,2,3,7,3,11,5,91869.0,1501,26008.0,1,5,70,85,28,96,32,43,5,4,1,5,5,10,1,9,7,1,4,3,3,9,3,5,7,3,6,1,4,2,0
0,23,25,2,2,1,8,1,7,3,1,12,30099.0,973,22580.0,8,1,64,7,11,10,83,59,4,3,10,6,4,9,4,5,7,1,2,10,9,1,4,7,1,3,6,6,1,4,0
0,41,27,5,2,0,5,1,2,7,10,16,45423.0,1385,25812.0,3,1,62,28,22,36,95,51,2,4,6,9,4,2,10,7,4,6,10,2,1,5,9,3,9,2,4,9,8,1,1
0,36,34,3,4,0,3,3,5,6,7,7,129936.0,1040,25951.0,4,7,23,77,34,52,80,71,1,7,9,10,1,6,7,7,3,6,7,3,3,5,4,9,7,7,4,2,3,2,0
1,36,19,4,6,0,10,3,3,3,17,10,106476.0,837,12502.4,5,8,73,35,72,75,60,12,4,6,10,1,1,1,9,3,4,5,9,6,9,7,10,10,3,7,9,3,8,5,0
0,21,30,1,4,0,2,5,7,5,9,16,26252.95,985,14383.0,7,3,62,21,5,73,46,64,8,4,5,6,9,10,1,9,9,6,6,1,4,3,7,5,2,8,9,5,8,2,1
0,36,43,4,5,0,6,6,5,6,5,12,122366.0,1302,42132.0,7,4,23,60,69,72,70,45,2,1,1,7,3,10,8,5,1,6,3,3,5,7,8,8,2,3,1,9,1,2,1
1,26,30,5,6,0,1,6,3,6,6,12,114379.0,1100,49846.0,7,9,95,22,11,96,53,79,8,7,5,8,10,8,7,2,1,4,4,3,2,7,2,8,9,1,3,10,7,7,0
0,33,41,5,3,0,9,5,7,5,8,4,34103.0,1521,27549.0,2,8,19,94,96,4,84,84,6,4,6,1,1,8,7,10,10,10,6,1,1,5,6,8,3,8,3,9,10,1,1
1,43,33,4,5,0,7,6,7,7,7,16,110014.0,1206,48678.0,6,1,67,44,80,4,7,24,8,8,8,1,3,9,3,1,2,7,6,7,6,9,9,2,7,3,4,6,1,9,1
1,21,26,4,3,0,9,6,7,2,17,8,98861.0,1421,30281.0,4,1,66,35,53,79,62,66,6,4,5,4,9,5,2,5,4,8,7,7,4,3,7,8,1,2,7,7,2,8,0
0,23,27,1,6,0,3,6,6,7,5,7,29332.0,1138,19028.0,5,3,29,87,82,12,53,86,9,4,8,6,9,2,5,8,1,5,6,4,4,8,4,6,8,7,8,5,10,6,0
1,25,23,2,3,0,6,4,5,5,5,13,98351.0,1465,52205.0,8,9,23,95,71,20,52,33,7,1,5,2,4,9,5,8,2,10,2,6,5,6,8,10,9,8,6,8,3,10,0
0,43,22,4,1,0,3,4,7,1,16,12,111970.0,861,19233.0,4,3,89,57,69,34,26,40,1,2,4,4,4,1,5,4,7,10,7,7,2,3,5,5,4,8,5,10,5,5,0
0,41,19,3,2,0,10,2,1,5,13,13,60493.0,1078,57093.0,2,6,55,83,38,19,90,74,9,10,3,9,7,5,2,6,2,6,9,5,2,10,8,4,6,6,3,9,10,4,0
1,33,28,5,1,0,8,3,1,1,11,15,35156.0,837,40709.0,5,5,82,4,8,55,19,60,6,5,5,3,7,7,4,9,10,5,8,10,9,3,4,9,2,8,6,6,10,1,0
1,22,26,3,1,0,8,2,5,3,15,1,70048.0,1548,39785.0,5,8,12,32,61,59,47,68,4,10,5,8,1,8,3,3,3,8,6,2,1,1,2,8,6,2,5,8,9,3,0
0,38,23,5,1,0,1,3,3,7,4,3,126398.0,1463,41858.0,6,4,93,49,31,69,51,64,7,8,6,10,8,1,8,6,6,2,1,5,10,10,3,4,7,9,3,9,6,4,0
1,39,25,1,4,0,7,4,5,4,12,10,124919.0,996,55299.0,8,5,81,95,62,36,95,76,6,9,5,5,5,6,3,3,7,1,3,6,3,5,6,2,6,1,8,2,1,7,0
1,27,26,5,2,0,5,1,6,6,6,15,46914.0,1326,53618.0,8,2,96,5,52,46,58,36,3,9,7,8,1,9,9,7,5,5,3,7,7,6,10,5,8,2,10,1,3,5,0
0,40,26,5,6,0,5,1,1,4,2,4,26252.95,1077,53477.0,2,4,90,4,47,39,95,10,6,2,2,4,2,7,4,9,6,1,1,3,8,2,2,3,5,9,8,8,9,7,0
0,30,25,6,4,0,9,3,4,7,1,14,26252.95,1559,57566.3,1,4,79,72,44,14,38,88,7,10,6,6,3,6,3,1,2,10,2,7,8,9,8,1,5,1,1,7,3,5,0
1,43,29,1,6,0,4,5,4,4,13,12,143471.34999999998,837,37910.0,3,1,71,62,20,66,95,48,3,7,3,1,9,7,5,4,7,6,1,1,8,1,6,4,10,6,2,8,4,10,0
0,31,43,4,3,0,3,5,3,3,5,10,26596.0,1074,27558.0,5,2,31,4,70,72,40,15,8,1,9,6,1,6,6,10,7,5,2,2,9,3,1,2,3,6,4,8,6,1,1
0,24,25,4,5,0,5,3,4,1,14,11,128342.0,1559,14182.0,10,6,24,11,28,29,91,40,6,5,5,7,7,2,1,2,4,8,8,5,6,9,5,1,4,9,6,10,7,1,0
0,37,20,5,6,0,10,2,4,6,4,14,132601.0,1312,15452.0,9,2,84,49,74,68,43,54,2,6,5,7,3,5,5,1,3,4,1,6,10,1,10,7,9,1,9,6,6,9,0
0,23,30,2,6,0,6,5,2,4,12,10,92031.0,1394,41730.0,8,1,65,46,96,75,27,14,1,7,9,4,5,1,8,10,3,1,10,3,3,5,10,8,9,1,5,2,6,4,0
0,24,36,3,5,0,1,4,5,2,15,13,26252.95,1251,54979.0,10,2,48,59,21,96,5,29,3,2,5,6,2,5,9,4,2,3,2,8,2,7,9,9,2,4,7,8,7,8,0
0,22,19,1,1,1,3,1,7,2,2,14,37037.0,1444,23080.0,1,3,84,50,37,4,89,77,10,10,2,2,7,4,9,2,9,3,8,10,9,4,10,10,9,7,3,5,9,2,0
0,38,34,1,3,0,10,1,3,7,13,8,73896.0,1414,54515.0,10,2,70,62,96,96,5,86,10,6,2,10,2,5,4,10,6,3,5,5,10,6,6,7,10,3,8,4,10,5,0
1,35,33,5,6,0,1,5,5,4,8,5,137532.0,1283,48943.0,5,6,61,7,40,69,57,28,9,10,10,1,6,7,10,6,4,9,4,3,1,5,9,1,5,6,5,5,6,2,0
0,40,21,5,6,0,6,4,2,4,2,14,30732.0,1363,33505.0,9,1,16,14,60,36,29,40,4,7,5,10,6,8,6,5,3,6,2,1,2,2,8,10,7,3,4,6,6,6,0
1,29,35,3,3,1,9,3,7,4,16,14,106056.0,1500,30191.0,10,1,71,87,56,67,31,62,1,1,1,8,8,7,7,5,6,6,4,1,10,6,3,9,8,5,2,9,10,7,0
1,23,31,6,6,1,1,2,3,1,15,12,109311.0,1368,56424.0,10,3,21,33,58,22,20,94,2,6,9,1,5,8,1,1,6,4,2,9,9,8,9,8,8,8,5,8,1,7,0
1,43,19,1,5,0,6,3,7,5,13,1,49467.0,1470,46520.0,3,3,6,44,53,13,52,29,1,9,8,7,7,4,10,2,8,5,8,7,4,3,8,9,7,10,3,8,1,5,1
0,19,30,4,3,0,10,5,4,4,1,10,29755.0,1107,55566.0,10,9,9,12,34,4,56,14,5,6,4,6,6,6,5,8,3,4,3,2,2,10,6,2,3,1,8,1,6,2,1
0,21,43,5,4,0,9,2,1,1,1,16,86864.0,893,26018.0,5,4,36,88,64,73,53,89,6,2,9,7,3,5,4,7,8,4,9,5,4,7,10,5,10,2,6,9,1,10,0
1,36,43,6,2,0,7,1,5,2,18,3,66010.0,1064,54703.0,9,4,58,10,38,53,32,64,4,3,3,8,5,6,6,7,5,6,4,3,6,4,6,10,2,6,7,7,2,2,1
0,29,38,1,6,0,6,2,7,3,3,10,96166.0,886,45875.0,5,2,6,69,89,69,82,87,5,1,4,7,3,7,6,1,4,3,6,9,1,2,2,10,10,4,2,1,5,3,0
1,32,37,4,2,0,2,2,1,6,10,2,135770.0,1408,31656.0,4,8,15,65,14,46,77,28,4,5,4,4,5,8,10,3,10,1,10,9,7,6,1,1,9,1,10,2,4,10,0
0,20,34,1,5,0,8,2,2,6,9,17,68702.0,950,45001.0,6,2,7,25,33,37,5,78,10,10,3,1,3,2,3,7,3,2,7,4,10,6,8,5,1,9,7,9,5,1,1
0,40,32,6,6,1,10,5,5,5,1,2,138117.0,1076,32512.0,4,7,53,24,19,20,90,71,9,10,5,8,6,2,9,10,2,5,9,7,6,9,10,1,1,2,1,6,8,1,0
1,43,42,4,6,0,7,5,5,1,9,14,34912.0,991,19339.0,10,6,32,57,73,68,69,26,2,10,7,3,8,5,1,10,6,9,1,5,9,3,2,10,7,1,5,5,7,2,1
1,43,37,5,4,0,9,2,1,7,7,3,133048.0,1116,49538.0,5,4,60,38,20,82,88,96,5,9,10,2,2,5,1,10,5,7,6,3,9,7,10,6,7,5,2,7,2,8,1
1,37,22,6,6,1,4,2,2,5,11,9,143471.34999999998,1213,53483.0,2,5,35,7,4,16,7,24,2,3,7,5,10,5,3,6,1,6,8,6,7,1,2,9,2,2,2,7,8,5,0
0,25,24,6,6,1,6,1,7,7,3,9,26252.95,1165,57566.3,10,6,67,27,7,22,70,72,5,9,3,10,2,10,1,10,4,1,7,4,4,2,3,5,8,1,3,2,1,9,0
1,28,35,4,1,0,9,3,4,5,18,10,38291.0,1015,27108.0,1,7,30,33,60,8,30,5,8,8,4,4,3,9,5,5,8,9,3,8,1,8,3,10,2,9,5,7,6,7,0
0,33,41,1,4,0,10,5,6,2,11,8,100632.0,1099,57271.0,7,1,43,6,84,72,95,49,1,7,8,6,9,9,7,4,6,6,9,3,8,4,1,2,1,9,5,6,5,6,0
0,26,28,2,1,0,2,5,1,4,14,1,89855.0,851,55845.0,9,8,10,12,78,68,40,20,7,2,4,6,2,8,6,4,8,8,10,4,3,3,7,4,2,10,1,1,5,5,0
0,20,35,2,2,1,7,2,7,7,16,8,84641.0,1499,39613.0,7,8,64,50,96,4,94,37,9,9,2,3,9,6,8,3,1,6,10,7,3,8,9,6,8,1,3,4,2,3,0
1,22,43,2,1,0,6,2,7,4,8,16,40223.0,1326,22516.0,6,7,35,39,4,32,17,87,3,1,9,1,8,4,6,7,10,6,9,7,6,4,8,1,3,7,4,3,10,2,0
1,37,43,6,2,0,1,2,1,4,15,16,143471.34999999998,1517,12502.4,5,4,60,40,60,69,86,5,6,2,6,7,3,2,1,1,1,1,5,6,10,6,1,2,10,6,4,2,5,5,0
1,31,22,5,2,0,6,4,7,3,2,7,51371.0,1081,26244.0,6,2,9,77,22,59,93,84,5,4,1,4,7,9,7,5,5,2,9,3,6,10,8,9,3,8,8,10,1,5,0
0,43,30,5,6,0,1,5,7,1,9,1,26252.95,1519,24382.0,2,9,4,14,85,6,95,33,8,9,9,1,1,5,9,8,8,1,10,3,7,5,4,10,8,8,7,2,3,1,0
0,32,35,1,4,0,9,2,7,7,1,12,61559.0,1261,12502.4,5,3,33,41,96,10,82,80,5,2,7,9,6,9,8,8,1,6,1,3,10,1,1,1,9,4,9,8,5,10,1
1,23,19,2,2,1,3,6,7,6,17,6,35429.0,1166,27246.0,5,4,76,53,68,29,34,67,10,6,2,8,5,2,3,8,8,1,1,9,10,7,9,9,4,4,2,5,1,3,0
0,43,37,3,5,0,4,4,5,2,16,4,93354.0,1238,38890.0,1,8,4,48,62,96,28,40,9,3,4,3,1,1,9,10,4,6,2,7,8,1,8,2,9,6,1,8,6,5,0
0,43,21,3,3,1,9,6,1,3,1,16,142372.0,1538,36537.0,7,1,34,54,59,24,11,80,9,10,8,1,2,5,10,5,2,2,3,10,7,9,1,3,6,1,6,6,3,5,0
1,21,30,2,5,0,9,3,7,7,17,7,44769.0,1301,32344.0,2,9,96,63,64,44,17,49,7,10,3,9,8,10,7,6,10,3,6,9,1,8,7,3,8,7,10,9,7,5,0
1,25,41,5,2,0,2,6,4,3,15,15,128441.0,1559,12502.4,3,2,4,67,13,96,68,9,3,10,5,2,9,9,1,9,3,9,9,10,10,5,3,10,10,4,6,6,3,2,0
1,36,33,5,3,0,8,2,5,6,7,8,96169.0,1342,12502.4,6,8,84,69,35,86,67,25,4,1,1,8,7,10,5,7,3,2,5,6,8,5,2,6,1,1,2,4,8,9,1
0,43,23,6,2,0,7,6,4,6,4,12,108656.0,1559,47300.0,6,4,94,81,64,96,27,54,4,9,8,2,1,6,6,3,4,3,2,2,3,3,9,3,1,3,4,3,5,5,1
0,22,43,3,3,1,10,4,7,2,17,9,121826.0,1559,45432.0,3,3,83,26,84,20,57,60,8,4,1,1,7,3,7,2,1,7,2,9,1,1,10,3,5,10,10,7,7,5,0
0,30,25,3,4,0,6,6,4,6,18,15,36273.0,1256,44909.0,7,8,42,7,26,39,21,21,1,8,8,1,5,8,8,2,5,8,7,7,6,10,1,6,3,1,6,6,3,4,0
0,33,33,5,6,0,8,3,6,7,8,16,88609.0,1259,43090.0,7,1,55,85,32,56,5,34,2,3,10,5,2,6,10,7,1,8,2,10,4,8,2,2,1,9,6,8,7,5,0
0,19,30,5,6,0,2,3,4,2,17,8,59157.0,1559,37906.0,9,3,6,4,8,23,59,74,5,5,2,4,2,4,4,10,6,7,6,5,7,3,3,5,7,4,2,10,10,6,0
1,30,40,4,5,0,3,6,4,3,6,13,126486.0,837,12502.4,10,8,92,12,94,49,36,10,5,7,8,6,8,5,3,9,1,9,9,2,10,10,8,5,10,5,1,6,1,10,0
0,39,43,4,2,0,4,4,4,7,17,7,42972.0,1338,31537.0,7,6,96,17,70,57,67,19,3,5,7,6,8,9,9,8,5,9,7,10,8,2,6,5,4,6,6,1,3,3,1
0,28,21,3,1,0,1,5,1,4,10,12,26252.95,1023,12502.4,2,2,92,52,73,32,66,23,4,1,1,1,2,3,7,2,2,7,4,3,9,1,8,10,4,4,4,5,10,8,0
0,38,19,5,6,0,2,2,1,2,9,16,26252.95,1339,22506.0,1,1,20,93,51,9,55,55,6,4,7,7,3,5,5,10,9,8,8,8,5,4,2,4,7,5,8,4,4,1,0
1,25,26,2,4,0,9,5,2,2,10,5,55035.0,1299,17407.0,1,4,4,4,78,77,85,26,8,5,3,4,2,8,7,9,8,9,9,2,3,3,3,1,8,9,1,7,9,4,1
1,42,35,1,2,0,2,3,7,3,8,15,104414.0,1547,57566.3,7,4,45,14,44,82,92,27,9,4,6,10,5,6,5,3,1,8,2,7,4,7,10,8,9,2,1,6,8,5,0
1,25,34,1,2,0,1,6,6,5,5,15,64942.0,895,57566.3,7,7,10,37,17,47,27,69,3,4,9,10,7,1,2,6,1,6,1,9,2,7,2,6,5,3,7,3,9,2,1
0,41,25,5,4,0,1,6,2,2,5,11,57241.0,1181,56226.0,8,4,35,34,91,58,82,86,8,5,10,10,1,4,9,8,1,8,3,4,9,3,5,9,9,5,4,10,3,8,0
1,31,43,5,4,0,8,5,2,3,9,9,40300.0,1330,16046.0,6,1,43,95,70,96,37,47,10,7,9,2,5,7,7,4,5,9,10,2,5,8,10,3,3,4,9,10,4,7,0
1,30,32,3,1,0,4,5,2,5,5,11,81487.0,1497,15958.0,10,4,42,30,35,74,77,7,3,5,9,4,8,3,6,10,9,1,2,4,3,6,5,3,7,7,9,10,8,7,0
1,20,26,2,4,0,6,6,6,2,15,4,117141.0,1352,33278.0,9,3,90,91,50,6,89,41,7,3,6,9,2,6,5,7,7,7,2,2,1,6,10,5,1,3,6,5,6,6,0
0,21,34,3,5,0,5,3,4,7,17,10,96389.0,878,13999.0,4,2,5,48,6,27,6,30,10,3,6,7,2,7,7,8,1,8,6,2,10,5,5,9,2,7,6,3,4,7,0
1,43,40,6,5,0,10,5,5,7,12,9,128882.0,1559,47761.0,9,3,4,14,45,4,82,12,1,9,2,4,4,4,2,6,7,7,7,10,1,1,8,3,1,9,2,1,10,10,0
0,37,19,2,5,0,6,1,3,6,12,4,65699.0,1452,32130.0,5,4,69,88,4,75,93,76,8,4,8,8,9,2,5,3,7,5,7,5,3,6,4,2,10,4,9,9,6,6,1
0,32,23,6,1,0,10,3,7,2,2,7,26252.95,1423,20891.0,9,5,96,5,56,4,56,26,1,1,7,6,5,10,6,10,6,2,5,3,8,9,6,8,2,7,10,4,10,3,0
1,32,43,3,3,1,10,3,3,6,1,14,124938.0,1367,41827.0,6,2,18,74,25,64,78,84,3,4,5,1,6,5,1,6,9,2,10,9,1,4,3,8,10,4,4,4,10,4,0
0,43,22,5,4,0,9,6,7,6,12,2,129367.0,1314,47637.0,5,7,83,69,44,66,5,27,2,2,6,4,5,9,1,10,3,8,2,4,1,3,8,9,3,4,2,10,3,9,0
1,38,34,5,1,0,6,2,3,5,15,6,117337.0,1299,40868.0,9,9,96,95,80,71,50,7,5,9,9,7,4,10,8,6,1,1,7,7,6,1,10,1,8,4,4,7,4,7,0
0,30,19,3,5,0,5,1,5,4,5,9,72598.0,1385,28994.0,9,6,52,89,43,13,23,68,8,3,1,3,1,8,2,3,6,7,1,2,1,8,4,6,5,4,5,8,7,1,0
1,26,35,6,4,0,7,1,1,5,9,8,99356.0,878,22597.0,8,9,23,75,96,70,88,80,8,1,2,3,6,3,3,1,10,3,10,2,9,9,7,1,4,6,4,4,3,3,0
1,42,27,6,6,1,7,6,6,3,3,14,111675.0,1433,37248.0,3,2,24,69,81,23,95,16,10,10,8,6,1,8,7,2,1,10,1,9,9,3,7,3,5,7,2,5,1,3,0
1,27,27,3,6,0,5,6,3,5,3,8,60512.0,1415,55196.0,4,6,92,53,77,96,33,96,1,6,3,1,4,7,6,3,2,2,8,4,5,3,6,1,9,2,8,1,2,9,0
0,29,23,4,2,0,10,1,7,7,12,5,101419.0,1530,52689.0,7,9,19,6,55,25,5,49,9,1,6,1,7,3,2,2,7,1,1,3,8,4,7,3,2,3,9,10,5,3,0
1,31,43,1,5,0,8,5,6,7,11,3,90770.0,976,31632.0,1,7,37,5,82,27,72,34,8,8,3,9,9,9,10,6,3,3,2,7,1,4,9,10,9,3,7,2,6,5,0
0,19,29,4,3,0,5,4,1,7,4,17,26252.95,1161,39408.0,4,8,17,95,60,47,75,55,6,2,5,5,4,9,2,3,1,3,4,7,6,7,9,9,6,8,1,6,3,9,0
1,31,34,4,1,0,5,5,5,4,10,15,105216.0,1081,24325.0,7,3,81,89,41,35,7,19,1,6,3,3,3,9,4,10,2,3,1,3,10,2,6,9,9,5,9,1,2,4,0
0,31,43,2,6,0,2,3,3,6,14,8,68362.0,1181,22977.0,8,4,46,63,58,69,63,94,5,1,8,1,8,2,3,3,6,9,3,6,2,5,10,2,3,5,3,10,7,2,0
0,25,30,6,6,1,10,5,5,5,1,11,26252.95,1086,12502.4,6,2,76,69,27,9,21,61,7,7,10,9,5,2,5,4,4,4,1,3,4,5,1,3,9,8,2,3,7,3,0
1,33,37,2,2,1,9,5,5,6,12,3,27990.0,1370,33793.0,9,9,76,13,6,72,80,42,2,6,10,7,5,6,10,4,2,2,4,9,1,5,7,3,4,9,9,8,2,6,0
1,31,33,6,5,0,5,2,5,4,1,3,124586.0,1287,50858.0,2,5,12,29,67,54,47,23,2,6,2,7,1,5,3,3,4,3,6,8,6,4,2,2,8,1,7,2,10,10,0
1,19,27,2,1,0,9,6,3,4,5,10,34641.0,1237,43113.0,8,4,51,55,40,88,19,34,6,9,1,9,6,7,4,5,3,7,8,1,3,5,5,10,9,8,8,6,9,4,0
1,33,43,2,6,0,6,3,1,6,14,4,100624.0,1500,18898.0,9,9,49,95,62,92,55,37,10,8,6,9,2,6,4,9,7,9,6,7,1,5,9,5,9,7,5,6,10,2,0
1,35,38,5,3,0,2,1,1,7,6,11,40771.0,867,29751.0,5,6,64,19,39,34,23,79,2,4,5,4,5,4,1,8,1,5,8,4,5,2,6,7,9,4,2,1,9,3,0
0,24,19,6,6,1,10,6,4,5,16,10,67924.0,1532,57566.3,3,7,38,60,28,70,5,69,4,3,5,6,8,1,6,9,10,4,5,10,5,6,5,2,5,1,5,10,8,7,0
1,32,19,1,2,0,5,2,1,5,12,5,28982.0,837,57566.3,9,3,53,16,62,53,10,96,10,9,2,10,6,4,7,1,2,8,8,9,8,2,6,1,2,1,4,3,5,8,0
1,41,40,2,3,0,3,3,2,7,11,6,63530.0,1159,16570.0,2,2,96,48,86,6,94,60,3,7,9,4,8,8,6,3,8,5,4,10,8,9,8,3,4,2,4,1,1,10,0
0,34,24,5,4,0,4,4,3,3,10,16,140684.0,877,34075.0,6,7,71,4,66,92,95,13,4,8,3,2,4,5,7,1,10,10,5,2,8,4,7,4,1,3,9,5,1,10,1
1,36,23,4,2,0,10,4,2,6,18,2,86649.0,895,21830.0,3,5,28,83,8,4,15,54,9,4,8,8,2,1,8,5,6,10,9,7,5,8,4,7,3,10,10,1,3,4,1
1,40,19,1,6,0,5,5,1,4,7,15,44200.0,1286,56196.0,9,9,53,21,13,96,38,47,1,2,3,8,2,1,3,8,6,9,3,7,7,10,2,2,10,7,10,2,2,4,0
0,30,29,5,3,0,1,6,6,5,10,7,93671.0,1156,17506.0,6,9,26,86,93,4,67,90,5,10,9,6,5,3,5,9,7,8,1,3,8,6,1,5,2,8,6,3,8,2,0
1,26,30,4,2,0,8,3,6,4,6,2,41299.0,1465,14089.0,4,7,72,83,5,24,35,20,2,9,10,6,7,5,1,6,8,1,8,8,10,5,3,1,1,8,6,1,9,7,0
1,41,29,4,2,0,7,1,4,3,14,7,64588.0,1195,12502.4,8,3,95,70,43,80,60,63,6,8,8,3,9,2,4,10,5,6,6,7,10,8,3,4,5,4,9,8,4,5,0
1,41,36,5,4,0,2,2,6,2,7,3,107422.0,837,19147.0,6,4,28,26,33,6,92,95,10,4,1,1,8,9,3,1,4,6,6,3,10,3,3,7,10,2,10,9,7,2,0
0,32,26,5,6,0,7,3,6,2,1,15,136068.0,1076,24402.0,2,3,19,28,83,22,54,66,10,8,7,9,1,1,3,5,6,6,9,2,8,10,6,1,9,9,3,5,9,8,1
1,42,27,6,1,0,7,1,1,2,10,9,73625.0,1293,55802.0,7,1,42,70,74,59,77,63,9,4,10,8,4,1,8,3,9,8,7,7,9,6,2,9,1,10,10,10,4,6,0
0,43,34,5,2,0,6,6,7,3,18,2,26252.95,1002,41183.0,7,8,6,85,11,69,18,16,3,5,3,4,9,8,6,5,9,5,1,2,4,3,7,2,9,7,4,9,9,5,0
1,20,35,5,5,1,9,3,7,6,7,3,135657.0,858,41986.0,2,2,20,94,62,26,7,32,8,6,5,8,5,7,10,2,10,8,5,4,7,6,9,2,10,4,2,2,2,2,0
0,41,25,5,4,0,4,3,1,5,9,8,120976.0,1533,54185.0,6,2,80,67,36,50,8,70,10,5,1,1,6,5,1,10,3,8,2,3,7,5,2,10,7,1,1,10,9,9,0
1,19,24,6,2,0,3,6,2,5,5,8,39211.0,1052,42578.0,3,4,65,66,64,82,21,64,7,9,1,2,10,8,8,10,8,8,7,1,8,4,10,1,9,8,2,9,10,5,0
0,33,26,6,2,0,7,6,3,4,17,3,77952.0,1161,56976.0,10,8,50,4,35,95,77,78,5,5,3,1,10,2,9,2,7,8,6,9,6,5,6,4,8,6,4,8,1,7,0
0,25,27,2,1,0,2,5,3,6,18,3,27584.0,1039,33978.0,10,3,44,43,69,13,6,18,3,5,6,10,6,9,4,8,6,8,9,2,1,2,6,8,3,8,4,1,1,7,0
0,40,29,3,3,1,5,6,4,5,18,14,98192.0,1046,41233.0,4,8,10,79,73,39,27,86,4,4,10,8,7,9,8,2,4,8,10,8,3,2,6,10,6,3,3,7,7,2,0
0,30,32,6,1,0,2,5,1,2,6,16,66889.0,908,29930.0,1,6,71,89,62,85,93,95,4,5,2,1,7,2,9,6,1,6,6,3,5,8,6,1,5,5,7,10,2,1,0
0,25,32,2,6,0,7,5,6,1,9,12,49412.0,1312,50998.0,3,8,6,48,48,26,48,33,4,10,4,7,9,9,10,4,2,1,8,1,10,2,4,4,2,1,2,4,7,6,0
0,34,21,3,6,0,4,6,4,4,4,5,88845.0,1225,14005.0,1,1,12,8,48,81,78,95,1,2,5,8,7,9,10,10,4,7,9,6,7,7,10,2,5,2,4,4,7,7,0
1,39,21,6,3,0,6,1,5,3,11,17,88934.0,1354,12502.4,3,3,40,26,84,21,43,43,2,4,8,10,8,3,2,1,7,1,2,2,4,7,5,10,6,5,9,9,6,10,0
1,40,40,3,6,0,6,5,7,3,4,13,90248.0,1114,18770.0,7,8,68,11,73,93,15,82,5,9,8,8,8,4,4,4,5,10,5,5,2,7,1,2,10,1,1,7,10,6,1
0,31,19,6,4,0,3,3,6,7,11,16,94417.0,903,18897.0,6,1,64,17,73,57,49,9,5,1,2,2,2,2,7,8,9,4,6,4,10,5,5,7,2,3,5,3,2,10,1
0,43,43,6,3,0,2,5,5,2,7,17,32778.0,1559,32374.0,4,9,55,24,24,80,15,56,4,2,3,10,2,8,6,5,8,3,10,5,9,9,10,4,4,4,2,4,1,9,0
0,38,29,3,3,1,2,1,3,4,13,17,108819.0,1182,56435.0,9,5,4,43,37,16,95,59,4,3,10,10,7,3,7,10,5,8,3,3,4,2,10,7,10,10,10,7,10,8,1
0,38,42,2,1,0,10,4,3,3,8,17,73648.0,1495,44113.0,7,5,62,78,91,4,5,68,10,3,1,5,6,3,6,1,10,5,5,2,9,2,7,7,5,6,7,3,2,5,0
1,24,19,5,2,0,9,1,4,5,2,10,41850.0,1029,23403.0,8,3,13,85,79,4,76,45,6,2,3,7,3,8,4,2,6,2,9,5,4,4,7,10,10,5,4,9,9,2,0
0,43,32,6,1,0,9,4,1,7,16,9,72883.0,906,35824.0,2,5,95,4,42,36,70,96,6,3,9,8,5,6,9,7,4,6,5,6,1,9,2,3,3,8,6,7,8,10,0
1,32,34,1,4,0,6,3,2,7,7,15,110827.0,1510,12956.0,5,3,23,95,8,39,10,40,3,8,10,9,10,9,5,7,5,5,6,10,8,9,6,6,5,6,9,7,9,8,0
1,33,24,2,4,0,6,5,4,4,2,12,70296.0,1245,51948.0,3,6,34,59,24,52,13,4,2,3,10,2,6,8,5,10,7,8,6,5,5,6,7,10,4,5,9,4,4,7,0
0,36,23,5,1,0,8,3,4,1,5,12,27330.0,1069,19936.0,1,5,38,95,83,4,37,76,3,3,9,5,9,7,5,7,10,2,6,3,3,9,3,10,2,10,10,7,9,2,0
0,23,29,6,2,0,3,1,4,5,18,5,57345.0,1368,51738.0,9,4,38,23,36,7,82,32,5,10,9,3,9,3,4,5,3,1,4,9,4,6,10,8,4,1,5,10,5,9,0
1,40,36,1,2,0,9,1,2,4,15,11,143471.34999999998,918,31122.0,7,9,63,49,31,44,95,70,3,6,8,4,5,10,6,8,5,2,2,8,4,7,8,4,8,10,8,8,10,2,0
1,19,19,3,3,1,4,4,6,6,11,1,75228.0,955,36763.0,7,7,7,66,69,73,92,85,4,2,7,1,9,10,5,7,2,4,2,3,4,3,6,6,10,3,4,6,6,9,0
0,29,38,6,1,0,5,4,2,2,15,11,134630.0,1502,32839.0,6,6,13,63,5,76,93,79,5,4,4,2,6,1,8,5,5,9,7,6,6,7,6,3,10,7,7,4,10,8,0
0,35,43,2,5,0,10,1,1,4,16,16,122931.0,1527,23812.0,2,9,45,60,82,22,16,35,7,9,10,2,6,7,10,10,10,10,9,9,6,3,10,10,8,5,7,5,1,10,0
0,33,31,1,1,1,4,2,7,6,3,1,94966.0,917,24230.0,9,7,30,57,89,60,94,83,7,2,10,8,10,2,4,1,5,2,5,10,6,7,4,10,5,6,2,9,5,10,0
1,29,21,3,1,0,8,5,7,3,7,6,103308.0,1192,55589.0,4,4,12,17,89,40,95,76,9,10,7,1,10,8,6,9,10,9,9,4,10,1,1,1,6,1,9,8,3,3,0
1,37,22,1,5,0,4,3,2,5,8,15,39718.0,1217,56910.0,10,8,45,91,82,29,94,30,6,3,1,5,3,9,3,8,10,6,8,8,9,3,1,1,7,6,3,7,3,2,0
0,30,19,4,3,0,7,4,5,2,12,11,106149.0,1435,18210.0,8,9,96,66,8,14,91,24,6,3,7,10,1,2,9,10,1,5,9,9,1,3,4,5,8,4,10,8,10,6,0
1,25,19,5,1,0,8,3,2,1,2,1,111668.0,1333,42081.0,4,6,31,7,85,54,29,50,7,1,3,1,6,4,4,2,4,8,7,9,8,6,4,6,5,8,1,8,9,4,0
1,43,38,5,2,0,8,6,3,3,9,7,109646.0,1196,46622.0,2,4,96,74,9,4,23,88,9,6,5,4,1,4,9,3,7,4,2,2,9,3,1,5,4,10,2,3,10,10,0
0,43,23,4,2,0,1,1,7,6,14,17,125872.0,1421,55360.0,4,3,24,35,42,36,11,96,9,3,9,1,3,2,4,1,4,2,5,5,7,9,5,7,5,1,3,5,3,10,0
0,39,22,6,4,0,4,4,2,6,5,5,66705.0,1339,42524.0,2,4,58,10,24,74,18,65,7,10,5,3,1,6,7,5,2,2,1,8,10,3,1,3,10,4,6,10,2,9,0
1,19,19,1,2,0,10,3,6,5,14,16,60588.0,1080,47484.0,9,9,40,25,96,20,65,20,6,7,2,6,9,8,1,1,4,3,6,6,10,7,6,9,7,8,6,3,9,8,0
1,43,42,3,5,0,2,5,4,7,2,1,143025.0,1211,53231.0,8,2,17,35,10,4,19,34,2,9,4,4,4,10,2,7,4,8,10,7,2,8,4,9,5,9,1,6,9,6,0
0,38,38,5,5,1,5,5,1,4,13,2,36786.0,1323,26419.0,8,2,67,37,50,35,48,43,1,9,4,2,2,9,3,8,6,10,9,8,10,3,5,9,3,2,8,8,8,4,1
0,24,43,5,3,0,7,3,4,1,17,14,62499.0,1093,46782.0,7,4,89,77,32,58,81,76,7,8,10,3,8,3,3,1,2,5,8,4,9,4,1,7,1,5,9,6,10,6,1
0,32,43,5,4,0,2,1,5,6,8,17,121134.0,1335,32439.0,7,8,96,32,30,94,56,39,4,2,5,7,6,1,7,3,9,10,8,7,5,2,8,9,9,2,5,3,5,3,1
0,39,22,2,4,0,6,4,4,2,16,4,64948.0,840,55567.0,8,9,16,42,96,22,77,46,6,1,9,5,6,8,6,4,7,2,6,6,9,5,4,6,5,3,5,10,5,4,0
0,30,43,4,6,0,1,6,3,2,3,17,26398.0,1285,54491.0,3,3,46,42,77,4,69,95,3,6,5,2,2,7,6,10,3,3,6,1,2,4,4,10,7,8,3,10,6,2,1
1,30,26,2,6,0,6,5,4,3,9,13,70989.0,1488,39491.0,5,6,96,26,60,65,40,96,2,10,6,4,1,1,4,4,4,8,5,7,1,10,1,9,5,10,8,5,8,5,0
1,26,36,1,1,1,9,3,6,6,7,1,124581.0,1123,50287.0,2,3,27,25,14,76,53,28,2,8,7,3,1,1,9,8,5,1,7,8,9,10,3,6,10,6,8,4,4,5,0
1,41,38,1,6,0,10,5,5,2,5,2,68777.0,1019,12502.4,9,2,56,48,25,6,16,4,8,5,5,10,1,2,9,9,1,1,8,8,1,9,5,6,10,6,6,4,10,8,0
1,32,32,3,5,0,4,3,2,6,16,6,62255.0,1108,56726.0,7,4,10,95,82,71,39,83,5,10,7,2,9,2,3,4,10,2,10,3,2,8,7,7,10,8,2,3,4,8,0
0,21,30,1,3,0,4,5,3,1,14,16,81744.0,1191,14530.0,9,9,45,92,10,19,8,64,7,9,3,6,5,6,7,6,7,8,8,7,7,2,5,4,4,6,6,4,9,2,0
0,30,29,6,5,0,4,3,6,2,7,15,26252.95,1308,55778.0,10,1,25,95,91,43,73,6,10,3,3,10,5,9,6,3,6,4,3,9,10,9,5,7,2,2,7,4,3,2,0
0,43,22,5,1,0,7,5,6,2,8,4,41145.0,1381,18898.0,8,2,96,78,60,42,40,93,9,6,7,9,3,7,8,10,3,3,4,2,6,8,1,3,8,8,2,1,7,1,0
1,29,19,5,1,0,8,1,2,4,13,14,115572.0,1517,51468.0,8,9,96,45,60,13,76,54,9,1,3,8,4,8,10,8,10,10,1,10,10,8,8,3,4,2,4,1,10,2,0
1,22,43,5,4,0,6,6,1,3,18,2,83273.0,1093,19468.0,4,7,64,74,33,61,67,14,4,10,10,3,3,8,3,5,9,2,4,1,7,5,5,3,2,1,6,2,8,4,0
1,24,21,5,1,0,4,4,1,2,12,5,31472.0,837,12502.4,8,9,4,69,82,85,40,61,10,5,9,4,5,10,1,7,10,5,9,10,4,9,10,4,3,6,8,6,1,2,0
0,25,43,6,3,0,6,3,7,5,16,10,120772.0,1258,44697.0,7,2,78,60,76,30,41,62,1,7,10,5,9,10,5,10,10,2,2,1,10,1,10,8,10,5,6,5,6,10,0
1,22,43,6,6,1,7,3,4,5,8,10,30692.0,837,22504.0,8,7,9,95,43,30,11,49,1,6,6,2,7,1,5,2,2,5,6,2,2,10,3,3,6,3,9,10,3,7,0
0,26,35,6,6,1,10,6,4,7,5,9,126928.0,1109,52156.0,8,5,54,52,96,23,49,93,6,6,8,5,4,5,3,2,3,6,4,3,1,6,7,1,5,5,10,4,9,5,0
0,31,38,6,2,0,7,3,2,7,16,16,68257.0,996,28851.0,8,5,65,22,15,21,25,45,5,7,10,9,1,5,7,4,3,7,3,9,8,5,9,9,4,4,6,9,6,10,1
0,43,27,6,1,0,7,5,2,1,2,6,47868.0,845,25469.0,2,4,46,95,54,15,49,16,1,2,3,3,4,4,1,3,5,10,5,8,7,8,9,1,2,4,5,10,3,7,1
0,29,30,5,2,0,5,3,5,3,3,2,39844.0,862,24230.0,3,7,19,95,17,81,54,11,10,4,6,6,7,5,2,1,1,2,2,1,1,1,5,5,4,8,10,1,2,10,0
0,21,29,5,2,0,5,5,5,6,11,14,143471.34999999998,1337,15997.0,10,3,76,28,68,12,12,55,4,4,10,1,7,1,1,8,9,7,9,10,1,7,5,1,2,6,2,6,10,1,0
0,37,19,3,6,0,4,2,4,7,3,14,26252.95,1040,38811.0,9,1,14,77,72,68,14,89,10,3,7,6,4,10,6,4,4,1,4,9,10,2,6,5,4,6,10,1,3,6,0
1,25,43,6,3,0,9,1,2,6,7,5,46348.0,1089,36928.0,5,2,67,50,11,5,67,24,5,1,4,4,10,10,7,3,7,1,8,1,3,5,2,1,6,9,8,1,5,6,1
0,34,32,5,5,1,4,3,7,1,4,6,64694.0,837,55884.0,8,4,32,56,19,78,47,86,1,7,8,7,4,1,7,3,9,3,10,5,10,10,3,7,7,8,1,5,9,10,0
0,25,31,2,4,0,1,3,5,1,13,3,35074.0,1106,57264.0,7,5,18,80,26,96,89,11,6,7,8,3,8,6,5,6,6,1,5,3,6,9,5,7,2,3,1,10,9,3,0
1,38,42,5,2,0,4,6,3,3,11,11,124236.0,1258,43032.0,8,4,45,78,68,48,51,67,3,2,10,6,9,5,4,3,5,7,6,10,4,9,8,8,6,2,2,6,7,3,0
0,43,27,4,5,0,2,5,5,1,15,5,63071.0,1324,39061.0,8,1,88,36,64,74,5,56,7,9,6,5,2,10,5,5,1,2,8,8,10,7,6,6,7,3,10,9,1,1,0
1,19,39,6,5,0,7,2,6,1,1,13,60009.0,1429,36083.0,3,5,78,65,5,45,20,59,4,9,8,2,2,10,3,1,3,3,3,3,3,8,8,10,1,7,10,10,7,3,0
1,37,25,6,3,0,1,4,5,2,16,14,143252.0,1008,47191.0,9,9,21,95,72,16,85,66,9,3,4,3,3,4,2,1,4,5,10,4,5,7,4,4,4,5,1,8,4,8,0
1,19,42,2,5,0,4,4,3,5,16,12,68454.0,1429,55495.0,7,4,90,86,4,22,95,68,2,2,7,3,8,1,7,4,9,2,9,4,5,3,10,2,4,2,4,1,10,4,0
0,21,32,3,1,0,4,4,3,6,1,9,121062.0,950,20499.0,8,3,77,66,6,30,67,65,10,6,5,3,1,4,5,9,1,1,10,6,9,7,3,2,6,9,5,6,5,2,0
0,41,30,5,2,0,7,4,7,4,2,17,133638.0,1176,41438.0,6,5,74,43,36,38,35,87,4,2,6,8,7,2,5,3,6,7,8,2,6,8,1,2,5,3,1,6,8,5,0
1,38,25,3,3,1,4,2,4,1,13,15,63705.0,1466,18993.0,10,6,10,8,30,5,68,28,2,9,3,2,2,6,2,8,5,7,4,6,5,6,7,3,8,9,1,1,3,2,0
0,19,38,6,4,0,7,6,1,7,12,2,35169.0,1210,42362.0,4,5,96,30,85,41,94,68,10,3,2,3,6,10,6,7,9,2,10,4,8,5,3,3,10,1,6,6,9,1,0
0,24,38,1,3,0,1,2,5,7,3,13,28386.0,937,18097.0,9,5,80,11,64,22,11,96,7,5,2,2,7,10,3,4,10,10,6,10,10,7,1,2,5,5,9,7,7,3,0
1,19,39,6,4,0,9,3,4,1,5,3,117894.0,1371,33585.0,10,5,88,44,49,8,75,21,6,1,4,5,5,6,10,8,8,4,8,4,3,5,9,4,10,6,1,2,9,6,0
1,26,31,4,4,1,6,4,3,2,5,16,49894.0,1369,37099.0,9,6,72,36,89,43,16,87,7,3,2,5,4,4,6,10,1,1,3,1,10,3,6,3,8,3,2,8,2,7,0
0,20,19,2,3,0,4,4,6,5,8,1,39110.0,1189,21486.0,8,8,76,95,50,26,95,4,6,8,10,4,3,1,8,2,2,2,1,6,2,3,2,6,8,6,7,3,1,6,0
1,29,30,6,4,0,9,1,2,4,10,11,132650.0,956,49189.0,4,7,53,80,92,37,66,51,3,10,6,9,8,3,1,1,10,10,3,6,8,2,8,7,9,2,4,1,2,5,0
1,36,43,4,1,0,3,2,5,7,8,6,117262.0,1392,24256.0,4,1,22,83,9,81,82,46,1,3,6,10,9,4,5,6,10,1,4,3,3,8,3,10,2,2,10,2,3,5,0
1,32,25,5,3,0,7,4,7,2,8,6,32409.0,1364,17928.0,6,3,96,91,19,49,94,53,7,1,6,10,3,10,1,7,8,1,9,3,4,10,4,8,4,10,4,3,4,6,0
0,39,35,3,1,0,1,3,7,6,7,4,109815.0,1219,33696.0,6,8,4,89,50,82,55,24,6,7,1,2,5,10,10,3,5,6,6,10,9,10,6,4,6,10,4,6,1,5,0
0,33,39,6,6,1,8,4,1,1,8,15,89526.0,1046,54177.0,4,4,50,95,78,16,24,30,10,9,3,3,10,8,3,2,5,7,1,9,2,2,1,10,7,9,3,9,9,3,0
0,27,26,1,5,0,8,3,4,5,1,12,65563.0,1496,24248.0,2,3,37,42,30,66,20,67,7,1,1,8,3,9,9,3,8,6,10,5,6,4,9,5,10,1,9,8,9,9,0
1,39,30,1,6,0,9,5,1,1,8,10,68361.0,1535,15016.0,2,6,36,59,41,83,10,95,5,8,10,1,2,6,9,1,1,3,1,4,3,8,4,9,5,3,8,6,7,2,0
0,43,20,6,6,1,2,1,5,6,3,12,140778.0,849,12502.4,7,1,75,5,67,52,34,81,7,4,6,9,5,5,4,6,2,5,9,6,1,2,5,2,1,1,9,4,6,2,1
1,43,35,3,6,0,10,1,1,2,13,7,44252.0,1251,53964.0,3,4,51,91,92,66,13,4,9,7,9,6,10,7,6,3,5,6,6,9,10,10,6,10,6,10,10,7,7,10,1
0,23,27,5,6,0,6,1,7,3,6,12,114609.0,928,38172.0,10,6,47,14,73,63,28,4,7,6,3,5,9,5,3,5,8,5,6,7,3,7,9,1,3,7,1,10,8,6,0
0,34,22,6,2,0,2,6,1,2,15,6,45446.0,1383,29924.0,6,8,62,58,52,31,33,77,5,6,3,7,4,3,2,5,2,5,9,6,4,1,5,10,2,1,2,4,4,8,0
1,38,43,1,6,0,3,2,3,1,9,13,66330.0,1559,12502.4,7,6,27,52,65,40,42,79,1,8,2,10,2,9,3,4,1,5,4,1,2,5,6,10,8,4,6,5,2,5,0
0,39,42,5,1,0,9,4,1,1,18,16,82582.0,1048,24065.0,3,8,10,59,77,4,39,88,7,6,7,9,4,8,7,10,9,9,6,4,3,4,1,6,8,6,3,5,2,9,0
1,41,23,4,3,0,2,3,6,1,13,7,37377.0,1443,52033.0,4,2,68,88,9,53,55,27,2,2,5,5,5,1,10,1,10,10,2,8,4,10,1,5,6,7,5,6,9,1,1
0,34,25,3,5,0,2,2,4,2,1,4,107518.0,990,51649.0,5,5,47,8,6,84,70,34,5,6,10,10,4,3,4,9,5,1,7,2,1,8,9,7,3,10,9,9,7,7,1
0,38,41,6,3,0,4,4,1,4,7,8,138889.0,1443,13504.0,9,3,4,19,94,7,94,51,10,8,8,9,5,4,9,8,4,3,1,1,10,7,6,4,2,8,1,1,3,7,0
1,36,24,1,6,0,8,1,5,4,12,8,109028.0,913,55173.0,2,6,94,26,15,80,62,38,2,6,8,3,8,7,1,8,4,5,9,7,2,4,7,1,5,10,1,3,1,4,0
1,35,38,6,3,0,6,1,5,3,11,4,95333.0,864,47054.0,8,9,80,19,92,4,95,12,10,4,7,6,2,6,9,2,1,4,3,7,5,4,8,5,8,2,2,4,4,8,0
1,28,35,1,5,0,3,2,6,4,12,17,118137.0,1344,23567.0,7,8,31,27,73,14,94,63,3,4,1,9,5,3,8,6,6,1,4,5,5,4,1,1,2,3,1,1,4,5,1
0,41,31,1,6,0,1,6,1,1,8,12,48966.0,1060,34569.0,7,6,79,45,63,92,81,43,1,5,9,9,8,7,8,7,8,9,10,5,10,5,5,4,4,5,1,2,7,1,0
0,24,32,3,5,0,9,2,6,6,2,7,51126.0,1467,45945.0,3,6,33,57,96,53,95,16,3,4,4,3,3,1,5,5,9,2,2,1,10,3,7,4,5,1,8,5,1,9,0
0,27,27,4,2,0,7,3,1,7,6,13,41304.0,1374,31418.0,3,3,77,12,96,85,14,69,6,8,1,10,5,7,6,2,10,2,5,7,5,3,8,7,4,10,2,2,3,10,0
1,24,43,5,2,0,2,2,6,4,16,16,30333.0,1056,18046.0,3,8,4,62,8,24,95,47,5,9,7,6,9,6,4,2,9,3,1,2,1,8,6,2,3,2,6,2,1,6,0
1,22,38,4,2,0,1,6,7,3,10,12,69837.0,998,32691.0,9,3,4,28,59,20,63,54,5,2,7,6,7,8,6,6,9,10,8,7,4,9,4,6,5,5,6,10,10,9,0
1,29,29,2,1,0,4,2,3,5,15,14,82630.0,867,57566.3,10,2,4,58,43,25,24,94,4,3,5,3,10,2,3,6,5,1,1,3,7,5,5,4,1,9,2,9,4,6,0
0,33,24,2,5,0,4,4,3,1,18,15,67703.0,1111,18010.0,5,2,53,89,17,58,5,23,1,3,2,9,2,2,10,1,5,2,7,3,10,5,2,10,10,9,4,8,10,8,1
0,42,24,3,3,1,10,1,6,6,17,2,143471.34999999998,1541,35437.0,3,1,35,16,82,66,5,44,7,3,9,10,3,5,2,3,7,1,7,8,9,7,4,2,5,1,3,6,7,9,0
1,38,28,5,6,0,4,4,3,7,5,5,66465.0,1096,43291.0,3,8,49,93,43,35,37,5,2,5,4,7,4,2,10,10,7,2,2,8,7,7,4,3,1,3,8,1,3,4,0
0,35,30,6,6,1,5,1,7,3,18,7,131328.0,1559,25344.0,4,7,49,23,33,12,50,28,9,5,9,2,6,5,10,1,6,7,4,8,8,4,6,2,9,9,5,4,4,2,0
1,20,32,4,1,0,5,1,7,7,7,16,113424.0,1408,14264.0,2,6,31,30,15,73,17,4,2,5,3,5,9,3,5,9,5,7,8,5,3,8,6,8,6,10,3,6,4,5,1
0,37,35,3,1,0,10,1,4,3,7,9,41173.0,1066,53206.0,10,3,15,25,80,91,22,73,6,6,8,8,3,8,7,3,2,9,6,10,2,2,1,1,9,2,3,2,10,7,1
0,32,24,6,1,0,7,1,7,5,2,16,87104.0,856,57566.3,5,8,81,27,30,35,58,44,7,8,9,5,10,2,8,6,4,7,5,9,6,1,10,8,7,8,6,6,6,7,0
1,22,23,1,1,1,1,3,1,7,13,12,34379.0,872,22326.0,6,9,4,41,36,86,78,58,4,4,8,2,7,10,4,3,10,5,4,3,1,7,9,3,3,5,2,5,6,1,0
0,30,40,5,6,0,7,1,1,2,2,12,26252.95,1559,27085.0,9,5,9,31,31,22,86,36,5,5,5,10,5,8,10,7,8,8,7,8,10,4,2,7,1,10,10,8,9,8,0
0,36,28,6,5,0,9,4,3,4,12,11,103842.0,949,16307.0,2,2,60,17,91,4,27,86,3,8,3,5,2,10,1,10,1,7,9,3,6,3,9,1,10,10,10,5,7,1,0
1,29,25,5,4,0,4,2,3,5,14,17,139490.0,1400,30964.0,1,4,89,60,74,38,37,51,5,5,8,6,8,10,3,3,2,9,10,1,4,1,2,10,1,1,1,9,1,8,0
1,40,37,4,2,0,5,6,4,4,3,9,109736.0,1429,57566.3,1,2,82,30,11,96,74,11,10,2,6,1,2,5,2,7,4,2,6,2,8,7,7,2,4,6,8,3,8,9,0
0,38,19,2,6,0,10,3,2,4,17,1,125567.0,1559,43407.0,3,2,96,80,58,74,25,24,3,6,5,1,9,5,5,3,6,9,9,7,2,2,4,7,10,6,10,3,8,10,0
1,22,25,5,3,0,7,1,4,4,3,2,74307.0,1559,23187.0,7,8,69,21,33,44,43,31,2,2,4,5,8,3,2,6,8,4,3,9,10,3,9,3,6,5,3,9,3,8,0
0,23,25,1,1,1,7,6,1,4,10,7,82029.0,1410,28376.0,1,2,21,25,14,10,19,81,1,10,3,10,10,8,7,7,4,6,8,5,6,10,4,8,2,2,9,6,4,4,0
1,24,36,6,3,0,3,1,4,5,17,13,91986.0,1441,46906.0,2,9,35,35,71,84,24,5,5,6,3,7,2,7,10,4,4,4,3,5,10,2,3,6,3,4,2,10,9,9,0
0,43,20,3,2,0,1,2,4,5,13,12,59523.0,1324,30459.0,1,3,24,67,63,20,48,52,6,10,2,10,9,9,4,1,9,4,7,6,1,3,5,7,3,5,1,10,9,4,0
0,27,22,3,6,0,8,1,2,2,17,5,72128.0,955,20125.0,10,2,83,67,63,76,16,81,1,8,4,5,10,3,2,3,10,2,1,10,7,4,1,7,10,7,4,9,2,5,0
1,33,20,3,3,1,1,1,1,6,16,14,59899.0,1478,18431.0,4,2,21,38,35,8,71,50,9,2,6,5,2,7,6,5,6,9,8,1,10,8,2,5,9,6,4,6,2,3,0
0,25,32,3,6,0,6,3,2,2,5,15,117138.0,1462,36167.0,2,9,7,14,20,86,46,80,10,7,2,1,1,8,7,8,6,7,5,4,2,8,6,4,7,6,8,3,10,8,0
0,26,31,5,3,0,10,5,6,7,13,13,126058.0,872,15606.0,4,2,16,78,72,93,30,9,2,8,8,7,10,4,9,1,6,4,7,10,9,4,2,8,9,1,7,1,7,3,0
1,43,38,6,6,1,2,1,2,2,3,5,44826.0,869,28829.0,2,4,29,47,84,75,25,96,7,1,1,1,7,2,3,2,1,10,3,2,9,3,2,2,2,1,8,7,2,6,0
1,21,32,2,3,0,8,4,2,1,12,5,53040.0,930,23342.0,9,8,17,33,61,34,34,71,7,2,2,3,3,9,9,2,7,10,8,7,10,6,9,4,7,6,6,6,6,10,1
0,38,41,6,2,0,7,2,1,7,8,8,86179.0,973,33266.0,1,3,84,85,45,45,83,17,9,3,9,1,4,1,5,1,2,6,1,9,7,7,7,2,5,10,3,1,3,2,0
1,38,34,2,1,0,8,3,3,1,3,10,136669.0,1532,40451.0,4,7,4,79,31,84,16,45,2,9,10,8,8,6,8,7,6,8,5,7,1,4,5,4,5,2,1,1,7,5,0
1,25,35,3,5,0,4,1,1,5,15,3,125398.0,1494,28467.0,7,5,68,30,58,43,63,34,3,4,3,3,4,4,1,9,10,6,1,4,3,5,4,2,1,4,6,2,8,1,0
0,42,19,5,5,1,7,5,1,6,6,4,119151.0,1529,15872.0,7,4,4,20,69,64,6,67,3,2,6,10,5,1,5,5,10,6,10,7,7,5,2,7,8,8,6,1,10,1,0
0,24,29,1,6,0,3,4,1,1,17,5,71672.0,864,43071.0,5,3,66,88,53,86,30,35,4,6,6,8,2,4,9,3,7,10,4,5,2,9,6,2,3,4,9,9,2,9,0
1,32,33,2,1,0,10,6,7,1,13,5,35706.0,965,57566.3,5,2,67,91,4,73,31,23,5,7,3,3,9,10,3,5,9,2,9,3,5,8,5,1,10,3,4,3,6,6,1
1,38,21,2,3,0,6,2,4,3,13,9,26252.95,1190,22908.0,4,2,96,64,4,6,23,61,5,9,7,10,5,1,1,4,1,3,7,1,4,5,3,3,8,6,4,7,8,10,0
1,20,42,4,6,0,4,3,4,3,14,8,143471.34999999998,918,19185.0,9,6,4,8,61,4,7,10,9,10,4,6,1,5,6,1,10,9,6,7,2,4,4,6,2,4,8,1,5,10,0
0,34,19,6,6,1,9,5,5,5,6,17,88797.0,1471,48511.0,1,2,26,10,73,49,35,72,10,7,9,2,5,8,9,8,6,5,2,7,2,1,9,2,2,5,10,5,4,10,0
0,28,31,2,6,0,7,3,1,5,4,13,54323.0,1125,20509.0,7,5,18,18,57,4,18,78,5,6,10,10,7,10,2,1,9,7,6,8,10,5,1,2,9,4,5,8,6,4,0
0,26,28,1,3,0,6,4,2,6,7,8,93687.0,918,42705.0,7,2,12,49,20,14,95,34,4,9,2,7,7,7,9,10,6,5,8,4,1,8,8,9,4,4,6,9,5,7,0
0,22,30,6,2,0,1,2,2,1,7,15,94180.0,844,24376.0,1,6,60,44,37,15,5,75,10,2,1,10,7,9,7,1,2,10,4,10,6,9,3,5,4,1,2,3,6,6,0
0,42,42,3,3,1,5,3,2,2,17,8,46522.0,1063,12502.4,3,5,38,21,4,6,53,11,8,5,9,7,2,2,7,9,7,1,1,4,7,10,5,8,1,8,6,7,2,10,0
0,27,24,1,4,0,9,5,1,3,7,3,42038.0,1211,43400.0,3,3,64,61,83,93,63,78,9,6,5,7,6,8,1,10,4,5,3,10,6,4,7,6,9,3,3,1,5,3,1
0,32,27,5,5,1,1,4,1,1,17,17,41998.0,969,57566.3,1,7,82,30,47,33,67,27,9,3,3,8,3,1,7,8,2,9,1,2,9,10,9,8,9,4,9,3,2,2,0
1,31,41,3,6,0,4,5,5,6,2,15,26934.0,1062,44973.0,1,2,4,4,31,15,84,66,2,5,10,9,7,4,5,2,8,6,9,2,8,6,6,10,4,4,9,3,7,7,0
1,21,19,4,6,0,2,4,6,6,6,17,92330.0,1251,42994.0,2,3,42,65,47,96,77,52,3,8,5,10,6,3,10,4,1,3,5,6,2,2,9,2,7,10,8,10,8,10,0
0,38,38,4,2,0,6,1,5,2,13,3,111160.0,1210,55719.0,3,4,54,22,34,89,47,36,1,1,3,1,2,5,1,3,6,3,10,10,5,1,10,10,9,1,9,3,7,10,0
0,37,42,1,4,0,10,2,5,3,4,13,59827.0,1423,20949.0,7,8,28,43,49,19,17,39,6,5,10,2,3,7,5,1,1,1,8,4,2,8,2,8,9,2,2,10,5,9,1
0,19,21,6,2,0,3,2,5,6,15,6,32248.0,1186,52385.0,1,7,5,14,12,30,54,4,8,8,10,10,8,4,9,6,2,6,1,9,5,3,5,6,5,7,8,9,8,6,0
1,29,35,1,1,1,4,6,7,4,17,14,143471.34999999998,912,38557.0,6,9,4,74,21,91,79,13,5,8,5,9,7,2,8,9,6,9,6,1,5,2,7,8,8,9,1,1,7,2,0
0,19,23,4,4,1,2,4,6,5,3,6,79308.0,1414,47314.0,3,5,8,74,51,58,90,96,2,10,10,6,6,4,2,9,10,7,8,4,5,2,9,2,2,3,8,3,4,10,0
1,41,19,5,2,0,7,1,1,3,14,6,65169.0,1264,35938.0,8,4,96,40,5,96,53,89,7,9,3,3,8,3,10,6,1,7,5,2,10,10,1,5,1,10,1,7,5,8,1
1,37,20,5,3,0,2,2,5,1,2,3,28630.0,837,19319.0,8,4,76,15,80,30,13,10,10,4,8,9,9,10,10,3,3,7,6,5,6,10,1,6,8,10,10,3,9,2,0
1,22,31,6,2,0,9,4,2,4,18,5,118267.0,1559,13057.0,6,5,18,19,18,14,28,84,8,2,8,7,10,6,3,1,10,4,9,3,9,5,8,5,9,3,3,1,1,10,0
1,23,25,4,2,0,9,4,3,5,5,12,104785.0,1440,31281.0,8,5,45,70,20,4,33,81,5,9,3,10,7,6,8,9,1,10,8,4,10,2,4,3,5,6,6,8,1,10,0
1,41,33,3,3,1,10,5,6,2,12,14,110347.0,1071,24082.0,7,4,56,81,56,18,19,60,5,9,6,5,2,5,10,3,5,7,5,4,5,5,5,10,7,9,7,3,3,3,0
0,28,36,1,4,0,3,6,7,5,17,1,70744.0,1036,25814.0,9,5,74,73,57,29,5,52,7,7,2,6,1,8,9,9,8,2,1,6,7,7,1,8,3,3,8,10,9,9,0
0,25,35,4,5,0,2,2,1,2,7,10,142575.0,1437,17959.0,9,3,43,73,23,92,15,33,2,1,2,10,4,3,5,6,3,9,6,3,6,7,2,10,2,9,8,1,4,1,0
1,24,23,3,3,1,5,6,3,4,3,4,140588.0,1334,38105.0,8,1,9,4,46,92,36,20,9,4,9,1,7,5,9,7,9,8,9,5,1,8,10,9,4,9,1,9,7,3,0
0,21,31,5,4,0,4,6,1,4,13,1,38648.0,1197,38277.0,5,6,34,81,17,40,55,16,6,10,2,7,4,8,8,4,10,2,4,3,1,10,9,7,8,5,1,1,10,5,0
1,23,20,2,4,0,4,3,5,2,5,13,114363.0,931,12502.4,10,5,96,71,6,84,56,96,3,10,5,4,8,7,3,1,8,3,4,7,7,5,2,4,10,6,6,6,9,3,0
1,33,33,1,6,0,2,2,2,7,1,6,91117.0,837,17307.0,5,3,6,80,5,73,80,96,4,4,5,1,7,10,2,1,5,2,4,9,9,2,9,5,10,8,5,8,3,7,0
0,37,19,6,4,0,9,6,5,7,14,3,113625.0,1220,38536.0,4,2,84,13,20,79,87,65,6,5,8,6,7,3,8,5,2,8,3,1,4,7,6,2,8,2,3,6,6,7,0
0,32,29,1,3,0,7,2,4,2,14,17,38054.0,1180,45998.0,8,8,85,37,64,65,51,87,3,2,5,9,3,1,10,2,6,1,6,8,3,8,6,4,7,1,7,8,5,4,0
0,31,31,3,3,1,10,2,4,4,2,15,90346.0,1065,13002.0,1,4,56,37,83,5,86,31,1,8,6,6,2,2,7,3,8,9,5,10,6,8,1,8,5,3,5,9,8,8,0
0,40,36,2,5,0,8,5,5,1,3,12,105280.0,1081,57566.3,2,7,14,11,7,6,5,64,5,4,1,2,2,3,9,8,5,6,3,8,9,2,10,10,3,10,9,7,8,4,0
0,29,39,5,3,0,5,3,6,3,9,1,37074.0,1256,56787.0,2,7,86,79,88,45,23,31,6,2,2,1,9,2,5,9,10,10,2,7,4,10,7,6,10,9,4,9,8,6,0
1,29,36,5,1,0,4,1,4,6,3,7,28222.0,1317,30489.0,1,4,15,38,24,4,10,73,4,4,8,8,9,5,2,9,5,9,2,1,1,8,5,9,6,2,5,9,8,2,0
0,33,26,2,5,0,6,4,4,4,18,4,131814.0,1543,13913.0,4,2,47,85,7,20,95,60,7,2,2,4,9,4,3,3,8,4,7,8,9,5,3,4,7,4,9,1,1,7,0
0,32,24,1,3,0,8,3,2,4,5,16,56868.0,1360,19219.0,8,8,15,4,23,12,57,58,4,4,10,1,7,9,6,2,3,5,6,3,9,2,7,2,4,6,3,8,7,1,0
0,30,31,1,4,0,1,5,7,3,4,8,80567.0,954,52297.0,6,8,14,43,58,44,64,93,10,2,9,4,4,5,4,9,10,6,2,3,5,2,4,7,5,1,10,5,8,5,0
1,28,22,5,4,0,2,4,6,4,13,16,105049.0,1006,27103.0,1,3,42,46,96,72,41,59,8,6,9,7,8,10,2,4,2,2,6,8,6,5,5,6,4,10,4,5,2,8,1
0,34,35,4,5,0,2,5,4,2,1,5,124447.0,1219,30954.0,6,3,88,57,55,96,5,67,6,9,6,8,7,9,8,10,5,8,7,2,2,10,3,10,5,2,3,9,9,3,0
1,38,26,6,1,0,10,4,3,1,16,17,136657.0,1159,57118.0,3,7,76,25,90,96,53,32,5,4,8,7,3,10,9,2,9,2,6,8,3,9,5,3,10,3,4,4,3,4,0
0,32,38,6,2,0,2,4,3,5,2,7,143471.34999999998,1495,18058.0,6,2,24,69,5,20,63,5,5,10,2,9,1,8,4,3,7,2,4,2,10,1,3,8,5,4,4,4,6,3,1
0,31,24,1,3,0,6,2,7,7,8,9,102596.0,1405,12502.4,8,2,39,32,38,96,5,4,7,5,9,6,2,8,1,10,7,5,9,5,10,9,2,8,5,9,2,5,7,5,0
1,27,26,6,6,1,3,3,4,3,14,2,116485.0,913,12693.0,4,9,82,36,28,34,32,77,1,8,6,4,5,7,5,1,5,7,2,9,10,10,10,1,3,8,3,8,3,5,0
0,29,21,4,2,0,1,2,7,1,6,17,123092.0,1328,14347.0,5,1,94,30,40,63,5,50,9,1,5,1,6,9,8,4,6,4,2,9,4,8,6,6,7,6,5,3,6,8,0
0,33,42,6,2,0,5,6,5,3,10,10,102339.0,1065,16704.0,1,4,4,59,41,55,81,62,10,2,7,3,4,3,3,1,2,7,8,1,6,6,4,4,4,5,3,10,4,4,0
1,32,34,3,6,0,2,6,5,4,9,6,143471.34999999998,1224,33336.0,8,2,76,74,55,76,81,28,8,5,3,10,4,5,8,2,9,4,6,9,3,5,6,2,3,6,9,7,9,2,0
0,27,29,4,2,0,7,4,5,3,11,10,28323.0,1198,57373.0,6,5,83,80,9,35,91,38,10,10,1,4,1,6,10,6,5,9,5,3,9,8,3,2,9,1,4,2,7,9,0
1,21,23,1,3,0,7,1,5,6,10,15,79613.0,1436,18487.0,5,4,37,33,5,62,20,96,3,10,3,2,10,4,8,2,7,9,8,10,5,8,8,4,10,3,10,5,7,9,0
1,43,35,2,1,0,5,4,6,4,10,8,68101.0,837,26526.0,2,5,21,58,91,8,17,63,4,3,6,8,8,1,4,9,9,3,5,2,1,7,9,3,5,8,1,9,5,10,1
1,40,25,2,6,0,9,6,7,4,10,1,96115.0,859,48330.0,5,6,33,36,96,86,43,9,6,9,2,3,6,2,7,6,1,3,4,6,10,9,4,2,1,1,7,4,3,2,0
1,26,38,6,2,0,3,3,5,5,10,4,75809.0,1372,41675.0,7,8,50,87,21,52,91,9,9,9,5,7,7,4,3,5,1,9,7,1,9,9,6,8,8,6,2,3,9,3,0
1,38,32,6,4,0,2,2,4,3,11,5,29631.0,1264,13417.0,9,3,47,23,15,37,95,29,6,7,4,2,3,1,7,10,6,6,2,5,2,3,8,8,3,9,7,8,10,3,0
0,37,20,2,2,1,2,3,1,6,4,17,73895.0,1559,23562.0,2,1,15,52,4,66,5,54,7,3,2,2,7,2,5,3,10,7,5,4,2,1,6,3,1,2,8,5,3,8,0
0,26,19,3,6,0,3,3,2,7,2,2,31943.0,992,15124.0,4,1,96,38,93,19,68,4,2,3,2,8,4,1,5,9,5,10,3,6,5,5,5,5,7,4,3,8,1,9,0
0,38,41,6,3,0,4,5,5,5,8,4,76238.0,1033,16008.0,7,8,41,20,26,26,27,69,5,7,4,4,4,10,7,4,10,3,8,10,1,9,3,9,4,6,2,2,2,8,0
1,42,40,6,3,0,6,5,6,1,1,9,118413.0,1139,12502.4,8,8,75,70,4,43,58,7,8,5,4,6,9,6,5,8,9,6,7,6,2,4,4,7,7,10,10,6,8,5,0
1,41,26,5,5,1,10,1,7,2,16,12,121560.0,1288,52550.0,7,9,96,31,63,91,23,38,2,4,8,1,9,10,1,3,2,7,8,10,4,7,5,7,8,6,4,9,5,6,0
1,37,25,1,4,0,6,1,6,6,7,10,133910.0,1166,32461.0,4,6,54,35,28,22,78,48,10,7,10,6,9,5,1,8,9,2,7,6,5,1,10,7,10,4,7,8,3,1,1
1,28,43,2,6,0,4,5,3,5,12,17,132928.0,1191,49932.0,6,8,6,48,26,4,78,31,5,10,6,1,5,3,5,3,3,4,2,4,1,1,5,6,8,8,10,7,7,5,0
0,28,21,6,6,1,7,5,4,2,14,12,56308.0,1559,39756.0,7,4,75,28,91,96,41,16,10,10,1,4,6,2,2,2,4,4,1,8,7,6,3,1,4,8,1,7,6,5,1
0,24,19,6,3,0,9,3,1,5,9,2,101803.0,1017,13334.0,1,7,77,95,9,18,10,4,1,4,7,8,4,6,8,3,9,10,9,6,3,1,9,7,4,4,4,9,7,9,1
1,38,31,4,2,0,3,6,6,5,8,1,42026.0,1297,24220.0,2,1,4,93,88,42,14,76,7,3,2,5,10,1,10,6,4,4,1,5,2,6,6,2,2,3,10,10,8,3,0
1,27,19,4,2,0,3,2,1,4,16,5,93028.0,1270,55338.0,1,7,44,28,18,61,16,14,5,3,6,7,4,3,1,4,3,6,7,7,7,7,2,8,9,1,10,1,10,5,0
0,21,19,2,3,0,5,5,5,3,14,5,65512.0,1209,23777.0,7,5,47,29,5,62,87,14,2,9,7,6,9,7,3,7,8,9,1,1,1,6,3,5,5,6,7,8,4,1,0
1,22,43,2,3,0,10,1,5,3,17,14,75481.0,840,36352.0,6,2,64,17,64,96,16,4,1,8,2,6,3,7,2,3,6,6,6,1,5,3,4,6,8,9,5,1,1,1,0
1,22,39,6,6,1,10,6,4,4,4,9,105903.0,888,24589.0,10,2,79,50,70,21,23,23,7,9,5,4,4,1,3,2,5,6,3,4,4,8,4,2,4,6,3,3,1,3,0
1,28,24,3,4,0,9,3,6,6,12,13,80131.0,1161,45684.0,6,7,40,25,49,47,95,4,4,4,9,3,3,9,6,1,1,3,6,10,1,3,3,4,9,8,2,9,5,2,0
0,26,29,5,5,1,6,1,4,1,5,17,112826.0,998,45770.0,10,5,69,45,19,75,16,4,1,6,7,4,7,4,1,1,1,8,6,3,3,4,8,6,1,3,1,6,9,8,0
0,33,23,5,3,0,2,5,1,2,17,16,137826.0,983,18700.0,2,7,95,22,96,68,41,40,9,6,7,10,1,1,4,2,10,4,4,5,10,5,5,10,10,9,4,8,10,4,1
1,26,35,5,6,0,8,5,2,4,8,3,54955.0,1249,50749.0,9,9,34,8,69,21,94,69,4,3,10,5,1,4,1,3,4,1,4,4,8,5,9,2,4,8,9,3,2,5,0
0,39,21,4,5,0,9,3,7,5,15,16,51296.0,1309,25579.0,5,6,24,24,96,9,66,12,9,2,5,2,1,4,7,9,4,8,4,1,2,8,7,8,7,8,4,10,9,4,0
1,21,36,4,1,0,4,5,6,1,8,1,133411.0,1153,43085.0,9,6,8,72,67,19,75,92,5,6,8,8,4,4,5,8,2,5,1,1,1,10,3,5,5,6,8,8,10,7,0
1,19,43,3,2,0,2,3,2,5,14,10,89158.0,1559,43443.0,10,9,10,92,4,24,95,7,7,7,7,6,6,1,9,6,10,1,8,8,6,9,2,5,3,5,4,7,8,8,1
0,31,30,3,5,0,2,1,6,5,12,14,128123.0,1559,13182.0,1,6,60,17,43,57,56,96,5,10,10,9,1,8,8,1,1,8,6,5,9,3,8,2,7,4,1,8,10,8,0
1,20,37,3,1,0,3,6,4,2,16,10,63898.0,1089,28780.0,3,6,34,74,38,40,91,44,5,3,1,4,9,9,7,8,6,4,1,7,3,5,8,2,6,7,9,7,7,4,0
1,35,38,6,4,0,1,5,6,6,17,12,102086.0,1288,57566.3,7,9,54,24,63,89,95,63,9,8,8,3,1,1,9,9,2,2,5,2,5,9,3,7,9,8,9,9,8,1,0
0,38,40,1,4,0,4,6,2,6,9,8,125940.0,1216,24247.0,5,5,78,24,48,18,5,60,4,9,8,4,3,8,9,3,3,3,2,4,9,5,6,3,9,5,1,3,9,4,0
1,23,42,2,1,0,1,1,2,3,6,17,110395.0,1399,23799.0,8,3,5,32,16,44,9,40,2,6,7,4,3,8,3,7,2,10,5,7,7,2,9,3,10,5,8,10,7,6,0
1,28,43,6,5,0,2,2,5,1,9,11,91574.0,1413,15991.0,7,8,53,19,4,11,33,94,6,1,6,5,9,5,1,1,1,3,3,4,4,7,8,6,7,8,1,9,8,7,0
1,38,19,2,1,0,7,5,3,1,11,17,83511.0,992,27278.0,6,4,55,12,5,32,77,62,3,6,8,1,2,4,7,3,8,5,8,5,9,6,3,8,9,9,7,8,2,1,0
0,35,25,6,4,0,9,6,2,6,8,14,26252.95,1559,20537.0,6,3,70,22,52,75,42,84,8,9,10,2,8,1,5,2,2,4,2,4,2,3,6,1,8,6,2,5,3,5,0
1,29,36,6,6,1,9,5,3,6,1,10,76590.0,1559,22508.0,3,1,5,42,96,13,5,34,10,7,7,6,8,7,10,10,3,9,2,9,3,7,7,3,5,4,9,7,7,3,1
0,22,26,6,2,0,4,3,6,5,5,11,48828.0,1025,35158.0,2,6,38,4,53,94,7,8,2,6,10,3,1,10,1,3,3,3,8,7,7,9,5,6,1,1,6,3,3,6,0
1,26,43,4,5,0,5,3,1,5,12,5,86840.0,853,48613.0,2,2,19,40,32,42,35,66,1,8,9,5,7,7,3,1,6,1,10,9,9,4,8,9,9,2,7,2,1,9,0
1,37,21,5,3,0,5,4,2,4,13,16,32945.0,1051,55937.0,9,9,5,40,87,74,95,62,2,8,5,2,10,3,7,10,2,9,6,7,7,1,7,3,7,4,3,6,3,10,1
1,43,33,1,1,1,6,2,5,2,8,3,143471.34999999998,1309,43275.0,2,1,50,51,85,9,8,29,2,9,5,8,3,3,6,8,4,5,8,9,1,3,1,7,8,2,9,8,4,8,0
1,35,36,5,2,0,6,5,6,1,3,10,72466.0,859,42772.0,1,8,6,36,26,39,21,72,4,3,4,10,5,3,7,9,1,4,5,5,9,2,5,9,5,4,2,10,10,8,0
0,36,27,1,2,0,7,4,4,1,4,3,120024.0,1559,18813.0,6,3,15,95,31,94,33,5,8,9,7,8,8,9,8,10,6,3,4,1,9,2,8,3,10,8,5,8,2,10,0
0,20,23,4,4,1,10,4,5,7,11,5,109593.0,1190,23878.0,7,3,9,11,76,67,95,85,7,3,5,2,10,4,7,10,5,2,5,9,9,1,5,6,6,8,7,4,9,5,0
1,26,33,3,2,0,10,6,7,7,11,14,139377.0,1559,32342.0,8,2,65,35,34,49,53,76,1,8,3,3,7,8,5,9,4,3,2,4,2,9,2,8,8,10,10,1,8,3,0
1,21,27,4,2,0,3,1,4,4,10,3,115718.0,1068,49997.0,1,9,17,31,42,53,26,96,10,9,8,1,10,3,6,6,10,8,4,1,6,1,8,8,8,9,7,8,8,3,0
1,34,30,6,2,0,7,1,3,7,15,6,36726.0,1427,12502.4,5,3,56,95,96,96,28,4,5,10,3,4,8,5,7,3,2,2,5,1,10,9,6,3,6,9,6,5,8,4,1
1,34,26,3,5,0,1,5,5,2,9,11,26252.95,1106,24513.0,3,6,31,62,89,58,91,95,7,9,10,6,10,1,1,9,9,8,6,2,6,7,5,8,4,6,6,1,9,7,0
1,40,24,5,6,0,6,5,6,6,3,17,26252.95,1333,57566.3,3,9,36,40,87,30,91,62,4,1,2,7,1,1,8,9,3,1,10,6,8,9,7,7,5,8,3,8,4,2,0
1,40,21,4,1,0,7,1,7,7,15,17,27701.0,1511,43617.0,10,5,96,21,36,59,5,52,9,4,8,10,3,5,3,1,4,9,5,10,8,3,8,9,3,8,7,6,8,6,0
1,19,36,2,6,0,1,3,2,2,1,10,76866.0,914,23672.0,1,6,4,56,7,25,21,24,2,1,2,9,10,6,8,9,2,2,8,6,10,6,5,1,6,2,7,8,8,1,0
1,26,43,5,5,1,10,3,3,4,3,4,26252.95,1484,17659.0,9,5,79,23,36,4,22,96,5,8,4,9,3,3,6,7,1,4,6,10,4,3,8,2,2,2,7,4,4,2,0
0,26,21,1,6,0,9,3,1,7,14,16,143471.34999999998,1247,12502.4,5,6,35,70,6,66,5,83,4,5,10,10,9,4,7,8,2,1,3,10,2,10,10,4,2,9,1,9,4,2,0
0,22,36,2,1,0,1,5,1,5,11,3,121846.0,1270,14134.0,5,1,9,95,11,9,67,93,10,9,2,8,6,2,6,3,8,3,3,8,6,9,10,1,9,7,3,9,10,8,0
0,32,36,2,2,1,4,5,2,1,8,11,43005.0,1055,43145.0,9,1,11,22,16,96,12,67,5,10,2,2,7,2,5,2,7,9,9,8,2,7,1,10,5,1,5,3,3,6,1
1,32,29,5,3,0,4,3,3,3,15,2,31318.0,1129,13550.0,6,4,4,4,51,61,17,66,3,7,4,8,3,7,9,5,8,9,9,1,1,6,10,4,5,9,8,1,9,5,0
1,20,30,3,6,0,8,1,4,3,10,13,42727.0,874,12652.0,7,5,94,62,4,11,91,96,3,9,5,1,2,3,3,8,8,2,3,2,3,8,3,4,5,1,2,4,7,10,0
1,36,42,3,4,0,6,5,6,5,16,4,90248.0,837,32462.0,9,8,71,5,90,33,32,96,5,8,2,8,4,10,9,7,10,7,9,2,3,7,9,8,6,7,6,7,1,7,1
0,20,21,6,6,1,5,3,4,2,9,14,26252.95,1312,25326.0,5,9,96,41,52,76,43,14,6,9,9,7,8,8,10,2,5,6,2,9,7,4,4,3,7,9,10,5,3,4,0
1,23,42,4,4,1,10,4,4,1,6,9,120709.0,1192,56193.0,8,4,47,32,4,71,15,70,1,8,3,9,7,1,6,10,8,3,9,1,3,8,9,4,3,6,2,1,2,9,1
0,21,27,2,5,0,7,1,1,4,2,4,143471.34999999998,1490,57566.3,6,4,79,82,61,15,84,10,4,10,3,1,6,4,1,3,6,8,9,1,9,9,7,2,4,4,9,3,8,9,1
1,41,38,1,3,0,3,5,3,5,4,5,143471.34999999998,915,17987.0,7,2,68,46,89,9,95,95,4,2,4,5,1,3,9,5,1,2,1,1,10,1,3,10,5,3,6,6,4,9,0
0,30,24,4,1,0,9,1,3,1,14,10,143471.34999999998,1105,14829.0,10,5,42,27,60,78,95,4,9,3,3,9,5,9,8,7,1,9,6,4,7,10,8,8,2,4,1,3,5,6,0
0,43,22,2,2,1,5,4,3,2,12,4,104136.0,956,32074.0,5,1,35,53,56,14,78,85,3,6,6,6,5,1,1,4,9,10,1,4,8,1,8,3,5,10,4,4,6,1,0
0,30,34,6,6,1,8,2,5,6,10,1,143471.34999999998,1559,15670.0,6,3,7,57,34,96,12,10,7,9,6,2,5,6,10,4,1,9,7,7,9,8,10,2,8,6,2,6,10,6,1
1,43,35,2,6,0,9,6,5,7,10,7,82113.0,1465,25049.0,10,7,19,38,12,45,35,11,1,10,2,5,7,3,10,5,1,9,9,10,3,5,9,9,5,4,7,8,1,10,0
0,28,28,1,4,0,10,3,1,3,4,2,139302.0,1268,25647.0,1,3,32,77,26,71,57,31,8,9,2,5,10,3,2,1,10,6,1,10,8,4,4,9,1,3,9,2,10,7,1
1,22,32,3,5,0,5,4,2,5,3,13,67218.0,928,57566.3,7,9,75,4,82,53,13,35,7,10,3,1,10,10,7,7,8,1,1,8,3,3,9,3,8,1,6,6,3,10,0
1,19,38,2,3,0,8,5,4,7,13,13,53897.0,1132,23395.0,1,1,57,20,81,82,74,6,5,5,6,2,3,10,8,7,8,9,6,10,9,10,10,5,10,10,9,9,9,9,0
1,26,39,2,4,0,8,3,1,3,10,7,132208.0,1001,48637.0,8,7,94,80,32,74,90,74,10,10,5,3,9,3,7,1,5,5,2,8,1,1,9,10,9,6,2,8,8,10,0
1,34,24,5,2,0,2,4,6,2,17,16,123036.0,850,26080.0,8,6,72,47,72,62,72,54,9,4,1,7,3,9,9,6,1,9,2,6,2,5,5,8,8,4,3,8,5,7,0
1,39,35,4,3,0,8,5,7,7,11,8,143471.34999999998,1252,14977.0,5,5,13,78,19,70,7,91,7,2,4,2,1,4,9,1,3,1,8,3,2,4,9,9,3,9,4,4,5,1,0
0,19,43,2,3,0,3,4,6,2,4,6,69663.0,1557,50159.0,8,6,7,95,28,68,81,34,9,3,3,3,5,6,4,1,3,2,10,2,5,3,4,5,5,9,7,6,7,6,0
1,20,42,5,3,0,1,4,4,6,4,6,91727.0,1048,26790.0,4,8,57,70,96,94,35,4,1,8,9,9,9,8,3,2,9,9,3,7,10,5,3,10,4,3,2,7,9,4,0
1,32,23,3,1,0,10,1,5,3,17,12,26252.95,1343,24791.0,9,7,4,77,62,24,76,21,3,8,10,3,7,5,3,2,4,9,3,8,9,1,4,5,7,4,5,2,1,10,0
1,43,35,1,1,1,2,5,6,2,6,8,111315.0,837,50194.0,5,4,35,12,74,20,36,8,5,10,4,7,2,3,7,1,3,1,3,6,3,9,3,9,10,10,1,1,6,6,0
1,38,33,3,6,0,7,6,6,6,2,3,143191.0,875,45620.0,4,6,84,83,88,86,84,46,6,3,4,8,6,9,6,5,9,7,6,6,5,10,8,7,2,6,7,4,8,3,0
1,43,19,4,3,0,10,5,4,5,14,8,56882.0,970,45042.0,10,1,72,30,62,24,36,66,8,2,9,4,6,8,1,9,8,2,3,3,2,6,3,10,5,2,4,2,8,2,1
0,40,36,6,4,0,8,1,1,4,4,7,57918.0,1176,48753.0,8,2,11,89,67,41,26,40,7,2,1,5,1,9,1,2,10,3,8,9,3,10,2,6,2,3,1,10,3,9,0
0,27,19,6,5,0,7,2,2,3,16,13,29721.0,1338,54790.0,1,4,14,80,18,4,84,55,7,4,8,4,3,1,2,5,1,8,9,3,7,7,6,1,7,4,1,9,9,9,0
1,25,42,1,5,0,10,6,1,1,2,17,53461.0,1220,25356.0,7,9,4,66,14,57,81,90,4,5,3,7,3,5,6,4,5,2,7,4,3,5,6,8,2,4,3,8,5,8,0
0,29,43,1,2,0,5,6,1,3,10,10,132152.0,1405,24204.0,2,6,96,50,6,39,10,96,6,2,4,1,4,10,6,7,2,9,9,3,5,2,5,6,10,6,2,1,3,10,0
0,42,28,5,3,0,9,6,2,1,15,17,118423.0,1331,52628.0,8,4,64,9,35,96,40,80,10,9,3,7,7,8,7,10,10,6,5,9,4,10,5,8,2,3,6,7,4,6,0
1,39,37,1,1,1,8,4,5,1,6,2,33332.0,1361,57566.3,8,7,33,34,84,86,14,29,5,8,7,10,4,9,5,1,10,8,8,3,10,1,9,10,3,9,4,4,5,8,0
0,32,22,4,5,0,7,5,1,1,8,7,71951.0,847,36367.0,5,9,88,15,77,53,64,8,3,9,4,10,9,1,7,7,6,10,3,9,7,1,7,5,4,4,7,4,3,1,0
1,43,33,2,1,0,1,5,2,2,5,12,85223.0,1318,24247.0,9,9,92,12,8,41,82,39,6,9,5,3,5,4,10,10,10,10,2,5,4,8,7,8,10,7,5,9,7,7,1
0,26,40,2,4,0,3,2,2,5,7,15,135357.0,864,40179.0,3,2,33,10,82,27,84,61,1,1,3,9,6,3,7,9,6,2,5,2,6,10,6,4,6,6,2,4,10,8,0
0,41,19,3,5,0,1,6,1,6,1,13,72576.0,1266,53856.0,10,3,46,53,31,61,71,77,10,4,3,10,8,3,4,1,5,7,3,1,9,10,8,1,8,9,3,8,7,9,0
0,42,36,5,4,0,7,1,3,3,13,1,36139.0,1216,13984.0,10,8,61,6,56,44,16,32,7,9,9,5,5,2,9,3,7,10,1,9,7,1,2,4,2,9,2,10,10,6,0
1,27,31,1,1,1,9,6,6,4,7,10,143471.34999999998,1494,25957.0,1,2,33,4,64,55,95,8,9,8,6,6,3,6,9,10,2,8,4,8,4,7,2,1,6,3,3,9,2,1,0
0,37,20,4,1,0,4,2,3,7,1,17,143471.34999999998,923,34548.0,6,3,66,52,66,70,81,88,1,7,4,9,5,2,2,3,10,7,10,4,2,7,4,8,10,10,3,2,10,7,0
0,26,19,3,5,0,5,3,4,7,5,6,125563.0,961,37994.0,4,3,4,95,68,30,53,96,10,1,2,10,6,5,8,3,6,10,4,6,4,5,7,1,9,10,1,3,3,6,0
1,32,41,3,1,0,4,1,7,2,17,13,44887.0,1432,24296.0,1,7,9,59,96,40,91,47,5,3,2,6,4,10,6,5,10,6,4,4,7,10,1,3,3,4,8,4,3,1,1
1,40,22,4,3,0,10,5,4,6,9,13,26252.95,930,15881.0,5,4,96,74,42,16,77,24,1,3,2,2,7,2,2,2,9,5,5,6,1,4,9,1,10,4,1,6,3,3,0
0,38,34,6,1,0,9,5,3,4,11,9,61084.0,1104,50788.0,3,8,61,71,49,34,59,9,4,8,1,10,2,7,9,8,3,9,7,2,6,7,5,7,9,1,4,4,7,1,0
1,38,35,3,6,0,5,3,4,3,3,14,50696.0,1021,23796.0,8,1,4,89,39,69,27,18,8,9,7,7,5,5,8,8,4,1,1,7,3,9,9,8,10,2,7,5,1,3,0
0,19,19,3,3,1,8,1,6,5,16,2,36262.0,1096,50217.0,2,1,74,95,53,30,79,32,10,7,2,6,1,9,7,3,2,3,9,4,2,1,3,7,4,6,4,5,10,2,0
0,19,32,5,5,1,2,5,7,6,13,7,43257.0,1481,28394.0,7,4,84,54,11,28,17,95,9,7,5,1,9,3,9,8,5,10,8,7,6,3,4,3,7,8,10,1,3,9,0
1,43,39,2,2,1,4,3,2,2,2,13,33491.0,997,51858.0,7,3,44,80,37,52,50,67,5,4,7,8,9,5,1,5,2,3,3,5,8,4,5,5,3,5,5,1,7,6,1
1,36,26,3,5,0,8,3,7,4,7,10,44635.0,1364,43000.0,3,9,65,28,15,50,5,54,2,4,5,8,6,3,1,9,7,2,1,5,6,1,5,1,9,2,4,8,5,7,0
1,31,43,6,1,0,4,4,2,7,15,11,122522.0,1231,43868.0,8,7,36,4,86,85,64,39,1,5,2,4,2,6,7,6,9,7,8,1,3,4,6,1,7,1,1,5,6,9,0
0,25,40,5,6,0,7,4,3,1,16,15,125009.0,1363,12502.4,8,3,96,35,9,41,31,96,9,5,2,6,9,5,10,2,6,1,8,10,4,5,8,1,3,10,2,8,3,10,1
1,23,22,5,4,0,3,6,3,4,9,10,29570.0,1202,28265.0,9,1,16,65,25,36,11,7,8,3,9,8,3,1,10,2,4,2,8,5,7,1,8,3,8,5,3,3,4,3,0
0,29,30,4,3,0,8,4,3,1,11,4,34083.0,1559,46593.0,3,7,27,91,11,62,54,96,8,9,1,3,5,2,9,8,7,2,6,4,1,7,3,3,1,9,6,7,6,3,0
1,43,36,2,4,0,5,5,5,4,6,11,95772.0,1353,39928.0,8,2,48,31,88,63,64,52,2,5,4,4,8,1,10,9,5,6,4,1,8,10,10,10,1,3,9,3,5,1,0
0,43,41,1,1,1,2,2,5,2,18,14,135678.0,837,41855.0,7,6,39,93,83,56,5,96,7,7,5,1,10,10,4,2,7,2,1,8,9,6,1,6,4,10,9,8,10,1,0
1,32,27,3,6,0,10,5,3,4,8,8,40682.0,1169,18541.0,9,8,26,50,92,17,5,68,3,5,6,3,4,1,10,3,8,2,3,2,10,7,1,1,4,5,7,10,8,4,0
0,31,37,5,3,0,8,5,5,3,3,6,140577.0,1112,28660.0,10,8,72,5,77,52,52,71,8,6,8,8,9,4,5,6,8,10,10,10,6,6,3,9,3,10,10,1,1,9,1
1,38,42,4,5,0,3,4,7,6,1,4,29255.0,860,50619.0,4,9,17,31,23,82,62,4,6,9,10,4,1,1,6,7,10,9,2,10,2,10,6,9,4,9,8,6,6,6,0
0,19,38,6,2,0,7,3,7,3,13,2,92867.0,1226,12502.4,1,6,91,43,72,31,53,21,8,2,5,2,5,7,10,9,7,9,6,6,8,2,6,6,1,6,6,9,8,10,0
1,28,31,1,1,1,3,1,6,5,4,12,73571.0,1002,40589.0,2,1,14,14,53,4,60,15,9,8,6,10,9,5,7,5,3,3,6,3,7,9,6,10,6,2,5,6,4,2,0
1,42,39,6,2,0,7,4,3,5,17,5,105782.0,1094,38997.0,8,7,22,77,4,62,16,31,9,3,7,6,8,9,8,1,5,7,3,8,6,7,2,6,4,10,5,2,10,10,0
0,20,38,1,2,0,6,1,5,6,3,2,143471.34999999998,974,51479.0,10,2,22,15,32,34,48,84,2,9,8,8,3,7,3,5,9,4,9,10,7,6,7,7,10,8,10,4,8,9,1
1,36,43,5,3,0,10,3,1,7,4,17,33639.0,837,36805.0,3,6,95,88,20,49,5,57,2,6,1,4,2,8,2,6,7,7,3,3,1,5,5,8,5,9,7,8,6,7,0
0,35,29,1,1,1,10,2,7,7,14,14,119395.0,1100,56594.0,9,1,28,92,4,81,87,44,7,7,4,5,9,10,3,1,1,4,5,1,3,5,10,8,8,2,4,4,8,10,0
0,37,28,4,1,0,3,4,2,5,13,17,64342.0,1425,32428.0,4,1,38,90,72,84,61,57,8,10,6,3,8,4,2,6,5,10,9,10,5,9,4,10,1,7,3,2,2,10,0
1,19,40,4,5,0,2,1,2,1,9,9,125283.0,1349,50926.0,9,5,84,35,4,4,68,23,2,10,3,7,7,1,4,3,10,6,5,8,7,8,4,5,8,9,8,5,1,4,0
0,42,24,5,2,0,4,1,1,3,5,12,125930.0,837,40363.0,2,2,34,46,19,96,38,79,9,7,9,8,8,2,9,3,4,6,3,5,5,3,9,5,3,8,5,10,3,10,0
1,43,34,2,6,0,8,6,7,3,8,6,98808.0,1448,49882.0,5,2,79,6,94,60,24,93,8,7,2,2,7,7,6,9,9,7,6,9,10,9,3,8,3,9,9,2,3,9,0
1,24,35,5,5,1,10,5,6,3,6,15,125950.0,1073,46755.0,7,9,5,12,47,69,68,96,5,4,9,7,10,10,9,4,5,10,9,7,7,5,3,6,4,10,5,10,6,2,0
0,25,24,1,4,0,4,4,4,1,17,3,42142.0,947,12569.0,6,1,4,92,74,4,37,57,3,7,3,5,8,6,3,2,8,5,4,8,10,4,8,7,2,4,8,10,8,7,0
1,36,41,5,3,0,9,6,6,6,6,13,65647.0,927,44008.0,4,1,96,17,18,5,90,84,4,4,2,3,5,8,5,5,3,3,3,1,5,10,1,2,8,2,2,9,4,9,1
0,39,37,3,4,0,9,4,2,5,17,17,54505.0,1330,33945.0,2,6,42,43,71,53,72,50,3,8,4,9,9,6,1,6,2,10,8,2,8,5,10,2,9,4,5,2,1,8,0
0,32,23,3,1,0,1,3,1,7,6,4,26252.95,837,33406.0,8,3,80,74,21,38,88,10,9,5,8,8,4,3,5,4,7,3,9,8,5,4,7,8,10,5,10,5,5,2,1
1,27,28,2,4,0,2,1,6,2,6,8,65035.0,1207,48146.0,9,9,57,13,8,11,12,28,1,4,5,6,1,10,1,5,2,10,9,3,2,8,3,6,8,3,10,7,5,1,1
1,39,29,6,2,0,7,2,4,1,7,3,110886.0,1060,25890.0,2,6,71,93,78,13,76,37,8,8,7,5,8,5,10,8,7,4,8,5,1,7,9,7,1,7,6,7,9,4,0
0,19,43,3,3,1,9,4,4,3,18,10,73131.0,1215,31326.0,10,2,9,23,68,42,24,12,7,5,4,9,9,8,7,4,8,6,10,10,3,7,5,6,5,8,3,7,9,8,0
0,23,33,6,5,0,9,1,5,4,13,1,40593.0,1486,14982.0,4,7,40,82,4,34,80,81,5,2,8,7,2,1,6,7,5,7,7,8,7,8,8,3,9,2,3,5,1,2,1
1,30,36,6,4,0,8,3,3,4,5,17,143471.34999999998,837,43592.0,10,1,85,78,94,94,19,40,2,6,7,7,7,7,3,3,9,10,7,3,3,8,6,5,10,7,1,8,10,9,0
1,31,40,3,2,0,6,4,6,7,15,2,109085.0,880,38752.0,10,1,74,86,53,78,72,28,4,9,6,9,8,5,2,4,2,5,4,1,9,6,7,7,4,9,8,8,1,3,0
1,20,43,4,2,0,9,5,7,3,5,1,26252.95,1463,36276.0,3,6,25,49,88,39,55,44,3,9,3,1,1,2,8,7,1,9,1,9,10,9,7,1,10,5,9,7,5,3,1
1,28,36,5,1,0,1,2,5,4,10,2,79587.0,1178,33150.0,1,9,68,61,31,29,73,68,7,8,2,3,5,5,6,7,9,5,6,9,6,6,7,2,7,1,6,6,5,4,1
0,20,28,3,2,0,1,3,2,5,17,7,47645.0,851,17768.0,9,8,8,26,92,16,9,65,4,5,5,1,8,5,5,1,10,5,8,1,8,3,7,2,9,6,1,9,6,6,0
1,36,33,3,3,1,7,2,6,7,7,8,72003.0,1404,18799.0,3,9,4,33,33,32,65,63,7,6,2,2,2,2,8,2,2,3,3,6,3,6,1,1,7,10,6,3,2,8,0
0,27,40,1,3,0,6,1,6,4,16,9,139613.0,1108,25498.0,1,6,39,21,77,9,6,5,4,4,5,2,2,4,3,2,2,6,3,5,10,5,1,2,8,8,9,3,4,1,0
0,43,43,6,1,0,5,1,1,2,14,13,133215.0,1508,22951.0,2,4,27,30,70,4,56,88,8,3,3,6,7,6,7,4,4,8,9,3,6,7,5,9,2,2,3,5,1,2,1
1,32,29,5,4,0,2,3,4,2,5,8,133316.0,866,24899.0,8,8,17,16,21,49,95,8,5,3,8,3,9,7,6,9,5,9,5,10,9,10,1,8,10,6,10,3,1,7,0
0,28,43,6,3,0,4,4,4,3,17,11,26252.95,1049,13159.0,1,7,51,13,79,35,50,46,10,1,7,3,9,8,2,6,7,10,3,2,3,8,1,2,9,6,3,4,1,3,0
1,32,25,2,6,0,5,1,4,4,10,17,47829.0,1533,19829.0,8,8,46,81,80,96,85,6,2,3,1,9,8,9,5,3,10,3,1,10,10,4,9,1,2,9,7,9,10,10,0
0,43,20,4,4,1,4,2,1,6,9,4,30570.0,1239,49091.0,7,5,70,94,4,10,95,26,1,9,2,9,4,3,6,6,7,6,6,8,5,6,5,7,9,2,4,8,8,6,1
1,43,19,4,2,0,6,6,7,3,18,11,52488.0,1218,37984.0,9,1,84,24,80,4,45,37,4,8,2,10,2,10,3,3,9,1,9,8,6,2,1,8,1,10,7,1,6,5,0
0,41,23,1,1,1,9,2,4,2,16,9,138953.0,837,13326.0,7,6,67,44,69,49,77,94,3,5,8,6,4,6,3,10,1,4,7,8,6,5,4,4,8,9,9,10,6,10,0
0,30,33,1,1,1,3,5,6,2,9,12,27692.0,958,15008.0,10,8,96,35,50,4,8,81,6,5,1,3,4,1,5,3,10,2,3,3,4,10,4,1,1,4,4,1,8,9,0
1,22,37,4,3,0,4,2,6,3,5,9,134389.0,1053,12502.4,6,6,48,75,5,57,73,85,6,8,2,6,10,3,6,9,4,5,5,8,8,6,5,8,7,5,10,5,1,5,0
1,21,41,1,2,0,1,3,2,6,16,2,30024.0,1258,50878.0,6,8,37,94,47,30,36,65,1,5,8,2,8,7,4,1,5,1,1,2,4,5,4,8,7,1,9,10,5,2,0
0,30,32,4,5,0,9,4,7,1,9,3,62153.0,1200,14702.0,8,7,32,46,80,12,95,96,5,7,2,5,4,6,7,2,4,7,2,6,8,3,5,4,9,9,2,10,3,1,0
0,26,31,5,6,0,2,6,5,6,4,1,26252.95,1426,14630.0,10,4,26,37,56,9,75,37,6,5,1,7,9,5,9,4,2,4,1,4,5,6,10,4,6,6,10,5,1,4,0
1,42,19,5,6,0,8,2,2,5,5,10,77180.0,1193,53126.0,9,4,45,40,78,14,62,45,6,10,3,8,6,10,10,8,1,8,6,7,2,6,8,5,10,5,6,7,10,2,0
0,34,37,2,5,0,5,1,4,5,8,8,30224.0,1396,46704.0,4,2,13,4,96,65,9,45,7,8,2,4,6,5,5,9,9,2,4,7,5,6,7,10,3,3,2,1,9,3,0
1,19,35,6,6,1,8,2,1,5,3,9,128781.0,1297,56312.0,5,7,96,9,27,45,27,4,6,8,7,2,2,8,7,4,4,4,5,2,2,2,2,3,9,9,8,6,10,6,0
0,41,31,3,4,0,9,2,3,3,16,13,68264.0,969,57566.3,10,8,10,32,18,81,50,34,10,3,3,2,9,9,1,9,4,1,1,8,1,6,4,9,2,2,5,8,10,4,1
1,22,35,3,2,0,6,2,5,6,12,8,111111.0,891,57102.0,7,3,4,88,85,95,61,28,10,5,6,4,10,5,6,5,5,6,8,6,3,10,3,6,10,3,1,4,4,2,1
0,33,19,1,3,0,9,5,2,1,17,1,125436.0,876,36473.0,3,4,26,91,82,57,49,42,3,7,5,10,9,7,4,9,7,2,1,1,9,7,5,2,4,8,9,1,8,6,0
1,24,19,2,3,0,9,5,6,5,15,17,134039.0,1459,51904.0,10,5,79,95,86,96,80,77,10,10,8,2,5,8,1,9,7,8,2,2,5,7,10,1,8,5,9,4,2,4,0
1,19,37,2,1,0,8,5,3,2,15,10,67081.0,1116,16032.0,8,1,60,79,71,15,76,11,6,3,8,9,7,7,7,7,3,2,1,1,2,9,5,3,3,9,7,3,7,4,0
0,43,19,5,6,0,5,2,1,2,5,17,26252.95,1548,14421.0,9,3,57,12,69,87,80,96,2,6,5,5,5,6,2,3,6,2,5,8,4,5,9,8,1,9,4,5,8,8,1
1,29,26,1,2,0,1,2,1,3,9,3,143471.34999999998,1527,21703.0,4,5,51,20,73,53,17,81,6,6,1,10,3,2,6,10,8,6,5,10,6,3,1,10,3,7,8,5,5,10,0
0,38,26,6,3,0,6,1,5,1,15,9,143471.34999999998,1295,54068.0,6,5,17,80,95,66,44,47,1,5,3,10,6,4,9,10,3,2,9,10,6,10,10,5,3,1,3,7,9,2,0
1,28,33,4,4,1,3,1,7,2,5,6,42934.0,1042,51125.0,6,5,60,12,65,45,93,96,9,2,3,7,7,9,4,7,4,5,1,10,10,1,2,2,2,8,7,3,2,7,0
1,29,28,6,3,0,1,2,4,5,17,17,127587.0,911,57566.3,10,4,96,18,17,68,91,96,2,9,1,3,5,2,6,6,9,6,4,10,10,9,6,1,4,5,9,3,8,10,1
1,36,43,6,5,0,6,1,5,5,4,1,56440.0,1397,57566.3,8,9,45,54,93,32,11,87,9,3,5,2,1,8,1,5,1,5,6,1,7,6,10,10,6,2,1,9,7,8,0
0,43,40,4,5,0,4,3,6,2,4,1,138922.0,1539,23624.0,5,8,32,41,13,49,93,91,9,6,1,1,2,6,3,3,8,10,4,8,4,4,7,7,7,6,7,4,2,6,0
1,29,23,6,2,0,8,2,3,2,18,15,119399.0,1258,21080.0,3,1,71,40,96,30,91,96,9,8,2,3,2,10,10,8,6,10,10,4,3,4,5,6,3,8,8,7,5,10,1
0,29,29,3,6,0,6,5,7,3,8,17,67846.0,1151,57566.3,2,9,66,46,44,61,5,48,8,9,1,5,9,4,10,8,5,9,1,8,9,5,7,6,6,7,6,2,9,7,0
1,31,20,6,3,0,7,1,7,1,15,2,42589.0,1408,34284.0,1,6,39,25,84,58,68,4,10,4,1,7,1,10,4,7,3,6,9,1,1,7,7,4,1,4,5,10,6,2,0
0,19,29,5,1,0,4,3,1,2,4,16,77177.0,1516,54848.0,8,3,5,59,38,30,73,14,9,8,7,6,6,5,7,10,6,10,8,2,5,10,8,7,5,3,3,6,9,7,1
0,19,40,6,2,0,9,2,4,1,11,8,128260.0,1559,13406.0,8,4,68,28,86,71,18,37,6,4,6,7,4,1,4,5,2,1,6,1,5,4,2,5,7,8,4,4,9,3,0
0,42,19,5,2,0,8,1,1,1,14,10,78717.0,1355,41577.0,1,9,51,66,4,4,49,94,10,9,5,7,10,7,10,2,4,7,9,4,1,1,6,9,8,10,3,6,10,5,0
1,21,26,3,2,0,10,2,6,2,18,1,57481.0,1012,16591.0,8,7,57,50,35,70,23,15,1,10,8,2,3,6,1,1,2,9,5,4,3,3,1,1,6,3,4,9,10,9,0
0,37,37,6,6,1,7,1,6,5,12,2,69943.0,862,36173.0,7,1,21,20,96,75,46,47,3,9,9,6,7,7,1,10,3,10,5,7,6,9,10,3,4,5,5,6,8,4,0
1,40,39,2,5,0,2,1,6,5,14,9,109723.0,1442,57566.3,8,9,60,39,65,96,49,4,7,7,1,10,6,10,9,9,5,8,1,6,2,5,3,2,6,9,2,5,2,8,0
0,43,23,4,3,0,7,4,7,1,4,17,111409.0,1001,15323.0,2,7,93,75,37,92,29,52,6,6,10,10,2,9,2,3,9,6,5,10,6,3,7,3,8,9,9,3,1,9,0
0,33,28,1,3,0,5,5,5,6,6,6,67213.0,1132,48080.0,6,8,90,4,4,49,29,66,7,7,8,4,6,5,5,9,3,6,7,1,3,4,4,2,4,8,3,7,2,4,0
0,27,20,5,5,1,8,6,6,5,13,6,74041.0,1011,49060.0,2,6,82,82,69,57,22,35,2,8,8,4,4,7,3,5,3,1,8,3,1,7,5,9,4,3,9,7,3,9,1
0,30,21,5,1,0,2,6,4,7,7,10,68675.0,1004,25286.0,1,2,40,80,4,45,14,51,4,9,6,10,2,10,5,1,2,9,1,8,3,9,6,4,9,8,3,1,4,2,0
1,19,43,2,6,0,2,4,5,1,14,3,143471.34999999998,838,45209.0,7,3,70,64,22,4,91,9,7,4,10,2,8,10,3,7,9,10,3,1,2,3,8,7,6,7,9,3,3,9,0
0,20,27,1,1,1,6,6,4,5,10,11,141470.0,1064,35144.0,5,2,55,59,9,28,37,96,7,10,2,4,5,1,9,3,8,3,6,3,4,1,6,2,8,7,3,9,10,9,0
0,36,36,3,3,1,4,4,1,5,16,5,106956.0,1205,13462.0,1,7,95,50,27,71,38,23,1,10,8,4,2,3,10,5,2,1,1,1,4,1,4,6,6,3,10,5,10,6,0
1,23,23,3,2,0,10,2,4,4,1,17,102519.0,1327,53319.0,7,2,78,95,33,70,90,67,4,6,1,10,1,7,10,8,4,7,5,4,9,4,9,6,5,7,1,1,9,7,0
0,36,19,1,3,0,7,2,5,2,2,8,143471.34999999998,1437,46593.0,5,8,24,50,43,4,79,4,1,5,3,8,4,10,5,5,10,5,7,9,7,5,9,4,5,7,3,7,1,9,1
0,43,25,4,6,0,6,5,5,6,10,9,46919.0,1412,48696.0,6,9,18,38,35,22,15,53,1,2,4,9,10,3,7,6,1,6,1,7,9,8,10,7,9,4,2,7,5,2,0
0,38,25,3,1,0,1,2,4,2,1,6,119516.0,1391,46168.0,2,9,96,4,42,54,63,24,4,5,7,2,7,5,2,9,1,9,6,1,4,6,2,7,4,9,1,3,10,3,0
0,37,42,2,1,0,8,5,2,5,6,16,31997.0,837,57566.3,3,9,38,15,69,93,32,55,7,1,2,6,3,4,4,9,4,8,6,4,3,8,9,9,5,1,7,8,10,1,0
1,36,23,2,6,0,9,1,6,5,5,11,47325.0,1527,12502.4,10,7,4,32,53,21,44,90,2,9,4,2,1,8,10,9,1,8,7,10,9,2,4,3,1,2,2,10,2,6,0
1,25,34,5,3,0,10,3,2,6,2,1,26252.95,1412,33198.0,7,8,30,49,95,48,26,71,2,1,6,4,10,3,2,6,5,7,2,9,2,4,4,5,1,9,3,5,3,3,0
0,31,36,5,3,0,1,1,6,6,7,13,71330.0,1151,37557.0,1,2,22,53,13,24,54,37,10,5,1,5,5,6,5,8,10,3,6,9,5,3,1,3,3,7,7,2,4,9,0
1,27,19,1,4,0,7,6,1,5,12,1,67272.0,1073,33782.0,7,2,96,10,28,51,89,90,2,5,1,1,4,9,4,8,3,2,6,2,9,9,1,1,10,8,3,6,9,8,0
1,20,32,5,3,0,1,4,7,1,18,8,121599.0,1383,40133.0,10,8,64,72,35,10,5,12,10,5,6,3,3,7,7,5,4,8,4,9,9,7,8,5,2,1,2,5,8,5,0
0,23,30,5,5,1,8,5,6,4,7,12,143471.34999999998,1104,39718.0,10,2,66,14,82,87,88,35,10,1,4,5,5,4,5,4,8,8,5,8,8,5,8,2,9,2,3,8,10,9,0
1,32,38,5,5,1,3,3,1,6,6,12,139837.0,1024,20369.0,5,2,7,95,85,80,26,70,4,3,5,7,7,7,3,7,4,8,4,10,3,2,7,6,4,3,1,5,2,8,0
0,40,20,2,4,0,2,1,5,6,13,17,80200.0,1008,53661.0,7,7,42,74,32,17,74,21,9,3,2,1,9,4,4,4,5,4,3,6,4,10,1,10,2,3,8,2,5,8,0
1,40,19,4,6,0,2,1,5,7,17,8,92137.0,888,57566.3,9,7,60,74,51,36,81,19,2,8,8,7,9,7,4,7,5,6,4,3,1,3,3,1,7,2,2,10,9,3,0
1,35,20,4,4,1,8,2,3,2,6,6,135535.0,837,46089.0,3,3,92,33,22,20,44,45,1,1,8,9,8,8,5,4,10,7,8,1,10,6,9,7,3,10,8,5,5,3,0
1,31,26,3,3,1,5,3,7,2,3,5,129896.0,923,36062.0,10,7,93,56,91,44,93,67,9,7,1,9,9,3,9,9,1,9,7,3,9,5,8,7,2,10,1,4,2,4,0
0,36,43,6,2,0,10,3,6,1,17,8,74165.0,1559,28500.0,7,2,23,95,64,29,61,89,4,4,6,2,5,7,3,6,10,6,8,3,3,3,4,1,7,5,1,10,10,7,0
1,43,33,1,2,0,4,5,4,3,13,15,45499.0,1207,12502.4,6,2,4,90,16,91,58,12,8,9,9,2,9,9,6,7,9,8,6,3,10,7,9,9,9,9,7,4,7,10,0
0,27,41,2,5,0,9,1,5,7,12,2,91633.0,1550,30998.0,3,6,69,55,51,46,32,16,5,9,6,1,5,7,7,5,5,4,5,7,4,9,3,6,7,8,8,4,9,5,0
0,32,30,4,6,0,5,6,4,2,3,15,108816.0,1559,50015.0,2,6,57,23,82,96,32,57,4,2,10,8,6,5,10,1,1,10,3,2,1,4,4,2,8,7,1,8,3,2,0
1,21,36,5,4,0,9,6,1,5,17,9,55766.0,1341,43969.0,5,3,58,10,38,11,42,37,8,5,9,7,2,4,9,9,3,9,1,5,8,4,6,3,8,8,4,9,5,8,0
0,40,43,5,1,0,8,6,4,4,18,2,118963.0,1284,52800.0,9,7,96,84,42,72,72,96,6,10,8,8,2,10,7,1,3,5,5,5,2,8,1,9,9,5,1,9,4,7,0
1,19,35,4,4,1,9,5,4,1,9,15,53426.0,1260,15276.0,3,6,61,55,92,94,83,6,7,1,2,3,5,7,7,2,7,10,4,2,7,8,5,3,10,9,8,7,4,10,0
0,20,38,3,6,0,6,5,4,4,6,2,137134.0,993,54913.0,3,4,15,95,90,74,62,32,7,1,6,6,7,3,7,1,10,5,5,6,4,6,6,8,4,4,10,5,6,9,0
0,24,29,2,3,0,5,5,4,1,18,9,143471.34999999998,864,36294.0,7,6,4,23,88,61,76,13,3,3,8,2,1,2,7,4,4,8,10,5,1,6,5,2,3,7,3,5,4,8,0
1,40,29,5,1,0,5,5,2,6,8,3,49765.0,1273,12502.4,10,6,89,20,39,48,53,24,6,5,8,4,1,4,10,10,4,6,10,5,3,9,2,6,3,9,8,3,4,7,0
1,33,19,2,3,0,4,2,4,3,16,4,47868.0,1035,29390.0,9,1,10,21,8,46,76,64,3,5,2,10,4,2,5,1,1,4,10,2,10,5,9,8,7,3,9,10,2,6,0
1,27,37,5,3,0,3,3,2,4,17,9,118153.0,1507,36818.0,10,3,52,87,80,46,35,28,8,8,10,4,3,9,9,8,6,2,6,3,10,7,10,1,4,9,3,3,4,9,0
1,36,25,4,4,1,9,2,6,3,6,11,102577.0,1153,55224.0,8,8,56,17,72,9,27,78,10,6,8,3,5,9,10,5,2,6,9,1,6,5,10,8,1,6,5,5,8,8,0
0,34,34,1,4,0,4,4,1,2,15,11,130146.0,1474,37388.0,9,9,55,31,70,68,47,17,10,4,1,4,5,10,8,2,10,7,10,4,1,8,5,3,1,5,5,1,9,3,0
0,36,38,6,6,1,3,3,1,5,2,15,87273.0,1201,31336.0,6,3,15,81,54,85,69,12,6,2,3,2,10,7,3,8,7,1,1,1,1,2,9,4,7,6,10,8,1,6,1
0,22,37,5,3,0,8,4,4,3,15,4,48360.0,1203,55784.0,2,5,11,44,96,68,27,81,1,1,3,8,8,3,10,7,7,3,5,5,1,7,9,1,6,6,9,9,7,7,0
1,40,39,4,1,0,10,3,2,5,8,13,26252.95,1050,53673.0,5,7,76,36,7,96,16,19,6,5,6,8,9,1,1,5,7,4,9,10,5,6,6,5,2,8,8,3,2,4,0
0,37,24,1,4,0,9,2,3,1,16,1,26252.95,1268,51273.0,9,8,76,52,32,71,33,5,2,10,2,2,3,3,3,6,2,3,7,9,8,6,2,2,3,4,3,5,9,8,1
1,30,26,2,5,0,1,1,7,5,5,1,110121.0,1119,21751.0,2,2,69,51,74,8,63,94,7,5,8,2,10,3,2,2,7,6,2,2,5,1,9,9,2,5,1,5,5,8,0
0,30,34,1,3,0,1,5,6,7,3,5,48461.0,895,52349.0,7,9,37,95,12,96,93,38,4,8,1,8,2,10,5,6,7,8,8,3,5,2,6,3,8,8,10,4,8,6,0
1,28,43,1,2,0,3,2,1,7,15,6,110325.0,1272,26700.0,4,2,36,29,49,96,13,77,9,2,3,8,9,4,5,9,1,8,4,4,5,2,6,2,6,3,3,10,1,3,0
0,28,27,3,3,1,8,1,6,5,8,1,47602.0,837,32509.0,6,4,4,24,96,8,95,75,4,8,7,7,10,7,2,10,2,4,9,7,3,7,3,3,2,8,1,7,8,9,0
0,33,21,4,1,0,1,3,4,5,8,5,68260.0,1481,13823.0,9,4,33,17,4,8,82,36,6,4,6,8,8,5,8,2,5,6,9,2,10,9,1,6,7,8,10,9,1,10,0
1,32,39,4,1,0,2,5,6,3,13,15,139237.0,1401,27705.0,10,9,70,93,23,12,39,69,3,7,5,7,1,5,3,4,3,5,4,8,1,1,6,10,1,8,5,8,3,5,1
0,34,43,3,4,0,6,1,5,5,14,16,138823.0,1434,56591.0,5,3,38,81,41,94,49,90,1,2,2,8,4,9,1,7,1,9,9,3,10,7,10,3,10,9,8,3,2,10,0
1,39,24,6,4,0,7,3,1,7,9,7,89140.0,837,44295.0,2,8,96,35,53,68,29,5,7,10,7,10,10,8,6,7,10,9,3,4,1,10,4,6,8,9,8,6,1,10,0
0,35,24,5,2,0,9,2,5,2,14,6,26252.95,1339,29111.0,8,2,67,31,14,81,59,31,7,1,7,5,2,2,4,8,1,1,4,6,1,6,8,4,3,8,2,2,2,2,0
0,36,25,1,5,0,6,1,2,2,11,6,67641.0,1443,40454.0,3,3,6,7,23,48,85,59,1,3,4,5,9,5,5,2,10,5,7,10,3,7,1,8,3,8,10,3,10,3,0
1,21,43,4,3,0,4,3,1,3,3,8,118195.0,864,33560.0,4,1,81,4,89,87,90,25,4,8,6,3,7,6,9,7,8,6,5,8,9,5,8,5,10,1,5,1,2,2,0
1,39,41,2,6,0,5,6,1,2,1,16,85303.0,1027,16412.0,2,4,85,22,4,43,74,96,9,6,2,5,2,6,4,4,10,10,8,7,7,2,3,4,10,7,9,10,8,8,1
0,39,41,4,5,0,9,5,6,3,12,14,93488.0,1317,56365.0,5,1,45,33,35,96,35,41,6,3,2,3,5,8,5,7,9,9,3,4,5,7,10,6,8,1,2,4,7,8,1
0,40,25,6,2,0,2,2,5,4,16,7,26252.95,1358,25675.0,5,4,50,75,73,40,48,49,2,9,2,7,7,3,1,4,4,9,5,7,7,9,5,5,4,7,7,4,3,9,0
0,22,33,3,4,0,9,3,6,7,5,10,86102.0,1030,42677.0,6,9,39,94,4,9,57,4,6,5,4,4,10,4,4,7,1,5,8,1,5,1,5,7,2,9,1,4,6,3,0
0,24,29,6,3,0,6,1,4,4,13,17,104519.0,1464,16000.0,8,1,81,15,43,96,46,49,6,2,3,4,10,9,10,9,4,7,1,3,5,7,3,1,7,3,3,10,10,8,0
0,19,32,2,3,0,10,4,2,3,16,15,36756.0,851,25642.0,3,3,4,95,19,65,25,48,5,4,3,7,8,4,1,8,10,1,1,2,9,10,8,5,8,7,8,8,9,2,1
0,19,25,5,5,1,5,2,7,4,7,4,57549.0,1497,49249.0,6,6,4,92,4,50,72,78,10,8,4,1,2,7,3,2,4,4,5,1,4,8,5,8,3,1,3,7,7,3,0
1,29,39,3,4,0,3,4,2,4,8,6,71136.0,1450,55266.0,6,7,89,26,63,61,85,94,2,5,5,1,1,10,4,3,9,4,6,1,9,3,5,2,7,2,8,9,5,10,0
1,27,26,2,1,0,10,1,3,3,18,1,143471.34999999998,1325,29723.0,5,4,16,31,71,29,33,13,10,7,5,8,2,4,5,5,5,5,2,8,10,8,8,6,4,6,8,10,2,3,1
1,25,20,3,5,0,4,3,5,3,12,12,94053.0,1183,56568.0,9,9,96,4,50,12,73,15,6,5,4,7,1,4,9,7,8,4,5,10,5,2,9,1,1,6,5,7,7,9,1
0,19,39,2,4,0,6,6,5,3,9,2,133363.0,937,12502.4,10,7,10,48,26,96,5,76,7,4,6,7,5,5,1,8,7,3,2,10,4,3,6,3,10,4,8,4,10,2,0
0,29,38,4,5,0,7,4,4,1,2,1,69882.0,1061,56241.0,2,1,83,51,24,78,95,57,3,1,1,10,1,5,6,5,7,9,3,10,10,1,7,9,3,7,7,2,3,2,0
0,19,33,3,4,0,7,2,7,2,18,9,37370.0,1246,56202.0,2,3,88,7,50,43,85,68,3,10,4,5,9,3,4,8,7,9,8,8,3,1,5,6,3,6,3,8,4,5,0
1,43,32,5,2,0,9,2,3,6,9,7,56229.0,1229,26200.0,6,8,80,45,32,79,36,30,7,1,10,9,2,4,2,2,5,7,5,6,4,6,1,2,4,2,8,1,5,4,0
1,27,41,5,5,1,8,2,7,3,17,1,103538.0,1250,26765.0,9,7,62,84,86,33,12,45,9,10,3,3,10,8,4,10,9,5,9,10,2,4,3,6,8,2,4,10,6,3,0
0,39,21,3,6,0,9,6,1,2,4,2,62860.0,1192,38144.0,3,9,19,83,53,4,5,10,1,9,8,7,1,6,5,5,6,6,5,1,1,7,2,7,6,9,8,9,5,3,0
0,34,37,2,4,0,4,6,5,1,11,16,89585.0,1163,48770.0,7,8,67,21,90,88,93,46,1,10,1,10,5,6,5,8,4,5,4,6,9,6,1,4,10,6,1,2,2,3,1
1,43,33,3,2,0,7,2,2,7,17,13,35715.0,1191,36987.0,5,2,56,12,24,27,93,24,2,1,5,4,3,3,1,8,10,4,9,7,6,8,5,6,8,6,5,4,1,1,0
1,20,27,1,1,1,5,4,1,1,18,13,44923.0,863,24688.0,7,9,72,95,84,74,79,52,10,5,4,10,2,9,4,2,10,8,3,8,3,8,9,10,9,10,3,4,10,10,0
1,24,28,6,6,1,8,2,1,7,2,11,113166.0,1356,33159.0,5,8,27,89,29,36,22,27,5,6,10,5,8,8,10,7,4,5,7,8,9,4,4,2,1,4,10,10,7,8,0
0,29,43,3,3,1,7,2,4,3,15,17,120982.0,868,43830.0,6,3,30,25,90,94,76,55,9,1,2,7,10,3,10,1,7,5,8,1,9,10,5,1,6,9,1,8,4,8,0
0,25,22,6,5,0,9,5,6,1,6,3,86312.0,1134,28771.0,8,6,91,57,49,70,8,26,10,2,7,5,3,8,8,10,9,1,4,6,7,3,1,2,10,6,3,1,1,10,0
0,37,28,4,5,0,7,3,2,6,8,15,79108.0,1559,53350.0,3,6,47,81,7,21,44,13,1,8,10,5,2,7,8,3,3,4,4,9,7,4,7,10,10,5,3,8,2,6,0
1,29,30,4,4,1,7,1,7,3,6,8,26252.95,1208,15643.0,1,1,58,33,71,96,5,4,5,4,5,2,1,1,7,6,9,7,9,10,8,6,10,10,8,10,9,3,9,4,0
1,20,32,3,2,0,4,3,5,5,12,8,143471.34999999998,988,12502.4,9,8,36,84,27,39,86,4,3,9,3,5,7,6,10,7,5,10,9,8,1,1,7,5,1,5,3,7,2,6,0
0,34,23,3,3,1,9,3,7,6,1,2,129112.0,1269,46016.0,5,6,39,45,38,57,41,40,1,6,10,10,5,2,4,8,8,7,6,10,4,5,6,10,9,7,8,8,1,5,1
0,26,33,5,2,0,1,3,5,4,18,4,110133.0,902,49520.0,5,9,57,70,72,28,69,52,7,8,10,5,5,5,4,7,4,5,3,3,10,4,3,8,1,5,3,5,2,4,0
1,27,32,4,6,0,9,2,4,3,17,15,65151.0,1540,25320.0,4,3,47,40,62,8,26,96,2,1,8,8,9,2,5,5,8,7,8,5,3,10,3,2,7,10,10,6,8,6,0
0,39,28,5,6,0,2,6,6,2,15,13,117633.0,1101,29261.0,7,6,23,25,65,75,65,96,8,9,6,4,3,6,10,6,7,2,4,2,7,6,4,9,4,7,8,8,6,2,0
1,23,37,1,5,0,7,5,2,1,15,17,118783.0,1183,14381.0,2,8,96,31,56,48,95,86,8,1,8,3,7,6,5,1,1,5,8,5,4,6,10,3,4,1,10,8,10,10,1
1,42,19,5,5,1,8,1,4,1,7,9,136194.0,1150,12502.4,3,2,5,13,46,83,36,72,5,10,5,10,3,1,3,9,10,9,10,1,2,10,4,5,6,3,9,6,2,8,0
0,19,19,3,2,0,7,5,7,4,1,4,97614.0,975,52270.0,2,3,96,4,64,94,88,37,8,5,4,9,7,5,8,6,1,3,9,7,9,2,5,5,2,4,7,1,9,8,0
1,39,29,5,1,0,9,4,1,4,17,5,138512.0,1466,35638.0,9,1,38,8,29,10,67,92,9,1,4,5,8,9,9,7,4,4,8,2,6,8,7,5,2,2,5,1,10,2,0
0,29,33,3,5,0,10,2,4,4,13,14,38619.0,837,26699.0,7,8,47,40,64,66,65,53,4,8,10,1,10,8,4,1,2,7,7,6,8,8,5,9,1,8,8,6,5,8,0
1,22,36,6,6,1,5,5,3,4,16,10,50668.0,1413,42713.0,2,9,69,76,72,72,11,86,10,8,10,8,1,9,3,10,10,3,10,4,1,7,4,6,6,1,6,1,9,9,0
1,30,19,2,6,0,9,6,7,4,4,9,26252.95,1190,42242.0,6,2,43,17,66,24,65,73,10,6,7,3,7,2,9,1,6,6,9,5,10,4,7,10,10,9,7,9,4,2,0
0,43,34,5,2,0,8,2,6,5,18,2,84603.0,1376,32932.0,4,6,18,66,41,45,81,82,7,10,5,8,8,5,8,6,2,8,10,10,2,8,7,1,3,8,9,5,2,1,0
1,32,31,3,6,0,9,2,4,4,10,11,37723.0,1394,52947.0,5,4,39,30,25,93,17,44,5,7,4,7,10,3,8,10,4,8,3,5,10,6,8,10,3,7,1,6,4,7,0
0,39,41,5,3,0,10,6,2,7,18,16,42788.0,1076,15120.0,4,2,94,85,58,10,45,93,3,9,1,10,6,7,5,3,9,2,4,5,4,2,1,9,10,9,5,9,7,6,0
0,28,33,5,5,1,3,4,7,7,3,6,134255.0,1317,55479.0,3,8,90,75,95,75,91,84,6,9,4,9,2,6,3,2,3,8,8,1,9,9,5,6,3,1,10,5,7,1,0
1,25,22,1,4,0,7,3,6,3,16,13,50383.0,1460,27076.0,1,9,19,81,24,96,5,70,7,5,1,9,1,7,1,8,10,2,4,8,1,6,9,1,3,6,8,9,9,9,0
0,22,27,2,1,0,7,2,5,1,10,8,74405.0,974,48913.0,10,4,67,94,10,24,70,48,7,3,10,7,8,9,6,8,7,4,3,7,10,9,2,8,5,9,8,8,4,5,1
0,19,34,4,6,0,9,4,7,2,12,13,54056.0,1061,15112.0,10,4,42,17,76,32,56,74,7,10,8,3,9,1,7,1,9,2,1,9,7,6,9,3,1,10,2,9,2,5,0
0,29,30,2,6,0,1,1,7,2,1,13,89677.0,1407,30344.0,2,3,92,69,92,12,16,66,10,1,1,4,2,1,7,4,3,1,5,1,8,4,8,2,3,4,8,3,7,8,0
0,19,33,4,3,0,1,4,3,1,11,4,118717.0,1192,13051.0,8,4,7,95,7,30,81,75,8,1,6,7,9,7,4,6,6,7,3,6,5,6,2,3,10,6,3,3,1,4,0
0,43,26,4,2,0,7,6,4,7,9,1,39549.0,1090,31201.0,9,2,66,86,30,23,80,64,2,5,2,9,10,4,8,6,10,3,9,7,4,1,2,10,10,3,2,6,1,7,0
0,33,41,6,4,0,5,6,6,7,2,7,90352.0,995,22386.0,9,6,87,4,56,61,32,11,4,1,7,1,2,9,9,7,6,4,8,2,5,7,2,3,7,5,10,8,8,4,0
1,38,21,6,3,0,3,2,4,6,13,15,58736.0,1060,36670.0,2,4,39,63,47,45,73,80,1,9,4,3,7,4,8,10,9,9,7,4,3,6,3,6,8,4,2,3,10,1,0
0,20,41,1,3,0,10,5,2,6,15,8,72316.0,983,51122.0,2,5,96,93,96,4,43,80,5,6,10,6,3,9,2,7,7,9,8,3,2,1,6,9,2,7,7,9,3,1,0
1,27,43,6,4,0,5,5,6,1,8,16,93031.0,1049,40137.0,7,7,10,84,33,8,92,4,8,10,7,10,6,3,7,6,5,5,7,9,10,1,4,2,9,2,6,10,10,9,0
1,36,33,2,4,0,1,1,4,4,13,14,63716.0,1394,55755.0,10,3,5,76,4,92,11,32,9,5,7,7,8,1,4,5,10,5,2,7,8,9,3,2,2,8,10,1,8,3,0
0,25,40,5,3,0,7,4,2,5,15,13,134309.0,1319,45065.0,2,3,96,45,63,82,24,82,2,2,2,8,6,9,4,1,1,3,3,4,9,6,8,9,2,5,3,5,1,10,0
1,24,43,4,3,0,8,4,2,3,14,5,118224.0,904,17309.0,6,5,90,58,81,20,82,72,10,6,5,1,10,6,3,9,7,2,2,5,9,7,6,8,5,5,2,1,6,2,0
1,19,28,4,3,0,2,5,1,3,10,9,137106.0,1442,34267.0,10,7,4,53,61,71,54,81,8,6,3,4,4,5,3,2,9,1,9,10,10,3,1,2,10,8,9,10,8,8,0
0,29,24,6,5,0,5,4,2,3,4,6,26252.95,979,32567.0,8,3,94,69,32,85,95,15,9,9,5,3,5,5,9,1,5,5,7,10,6,7,1,5,7,9,10,3,6,7,0
0,22,34,5,2,0,4,4,6,4,10,5,57532.0,1208,53609.0,2,8,53,49,40,43,95,73,9,7,3,10,3,1,1,6,8,7,3,2,10,10,4,1,5,7,5,4,5,9,0
0,33,39,6,2,0,6,6,5,1,11,12,72925.0,876,12502.4,7,5,30,16,96,80,15,92,5,2,9,8,10,1,3,8,8,1,5,3,4,8,10,4,6,8,6,5,8,4,0
1,42,30,3,6,0,5,6,4,6,15,2,99463.0,1061,53511.0,7,6,70,11,95,88,75,24,1,10,1,8,3,9,6,6,1,9,9,4,4,9,2,4,6,3,4,6,5,9,0
1,21,21,1,4,0,5,2,4,7,13,16,61337.0,1384,26140.0,6,1,34,86,27,63,42,24,2,3,3,6,3,6,9,2,9,7,1,2,4,7,6,6,7,6,8,2,3,1,1
0,34,31,6,3,0,7,2,7,7,4,13,139675.0,1054,44528.0,10,7,24,64,92,27,15,81,8,4,3,5,7,9,2,6,5,7,10,7,2,8,4,6,5,8,2,4,7,6,0
0,41,27,6,3,0,8,5,1,2,15,9,91758.0,1334,18668.0,3,4,57,9,58,36,32,15,2,10,8,3,2,10,3,4,7,9,6,8,4,4,8,4,1,1,10,6,7,5,0
1,38,27,5,1,0,9,6,1,6,12,7,61083.0,1039,37362.0,2,6,45,73,77,14,39,50,2,8,10,4,2,2,9,7,3,5,2,5,6,1,2,1,4,3,2,4,7,4,0
1,19,27,1,3,0,10,1,5,3,5,12,58735.0,952,21624.0,3,7,7,28,6,24,17,6,3,10,2,9,10,4,9,7,10,6,9,10,4,9,4,1,1,7,2,9,2,9,0
1,29,43,4,5,0,9,3,5,6,17,8,108627.0,1006,12502.4,10,6,65,40,90,42,14,71,10,7,4,4,1,4,1,9,10,5,2,6,7,7,10,2,3,3,9,4,9,10,0
1,19,29,2,5,0,1,6,2,7,10,12,119610.0,1047,12502.4,8,1,60,4,79,39,75,70,1,8,8,7,5,2,4,2,8,1,3,7,8,9,4,3,8,10,7,7,10,4,0
0,29,19,3,1,0,7,6,5,5,10,2,134399.0,1156,33405.0,2,3,96,74,6,26,23,9,10,2,8,5,8,2,3,6,7,1,3,5,7,4,5,9,1,9,9,2,2,7,0
1,29,43,6,3,0,3,3,7,5,10,9,88806.0,1070,22564.0,5,6,71,25,58,4,20,6,8,1,1,10,2,3,6,5,3,8,6,4,3,4,8,7,8,6,5,2,1,10,0
1,29,40,6,1,0,2,3,6,1,15,8,143471.34999999998,857,55113.0,2,6,96,50,54,15,21,32,2,5,7,2,9,10,8,7,8,6,3,4,6,3,10,6,10,4,9,10,4,5,0
1,36,26,1,1,1,10,2,2,2,8,13,37430.0,837,48130.0,6,4,37,94,5,29,92,34,9,4,6,10,8,10,8,6,3,4,1,9,9,2,8,4,2,5,4,8,2,4,0
1,42,22,2,5,0,10,3,4,2,18,2,86277.0,1393,47554.0,9,2,30,43,4,43,33,92,5,3,1,6,1,2,8,4,10,5,5,10,8,10,8,9,10,10,1,10,10,1,0
0,34,25,5,4,0,7,6,4,5,9,13,93090.0,872,18193.0,2,9,79,29,4,45,36,83,2,10,10,7,8,3,7,4,7,9,7,5,4,6,9,7,6,10,4,7,3,10,0
0,37,38,1,1,1,4,6,5,2,8,14,39557.0,1461,40985.0,4,7,24,17,54,32,50,67,5,1,6,5,9,2,4,5,2,1,1,1,4,9,7,7,6,9,10,6,5,5,0
1,41,31,5,3,0,5,4,6,7,8,4,55574.0,1558,23446.0,5,1,43,86,89,91,72,11,9,7,7,4,1,4,6,8,7,4,7,4,7,1,9,10,2,2,10,5,10,3,0
1,41,24,1,5,0,3,6,5,6,17,16,63716.0,1186,57519.0,7,1,12,40,17,4,25,33,9,7,6,5,8,6,6,9,3,6,3,9,2,9,3,7,8,3,5,4,9,5,0
0,43,24,3,4,0,6,5,4,4,18,12,31969.0,1539,14787.0,3,7,47,87,11,78,8,8,9,1,1,9,1,9,9,7,7,1,4,5,3,7,9,9,8,2,8,10,1,6,0
0,28,26,4,3,0,5,3,7,7,1,17,47657.0,962,50048.0,2,7,46,76,9,24,94,47,6,6,8,6,8,8,9,7,3,4,4,10,10,8,9,7,9,9,10,9,10,10,1
1,30,20,3,4,0,8,3,5,6,5,4,74015.0,1273,50839.0,3,4,19,72,96,91,6,62,2,5,9,4,4,10,2,10,9,8,8,3,5,10,7,7,6,8,6,7,5,10,0
1,43,31,1,2,0,1,3,6,1,18,12,104508.0,946,57566.3,6,7,4,52,40,73,49,38,9,4,6,8,9,4,5,4,9,6,4,8,9,10,8,2,6,7,6,5,5,3,0
0,25,34,5,4,0,6,5,3,6,6,13,78230.0,1069,54292.0,7,5,66,33,20,6,18,20,1,2,8,7,4,2,3,1,7,8,5,2,2,2,4,3,3,3,5,9,7,1,0
0,27,35,2,2,1,9,4,4,1,1,4,143471.34999999998,1007,22786.0,3,1,76,83,35,67,67,38,4,6,10,2,7,4,10,10,5,4,6,4,7,8,10,6,4,9,7,4,9,5,0
0,25,29,5,1,0,2,6,4,4,17,2,101028.0,897,47236.0,7,2,11,82,58,82,17,81,9,6,3,1,10,6,3,7,1,3,7,4,3,1,4,1,2,5,6,9,8,3,0
0,37,39,3,2,0,7,2,4,5,18,2,90419.0,1312,21896.0,7,1,49,87,27,84,13,24,6,1,3,3,5,10,10,9,2,8,8,10,6,7,5,3,2,2,1,2,1,9,0
0,25,31,4,6,0,8,3,2,3,1,6,143201.0,903,12502.4,10,9,25,92,6,81,84,8,4,10,6,6,7,7,7,3,7,9,8,5,8,4,2,6,5,8,3,9,6,3,0
0,26,43,1,5,0,4,4,6,4,15,9,91684.0,1081,32881.0,1,1,78,31,45,20,72,74,3,9,3,10,7,8,9,8,8,5,3,4,8,1,1,2,5,9,3,1,1,9,0
1,24,43,3,4,0,5,2,3,5,11,14,95894.0,1559,24477.0,4,7,4,95,29,96,78,65,9,6,10,6,5,5,4,5,2,9,4,8,7,5,9,6,7,7,1,6,8,5,0
0,31,30,5,3,0,4,1,1,6,13,2,93413.0,932,51912.0,2,4,81,46,73,84,54,32,4,5,5,3,1,10,5,8,9,3,7,6,5,1,3,8,10,9,6,2,6,5,0
0,19,31,2,2,1,8,1,5,1,11,5,72603.0,981,12545.0,7,9,58,82,49,32,61,44,3,3,7,5,6,1,2,4,1,3,4,1,9,5,3,9,9,4,1,5,7,10,0
0,42,26,6,6,1,7,1,5,3,15,3,74141.0,1368,18136.0,5,8,8,22,48,31,87,70,7,3,10,9,9,3,2,4,2,7,8,1,9,7,9,8,9,7,10,3,8,7,0
0,28,36,1,4,0,3,2,3,2,10,4,80858.0,1346,12502.4,7,6,76,6,87,49,7,91,7,8,2,8,5,9,4,6,2,3,2,6,3,4,10,1,6,10,10,2,6,5,0
1,25,43,2,3,0,3,5,3,3,4,10,29053.0,842,43314.0,6,7,89,55,75,78,27,83,1,9,1,8,6,10,3,5,4,7,4,4,4,2,10,9,5,9,4,5,6,7,0
1,30,19,3,4,0,3,4,4,3,14,8,44419.0,937,46008.0,8,4,77,8,4,4,55,11,5,3,8,8,6,5,2,9,8,6,2,8,1,10,5,2,5,10,10,4,2,1,0
0,38,28,2,6,0,8,1,1,2,3,11,113075.0,1559,24355.0,9,6,57,16,37,53,58,88,9,3,8,6,10,4,4,10,1,5,1,4,8,1,6,5,10,5,7,10,9,6,0
1,32,34,6,1,0,10,4,7,6,2,14,129030.0,1103,36868.0,5,8,85,90,54,27,18,71,10,1,10,9,2,7,9,3,1,3,9,5,4,7,2,4,7,1,1,6,8,2,0
1,20,19,3,1,0,4,3,4,7,17,7,76506.0,1306,50772.0,1,2,68,20,4,41,90,95,3,8,5,1,7,5,9,5,2,8,3,9,7,8,7,1,4,4,6,10,3,3,0
1,40,36,5,4,0,1,2,7,4,15,12,66945.0,1045,48794.0,7,7,52,85,88,22,63,12,9,5,9,4,2,2,9,6,8,9,10,5,1,9,6,2,4,2,10,6,8,6,0
1,31,24,6,5,0,2,4,4,1,15,7,39051.0,1045,39103.0,8,1,74,35,71,96,14,31,2,10,7,3,6,9,6,5,10,5,3,10,7,6,2,10,3,8,3,10,4,2,0
1,32,35,6,1,0,4,3,1,2,17,11,47984.0,870,38546.0,1,8,20,46,14,75,24,9,8,10,1,9,10,4,8,6,5,9,5,8,8,7,7,2,4,6,6,1,8,8,0
1,19,30,3,2,0,8,4,6,1,2,7,64193.0,1081,28489.0,8,6,40,85,55,6,12,54,6,5,3,10,5,2,3,6,1,8,2,3,5,2,2,9,1,7,9,2,2,3,0
0,36,22,3,2,0,2,5,4,7,15,15,41014.0,1031,12502.4,1,8,15,25,64,78,57,8,6,8,3,10,6,9,1,6,4,1,1,2,5,2,7,6,6,7,5,6,4,1,0
0,29,35,6,1,0,6,4,2,4,8,9,103635.0,1083,37741.0,2,5,79,72,8,41,5,52,3,5,7,6,9,1,2,6,7,8,6,5,4,5,4,10,3,2,2,9,5,6,0
0,42,40,6,3,0,7,4,7,6,7,7,121709.0,1292,33021.0,10,9,12,77,34,71,8,17,7,9,2,5,7,5,3,2,7,7,9,6,1,6,10,4,1,1,9,9,5,3,0
0,37,43,4,1,0,10,4,5,6,16,8,89682.0,1492,34910.0,8,6,13,8,90,37,90,68,9,8,7,5,8,5,10,6,9,4,10,4,4,6,3,4,7,3,6,3,5,4,0
0,21,41,3,4,0,7,3,3,4,3,15,42127.0,1109,20738.0,6,2,4,73,6,4,44,46,10,1,3,5,1,3,6,3,3,10,3,7,4,1,3,6,5,3,9,9,8,1,0
1,20,41,6,3,0,5,1,2,7,6,16,26252.95,1172,26103.0,8,2,9,68,54,29,65,49,7,8,9,1,6,2,2,1,3,1,1,7,2,5,1,4,7,4,7,3,1,2,0
0,22,33,6,3,0,8,5,6,6,5,16,38327.0,1181,38530.0,8,1,40,95,90,24,45,4,1,2,1,9,1,3,4,5,10,9,8,9,9,2,7,2,4,5,9,10,3,3,0
0,20,32,1,1,1,2,3,6,5,16,7,34304.0,879,37914.0,5,6,94,59,11,35,36,57,8,9,9,10,3,10,2,1,1,7,1,1,8,7,10,2,2,8,6,4,8,6,1
1,42,25,3,2,0,10,3,4,4,10,4,113230.0,1299,57566.3,4,6,4,54,38,4,17,50,5,1,4,4,4,9,5,6,2,4,6,5,6,3,7,2,5,9,2,5,6,2,0
1,32,43,6,4,0,7,4,1,7,18,4,75387.0,1076,17534.0,5,2,43,33,71,83,43,4,4,10,7,6,2,4,3,1,2,3,9,7,3,2,7,7,6,3,8,2,1,4,0
0,36,32,3,6,0,1,3,6,6,3,2,26252.95,1082,31961.0,3,9,46,4,74,72,54,58,7,7,1,10,9,7,2,2,10,4,7,3,1,4,4,7,3,7,7,5,4,5,0
1,19,42,5,6,0,1,6,2,7,15,2,124700.0,1345,24418.0,7,8,28,8,47,23,63,96,6,9,8,6,9,8,7,8,3,7,1,7,5,7,10,2,5,6,2,1,2,8,0
1,29,19,5,4,0,7,1,3,3,4,10,59585.0,1165,55331.0,4,7,70,69,58,56,83,5,4,8,2,5,9,4,3,3,8,7,4,5,7,1,1,7,4,1,2,5,8,2,0
1,22,34,6,5,0,9,4,3,2,3,7,34413.0,1082,47307.0,10,7,62,67,31,94,13,39,1,6,1,3,2,10,5,10,6,10,6,7,6,7,5,1,4,6,3,8,8,9,0
1,39,32,3,1,0,2,5,2,7,15,15,128531.0,1532,22451.0,5,5,5,70,64,79,75,14,2,9,8,8,6,6,4,1,7,2,1,9,1,3,4,8,10,8,6,7,9,10,1
0,34,31,4,5,0,8,1,5,5,14,6,68034.0,862,38817.0,9,9,5,8,18,4,20,89,8,9,6,6,3,8,6,9,7,3,9,8,5,9,9,10,3,9,7,5,5,4,1
1,31,31,6,2,0,6,3,6,6,15,2,99859.0,1261,15490.0,7,6,85,46,43,25,38,75,3,2,4,1,9,10,5,6,5,8,6,7,7,7,8,4,10,9,9,8,10,9,0
0,43,27,3,3,1,5,3,4,4,4,16,118752.0,1388,38569.0,4,3,20,34,21,42,5,69,8,7,9,1,3,2,3,5,7,1,4,10,2,9,1,6,7,9,1,6,8,2,0
0,39,19,2,6,0,5,5,6,6,18,17,55285.0,1094,21270.0,10,1,71,85,46,65,49,8,1,3,8,9,6,5,4,3,2,8,10,1,5,9,9,6,6,1,7,9,6,5,1
1,27,43,2,1,0,2,3,2,5,10,10,42652.0,1503,29849.0,7,2,79,4,26,18,58,30,1,4,10,7,8,7,7,7,10,10,10,10,1,5,10,6,5,3,1,10,10,6,0
1,20,23,3,2,0,10,4,6,6,9,12,84044.0,924,43125.0,4,1,69,7,24,4,41,38,8,2,1,8,1,2,4,9,1,5,2,5,5,8,5,9,4,2,10,4,9,7,0
1,21,34,4,3,0,3,6,1,3,1,12,50714.0,1049,22973.0,3,7,90,48,50,11,18,92,7,9,6,4,1,5,9,6,8,2,10,10,4,1,7,10,8,5,3,2,5,6,0
0,23,22,4,4,1,6,6,2,6,5,2,112149.0,1549,53241.0,1,3,76,7,86,11,79,47,5,7,3,9,4,6,5,10,8,2,5,9,1,1,8,3,10,6,9,8,4,5,1
1,41,22,4,5,0,1,6,6,1,2,10,75750.0,1169,37514.0,7,9,96,58,44,63,5,10,5,10,6,10,3,5,3,6,3,3,2,1,5,6,7,4,10,6,7,4,1,10,1
1,42,32,1,6,0,5,5,2,4,2,2,143471.34999999998,1559,13105.0,10,7,95,85,96,47,83,81,9,8,3,9,10,1,7,4,6,9,5,1,3,7,9,9,10,3,9,4,5,9,0
1,39,32,5,2,0,7,6,1,5,16,11,97701.0,1037,40664.0,8,6,27,74,59,74,95,51,6,5,4,10,1,6,6,5,9,8,1,9,1,10,4,9,2,10,8,3,3,3,0
1,33,37,6,1,0,9,2,1,7,13,2,65669.0,880,14143.0,4,3,60,88,4,9,51,42,1,9,6,5,3,8,9,4,9,3,1,3,5,9,6,5,6,4,6,2,5,1,0
1,24,28,6,4,0,7,6,2,7,10,16,32224.0,1496,18334.0,3,3,9,53,78,55,30,4,5,2,9,6,4,5,8,1,6,8,6,1,1,4,3,7,2,7,7,3,3,8,0
0,32,22,5,2,0,6,1,7,3,12,1,26252.95,1542,31719.0,6,1,16,28,70,8,67,92,8,6,3,8,7,1,2,5,10,6,5,2,3,4,4,10,7,7,3,8,1,6,0
1,38,19,6,5,0,8,5,6,1,15,1,103772.0,1468,38079.0,6,3,46,67,76,21,22,9,1,3,3,10,7,7,4,10,9,2,4,7,8,7,7,2,3,1,10,5,7,6,0
1,42,28,3,6,0,8,1,5,4,11,17,48950.0,1469,46220.0,2,9,8,16,64,58,56,22,7,2,7,9,2,8,2,7,9,7,1,3,6,4,6,7,8,2,2,7,3,5,0
1,37,28,1,2,0,2,4,5,1,9,1,110646.0,837,56168.0,2,3,82,52,51,78,15,67,9,6,9,5,2,9,2,9,8,2,3,3,9,2,10,4,5,10,8,1,10,2,0
0,43,23,6,5,0,9,5,5,4,10,17,35786.0,837,45181.0,3,9,77,85,63,27,13,93,1,1,4,6,1,4,8,1,3,7,3,8,8,9,7,1,3,6,4,6,4,5,0
1,28,40,1,2,0,7,3,4,7,15,4,26252.95,1130,40737.0,10,5,5,18,21,48,62,37,8,1,9,2,7,7,3,9,3,3,10,10,10,3,2,9,9,8,9,5,10,7,0
0,39,25,3,3,1,5,5,4,2,2,2,29013.0,1430,43151.0,6,2,47,78,59,33,47,54,7,10,3,1,7,6,3,8,9,3,3,10,1,3,4,5,3,5,10,8,5,5,0
0,38,19,6,6,1,10,2,2,6,15,2,26252.95,1123,21460.0,3,3,96,89,16,80,46,67,4,4,10,1,2,9,5,3,6,8,9,4,4,5,2,7,6,3,6,3,4,7,1
1,19,32,5,6,0,9,4,2,5,12,13,38655.0,938,15533.0,4,9,65,22,44,91,5,75,5,9,3,10,2,2,5,9,2,5,3,4,2,3,5,5,4,8,1,8,1,4,0
1,22,40,1,2,0,2,2,4,6,4,1,73410.0,1127,26350.0,3,3,96,67,48,81,82,4,1,8,10,8,1,5,6,5,10,6,5,6,7,9,10,4,8,3,7,6,10,2,0
1,30,39,2,5,0,4,5,3,6,11,13,67693.0,1350,46328.0,4,7,7,4,95,85,95,85,6,2,9,9,3,10,9,4,6,3,4,8,7,2,5,3,8,8,3,1,1,5,0
0,38,26,4,2,0,4,1,3,4,3,14,103728.0,970,20569.0,7,8,15,44,68,77,95,76,5,1,2,4,7,10,8,2,5,8,10,10,7,7,1,2,8,1,1,5,4,5,0
0,31,32,1,3,0,5,2,5,4,3,4,142991.0,1330,50066.0,3,4,50,25,64,67,20,4,2,1,9,9,3,3,4,6,5,10,6,8,3,6,4,10,9,3,8,1,5,9,1
0,26,25,2,5,0,5,3,1,3,4,13,49957.0,1254,40903.0,10,9,8,77,36,59,79,4,6,6,4,10,7,8,9,1,4,10,7,4,6,6,2,1,8,2,5,1,7,8,0
0,34,33,3,2,0,3,5,3,2,16,2,86603.0,1288,40760.0,6,1,4,30,35,37,21,15,7,2,2,4,7,8,1,5,4,7,6,4,3,10,9,6,6,10,6,5,6,6,0
0,32,43,3,3,1,2,4,1,5,17,2,79108.0,1404,52508.0,8,1,67,81,66,51,11,61,5,4,2,7,2,5,2,2,9,10,4,10,5,9,8,4,3,5,3,8,5,3,1
0,38,31,4,4,1,6,2,7,1,12,5,60959.0,886,28875.0,1,1,15,81,64,23,5,58,2,9,10,4,1,3,2,2,7,7,3,8,6,3,3,1,2,1,6,10,1,9,0
1,24,32,6,4,0,5,3,7,6,5,12,54036.0,934,40878.0,5,8,71,63,22,34,21,89,8,9,5,8,7,9,2,8,8,7,2,7,3,10,7,6,3,9,2,8,5,9,0
1,43,37,3,3,1,10,6,3,4,7,2,68619.0,1559,13909.0,5,7,63,31,35,64,26,75,10,6,8,4,4,1,9,2,2,2,2,4,5,7,9,4,6,7,9,9,4,1,1
0,39,30,2,2,1,8,4,6,1,2,10,43252.0,1559,43796.0,2,2,4,59,20,75,53,96,8,7,2,8,2,9,9,6,6,9,2,8,7,6,1,7,1,3,10,1,3,4,0
1,39,26,5,6,0,8,2,1,5,9,10,46556.0,1163,40178.0,3,9,91,15,87,69,75,44,6,1,4,5,2,4,10,3,10,2,7,8,9,6,2,6,1,7,8,10,2,1,0
1,29,19,1,1,1,3,5,2,3,14,9,126762.0,1559,46364.0,3,4,93,86,75,50,87,89,8,8,2,1,6,3,6,7,1,5,5,8,5,4,7,8,10,9,4,10,2,3,0
0,40,43,4,1,0,6,1,7,6,14,6,60834.0,1320,57566.3,10,9,33,90,54,4,56,52,4,8,5,2,8,8,4,9,5,7,10,6,6,9,10,8,8,8,8,6,1,10,0
0,23,23,2,3,0,5,6,7,7,16,14,74674.0,1178,35518.0,7,8,30,94,46,68,48,51,8,6,1,9,5,4,8,9,9,10,1,7,4,2,6,7,8,8,3,8,5,1,1
1,38,25,2,5,0,10,1,4,1,5,15,49743.0,1153,34608.0,8,5,78,35,4,32,70,87,2,8,7,10,5,6,6,1,2,5,7,8,3,3,4,1,2,5,5,6,6,9,0
0,33,43,2,1,0,7,3,4,2,14,7,79060.0,1211,31909.0,6,6,6,16,42,11,50,45,7,5,5,10,6,8,3,3,1,2,10,4,1,5,4,9,7,4,7,4,8,3,0
0,43,43,4,5,0,2,2,1,1,5,10,113964.0,837,48375.0,1,7,94,84,8,42,66,24,3,8,8,8,5,5,5,3,6,3,1,8,5,8,5,9,9,4,6,9,9,8,0
1,22,37,4,2,0,1,6,2,5,17,13,41017.0,869,36409.0,6,5,43,23,9,89,47,33,6,3,4,10,2,5,2,3,1,6,1,6,6,9,7,1,8,8,2,3,5,10,0
0,26,35,4,5,0,5,4,4,1,6,14,26252.95,1559,12502.4,3,9,4,67,19,18,71,67,4,1,7,8,8,2,10,1,5,10,10,1,3,3,8,3,8,6,2,3,6,8,0
1,31,43,2,5,0,1,6,4,2,9,2,62642.0,1498,20520.0,4,8,51,58,85,49,42,34,1,2,7,7,5,4,5,4,7,5,3,4,3,10,10,8,5,9,1,1,8,5,0
1,25,35,5,4,0,10,2,5,3,17,6,26252.95,947,54203.0,5,8,56,4,22,80,45,14,10,9,7,5,9,6,2,8,7,7,6,8,9,3,8,2,2,4,4,6,9,8,0
1,31,43,4,2,0,7,3,6,6,1,14,125930.0,1377,13317.0,6,7,4,7,64,38,45,64,6,5,5,9,3,2,3,7,8,4,9,6,10,5,5,7,5,3,2,10,2,1,0
1,29,34,6,5,0,9,6,6,3,7,8,74325.0,1256,28697.0,2,2,76,20,26,39,23,35,3,2,10,3,8,10,7,6,1,3,6,6,4,9,7,8,10,2,2,8,3,7,0
1,27,38,6,6,1,4,4,7,1,7,14,46764.0,1141,13981.0,10,1,43,75,80,4,79,70,3,5,8,4,7,7,1,2,4,10,9,9,10,2,9,7,4,3,6,8,7,4,0
0,37,33,4,2,0,4,4,3,5,18,12,67996.0,837,45010.0,5,1,82,4,64,9,85,64,2,5,7,7,9,2,1,7,8,7,9,8,1,10,10,7,9,9,9,6,9,3,0
0,37,30,4,5,0,9,2,6,1,2,8,114551.0,1413,36281.0,6,9,46,95,84,4,10,9,7,6,2,10,8,1,6,1,5,8,2,7,4,2,8,1,1,7,1,2,3,1,0
0,43,39,4,3,0,8,1,2,5,9,7,67114.0,972,51240.0,2,6,96,24,89,25,73,72,3,2,6,3,3,10,5,4,5,6,4,2,7,1,6,7,8,7,5,3,10,1,0
0,38,21,5,2,0,10,1,7,3,14,6,38196.0,897,21770.0,8,2,47,5,91,20,62,11,4,7,3,2,2,6,3,6,1,1,3,2,8,8,10,6,2,2,8,3,7,9,0
1,30,21,4,3,0,4,6,1,3,6,15,79244.0,978,35583.0,2,8,4,57,52,13,32,62,10,9,5,8,6,5,8,7,5,10,3,1,3,2,6,3,2,2,5,7,8,4,0
1,36,38,5,1,0,2,3,2,4,16,14,43673.0,939,36483.0,1,7,39,4,31,70,73,51,3,8,1,3,1,4,2,7,3,10,3,4,7,1,6,9,2,1,5,3,1,2,0
0,32,31,5,1,0,10,4,2,2,1,9,90617.0,892,40403.0,5,2,37,84,43,96,17,35,10,1,7,6,8,5,3,7,2,3,10,10,6,6,9,8,9,3,7,1,4,1,0
1,25,22,2,5,0,4,1,5,1,5,17,140684.0,981,22342.0,6,4,58,27,88,5,66,89,3,5,1,3,2,1,2,3,2,10,9,10,9,9,10,8,10,3,3,3,2,7,0
0,40,33,5,6,0,10,1,5,2,17,17,86549.0,1159,20029.0,6,2,94,40,38,75,76,27,1,3,4,9,5,1,1,5,10,4,8,10,1,4,3,9,1,5,6,2,6,3,0
0,38,31,3,4,0,10,4,2,1,4,17,32865.0,1247,23730.0,2,6,58,95,60,90,30,96,7,1,2,10,5,4,8,3,3,1,6,2,2,6,4,2,1,4,1,5,6,8,0
0,27,31,6,3,0,5,6,2,5,6,15,136388.0,885,22741.0,5,9,77,5,53,78,95,24,10,7,10,6,6,3,6,9,3,3,10,2,2,5,2,5,9,5,8,1,3,10,0
1,20,31,4,2,0,5,2,7,3,12,3,37584.0,852,28492.0,6,7,30,35,7,23,26,60,7,6,10,4,6,3,3,1,5,2,10,7,7,1,10,1,7,10,3,7,5,1,0
1,38,42,2,5,0,3,3,2,5,15,10,105792.0,1162,25011.0,1,9,84,36,66,26,9,96,6,1,2,8,3,3,5,6,6,4,10,4,6,7,8,6,4,4,2,8,8,7,0
1,20,41,3,5,0,9,4,3,1,4,5,28819.0,1400,14372.0,7,7,27,21,90,96,48,34,5,3,9,7,6,10,10,9,10,5,1,3,6,5,3,8,2,7,3,10,7,4,0
1,43,42,3,1,0,7,6,5,3,17,15,99963.0,1429,44670.0,7,9,38,23,26,53,60,8,8,1,3,2,3,8,7,10,3,3,10,4,10,3,7,1,3,4,9,4,9,2,0
0,22,31,6,5,0,3,5,1,3,3,3,124080.0,856,56195.0,4,1,75,95,64,74,84,50,5,2,1,9,6,6,3,8,6,2,2,2,6,3,2,1,1,7,4,3,8,4,0
1,33,36,1,2,0,2,4,2,7,2,6,103788.0,1241,39183.0,5,6,39,80,39,45,72,9,5,8,6,5,3,6,3,9,6,8,10,8,1,4,3,3,7,1,8,1,4,3,0
1,34,20,1,2,0,1,3,2,4,9,8,108170.0,1422,35028.0,6,3,65,15,56,95,91,93,6,10,7,9,2,2,5,6,2,3,4,7,7,1,2,4,10,5,6,9,4,5,0
1,23,34,5,4,0,10,3,1,3,14,12,103653.0,1244,57566.3,9,2,44,45,50,20,9,5,5,4,4,9,6,9,1,3,3,3,9,10,10,2,7,5,8,7,7,2,8,10,1
0,43,31,5,2,0,2,3,7,6,5,1,132132.0,1259,57566.3,7,5,67,58,34,8,78,4,4,5,7,8,7,5,8,5,6,10,5,9,1,7,9,10,10,4,10,5,1,2,0
0,37,27,5,6,0,7,4,6,6,13,1,119184.0,1007,46457.0,10,2,58,94,88,7,21,59,7,2,8,3,5,8,2,10,7,3,8,2,4,8,4,2,10,9,8,3,8,9,0
1,37,30,1,6,0,4,2,7,4,16,4,99163.0,1559,57566.3,10,3,85,36,35,56,46,8,5,6,6,5,5,10,5,1,1,7,4,5,2,1,5,3,3,4,3,7,1,7,0
1,33,39,1,1,1,6,6,1,2,18,15,50170.0,1282,36980.0,2,2,33,67,67,93,25,96,4,1,4,9,1,1,6,7,5,4,1,6,4,7,2,2,6,6,4,4,8,3,1
1,41,21,4,5,0,8,3,3,5,1,6,61625.0,1121,50260.0,2,1,83,67,88,80,84,75,8,9,2,1,10,8,6,8,4,7,3,9,10,5,9,2,1,7,10,7,6,10,0
1,19,28,1,6,0,10,6,6,1,2,1,36609.0,837,49195.0,7,9,84,42,54,15,21,15,8,5,4,4,7,5,6,10,2,4,4,5,2,10,9,5,2,7,5,1,10,4,0
0,37,32,5,4,0,8,3,5,5,13,13,68933.0,927,42762.0,2,7,24,84,45,96,76,35,2,1,7,2,7,2,6,2,10,7,7,7,2,9,6,10,6,10,4,2,8,1,0
1,32,32,3,3,1,5,2,2,2,17,5,134507.0,1212,39291.0,5,5,79,9,46,4,72,5,4,4,3,6,3,10,7,7,1,8,3,7,5,10,10,4,5,9,5,8,3,1,0
1,35,41,4,3,0,6,4,1,1,7,16,55158.0,1353,51332.0,8,9,31,15,15,78,95,4,1,6,9,8,3,4,10,1,9,9,9,8,2,9,5,10,5,9,1,5,1,8,0
1,19,19,4,5,0,10,3,7,6,13,11,106056.0,1559,39345.0,1,2,4,90,10,81,66,91,1,6,10,7,8,8,9,1,10,7,5,7,10,4,6,6,7,1,4,7,5,10,0
0,43,28,3,4,0,1,3,4,4,7,2,79820.0,837,23383.0,9,2,14,73,96,96,74,63,6,8,3,4,9,4,7,9,1,7,6,4,8,9,2,1,7,2,2,3,6,3,0
0,36,19,6,6,1,8,5,6,3,3,6,26252.95,1249,22523.0,9,4,53,95,78,72,64,82,4,4,1,4,1,10,5,9,8,3,6,1,10,3,8,9,1,4,3,5,3,5,0
1,29,40,4,3,0,7,6,3,1,1,13,47810.0,974,43141.0,10,2,74,52,22,83,77,44,8,2,7,9,1,6,4,10,7,5,9,7,4,2,9,4,4,8,10,7,2,3,0
1,25,22,4,2,0,5,6,7,1,16,13,44657.0,964,38445.0,1,7,89,63,34,85,35,34,8,4,1,5,4,1,1,1,9,7,10,4,3,9,2,10,2,4,9,4,8,5,0
1,23,30,6,1,0,10,6,5,7,13,7,47712.0,1323,33640.0,10,8,21,41,27,89,21,49,2,10,7,10,1,4,9,4,3,9,9,8,1,10,2,8,7,1,3,9,9,10,0
1,29,19,3,5,0,6,3,7,2,15,14,31104.0,912,57566.3,3,3,59,82,96,45,33,9,5,4,5,10,2,7,7,5,3,3,3,5,6,7,10,2,8,4,6,10,4,4,0
1,24,24,1,2,0,7,3,5,4,18,11,74775.0,1347,34823.0,5,4,96,46,33,43,82,83,8,7,6,4,1,7,4,9,5,9,3,8,7,3,7,2,2,2,5,6,10,8,0
0,35,24,4,2,0,2,6,1,5,8,12,48479.0,1519,28667.0,5,6,63,71,32,56,37,4,7,1,8,4,5,9,7,8,3,9,8,2,7,4,2,9,8,6,9,3,9,1,0
0,39,27,2,2,1,6,3,7,2,16,11,105044.0,1063,12502.4,8,8,69,95,77,28,49,60,10,1,4,3,2,9,8,1,10,1,2,6,5,6,5,9,10,3,5,6,2,10,0
0,31,23,1,3,0,1,6,2,2,7,3,104965.0,1530,55524.0,7,7,74,61,9,56,65,75,2,8,3,6,6,5,10,1,1,3,7,7,5,10,9,5,2,10,2,4,3,5,0
1,25,37,6,1,0,1,6,4,5,18,3,143471.34999999998,911,21162.0,6,1,4,36,71,94,66,53,2,7,1,4,1,2,10,3,6,1,4,1,8,3,3,6,1,10,4,7,10,7,0
0,41,29,2,6,0,5,6,4,6,16,11,39415.0,1435,57566.3,1,1,45,81,12,73,31,90,1,9,3,5,2,9,8,6,2,3,3,5,4,4,6,6,4,1,9,9,7,5,1
0,37,30,2,2,1,1,2,6,5,17,6,37764.0,1499,29831.0,1,4,75,16,96,57,62,56,6,5,3,10,2,3,10,10,10,4,1,5,10,7,6,10,2,8,9,2,6,8,1
0,39,41,1,5,0,2,3,4,6,13,14,50470.0,1172,35888.0,8,4,31,88,18,53,71,53,9,3,3,8,1,4,2,2,9,2,5,1,10,5,5,2,6,7,9,10,5,9,1
1,31,28,4,2,0,3,1,3,3,10,9,108549.0,1559,17280.0,7,6,70,57,19,95,95,57,2,5,1,8,8,10,7,5,9,10,6,4,10,9,7,2,2,10,4,6,7,1,0
1,22,35,5,4,0,7,5,7,4,8,13,114826.0,837,35861.0,5,7,4,23,88,16,7,82,5,3,5,5,3,6,9,6,4,7,8,8,2,8,5,8,2,10,6,7,6,1,0
0,26,19,3,1,0,3,3,1,2,5,14,78339.0,1177,57566.3,5,6,22,45,40,24,64,96,6,3,5,6,6,4,10,10,5,6,7,4,4,9,6,5,5,10,2,8,6,7,0
1,25,33,1,6,0,4,3,1,5,15,15,140206.0,1123,12502.4,8,7,85,28,58,50,41,67,3,6,2,7,2,4,7,5,10,8,6,7,1,5,7,7,1,7,9,9,2,9,1
0,19,19,5,3,0,8,4,1,7,17,3,121576.0,1252,36424.0,6,1,61,60,9,69,32,17,4,5,1,8,1,8,9,2,10,8,10,6,2,4,9,2,1,2,4,9,5,3,0
0,33,36,5,6,0,3,3,3,2,17,3,88374.0,1125,24172.0,2,5,66,54,47,19,5,47,2,5,8,4,4,1,3,9,3,3,5,10,5,8,10,9,2,2,7,10,7,2,0
0,30,23,5,6,0,6,6,7,2,18,17,71889.0,1201,16156.0,4,8,66,63,80,94,86,81,6,5,3,1,6,7,1,8,8,7,7,5,8,6,3,1,1,2,1,10,5,6,0
0,24,19,6,4,0,4,5,4,3,6,1,69126.0,1148,16174.0,6,9,8,33,68,54,5,82,2,3,9,2,9,3,8,4,7,8,6,4,4,9,3,6,2,10,1,1,9,1,1
1,33,28,3,5,0,10,2,6,6,13,8,50525.0,878,45957.0,9,4,16,36,81,11,80,82,7,9,5,2,3,6,5,2,8,7,6,10,6,8,5,8,9,6,7,3,1,1,0
1,24,35,2,3,0,6,1,2,2,10,17,143471.34999999998,1222,47125.0,7,7,8,55,5,69,32,73,6,5,10,9,7,3,9,7,4,7,2,3,8,6,2,7,4,4,10,7,1,2,0
1,43,27,2,2,1,9,6,5,3,12,14,123799.0,1309,44527.0,7,6,71,92,12,44,55,16,1,3,5,3,9,2,4,1,4,7,3,3,7,9,3,3,2,4,4,5,5,2,0
1,31,35,5,6,0,5,6,5,7,8,16,136392.0,1102,33249.0,3,1,90,26,48,4,67,8,8,2,10,10,7,9,2,2,4,7,4,10,8,10,6,3,8,5,2,8,4,3,0
0,31,19,3,1,0,7,4,4,4,1,17,86370.0,843,44304.0,9,6,58,53,11,83,62,90,7,8,1,1,2,2,5,1,7,9,4,8,2,1,8,2,8,1,3,8,2,6,0
1,29,36,6,4,0,6,6,5,5,5,11,104448.0,1347,39277.0,9,9,92,6,74,17,30,87,3,3,4,10,6,5,7,10,1,3,5,8,9,9,6,6,4,7,4,7,5,2,0
0,19,33,1,3,0,3,3,3,3,3,12,58890.0,1094,53216.0,4,4,53,20,37,24,87,29,10,7,9,2,1,5,6,3,9,4,1,9,8,9,3,9,7,8,7,4,3,7,0
1,19,43,6,1,0,5,3,7,2,4,3,99107.0,1114,12502.4,7,9,85,57,45,82,88,6,10,1,6,4,1,9,3,3,1,7,4,8,10,9,6,3,9,1,9,10,6,9,0
1,29,24,6,6,1,2,3,7,5,2,7,86822.0,1008,57566.3,9,3,96,68,48,89,56,47,9,10,5,10,9,10,10,6,7,5,2,2,3,4,4,3,9,5,4,6,5,7,1
1,37,32,6,2,0,3,3,3,7,13,16,132941.0,1352,17688.0,6,6,80,69,31,55,18,48,8,8,6,3,9,1,3,4,4,1,3,8,6,2,10,4,8,6,2,10,8,10,0
0,38,19,5,3,0,4,2,7,5,16,7,40569.0,1482,22766.0,5,8,38,32,62,95,62,96,1,10,3,2,9,4,10,7,1,9,1,7,3,8,10,2,10,4,4,2,10,2,0
0,32,40,2,6,0,7,6,4,4,6,15,125166.0,1353,42639.0,10,5,96,59,7,81,95,66,7,1,1,10,6,1,1,3,6,9,8,8,6,9,9,7,6,2,9,1,7,8,0
0,21,38,4,1,0,6,5,2,1,16,11,90782.0,998,41848.0,2,2,79,58,96,5,10,38,2,2,4,2,8,4,5,3,2,5,10,3,9,6,8,5,5,3,4,6,3,4,0
0,24,26,4,3,0,7,4,2,7,4,14,89755.0,905,12502.4,2,6,20,8,73,92,80,13,6,7,1,4,5,2,9,8,9,6,9,5,7,9,5,5,2,10,8,5,8,6,1
1,33,19,3,6,0,3,5,4,3,14,16,135303.0,837,32304.0,3,2,62,52,8,8,72,96,6,10,10,9,4,10,10,2,5,8,6,6,5,7,3,2,3,10,8,10,8,9,0
0,20,34,3,6,0,3,2,4,5,11,6,49017.0,1299,14224.0,7,4,12,58,84,56,52,28,9,5,8,7,4,1,5,8,2,4,8,4,2,2,9,8,6,5,10,4,6,9,0
0,24,42,2,5,0,7,1,7,7,13,10,64542.0,1381,26974.0,9,2,54,16,63,65,22,59,4,1,1,8,8,9,4,5,4,6,9,4,1,6,4,6,8,2,10,2,2,2,0
1,41,41,1,3,0,2,3,4,4,5,14,111360.0,1484,57566.3,10,8,91,20,96,73,51,96,5,2,1,8,8,1,8,8,3,3,4,1,5,3,3,7,4,1,2,9,4,6,1
1,39,27,1,1,1,5,5,3,5,10,5,49776.0,1162,46627.0,5,1,33,81,43,88,60,70,1,10,8,5,4,2,4,9,3,10,6,2,7,7,2,6,1,9,1,4,8,4,0
0,23,23,2,5,0,9,2,4,2,17,16,30376.0,1462,21479.0,4,9,50,69,4,37,92,96,10,6,3,1,8,1,5,5,8,8,4,2,2,2,2,8,6,9,10,3,2,9,0
1,33,22,6,4,0,2,2,1,4,4,5,77111.0,1123,40439.0,5,4,96,55,88,41,89,33,5,3,3,10,5,4,8,6,5,7,9,7,9,8,5,5,3,3,6,7,3,9,0
0,41,25,6,4,0,8,3,6,1,17,15,26484.0,1290,46719.0,4,2,42,62,61,45,28,41,3,3,2,2,8,8,10,3,5,6,2,9,1,7,7,9,4,6,2,7,3,6,0
1,25,25,3,6,0,10,6,7,6,10,11,143471.34999999998,866,36602.0,9,7,40,82,29,77,56,96,3,1,1,8,3,7,10,4,9,6,9,6,10,1,7,6,10,2,5,5,6,9,0
0,40,22,6,3,0,1,3,6,7,15,12,84709.0,1427,40798.0,8,7,38,62,25,48,42,58,4,8,7,8,1,7,2,5,7,3,5,6,4,5,2,3,2,2,1,3,3,3,1
0,39,29,2,3,0,10,6,7,6,18,9,43362.0,1115,41664.0,6,4,20,18,14,4,37,76,4,10,9,9,1,4,6,2,8,1,3,8,7,2,2,2,6,2,3,1,3,1,0
0,23,24,5,1,0,8,1,5,7,5,16,64496.0,1205,23239.0,7,8,45,7,60,32,64,96,2,2,8,5,5,10,1,10,8,4,3,5,9,2,3,9,5,5,8,10,2,1,0
0,27,30,2,2,1,6,5,6,2,2,5,129310.0,837,19325.0,10,1,53,95,50,95,84,68,3,6,7,7,5,5,9,4,5,4,6,6,1,4,1,3,10,5,6,4,6,8,0
0,33,30,6,3,0,6,2,6,3,9,6,26252.95,1511,47678.0,3,9,81,82,39,59,42,76,6,10,2,8,6,4,10,3,9,9,10,7,6,2,7,5,9,2,2,6,5,10,0
1,28,34,1,6,0,8,1,7,3,12,6,42927.0,1488,41919.0,3,2,32,18,63,77,71,17,5,5,8,2,6,5,3,3,5,4,3,4,3,8,4,1,10,5,10,7,5,9,1
0,30,21,2,1,0,4,4,6,3,8,10,106888.0,1411,48796.0,7,3,62,35,69,64,66,15,3,9,3,4,5,5,1,5,1,7,9,9,8,4,3,8,4,3,5,10,4,6,0
0,23,35,6,4,0,3,5,4,6,3,9,71903.0,1161,39900.0,3,8,91,78,4,45,91,63,1,3,10,4,6,2,1,1,6,10,8,5,7,8,3,1,4,6,10,6,9,4,1
0,41,27,5,1,0,5,2,6,6,13,11,107899.0,1314,47313.0,6,3,65,26,23,52,10,67,5,10,6,3,6,5,8,2,6,8,9,5,8,9,4,6,8,9,10,2,10,2,0
0,19,20,3,4,0,3,6,4,1,8,2,36241.0,1363,50973.0,1,9,52,49,69,29,16,91,9,7,4,8,3,8,9,2,3,7,8,1,7,2,5,7,7,2,7,4,9,4,0
0,38,29,2,6,0,6,6,2,1,17,9,74924.0,1559,43210.0,5,6,17,5,21,71,13,24,1,5,3,8,2,3,8,1,10,9,8,6,8,3,6,1,6,10,8,6,4,7,0
1,36,19,5,2,0,3,3,3,6,15,16,119919.0,1228,41883.0,8,7,57,88,15,19,28,4,9,10,7,2,2,10,7,6,2,6,7,2,6,10,1,2,4,2,7,3,4,10,0
1,29,43,6,6,1,7,3,3,1,3,4,91055.0,873,42933.0,6,3,24,30,21,17,14,45,8,2,8,4,6,6,5,2,10,7,3,9,5,4,2,5,2,6,8,4,2,10,0
0,41,28,5,2,0,6,4,7,5,14,14,124566.0,837,40650.0,10,8,77,23,90,56,58,96,9,3,2,2,1,9,5,1,6,6,8,8,9,9,1,1,2,7,9,4,8,2,0
1,43,35,5,3,0,5,1,6,5,3,17,26252.95,1161,57566.3,8,1,8,22,85,65,5,11,1,1,6,1,3,4,1,10,2,7,3,9,10,7,7,9,9,2,2,8,2,2,0
0,23,30,4,6,0,10,3,2,7,1,7,111025.0,1349,31742.0,1,8,29,63,30,48,78,41,10,6,7,3,2,8,2,9,2,6,7,8,6,1,5,6,10,7,2,3,4,10,0
1,35,34,2,5,0,3,6,5,6,1,6,44309.0,1556,13528.0,3,5,75,45,17,67,71,32,1,8,2,4,1,6,9,4,9,1,9,9,8,5,9,1,4,1,10,5,3,2,0
1,30,25,5,5,1,7,6,1,7,14,11,28967.0,837,28828.0,10,5,4,95,22,9,84,62,1,8,5,7,4,8,6,10,10,2,2,9,6,10,10,6,5,7,5,1,1,8,0
0,24,37,4,6,0,3,6,4,7,13,1,125826.0,1558,53242.0,4,9,52,94,20,64,16,55,2,9,8,8,2,10,6,7,2,4,9,5,1,2,7,2,5,9,4,6,4,7,0
1,40,36,6,1,0,1,5,5,2,5,14,111922.0,1501,23057.0,8,1,96,39,38,17,11,50,1,8,8,6,5,9,6,10,8,1,1,7,7,6,3,1,6,8,6,7,6,7,1
1,30,34,5,2,0,3,6,7,6,13,11,140024.0,1414,29045.0,8,3,96,11,6,15,45,57,10,2,6,5,4,9,6,2,6,1,3,4,8,6,10,7,5,8,10,9,10,6,0
0,38,19,1,3,0,8,2,2,5,1,15,106853.0,1360,57566.3,2,3,82,80,37,66,26,53,10,9,9,1,10,4,9,4,1,6,2,1,9,7,10,3,1,3,7,2,7,2,1
0,25,20,4,3,0,10,1,2,7,11,17,42020.0,1294,39168.0,4,1,69,48,48,53,39,17,10,8,2,2,4,5,8,2,3,2,1,6,9,9,6,6,8,1,5,7,2,1,0
1,38,20,4,3,0,4,1,3,7,2,1,138906.0,1040,12502.4,9,5,69,8,28,25,95,66,8,10,3,5,7,4,4,7,5,10,8,5,2,10,3,5,8,2,3,8,7,3,0
1,34,23,2,2,1,1,3,1,1,18,1,93057.0,967,18833.0,9,2,82,59,4,34,95,52,7,9,4,8,6,3,2,2,3,6,9,9,10,7,9,9,10,6,6,7,7,9,0
1,26,27,4,2,0,1,1,7,6,12,15,34965.0,1370,56063.0,8,1,71,86,94,10,5,88,4,4,3,6,2,6,7,4,10,3,3,4,4,5,8,7,4,1,5,6,5,9,0
0,37,41,5,2,0,2,6,5,4,10,1,62873.0,1489,45659.0,2,9,29,51,10,17,37,87,5,3,2,5,3,3,5,1,5,3,8,9,9,3,4,5,7,3,1,10,6,5,0
1,30,39,6,1,0,3,4,1,4,9,8,96299.0,892,47919.0,4,1,89,54,7,79,88,30,7,1,5,1,2,5,6,5,2,1,7,5,4,5,2,3,7,6,10,5,10,6,0
1,19,35,2,6,0,3,4,3,6,5,15,97097.0,961,23886.0,4,6,54,89,4,13,76,54,7,4,5,2,7,7,6,6,7,1,7,5,10,5,1,5,9,4,4,2,1,4,0
1,21,35,3,4,0,7,2,7,6,1,7,115914.0,1286,39573.0,3,5,35,59,66,79,23,87,2,6,1,4,1,6,2,4,8,8,3,7,10,6,2,2,2,2,3,1,7,5,0
0,42,31,4,6,0,4,4,6,3,6,13,26252.95,1359,37333.0,6,8,85,95,43,43,5,9,3,6,6,7,10,7,1,4,2,3,4,6,6,2,3,9,10,5,1,6,10,1,0
0,19,33,1,1,1,4,4,1,1,4,7,55871.0,1266,28679.0,6,7,57,32,21,54,57,49,6,7,4,6,8,2,10,10,1,1,3,3,2,3,2,4,7,5,2,3,2,7,0
0,21,24,5,5,1,10,3,1,1,6,17,55335.0,1290,56856.0,5,9,63,56,50,20,82,25,3,4,5,9,10,7,7,7,8,2,1,5,4,9,7,1,3,8,10,5,6,9,0
0,35,19,2,6,0,1,2,3,4,2,9,40401.0,837,16425.0,2,6,55,33,87,85,5,59,4,2,5,5,7,1,8,2,2,4,3,6,4,2,3,2,2,10,7,5,4,2,1
1,22,34,4,1,0,7,2,7,5,10,11,43034.0,1559,56605.0,3,7,83,49,4,82,69,9,7,8,3,3,5,5,9,7,8,5,7,5,7,1,7,8,6,3,7,4,7,6,0
0,36,40,3,1,0,1,3,5,6,7,2,26252.95,1418,41413.0,8,2,61,76,90,64,56,14,6,10,10,4,1,10,5,9,8,4,3,3,3,1,5,2,7,5,10,2,5,6,1
1,27,42,3,5,0,10,6,2,4,11,8,100514.0,1220,54625.0,5,1,69,60,94,5,30,96,1,6,3,5,2,7,8,10,9,4,6,5,8,4,7,4,9,2,6,7,8,5,0
1,35,22,1,5,0,1,2,7,7,17,8,30198.0,1511,40508.0,1,9,22,9,8,93,21,45,4,1,3,8,1,9,3,10,7,6,10,9,3,3,5,7,8,7,3,10,7,3,1
1,42,43,4,1,0,8,2,2,7,13,16,32391.0,962,14292.0,7,6,8,69,43,73,53,76,4,3,4,9,6,1,1,5,8,10,8,5,6,7,10,2,8,5,3,9,2,10,0
1,38,19,2,2,1,9,5,6,1,17,1,63226.0,837,43787.0,8,9,81,50,11,83,19,12,6,8,6,10,3,4,3,10,10,7,4,5,3,6,4,4,5,9,6,6,2,1,0
0,27,38,3,2,0,10,1,1,4,4,16,82385.0,973,53249.0,7,8,14,91,4,67,95,89,9,2,7,7,5,4,4,6,1,3,1,9,3,7,10,8,1,8,6,9,4,9,1
0,22,43,2,3,0,5,4,4,6,6,7,143471.34999999998,989,14257.0,6,6,78,69,77,52,72,55,7,1,7,5,1,3,1,10,3,4,3,4,5,1,6,6,5,3,3,5,2,5,0
0,34,34,3,3,1,5,1,4,3,2,8,76020.0,1539,22781.0,7,5,5,5,13,65,20,96,10,3,2,1,9,2,3,6,5,2,5,6,6,9,2,6,3,4,3,4,7,8,0
0,39,27,6,4,0,5,6,5,4,17,7,33182.0,1026,13167.0,9,1,42,85,83,80,8,10,6,4,5,5,4,2,5,10,8,5,9,3,7,9,8,7,8,7,2,3,7,8,0
0,30,29,5,4,0,1,6,7,4,16,7,99809.0,1434,20571.0,7,2,61,4,26,96,46,88,5,10,4,2,8,9,10,7,8,2,4,4,2,4,1,5,3,3,9,8,6,10,0
1,40,42,2,3,0,2,5,5,2,18,12,106759.0,1208,45629.0,3,9,23,40,40,75,29,41,2,6,1,2,1,10,10,6,7,2,5,8,8,10,6,5,8,6,10,1,4,4,1
0,34,37,1,1,1,4,2,3,1,10,6,111225.0,1019,42819.0,3,5,53,73,28,49,62,4,7,1,3,3,1,6,8,9,3,9,5,8,2,4,6,8,7,3,9,5,6,2,0
0,26,42,4,1,0,6,5,6,4,3,11,133156.0,1344,34562.0,9,2,45,67,4,81,8,89,4,10,8,5,9,4,4,9,9,4,10,7,2,10,4,2,7,6,8,3,6,3,0
0,41,19,1,1,1,3,2,7,1,4,11,38051.0,1060,21121.0,3,2,25,18,75,46,26,25,5,5,1,9,1,9,5,2,9,2,7,7,7,1,2,10,2,4,5,3,2,6,0
0,29,40,6,4,0,10,2,2,7,12,11,94778.0,1407,45735.0,3,2,24,14,70,8,91,8,5,4,8,3,2,4,5,9,4,3,6,10,3,10,6,3,7,6,2,9,7,7,0
1,31,33,1,4,0,9,4,2,1,13,2,74064.0,1024,27633.0,6,6,66,37,91,24,80,4,1,3,6,3,6,1,3,9,5,7,3,4,6,2,9,6,6,8,10,5,10,2,0
1,31,32,5,5,1,1,3,7,5,15,11,65453.0,1341,24569.0,2,8,26,71,16,93,5,93,8,5,4,2,9,5,7,8,4,5,7,8,1,5,5,4,8,2,4,3,6,10,1
1,25,30,1,1,1,5,3,4,6,5,13,124685.0,1227,37695.0,5,6,63,92,94,72,72,63,7,1,9,10,1,8,4,3,4,5,8,8,8,9,10,1,2,10,6,1,2,5,0
1,40,35,2,6,0,6,1,5,2,11,15,127182.0,1086,56965.0,3,7,37,80,51,39,95,49,7,2,3,6,10,8,1,9,3,10,3,4,3,3,3,1,1,6,1,9,5,6,0
1,22,37,5,3,0,6,1,7,7,9,11,139551.0,1308,46640.0,10,1,49,88,83,31,12,38,2,5,5,8,6,10,2,9,5,6,10,4,9,1,9,10,1,8,10,5,4,4,0
0,36,39,4,5,0,3,3,6,7,2,5,136971.0,1266,54359.0,7,4,41,8,33,58,91,65,5,2,6,10,7,3,3,5,5,1,8,7,4,10,8,7,1,5,5,2,7,7,0
1,31,31,4,4,1,2,2,7,1,8,13,89088.0,882,31044.0,10,1,96,75,62,94,68,67,10,3,7,4,6,7,4,5,10,7,4,4,6,8,2,8,1,6,5,7,1,8,0
1,26,35,4,5,0,4,2,1,3,15,9,125641.0,1354,36543.0,9,3,53,41,46,52,89,19,4,1,8,4,7,7,3,9,2,8,5,8,2,9,10,4,2,5,10,1,3,10,0
1,24,19,6,5,0,1,1,6,6,12,10,63489.0,1126,15867.0,6,3,22,36,67,56,95,74,8,7,7,2,3,4,2,5,4,4,2,9,5,9,1,3,5,6,1,5,7,8,0
0,43,19,4,3,0,3,5,7,2,6,11,36735.0,1531,51933.0,9,4,30,11,15,60,62,16,4,6,5,7,6,10,2,5,1,5,5,2,9,6,5,6,4,5,3,5,4,7,0
0,43,20,3,1,0,3,2,4,4,3,2,108343.0,837,19156.0,10,8,4,67,81,86,85,73,3,8,8,5,1,8,6,3,5,6,6,3,6,8,6,10,10,6,6,3,3,10,1
1,43,22,1,4,0,10,5,3,1,10,5,30525.0,837,35546.0,5,3,32,19,59,7,68,37,9,5,9,4,5,6,5,9,1,6,3,4,9,3,10,3,6,10,1,10,7,10,0
0,25,42,3,6,0,5,4,1,5,1,10,130502.0,860,54400.0,3,4,91,69,4,18,38,93,5,3,8,10,9,9,9,5,6,6,2,4,3,3,7,3,4,2,9,8,10,1,1
0,31,33,6,6,1,5,5,5,7,13,16,57274.0,1337,40426.0,9,9,63,38,24,26,54,26,10,6,2,10,3,6,9,5,8,1,2,7,10,1,1,7,7,8,7,8,9,7,1
1,39,39,3,3,1,8,4,7,4,2,15,53364.0,1486,30345.0,1,7,35,8,26,43,24,37,10,10,2,9,4,2,1,6,4,5,5,9,6,3,4,7,8,6,9,1,1,6,0
0,31,32,4,5,0,9,1,2,6,12,17,85513.0,1133,57566.3,2,7,80,76,6,36,71,13,9,9,3,3,6,2,8,1,6,3,5,10,1,9,1,9,6,6,1,2,1,5,0
0,28,29,3,3,1,6,5,7,4,8,11,78503.0,1013,57011.0,4,4,89,7,74,4,20,39,4,3,1,5,8,7,10,1,6,3,3,8,7,2,2,9,4,5,1,4,5,6,0
0,31,26,1,6,0,3,1,1,6,18,2,49367.0,937,15472.0,10,6,96,4,57,4,15,87,5,10,6,10,7,7,9,8,5,7,3,9,8,5,8,4,5,3,9,9,5,5,0
1,38,43,3,5,0,10,1,5,6,5,2,82682.0,1270,37093.0,7,7,34,37,88,42,8,62,4,6,7,3,6,1,6,9,7,7,7,3,4,7,1,5,1,2,6,1,3,6,0
1,25,31,2,2,1,6,1,6,4,16,7,130695.0,1473,47988.0,9,7,20,41,16,94,51,22,1,10,8,8,3,9,3,4,9,1,8,7,10,1,10,7,1,6,5,10,10,4,1
1,20,38,5,6,0,10,2,1,3,5,4,58187.0,1442,35570.0,10,9,46,38,61,89,52,46,3,3,7,10,3,4,2,6,1,3,7,9,5,2,7,1,10,1,9,5,5,8,0
0,40,33,4,4,1,6,6,5,2,3,13,26252.95,1147,14262.0,9,2,42,74,18,27,18,88,3,7,8,8,4,3,1,3,1,2,7,9,1,10,5,1,6,7,7,2,9,7,0
1,35,28,5,3,0,3,4,4,3,4,8,26252.95,837,49238.0,3,1,51,86,93,51,32,72,7,3,2,2,9,8,6,1,1,6,5,7,8,2,10,2,10,7,1,10,8,3,1
0,20,23,5,1,0,3,1,1,3,4,10,26252.95,1526,12502.4,10,9,46,56,7,55,25,32,8,4,4,6,8,4,6,10,5,7,4,10,1,1,4,6,9,1,3,10,3,1,0
0,30,27,1,5,0,5,6,2,5,9,7,87289.0,1486,12502.4,3,6,19,73,80,37,83,76,1,8,1,8,8,1,8,8,7,5,9,5,9,4,4,6,2,1,9,9,3,5,0
0,29,25,4,1,0,5,2,1,1,4,11,69368.0,1330,36346.0,8,2,71,77,19,55,95,51,8,10,1,7,6,5,7,3,9,8,9,8,8,6,10,7,10,1,2,9,9,8,1
1,32,33,1,6,0,4,1,3,1,5,3,78891.0,960,24899.0,9,6,45,39,11,13,61,69,8,5,7,6,3,6,7,2,8,5,3,7,3,1,8,1,10,6,4,10,9,8,0
1,35,20,3,3,1,5,4,3,1,1,11,46780.0,1442,24669.0,1,5,96,64,96,7,32,49,8,1,4,10,2,2,2,1,6,4,4,8,4,8,2,5,1,9,1,9,9,7,0
1,22,19,2,3,0,1,4,4,1,1,9,61786.0,1402,55524.0,7,2,72,10,92,35,41,34,10,5,3,4,6,3,1,2,1,9,7,7,7,4,4,9,4,2,10,7,3,5,0
1,24,33,3,1,0,6,1,3,1,18,3,61769.0,894,25312.0,8,6,76,71,77,41,29,84,5,8,8,4,4,4,3,2,10,7,3,4,2,4,2,6,8,10,10,4,3,9,0
0,28,36,2,6,0,4,3,4,6,10,6,65114.0,1392,29663.0,6,4,66,68,43,4,24,50,1,2,2,4,3,1,6,10,7,8,9,3,2,5,7,2,3,2,1,7,5,1,1
1,43,26,3,5,0,2,6,6,2,16,2,143471.34999999998,843,14595.0,10,4,24,48,60,64,92,36,7,2,3,1,6,5,4,3,10,5,9,7,5,8,1,5,6,2,9,4,9,4,1
0,43,33,2,1,0,10,6,6,2,3,3,64381.0,1559,28051.0,8,5,34,5,28,19,61,60,3,6,9,1,7,3,10,3,9,3,2,10,2,1,1,1,5,10,10,6,1,6,1
1,28,39,4,1,0,10,5,1,1,18,10,33694.0,1192,20952.0,1,8,10,78,25,96,25,23,2,10,9,1,6,9,1,1,1,8,1,3,7,10,3,6,3,2,8,5,4,7,1
1,43,43,4,5,0,2,4,4,1,1,12,77712.0,1140,44041.0,6,2,75,74,46,82,20,89,1,6,7,8,6,5,7,6,2,2,10,10,5,7,1,1,10,1,2,5,8,3,0
1,32,21,4,2,0,6,1,2,6,17,4,91964.0,886,49831.0,10,5,4,57,90,8,80,80,2,7,4,8,3,2,8,5,4,4,10,2,1,5,3,1,3,8,3,5,7,3,1
0,27,27,5,4,0,6,5,5,4,3,7,137028.0,1113,45302.0,10,2,63,11,80,50,5,66,2,8,9,10,7,2,5,4,3,7,10,8,10,6,2,2,6,10,4,3,7,5,0
0,32,36,3,6,0,6,1,7,6,17,15,133293.0,1115,57566.3,9,3,89,80,91,19,74,53,9,1,10,1,7,1,3,8,4,7,9,9,1,4,10,5,4,3,5,7,2,1,0
0,30,30,5,3,0,4,3,3,5,12,6,32761.0,880,38501.0,6,8,33,63,76,44,36,4,1,1,4,10,10,3,10,10,5,8,2,2,10,10,2,9,5,6,10,5,9,6,1
0,31,35,3,1,0,8,4,3,3,12,1,37045.0,837,35794.0,5,1,65,46,70,14,93,62,2,7,4,6,10,4,6,6,10,7,9,9,4,4,7,1,6,7,3,8,5,2,0
0,34,32,4,3,0,1,1,7,1,12,9,53607.0,1395,57163.0,4,9,82,55,73,54,45,53,10,1,9,10,4,3,8,1,9,6,9,3,6,8,5,2,5,3,6,2,8,10,0
1,30,21,5,2,0,3,6,1,7,15,17,53189.0,891,38746.0,3,7,50,11,74,42,68,54,9,2,7,8,10,6,10,1,2,7,10,3,8,4,2,9,1,4,5,4,2,2,0
0,27,26,6,1,0,10,6,4,1,4,9,90361.0,1015,57566.3,6,5,78,93,53,87,30,96,4,4,10,8,3,7,2,4,9,2,2,9,7,8,6,5,5,5,4,8,4,7,0
0,42,21,6,5,0,3,1,7,3,12,6,46916.0,1196,20272.0,4,2,70,44,82,59,62,94,5,2,1,9,9,4,3,1,8,8,8,3,6,1,5,7,10,2,10,7,1,1,1
0,19,33,5,5,1,5,6,2,5,1,2,37768.0,1011,25740.0,5,6,9,46,59,95,95,16,7,10,4,4,6,1,5,7,4,9,6,9,7,6,9,5,6,3,3,9,5,6,0
0,19,38,6,5,0,4,2,6,3,18,10,27080.0,865,18507.0,5,7,88,5,81,33,54,84,8,8,1,1,8,2,4,1,1,10,5,7,1,7,2,10,9,9,7,2,1,1,0
1,32,32,3,6,0,6,4,3,5,4,8,34786.0,1319,53662.0,2,9,47,63,96,84,27,4,1,8,5,7,6,3,7,8,8,5,10,10,7,8,5,10,2,10,6,3,9,8,0
0,33,41,1,1,1,2,6,1,2,9,8,143471.34999999998,1036,45256.0,7,5,53,35,90,51,41,20,9,4,9,8,3,3,9,2,8,6,1,9,9,7,3,6,8,9,9,9,5,10,0
1,29,19,3,3,1,3,2,7,4,12,7,143471.34999999998,1540,41515.0,8,6,57,16,56,17,68,25,8,8,6,10,8,6,7,9,7,3,1,4,2,4,6,1,8,6,2,2,1,8,0
1,43,43,3,2,0,7,2,6,4,7,2,121271.0,837,52744.0,7,7,8,19,74,10,85,66,7,3,6,10,2,9,10,10,8,1,2,9,3,8,8,8,6,2,6,7,9,4,0
1,41,31,4,3,0,1,4,3,5,11,10,52727.0,837,38799.0,2,8,24,27,16,91,95,95,5,9,2,8,7,8,3,9,8,7,3,3,1,7,3,5,7,2,1,5,10,8,0
0,23,20,3,4,0,2,1,2,7,16,1,43465.0,1022,49971.0,5,4,11,76,95,73,9,67,7,2,7,3,2,3,1,4,3,9,2,6,6,6,8,1,6,2,5,7,8,2,0
1,23,39,4,6,0,5,3,5,5,9,8,137358.0,1370,36575.0,8,9,71,61,59,34,35,26,6,1,3,4,10,2,2,4,6,9,4,9,5,5,8,2,5,4,2,2,2,1,0
0,29,40,5,5,1,8,4,5,2,14,17,137185.0,885,36480.0,1,1,94,15,88,4,49,95,3,3,8,6,5,5,3,9,1,6,3,3,2,5,1,2,10,10,4,10,5,4,1
0,42,21,3,2,0,10,1,4,3,16,6,47141.0,837,14951.0,6,6,41,8,96,47,90,84,10,5,10,6,6,10,5,4,5,1,3,3,3,6,6,4,9,2,10,2,2,9,0
0,32,19,2,3,0,7,4,6,5,10,13,74199.0,1361,28540.0,8,3,30,10,11,96,59,27,6,6,2,7,5,7,7,3,1,8,10,4,4,5,3,10,8,9,4,3,3,5,0
0,21,40,3,5,0,10,3,4,4,8,2,90436.0,1559,48765.0,7,4,83,75,13,45,34,29,2,10,6,10,8,6,6,3,1,6,3,6,7,4,3,8,2,2,10,9,10,10,0
0,41,26,4,5,0,4,1,6,7,5,13,137050.0,947,56059.0,8,4,75,72,10,64,33,81,2,4,1,4,8,3,7,8,4,3,8,1,1,2,8,7,9,4,5,5,6,4,0
1,21,34,5,3,0,3,5,5,6,8,13,74601.0,1045,55031.0,4,5,80,66,5,92,52,38,1,9,9,8,2,1,9,1,8,10,10,4,6,9,10,4,9,7,4,7,3,2,0
1,19,31,3,4,0,4,3,7,7,6,15,71989.0,837,33142.0,6,1,30,61,76,26,75,72,5,7,7,5,7,10,9,4,5,1,4,6,10,7,9,4,4,3,8,5,1,6,1
0,43,34,5,1,0,9,4,1,1,5,17,53777.0,1516,36794.0,7,4,91,45,86,37,27,11,6,2,4,5,7,2,10,2,2,9,10,10,2,1,10,4,4,6,3,7,8,8,0
1,41,19,3,4,0,7,6,2,6,13,7,47061.0,924,20620.0,5,7,29,47,94,81,67,72,1,1,9,4,7,1,7,7,8,6,7,3,8,1,6,9,8,5,1,10,4,1,0
0,29,27,5,4,0,3,4,4,1,18,12,106775.0,1347,52121.0,6,9,21,83,44,26,12,4,7,9,7,10,10,9,4,9,10,1,10,6,8,7,5,3,1,10,8,3,2,9,0
1,24,40,5,2,0,3,5,7,4,1,1,98983.0,1078,57566.3,4,5,96,6,90,4,16,68,4,8,3,3,1,7,1,2,2,4,7,8,9,1,3,9,8,8,4,5,2,7,0
1,37,33,3,4,0,9,4,1,3,17,5,98311.0,837,26495.0,6,4,30,11,84,78,43,66,3,10,5,8,7,10,2,3,10,3,7,3,2,9,8,10,4,3,10,2,3,8,0
1,26,43,4,5,0,8,6,1,5,4,16,143471.34999999998,1129,42555.0,7,7,62,17,36,10,81,80,3,8,3,1,4,8,1,5,2,10,5,7,8,8,3,5,3,9,8,6,8,1,0
1,26,42,1,1,1,7,2,3,5,13,7,94824.0,1039,39080.0,9,5,7,77,11,13,89,55,3,3,7,5,4,4,10,4,2,7,9,5,7,1,8,3,10,5,9,10,10,4,1
1,25,36,6,5,0,10,5,1,1,12,4,47433.0,1299,37264.0,4,1,96,19,18,96,18,88,9,6,10,8,6,5,3,2,5,1,3,2,10,6,5,3,9,10,4,6,9,4,0
0,31,41,5,2,0,9,3,7,4,11,2,49980.0,1242,51155.0,6,1,6,77,74,14,5,29,5,9,7,5,7,6,3,6,1,2,1,10,9,1,2,7,1,6,5,9,2,2,0
0,19,42,2,1,0,5,1,1,1,12,16,114130.0,1451,57566.3,3,2,39,51,50,4,50,25,2,3,5,3,6,7,10,4,3,5,5,10,6,6,5,5,9,3,9,2,10,10,0
1,40,20,6,5,0,1,5,7,5,13,14,86018.0,1484,49855.0,4,2,78,38,56,21,92,56,9,3,3,1,8,8,7,6,3,1,9,8,5,3,3,10,9,7,3,9,10,3,0
0,38,29,5,1,0,5,2,1,1,14,3,113007.0,1315,24707.0,4,3,8,26,89,16,57,4,6,7,7,7,4,3,10,4,2,1,9,5,2,8,5,5,1,5,8,9,3,9,0
1,40,20,6,1,0,6,6,2,6,3,11,134819.0,1347,32823.0,5,5,9,88,8,57,24,78,10,8,1,8,6,9,3,4,7,4,10,2,2,2,2,9,3,5,10,9,8,10,0
0,29,32,3,1,0,2,5,2,6,17,8,126062.0,1559,53155.0,4,8,28,57,4,47,25,4,3,5,6,4,2,4,6,8,1,1,4,3,10,8,2,1,10,6,1,2,3,7,0
1,42,34,2,4,0,5,4,5,6,15,14,134225.0,1559,46177.0,10,9,24,61,94,10,69,44,5,6,3,5,2,1,7,1,2,10,1,8,8,8,8,4,8,10,7,1,7,10,0
1,19,35,1,1,1,7,3,5,3,10,15,41597.0,837,57488.0,1,4,78,38,70,73,82,77,3,8,7,6,5,2,6,10,7,8,6,8,5,9,7,3,1,7,6,7,7,6,0
1,30,24,1,3,0,4,6,5,3,11,16,57916.0,1073,26044.0,10,8,4,70,15,4,57,53,9,2,9,9,9,10,5,1,3,8,5,3,2,2,3,9,10,7,8,9,2,7,0
0,43,36,4,2,0,2,3,3,7,1,17,70837.0,1455,31323.0,6,8,36,70,74,49,10,89,8,7,10,4,9,6,7,5,6,2,6,9,5,2,2,3,4,2,6,7,8,10,0
0,21,24,5,2,0,5,3,4,4,17,6,27475.0,1491,14730.0,1,8,21,13,9,66,11,37,6,6,10,10,5,5,3,3,5,2,1,10,6,2,9,8,8,1,3,10,6,1,0
1,37,22,3,2,0,2,3,5,3,15,14,55124.0,1244,49303.0,1,7,11,32,37,38,24,71,8,4,7,1,10,5,8,10,3,10,5,5,9,1,1,3,9,5,8,1,5,4,0
1,35,43,5,5,1,7,2,1,6,3,9,110707.0,1119,24641.0,2,7,96,91,26,16,70,8,4,10,10,5,3,2,8,3,3,1,3,4,5,4,3,1,7,7,3,5,6,9,0
0,36,25,1,3,0,10,6,6,3,12,15,82283.0,1419,26113.0,8,8,62,94,66,79,23,89,9,2,1,5,6,7,7,1,10,6,2,8,3,6,2,1,6,4,10,3,6,4,1
0,33,38,6,1,0,8,5,2,4,16,9,107302.0,1394,43312.0,9,7,66,17,44,7,71,74,2,3,2,3,10,5,7,6,6,4,6,8,4,4,4,6,6,5,5,2,7,4,0
0,43,33,2,5,0,6,5,5,7,4,17,91717.0,1196,30489.0,7,1,35,67,44,29,5,90,5,6,10,9,10,1,2,1,8,9,3,1,9,3,8,1,8,2,8,3,10,4,0
0,31,33,6,6,1,9,6,7,4,1,15,26252.95,1137,14997.0,5,2,42,13,75,62,7,58,5,8,5,10,4,6,6,1,2,10,8,7,7,8,3,3,10,10,6,4,4,9,0
0,25,36,4,3,0,1,1,2,1,10,17,75314.0,1357,34944.0,7,8,38,35,6,54,25,26,5,3,3,6,6,2,2,6,6,9,1,8,2,10,1,4,1,10,10,1,5,4,1
1,29,42,2,4,0,4,3,2,1,5,13,58634.0,1481,51286.0,8,1,63,53,66,86,39,15,9,1,6,1,6,6,3,1,9,1,6,8,8,4,4,5,5,8,6,7,2,1,0
0,26,32,3,2,0,5,3,2,3,17,6,31786.0,1559,57566.3,6,2,47,53,67,16,32,29,4,7,3,4,9,8,9,1,4,3,9,1,9,3,7,1,1,9,10,9,5,4,0
1,23,24,1,3,0,6,5,3,4,11,4,134644.0,1271,26917.0,4,4,62,85,35,96,25,41,3,10,6,8,8,9,10,4,7,3,2,6,9,10,10,6,10,5,1,6,7,10,1
1,43,22,2,3,0,1,3,1,4,18,7,48957.0,916,56222.0,8,8,60,84,73,78,5,8,7,7,2,5,6,3,1,2,10,7,9,4,5,8,10,10,1,8,6,3,9,3,0
0,35,40,5,2,0,8,5,5,1,17,5,70277.0,964,28999.0,4,3,34,95,63,88,66,20,2,4,4,7,2,5,6,8,10,7,4,10,3,7,8,6,2,2,3,9,2,9,0
0,19,28,3,5,0,2,5,7,2,9,9,69594.0,1345,45902.0,8,6,86,41,40,90,61,84,8,10,3,10,5,5,9,6,5,8,7,4,9,9,8,8,2,8,8,7,3,10,0
1,40,27,1,1,1,10,2,6,2,15,7,60585.0,1395,46069.0,2,5,96,48,94,96,45,46,1,6,7,4,6,9,8,6,8,9,1,3,8,9,10,3,6,8,7,6,9,5,0
0,25,42,2,1,0,1,1,2,6,14,4,107237.0,886,50354.0,4,8,42,88,47,79,23,27,2,10,8,1,9,2,3,9,3,6,10,9,10,5,10,8,1,9,8,7,10,6,0
1,41,38,1,5,0,1,3,5,3,13,9,132935.0,1045,15084.0,2,9,48,4,37,8,82,6,1,10,6,1,2,2,6,6,10,3,5,9,1,3,9,9,6,9,3,1,6,4,0
0,31,40,2,4,0,2,3,6,2,3,9,54986.0,1163,19953.0,10,4,62,59,33,81,95,67,7,4,2,1,4,8,9,5,2,10,2,7,10,10,1,5,4,6,3,5,8,2,0
0,23,43,1,3,0,3,2,6,2,2,17,87267.0,1332,26610.0,9,6,76,14,14,82,5,58,1,6,5,9,10,1,4,7,8,9,6,1,1,1,7,2,10,5,4,9,1,10,0
0,27,26,6,5,0,2,3,7,1,18,5,97795.0,1149,39245.0,3,7,29,49,51,40,90,7,7,4,10,8,6,9,6,9,2,2,7,7,6,9,8,10,6,5,9,6,4,4,0
1,25,19,4,2,0,5,2,3,3,9,6,94463.0,837,24246.0,6,3,74,11,96,71,50,66,10,8,5,10,3,1,6,10,1,1,4,8,5,8,6,10,10,8,2,6,2,2,1
0,34,37,6,2,0,9,5,1,4,14,12,73392.0,1275,34491.0,3,7,73,69,60,23,7,81,7,8,1,9,10,3,6,2,7,10,4,8,9,6,8,2,8,10,10,8,6,5,0
1,42,19,2,2,1,2,3,2,1,12,3,60362.0,1078,26077.0,2,4,48,38,39,65,38,67,7,2,8,1,8,2,9,6,6,10,10,9,4,7,7,4,9,4,6,5,2,6,0
0,29,25,5,2,0,10,1,2,2,10,4,38565.0,1522,37261.0,10,1,43,10,96,73,65,96,2,2,9,3,8,9,3,3,10,7,10,5,7,4,1,5,1,3,1,1,6,1,0
1,34,20,4,5,0,6,2,6,2,13,5,112650.0,1423,31107.0,2,6,88,15,9,82,49,36,6,1,2,7,4,3,6,9,9,2,2,4,10,8,10,7,8,6,10,6,3,4,0
0,30,19,6,4,0,9,2,4,2,4,5,90180.0,1197,40439.0,2,9,40,75,25,20,61,66,6,2,5,4,5,3,10,8,6,9,10,1,5,8,3,10,10,3,3,10,5,1,0
1,36,21,6,1,0,4,5,5,5,11,9,87690.0,843,26459.0,5,3,67,26,30,17,18,39,7,9,10,3,7,8,2,6,4,4,8,4,4,6,3,10,10,5,4,7,10,7,0
1,29,43,1,5,0,5,5,6,6,7,17,92016.0,1292,24534.0,8,5,34,30,68,16,44,48,7,5,9,9,4,7,3,4,2,5,8,2,7,7,10,9,4,6,3,8,7,5,0
1,33,36,5,3,0,10,4,7,5,14,4,109843.0,1160,12502.4,2,4,21,42,42,40,29,89,5,3,6,6,7,3,6,5,7,8,6,6,6,5,8,8,2,10,8,2,1,9,1
1,42,28,4,2,0,10,6,7,4,17,2,113984.0,1477,57272.0,7,8,45,37,86,84,21,20,6,9,9,2,6,4,5,6,7,1,3,4,5,4,4,6,6,5,4,8,2,5,0
1,43,22,6,2,0,8,6,3,3,13,2,131009.0,1257,24119.0,7,1,85,4,69,85,61,96,9,7,4,7,10,6,6,8,4,5,3,3,4,4,7,9,7,7,1,2,4,10,0
1,22,41,6,6,1,6,4,4,5,6,7,137171.0,1087,33849.0,4,7,52,39,49,36,20,28,4,7,7,1,2,3,2,5,7,4,3,9,4,2,10,3,3,10,6,7,1,3,1
0,42,27,5,4,0,5,3,5,7,2,9,48181.0,1348,42805.0,6,9,78,51,39,18,88,69,9,4,9,1,6,6,1,5,1,6,1,7,3,4,4,1,6,10,5,6,4,5,0
1,33,41,2,4,0,1,4,7,2,7,15,39528.0,1029,24639.0,2,2,4,41,30,72,9,96,7,2,7,1,4,6,4,2,10,5,6,3,9,8,7,3,2,3,5,5,6,2,0
1,42,43,6,1,0,8,4,5,5,7,15,42390.0,964,12783.0,2,9,75,84,54,21,59,89,8,6,7,7,4,6,9,5,8,6,5,10,4,6,9,5,3,7,1,4,4,3,0
1,23,40,4,3,0,2,4,7,2,3,11,105351.0,1075,37669.0,2,9,67,32,16,87,7,33,5,7,2,6,4,10,4,10,6,10,2,2,3,3,7,9,10,3,3,4,7,3,0
0,28,25,2,1,0,6,3,5,2,2,14,112552.0,1193,15739.0,6,5,83,45,59,59,52,35,5,5,9,9,5,4,10,5,9,10,10,7,3,5,6,9,1,5,6,7,6,8,0
0,34,30,1,6,0,10,5,1,5,16,11,106749.0,1137,21472.0,4,6,58,84,48,71,68,57,1,1,1,2,4,5,1,8,8,3,5,8,10,5,9,2,5,7,6,2,6,5,0
0,43,22,6,2,0,9,1,1,3,5,9,125251.0,1435,13904.0,1,2,86,63,48,78,60,70,3,6,10,7,10,10,5,5,8,8,2,5,7,4,6,7,8,1,9,1,10,3,0
1,40,43,3,4,0,6,6,2,6,8,15,106769.0,990,17262.0,4,8,62,53,14,93,49,16,10,3,6,3,9,5,9,6,7,5,8,2,3,1,10,7,2,2,6,9,1,6,0
0,31,43,3,1,0,5,2,6,4,7,17,27815.0,1479,40689.0,8,9,31,48,11,87,62,7,10,1,4,1,6,10,4,3,2,4,3,1,4,3,7,1,6,9,6,4,10,3,0
0,23,43,6,4,0,6,6,6,5,15,5,130987.0,1551,28317.0,7,6,57,46,38,16,14,81,4,3,3,3,10,9,8,3,7,9,8,6,4,1,4,3,6,10,10,5,1,6,0
1,42,29,1,1,1,10,6,3,3,6,3,37178.0,1057,41794.0,8,8,35,83,96,55,80,71,4,3,4,4,4,9,7,3,8,3,5,3,1,7,6,9,2,3,4,9,1,4,1
1,40,43,3,3,1,5,1,7,3,12,6,79247.0,1516,32465.0,3,5,46,43,50,24,13,11,5,8,5,1,1,1,1,6,4,5,7,3,10,6,7,2,6,2,2,7,3,10,0
0,28,30,2,4,0,5,3,3,1,7,2,28191.0,879,22446.0,2,1,95,16,58,47,70,33,10,9,6,8,6,2,7,9,6,10,9,7,6,8,4,6,9,9,4,7,6,2,1
1,29,39,4,1,0,10,5,3,7,3,3,66765.0,1517,14927.0,6,2,69,4,50,96,38,11,7,1,5,7,5,7,4,10,6,3,3,2,3,2,9,9,1,3,3,7,10,4,0
1,30,25,5,5,1,7,6,1,3,14,3,28295.0,968,26033.0,2,6,85,72,94,54,95,28,9,6,7,5,6,8,7,1,6,6,2,1,1,6,5,6,4,2,3,6,7,3,0
1,21,32,6,1,0,5,3,1,5,7,10,37513.0,948,40367.0,7,1,96,70,57,68,18,80,3,4,7,10,10,8,6,9,1,1,8,2,10,5,7,1,7,7,4,9,3,6,0
1,24,30,3,6,0,6,5,6,3,16,7,60009.0,961,13474.0,2,8,8,60,93,11,74,49,10,1,10,5,1,6,6,1,5,1,10,4,9,5,6,10,4,7,6,1,10,6,0
0,19,19,2,2,1,8,4,4,5,10,6,56359.0,921,29814.0,10,9,86,95,11,9,49,79,6,6,8,5,3,8,9,3,7,7,4,2,9,2,6,7,7,6,6,7,4,2,1
1,23,39,1,2,0,5,5,7,2,2,1,92841.0,1539,26335.0,9,7,92,17,9,59,95,74,2,9,4,4,9,6,10,10,6,7,8,4,5,10,9,7,8,6,3,3,3,3,0
0,23,23,4,6,0,7,2,5,1,2,15,26631.0,1362,18305.0,10,6,11,65,19,44,95,8,9,1,6,1,2,10,8,7,3,10,10,10,1,1,4,3,1,2,5,6,7,10,0
0,35,28,3,4,0,1,6,7,3,17,15,35563.0,1190,56279.0,6,4,43,16,27,4,31,4,9,2,9,10,5,4,1,3,8,1,6,9,6,4,1,10,1,2,10,1,9,7,0
0,37,30,5,3,0,9,3,2,3,5,10,30039.0,1423,17378.0,8,7,96,6,44,85,8,59,5,10,7,1,4,7,3,2,7,5,9,4,10,3,5,2,6,5,4,3,1,7,0
0,25,38,5,5,1,9,5,5,1,11,6,43323.0,1351,30856.0,8,6,4,79,56,20,32,9,2,2,8,1,8,2,9,5,4,9,7,1,9,4,2,5,6,8,6,4,8,5,1
1,25,37,2,2,1,6,5,2,2,1,3,130331.0,964,26297.0,3,4,15,64,53,94,95,77,9,2,7,5,8,6,4,9,2,1,8,5,2,5,3,9,4,4,10,1,8,1,0
1,25,19,5,2,0,6,6,7,2,1,7,130018.0,1517,46415.0,9,6,21,60,41,62,68,73,8,2,6,10,9,9,5,7,2,4,5,1,3,6,1,5,8,5,3,8,3,10,0
1,25,28,5,1,0,3,6,1,5,8,3,76731.0,1525,26024.0,10,3,57,35,6,22,16,15,10,1,10,6,10,7,7,9,8,8,4,5,5,9,3,10,5,7,7,10,10,10,0
0,19,43,5,1,0,9,4,6,5,13,13,71216.0,1251,17312.0,3,8,4,78,5,4,61,17,9,7,6,9,3,9,6,3,9,4,7,1,5,6,9,1,5,2,2,6,10,9,0
0,19,28,3,3,1,7,6,7,5,6,2,109496.0,993,56994.0,10,1,8,58,67,88,33,72,5,1,8,8,4,1,4,2,5,2,4,10,1,2,7,9,1,3,10,5,1,3,0
0,29,25,6,3,0,4,3,6,4,13,13,26252.95,1444,16674.0,2,9,4,13,18,17,53,35,6,5,9,4,10,8,3,4,2,9,9,8,1,5,4,7,2,6,10,3,10,7,1
1,32,39,2,2,1,1,5,7,2,10,10,26252.95,1161,41712.0,10,2,20,37,96,47,32,44,4,9,9,10,1,4,5,3,4,6,1,1,5,9,9,7,10,8,5,4,9,7,0
0,21,20,4,2,0,5,3,3,3,9,10,31992.0,1003,48892.0,4,9,39,86,37,66,68,19,10,1,7,9,3,2,2,3,5,1,5,8,4,9,4,2,4,6,7,9,6,2,0
1,42,36,2,6,0,5,1,4,2,1,12,35469.0,916,52963.0,9,3,80,10,48,22,83,35,9,2,7,1,7,10,7,5,1,5,8,2,2,8,2,6,10,3,6,1,5,10,0
1,20,29,6,1,0,9,6,2,6,5,15,42410.0,1191,12502.4,7,3,62,90,42,96,58,10,6,3,4,9,7,3,5,2,7,6,8,2,1,2,8,5,5,10,8,4,1,7,1
1,31,23,6,6,1,4,6,2,7,10,16,47217.0,1495,41686.0,2,7,90,94,15,66,68,88,2,10,3,3,10,4,4,9,8,4,1,1,6,9,6,6,7,8,1,8,6,8,0
1,39,40,4,4,1,3,2,6,4,4,10,76239.0,1445,38886.0,6,4,61,72,60,49,20,18,2,3,7,3,4,6,9,6,5,6,6,2,2,1,3,4,6,4,2,4,2,9,0
0,40,25,5,2,0,6,5,4,3,15,9,70115.0,1105,42909.0,7,7,66,4,96,79,61,50,1,7,5,10,5,6,3,2,7,3,5,9,7,9,1,1,6,10,7,5,1,2,1
1,25,22,3,1,0,7,1,4,6,18,4,36438.0,873,15435.0,5,3,81,64,95,10,8,74,8,5,8,5,6,6,10,6,2,9,6,2,10,8,1,2,2,7,8,3,4,3,1
0,30,27,5,2,0,5,2,5,5,5,7,71030.0,1214,17994.0,6,3,50,59,72,63,5,27,6,9,10,5,10,1,3,6,7,3,1,1,7,8,9,4,6,9,1,5,2,3,0
1,40,39,6,3,0,10,6,4,6,15,7,28855.0,1133,14752.0,4,9,26,21,92,96,75,75,1,9,3,3,1,10,3,3,3,7,1,2,8,5,3,8,2,6,4,7,1,2,0
0,36,33,1,4,0,7,6,5,3,5,3,78230.0,1374,17711.0,8,1,67,91,24,83,54,91,1,9,1,4,3,3,2,2,3,1,3,10,4,1,3,1,7,4,8,10,10,9,0
0,39,29,1,5,0,7,2,1,4,18,2,128727.0,874,54323.0,1,2,90,85,11,49,69,79,3,3,2,6,2,3,4,10,9,9,4,7,7,1,4,9,2,9,6,5,6,5,0
1,22,34,6,6,1,1,6,4,1,9,7,105343.0,837,12502.4,9,9,73,27,37,71,5,60,5,10,7,5,7,3,7,7,9,3,10,4,3,10,7,4,7,3,10,2,10,8,0
1,30,23,2,4,0,6,5,6,4,1,5,44992.0,1103,12502.4,4,8,28,18,5,20,38,96,6,6,10,4,6,9,2,3,9,1,7,7,3,8,9,10,1,6,7,10,8,8,1
1,43,26,3,4,0,6,5,6,6,6,5,97949.0,977,18861.0,10,4,85,90,22,46,38,55,10,6,10,3,7,8,9,8,9,9,10,5,6,7,5,9,10,7,5,2,10,1,0
0,37,27,5,5,1,7,2,6,3,11,5,139144.0,1436,48570.0,10,1,34,87,23,10,14,51,7,9,7,9,3,8,6,6,2,7,9,4,1,1,6,10,8,7,5,4,6,7,0
1,19,37,1,2,0,5,1,7,4,4,11,99535.0,931,53358.0,2,6,53,9,4,21,88,40,4,9,6,8,6,7,6,1,2,10,10,8,7,8,2,6,8,1,8,10,9,3,0
1,33,31,4,3,0,7,2,5,3,17,6,143471.34999999998,910,23488.0,4,3,29,33,67,87,23,89,9,5,3,3,6,8,9,7,8,9,10,1,9,6,1,1,5,9,3,9,4,10,0
0,40,31,5,6,0,9,6,7,1,14,6,28310.0,936,44571.0,2,1,74,72,88,37,69,67,1,1,9,5,9,7,4,4,8,2,3,2,4,10,9,10,1,1,6,5,6,2,0
1,41,43,5,6,0,6,6,1,3,15,1,97642.0,1062,48175.0,9,5,68,68,4,38,5,46,8,9,3,3,6,8,8,1,5,6,7,5,5,3,6,3,10,9,5,7,5,6,0
0,19,34,6,6,1,7,5,5,5,18,7,57387.0,921,57566.3,7,3,96,95,96,28,67,47,10,4,10,8,7,5,4,2,9,1,6,4,7,9,10,7,2,9,3,2,9,2,0
1,24,43,5,6,0,7,5,7,6,4,5,107054.0,1338,42817.0,10,8,96,51,78,61,93,96,6,7,7,1,6,4,4,6,10,4,8,4,10,5,8,2,6,8,1,10,5,2,0
0,23,42,6,5,0,7,2,4,1,10,8,137765.0,876,48959.0,7,6,61,27,50,58,34,96,4,8,4,7,10,10,6,10,6,4,9,2,3,8,7,1,5,2,1,10,7,10,0
0,22,33,2,3,0,1,5,3,5,18,16,71555.0,1415,49131.0,10,7,8,77,41,96,92,55,6,5,8,3,2,9,4,7,2,9,4,10,9,10,9,7,9,5,8,6,6,8,0
1,21,21,1,5,0,8,5,3,5,10,4,26897.0,1188,29868.0,10,8,37,72,22,84,11,45,8,2,5,10,5,4,1,9,4,7,10,4,10,4,10,3,4,1,8,7,10,1,0
0,19,19,2,2,1,10,6,2,4,18,16,52463.0,901,36233.0,1,9,41,26,90,57,5,5,7,3,2,4,7,10,9,7,10,7,1,3,1,10,4,9,3,5,4,8,8,7,0
1,27,33,2,2,1,8,6,2,1,5,15,29020.0,1002,51656.0,1,4,37,58,62,43,41,6,3,3,2,2,10,4,4,2,4,6,10,5,6,2,1,2,1,6,1,9,7,7,0
1,39,19,3,2,0,7,1,3,5,15,13,26252.95,1072,43179.0,1,4,74,78,54,64,57,23,3,9,6,8,10,6,10,7,8,2,2,9,6,7,1,9,8,5,5,3,8,4,0
0,22,20,1,2,0,5,5,3,2,10,1,26252.95,1056,56468.0,10,4,10,38,96,65,70,14,5,3,3,6,7,8,7,7,6,7,8,6,2,10,8,2,7,1,4,1,2,9,0
1,35,40,4,3,0,3,6,4,6,12,6,77956.0,1272,57566.3,4,5,79,52,79,35,55,94,2,4,9,2,1,2,6,2,4,3,6,7,7,1,5,8,5,2,2,10,10,10,0
0,27,28,3,5,0,3,1,6,2,4,9,75062.0,1010,32311.0,10,3,79,4,24,8,24,21,1,7,3,2,9,4,7,5,8,3,6,2,3,3,4,2,7,8,5,8,10,5,0
0,40,33,3,3,1,4,2,5,2,17,5,139440.0,860,29697.0,9,1,84,47,5,96,68,9,9,4,9,7,1,2,9,9,4,6,3,7,5,2,6,9,3,3,2,1,8,10,0
0,39,43,1,3,0,3,6,2,7,13,9,75720.0,1308,17639.0,3,2,56,78,85,87,8,80,10,10,9,4,7,5,1,3,1,10,10,7,10,2,2,1,7,9,7,8,8,8,0
0,32,35,3,6,0,2,4,2,5,9,7,143471.34999999998,1478,57566.3,4,5,30,38,18,69,62,19,6,3,2,9,6,1,9,2,1,4,1,8,6,4,8,7,8,9,4,2,4,8,0
0,43,32,6,4,0,2,4,2,2,4,7,80557.0,1304,56242.0,3,5,6,77,28,18,28,92,7,9,3,3,8,8,4,1,2,2,2,2,7,4,6,9,7,9,9,9,4,5,0
0,26,26,2,6,0,3,1,7,2,14,12,47759.0,900,26083.0,3,2,12,13,31,88,27,16,1,4,4,10,7,2,6,4,4,9,1,5,6,7,9,8,10,4,4,2,5,3,0
0,28,29,3,5,0,9,5,2,7,8,11,72952.0,1278,14236.0,6,6,86,40,4,24,94,51,3,5,5,9,7,10,1,4,3,2,3,2,9,7,10,1,4,5,2,3,2,2,0
0,43,43,5,1,0,4,4,1,6,9,10,46549.0,1277,15709.0,1,9,4,21,96,57,22,83,10,10,4,2,4,3,6,7,8,3,8,5,10,9,7,8,6,5,10,6,1,8,1
1,38,35,2,6,0,1,4,7,2,15,4,142705.0,1334,42211.0,6,1,13,41,8,19,66,5,7,5,8,4,3,7,9,7,8,8,2,2,8,8,8,3,3,1,4,5,1,2,0
1,42,22,6,3,0,10,2,3,1,2,6,45134.0,1400,52661.0,10,7,4,58,72,54,16,14,8,7,10,2,3,9,9,7,8,4,1,1,7,10,10,3,6,4,5,2,7,8,0
0,42,41,1,5,0,7,6,6,2,11,14,106947.0,1167,12502.4,8,4,62,43,47,31,26,23,1,3,10,9,9,9,3,5,5,8,6,5,2,3,8,10,9,7,1,5,2,3,0
1,34,43,2,1,0,10,3,3,2,1,4,47917.0,880,12502.4,10,2,22,93,28,29,53,65,9,4,1,1,2,7,8,1,9,4,8,6,9,9,4,6,2,4,9,3,8,5,0
1,38,25,6,5,0,8,1,4,4,8,6,44965.0,837,17653.0,4,9,18,49,31,5,31,36,4,1,7,5,3,9,2,1,9,2,9,10,4,8,5,6,9,7,5,5,10,5,0
1,26,20,6,6,1,3,4,5,4,12,5,143471.34999999998,970,12502.4,5,1,4,74,86,42,27,41,10,7,1,10,7,5,3,9,10,1,2,3,6,8,10,3,10,1,10,1,4,10,0
1,40,19,4,6,0,1,2,7,2,6,12,42147.0,898,30944.0,5,6,44,90,28,78,68,4,9,4,7,2,10,9,9,4,9,10,6,10,9,5,3,9,6,10,8,5,10,10,0
1,33,42,6,4,0,2,2,4,4,11,1,29904.0,1338,54466.0,1,8,73,51,94,96,95,22,5,3,7,10,1,7,8,6,10,2,6,1,4,10,7,5,5,1,5,5,8,7,0
1,23,36,6,6,1,6,3,1,1,1,4,40578.0,1405,30573.0,5,3,46,71,34,94,41,87,7,5,9,5,10,8,5,10,7,3,7,5,4,7,3,8,4,5,10,3,4,1,0
0,39,25,5,2,0,4,6,3,7,1,17,121570.0,844,29017.0,4,7,70,38,73,15,44,15,5,2,8,2,1,8,6,9,1,2,10,8,3,2,9,4,5,2,8,4,6,10,0
1,28,19,6,4,0,4,6,3,7,16,1,86569.0,1292,55788.0,7,2,40,95,20,61,38,31,9,7,10,9,2,8,10,9,5,1,3,8,7,2,3,10,9,4,10,4,4,6,0
1,40,36,3,2,0,4,3,3,1,15,14,143471.34999999998,1341,51014.0,4,4,26,86,9,42,33,73,10,4,6,10,2,1,2,9,2,4,4,7,8,8,3,5,6,2,1,1,10,9,0
1,34,19,5,2,0,6,2,7,1,4,6,47707.0,1390,33285.0,1,8,67,69,87,95,38,41,4,8,8,4,1,3,6,10,8,6,7,6,5,1,4,8,2,8,1,5,7,7,0
1,21,43,3,1,0,7,2,5,1,7,10,39946.0,1216,15491.0,6,1,89,6,4,83,79,41,2,9,2,1,8,7,10,5,5,7,10,1,9,5,4,6,5,5,7,6,6,9,0
0,32,39,4,1,0,2,2,1,3,1,10,82790.0,1559,16947.0,3,7,92,94,84,31,41,34,8,1,6,2,8,6,7,5,10,5,3,8,3,1,5,5,4,2,4,5,5,10,0
0,19,30,6,2,0,4,4,7,1,2,8,37453.0,1250,17420.0,1,5,12,65,34,88,65,9,5,10,10,3,8,2,9,8,10,7,4,6,2,6,4,3,8,8,5,1,1,6,0
0,39,40,4,3,0,1,2,1,3,12,12,110846.0,1035,57566.3,2,3,21,74,61,5,22,89,3,6,5,1,4,6,8,10,4,8,6,4,4,3,10,5,1,9,1,6,9,10,0
0,37,37,6,4,0,4,3,5,6,14,1,128711.0,984,12502.4,8,7,30,25,87,16,95,44,4,10,7,2,7,4,6,5,10,8,2,6,2,8,2,7,4,1,5,1,5,4,0
1,19,34,3,6,0,6,6,5,2,5,5,143471.34999999998,1517,30221.0,7,7,65,66,80,6,20,41,10,9,1,5,9,9,9,2,2,5,5,6,3,2,1,6,2,3,2,10,1,6,0
0,26,20,1,4,0,8,5,4,1,3,6,143471.34999999998,1417,38490.0,3,9,12,15,63,78,77,36,7,9,4,8,10,1,2,6,2,10,1,4,5,7,6,5,2,2,4,8,5,7,0
0,29,26,2,2,1,6,2,7,5,2,5,80009.0,890,23397.0,3,2,67,11,85,11,95,6,4,8,5,8,2,6,8,4,3,4,3,2,10,9,2,4,7,3,3,2,3,2,0
0,21,22,6,2,0,3,4,2,7,14,2,39038.0,1212,57566.3,6,8,9,28,23,48,83,56,3,7,6,10,5,7,1,10,4,5,10,8,1,5,8,9,7,10,1,4,8,7,1
0,39,23,1,6,0,8,3,1,3,4,17,87240.0,1309,28139.0,3,2,27,18,14,84,5,9,4,4,4,3,5,6,10,8,1,5,3,10,5,5,8,5,3,8,1,8,9,9,0
1,30,21,4,1,0,5,1,5,2,5,11,26252.95,1364,51325.0,8,5,76,66,83,84,21,4,5,4,8,4,1,5,2,3,3,3,3,10,2,8,4,10,9,2,9,4,10,10,1
0,24,34,4,4,1,8,1,4,4,18,13,106613.0,972,28841.0,7,2,84,95,59,4,45,16,4,2,1,5,5,10,6,9,7,8,6,10,6,6,2,5,7,4,1,7,4,4,0
1,25,38,3,2,0,8,6,6,2,6,13,38006.0,1384,33996.0,1,6,5,74,44,96,71,73,5,1,9,2,3,5,7,1,3,3,7,7,5,2,3,7,5,3,8,5,9,4,0
0,30,38,5,4,0,10,4,1,1,1,9,89347.0,973,14815.0,5,9,61,64,25,36,9,24,7,6,2,3,9,7,4,9,4,9,10,6,7,7,8,8,3,7,4,3,5,7,1
1,28,38,2,5,0,10,6,3,2,11,7,125943.0,945,13510.0,9,8,63,68,96,26,93,64,10,3,5,7,10,1,6,5,9,3,7,8,10,3,5,1,9,8,7,4,5,3,1
1,26,33,1,4,0,6,1,5,5,5,10,143471.34999999998,1456,52003.0,6,3,75,15,40,59,79,18,3,7,8,6,3,1,6,4,3,2,5,5,2,2,6,5,4,10,5,10,8,2,0
0,42,33,1,1,1,4,6,7,1,9,3,110445.0,1342,31521.0,8,5,33,95,50,4,88,26,2,6,7,5,4,8,10,4,1,3,8,6,7,8,8,7,6,5,5,2,3,10,1
0,41,39,2,6,0,2,3,5,4,9,7,102163.0,1019,54374.0,6,2,89,95,57,4,53,59,10,2,2,4,3,3,9,5,4,1,9,1,8,1,3,3,10,3,5,10,9,5,0
0,33,28,4,5,0,9,4,5,2,18,9,87008.0,1261,45320.0,8,3,33,21,21,86,74,8,4,9,5,4,5,3,9,1,3,8,3,4,2,8,8,2,4,8,7,1,6,7,0
0,27,19,4,1,0,9,5,2,5,7,15,116255.0,1139,17636.0,4,6,45,32,42,9,69,8,7,9,1,7,8,2,8,6,4,9,3,8,8,9,8,5,6,9,7,10,8,4,1
1,28,34,3,3,1,7,1,3,7,15,12,124947.0,1419,20756.0,7,8,41,72,47,4,75,96,2,8,7,1,3,2,1,6,1,8,9,6,3,9,3,2,8,9,2,1,9,6,0
1,29,32,3,1,0,2,1,5,1,11,5,75883.0,1386,41080.0,9,8,86,35,50,40,37,56,2,6,4,7,2,1,3,5,3,8,7,7,2,9,1,9,7,2,3,9,7,4,0
0,31,35,1,6,0,8,3,4,5,4,16,26252.95,1506,51716.0,7,3,93,70,65,33,46,30,3,4,5,5,10,6,4,6,1,4,1,8,10,5,6,8,3,7,7,8,4,1,1
0,36,27,3,4,0,10,4,1,3,12,17,139805.0,1254,25644.0,2,8,25,48,12,31,9,65,3,10,7,4,10,2,3,9,8,8,9,1,1,2,1,5,10,8,4,9,3,6,0
1,29,23,3,3,1,10,6,2,2,8,17,127130.0,1275,41720.0,9,3,67,10,62,16,23,19,1,5,6,8,1,3,3,2,2,9,7,8,2,3,3,8,10,6,6,7,8,5,0
0,35,38,5,2,0,6,4,7,6,10,3,46888.0,1323,42160.0,8,5,81,86,88,42,78,30,6,7,4,7,2,6,9,6,7,9,5,7,10,3,1,1,6,1,6,2,10,9,0
1,38,33,5,2,0,5,6,4,6,3,9,70360.0,949,13635.0,6,2,75,64,21,8,5,38,10,5,4,4,4,2,3,8,9,3,4,6,2,3,2,9,4,10,4,4,8,4,0
0,34,22,3,2,0,3,5,4,4,7,9,51171.0,1174,38216.0,5,1,17,51,36,54,85,60,5,3,3,8,8,2,3,6,5,3,5,7,9,10,1,10,8,3,5,10,8,3,0
1,20,29,5,3,0,9,3,3,3,8,13,113820.0,1111,17773.0,6,7,21,44,26,86,78,50,4,8,5,2,4,9,3,6,7,7,5,7,6,6,7,3,9,6,8,3,9,8,1
1,19,23,1,6,0,10,1,6,6,18,10,84623.0,1519,25998.0,2,2,18,46,96,31,62,13,8,8,10,5,5,5,7,3,6,1,8,2,8,4,2,5,6,5,7,10,2,6,0
1,36,31,4,2,0,9,3,2,4,15,14,123804.0,1433,56841.0,5,8,7,83,60,21,40,17,7,3,2,7,6,4,2,8,6,2,8,1,3,7,10,7,8,10,4,9,2,7,0
1,21,43,3,5,0,1,3,4,3,18,9,60886.0,970,48483.0,9,6,66,59,96,53,5,10,10,6,8,7,6,3,2,1,3,1,8,9,2,9,9,1,1,5,3,4,1,6,1
1,40,40,5,2,0,9,6,5,4,14,14,114979.0,1062,32468.0,10,9,90,23,40,14,95,22,1,1,8,4,9,7,6,5,1,3,3,6,8,9,1,10,5,1,3,6,2,7,0
0,33,33,2,4,0,3,2,5,5,5,3,77789.0,1195,23340.0,6,5,83,47,41,78,5,58,5,2,1,4,2,2,5,1,8,4,8,1,3,7,8,5,10,4,9,9,8,3,0
1,29,42,5,5,1,1,2,2,2,18,15,70426.0,1403,26547.0,8,6,61,23,89,60,44,96,3,3,1,4,9,9,4,8,6,2,2,8,8,3,3,8,3,7,2,8,6,5,0
0,38,24,6,2,0,9,4,6,3,2,4,40973.0,1020,41657.0,4,9,50,12,33,96,54,75,4,3,10,3,7,4,3,5,1,8,4,5,8,3,6,9,7,6,5,10,4,3,0
1,38,19,6,4,0,6,6,4,4,9,2,125695.0,1217,47583.0,8,1,63,35,18,91,88,61,6,6,4,7,8,7,3,4,10,8,8,7,1,7,2,5,4,4,2,1,6,6,0
1,30,23,2,1,0,6,2,4,7,9,3,115736.0,1024,16934.0,3,2,28,31,7,57,84,73,7,5,3,7,7,6,1,5,7,4,7,10,8,6,9,5,1,3,1,10,9,9,0
0,34,26,6,5,0,3,2,7,2,10,15,52151.0,1251,56183.0,3,6,42,90,58,92,89,51,2,7,7,1,10,6,7,1,5,9,2,8,2,1,3,4,2,3,5,4,5,6,0
0,25,24,4,5,0,4,4,6,6,3,7,125039.0,1545,27269.0,3,9,57,31,64,65,32,41,3,7,8,10,5,2,10,8,5,9,1,8,10,3,6,1,6,9,6,7,9,9,0
0,30,19,3,1,0,1,4,3,5,13,1,44199.0,1559,36589.0,9,2,41,4,92,87,18,43,7,2,7,9,2,6,7,1,5,9,4,2,7,8,2,4,3,4,1,3,4,9,1
0,37,36,3,5,0,6,3,7,6,17,13,87930.0,1133,28014.0,3,8,58,4,49,96,79,10,3,10,9,8,5,10,8,10,3,5,9,3,9,9,5,9,9,10,8,1,3,8,0
1,43,25,6,3,0,10,5,7,3,7,4,74491.0,1524,41304.0,3,4,10,58,8,19,11,4,9,6,2,7,10,9,2,6,5,1,1,1,3,7,6,3,8,7,10,6,1,10,1
0,22,28,5,2,0,4,5,5,4,2,13,98194.0,1090,12502.4,5,1,15,26,20,10,66,32,10,8,10,8,10,1,8,1,9,5,10,5,1,6,7,7,6,10,1,8,10,4,0
1,35,42,2,1,0,6,3,1,6,7,2,26252.95,1198,36729.0,2,2,36,67,21,72,5,70,8,1,1,6,4,3,9,6,8,8,6,10,3,1,9,4,4,1,7,2,6,7,0
0,32,21,6,3,0,7,6,1,2,4,10,26252.95,1475,26940.0,9,7,53,74,36,62,13,40,3,1,8,4,7,9,8,10,1,1,10,9,10,6,5,7,3,2,10,9,8,3,0
0,29,33,5,1,0,1,2,1,5,8,13,37540.0,1118,13922.0,9,7,96,88,95,67,11,50,2,9,4,3,7,10,10,9,3,1,7,9,10,4,1,6,10,7,8,9,2,8,0
1,34,42,2,1,0,3,1,5,1,6,9,37424.0,1301,27901.0,10,5,31,25,31,96,33,93,7,9,4,9,6,5,5,8,3,10,9,1,2,5,3,1,2,5,3,6,4,3,0
1,42,35,5,5,1,1,1,4,1,16,1,57722.0,1180,35080.0,7,9,29,52,34,8,75,95,3,5,6,5,7,3,1,4,8,1,1,5,3,4,6,4,4,5,2,3,2,8,1
0,32,30,2,1,0,6,1,5,4,16,7,51647.0,990,36709.0,9,4,68,26,89,69,18,4,3,2,10,10,6,2,7,8,4,5,4,8,1,8,5,10,4,6,6,8,10,5,1
1,19,43,6,5,0,5,3,7,2,5,14,132804.0,885,57566.3,2,2,72,19,14,11,90,66,7,9,5,9,5,10,2,4,3,1,7,1,7,6,1,2,10,1,3,9,7,5,0
1,23,22,5,6,0,4,1,7,2,2,9,85465.0,1437,51388.0,9,9,92,74,61,24,61,38,4,4,8,8,7,7,10,6,10,1,6,1,3,3,10,3,5,10,5,2,1,9,0
1,34,43,6,4,0,5,4,3,5,6,1,124508.0,1559,26671.0,6,1,10,27,69,77,75,51,7,3,6,4,4,6,7,5,6,10,8,9,1,2,8,2,3,2,2,8,9,3,0
1,33,19,1,2,0,4,3,1,5,17,4,139615.0,1297,36092.0,2,9,54,77,11,5,32,96,8,4,6,5,10,2,9,2,9,4,5,1,3,5,6,5,7,7,5,2,2,3,0
1,34,28,5,6,0,1,3,7,3,2,6,143471.34999999998,1149,49471.0,2,4,9,64,4,4,58,31,4,3,10,1,6,3,7,5,6,2,4,1,9,5,5,7,4,9,9,9,9,1,0
1,42,19,4,2,0,7,6,7,1,7,8,47043.0,1412,35543.0,1,8,78,58,60,87,41,72,9,5,1,9,8,6,8,10,7,9,3,1,3,4,7,9,5,10,4,1,10,7,0
1,37,30,1,4,0,3,4,5,5,8,16,132955.0,920,41269.0,4,4,69,95,76,72,71,36,2,6,7,8,2,5,8,9,9,1,2,5,2,4,2,1,1,8,5,4,7,3,0
1,26,22,5,4,0,3,2,1,7,10,12,66659.0,1017,44841.0,9,5,81,24,16,76,56,86,10,3,9,3,8,7,5,4,7,1,6,10,5,6,5,3,3,8,5,5,5,6,0
0,43,35,4,3,0,4,6,2,4,11,5,56920.0,1346,15363.0,2,4,28,32,29,84,33,67,1,3,4,3,3,8,7,10,4,8,5,8,2,5,4,5,10,10,9,4,10,1,0
1,22,31,5,4,0,4,2,2,1,12,7,77318.0,929,31294.0,2,5,55,11,60,25,29,44,3,5,9,9,6,4,9,5,5,7,9,3,10,3,6,1,3,9,7,10,8,8,0
0,40,30,1,4,0,1,1,2,4,12,2,140941.0,958,29513.0,6,7,65,58,20,27,40,86,2,8,3,1,1,9,2,5,2,2,6,6,1,6,2,4,2,7,10,9,8,10,0
1,19,24,2,5,0,1,3,4,7,14,7,86729.0,1182,33584.0,6,3,25,32,63,84,5,47,10,10,3,10,8,8,2,2,7,4,1,2,3,6,7,8,6,4,8,9,10,8,0
1,23,25,6,1,0,6,5,7,3,1,1,50194.0,1162,57566.3,10,8,4,17,96,8,5,96,3,5,2,3,1,4,10,5,2,4,1,9,8,4,5,4,2,4,8,10,10,1,0
1,41,35,2,1,0,6,2,1,1,1,8,78375.0,1395,16138.0,3,3,15,12,66,51,20,67,8,4,9,10,4,3,8,10,5,4,4,2,4,3,5,1,5,2,5,3,1,1,0
1,31,24,4,4,1,3,2,6,4,9,9,118441.0,1352,22389.0,5,6,23,91,85,58,49,59,7,9,1,3,8,5,9,3,1,10,1,10,6,6,7,10,4,6,1,1,2,8,1
0,34,37,6,3,0,1,3,1,7,5,13,37726.0,943,12502.4,2,3,41,80,63,80,29,65,7,10,4,9,4,8,7,7,10,3,1,9,10,9,8,4,5,4,8,2,10,7,0
0,42,34,3,3,1,1,5,5,5,6,7,50320.0,1519,38388.0,8,4,52,8,33,46,18,69,6,1,2,1,1,7,6,8,3,10,6,7,10,7,4,9,10,6,5,9,7,7,0
1,36,33,3,5,0,7,1,4,2,11,12,92768.0,1430,17119.0,10,8,77,17,19,95,95,96,5,3,3,3,5,7,1,9,4,6,4,2,3,9,2,5,10,9,9,1,10,8,0
0,19,28,6,5,0,2,5,2,4,12,12,131288.0,1301,57566.3,8,2,20,95,10,71,28,79,3,3,10,6,9,1,7,3,6,8,4,3,2,2,7,9,2,2,10,3,3,4,0
1,19,36,5,4,0,2,2,2,5,13,4,104317.0,1318,43904.0,2,1,50,74,39,41,60,6,9,3,6,6,9,10,4,10,8,3,9,7,7,4,2,1,3,6,4,4,4,1,1
1,30,43,3,2,0,10,3,5,4,3,3,48354.0,1090,29466.0,2,6,88,47,82,41,59,16,1,2,7,10,9,3,1,6,2,2,6,1,2,6,8,3,10,2,7,1,2,9,0
0,31,19,5,6,0,7,4,1,3,14,14,45799.0,915,57566.3,6,2,96,95,93,45,68,55,1,1,5,10,5,10,10,3,1,7,1,1,2,6,2,6,6,2,3,1,6,8,0
0,43,38,5,4,0,6,6,3,4,5,11,126727.0,1525,18480.0,6,3,96,83,84,57,16,7,8,6,4,3,1,8,8,2,7,2,2,10,8,1,9,4,5,4,6,6,4,10,1
1,23,25,2,6,0,3,6,7,1,16,6,55391.0,1532,15852.0,3,9,63,4,62,50,8,84,8,8,1,9,8,6,6,10,2,3,6,3,10,6,4,8,6,10,2,10,1,9,0
1,43,19,1,1,1,8,1,6,1,12,5,65491.0,1449,33048.0,4,6,45,13,40,38,63,25,8,1,10,10,2,7,6,4,7,2,2,6,3,9,5,3,6,8,1,1,1,1,0
0,23,26,3,4,0,4,6,2,3,10,11,130038.0,1044,38671.0,7,8,42,33,36,14,5,85,8,3,5,6,7,5,5,5,3,2,7,2,7,5,3,5,5,4,9,8,2,5,0
1,19,36,2,4,0,2,5,2,6,4,2,141247.0,1363,36646.0,1,5,89,4,27,49,21,33,2,10,10,7,5,10,8,9,4,4,4,3,2,1,3,7,4,6,4,5,3,3,1
0,31,38,4,4,1,5,4,4,4,2,10,35725.0,1486,32418.0,7,3,37,53,69,75,86,16,3,10,2,4,1,6,4,1,6,3,10,8,3,8,7,10,2,8,9,3,1,6,0
1,20,26,6,3,0,9,2,4,2,13,10,106938.0,1199,14005.0,6,8,35,91,76,96,20,80,4,10,4,10,10,5,3,10,2,8,8,5,5,7,9,3,2,9,10,4,2,7,0
1,40,38,3,1,0,1,3,7,4,4,6,65362.0,1097,12980.0,7,1,68,77,77,72,17,17,7,6,6,4,1,9,5,2,10,4,1,7,1,8,7,4,3,6,5,6,4,9,1
0,27,42,1,6,0,4,5,3,2,3,1,32464.0,1360,43787.0,6,6,93,71,37,77,95,91,5,6,10,4,7,6,5,7,3,5,7,4,8,10,2,2,8,2,2,8,3,3,0
0,36,27,1,5,0,2,1,1,1,3,17,42249.0,837,37507.0,2,9,64,89,95,15,55,91,8,10,10,5,5,3,8,9,6,2,10,5,1,6,2,1,6,5,8,9,5,2,0
0,36,41,3,1,0,2,5,6,2,15,16,140659.0,1117,18450.0,4,7,67,21,6,84,69,77,9,2,9,5,1,5,8,3,3,1,10,7,9,7,6,10,4,4,9,5,10,3,0
1,36,40,6,1,0,4,4,7,1,4,16,40631.0,1135,50419.0,8,9,22,29,76,10,52,10,3,3,9,8,5,1,7,9,4,2,9,2,3,2,3,5,8,6,8,5,1,7,0
1,40,28,3,4,0,6,2,4,6,7,5,79680.0,1364,14544.0,9,4,73,83,76,84,94,4,3,9,3,1,2,6,10,1,6,4,5,9,6,10,1,3,5,10,9,7,5,2,1
1,21,19,6,1,0,1,6,4,1,6,17,110598.0,1039,53361.0,2,8,93,88,55,96,19,89,1,5,5,3,5,6,5,2,4,7,10,6,6,8,3,2,3,3,4,4,2,9,0
1,37,37,6,3,0,3,3,2,6,2,14,68721.0,1461,57252.0,9,2,96,85,93,78,55,29,4,5,2,4,6,2,4,6,8,3,1,8,5,10,1,1,3,6,6,1,8,3,0
0,36,42,2,4,0,6,2,3,1,6,14,26252.95,1385,54815.0,6,3,24,86,96,33,5,87,5,6,4,4,6,1,6,10,8,7,6,6,10,1,3,10,8,4,4,2,8,1,0
1,27,43,3,1,0,4,1,3,7,4,9,136527.0,948,33401.0,5,2,36,85,57,63,17,14,1,8,1,7,9,10,9,2,5,8,5,2,10,3,10,3,2,7,10,9,10,6,0
1,43,25,5,2,0,8,5,4,2,1,2,119578.0,1559,46882.0,6,5,7,15,57,26,37,40,8,6,2,2,10,4,10,10,4,10,5,2,2,4,4,6,9,10,9,9,3,2,0
1,42,37,1,1,1,2,4,4,4,13,15,143471.34999999998,1150,57566.3,3,5,12,61,27,35,43,93,1,4,8,8,1,7,7,8,10,1,3,9,9,7,1,8,2,7,9,10,10,9,0
0,19,29,6,2,0,3,3,6,6,12,8,119931.0,1349,57566.3,6,8,18,7,96,33,29,66,6,6,4,7,10,5,9,10,1,4,1,7,7,7,8,7,4,3,7,1,3,9,1
1,21,19,3,4,0,9,3,2,2,6,10,71988.0,1096,13875.0,7,5,80,39,11,83,63,91,5,4,6,1,6,1,10,6,4,9,7,8,7,8,3,8,6,6,1,10,3,9,0
1,41,27,2,3,0,1,2,2,1,3,9,132050.0,1175,13548.0,4,3,92,89,22,96,50,16,10,3,9,8,2,10,1,5,7,7,2,5,3,2,10,9,1,8,6,4,7,8,0
0,23,21,1,2,0,4,2,7,1,8,11,55861.0,1335,30205.0,7,2,43,30,96,78,95,85,10,4,8,1,7,5,5,8,6,5,9,8,8,5,8,3,2,1,3,3,8,7,0
1,24,32,3,5,0,10,6,7,4,18,10,105011.0,929,56040.0,5,2,4,36,15,75,78,78,7,1,2,1,3,3,6,8,10,1,9,8,9,10,9,10,1,5,6,4,5,5,0
1,33,36,6,5,0,10,3,2,7,4,11,65812.0,877,27523.0,3,8,47,85,77,53,58,76,8,9,4,10,7,8,1,5,2,1,6,4,2,6,9,3,8,8,4,6,3,8,0
0,24,23,2,2,1,8,4,1,3,13,6,88753.0,1350,53662.0,5,9,36,36,33,41,49,96,4,3,4,4,8,6,8,9,9,9,5,7,10,2,3,4,5,7,3,8,3,3,0
1,35,43,3,3,1,9,3,5,1,15,13,140583.0,1559,22796.0,1,3,41,60,52,10,11,56,5,7,1,9,6,2,3,7,8,6,6,8,4,4,6,9,6,2,8,2,5,8,0
1,37,22,4,6,0,3,5,2,5,1,11,52507.0,1559,53381.0,5,6,53,18,96,40,85,51,2,9,8,5,10,4,7,10,7,9,6,10,2,7,3,10,5,4,5,7,10,1,0
1,43,22,3,4,0,3,4,1,2,14,16,126818.0,1048,53296.0,3,7,26,45,95,4,73,68,10,10,3,8,1,5,8,9,1,2,1,1,3,5,4,9,6,2,9,10,9,1,0
0,43,35,3,1,0,1,3,1,5,6,17,61409.0,1550,12502.4,7,7,75,10,4,62,80,34,2,9,5,8,3,9,2,7,8,9,7,6,9,1,4,8,7,7,8,8,7,3,0
1,39,20,6,6,1,10,3,7,2,17,11,140843.0,1251,27930.0,7,1,89,59,76,11,5,54,4,1,4,7,4,4,4,6,10,3,1,10,2,1,9,3,9,9,4,9,6,4,0
1,36,43,4,4,1,2,1,4,3,7,2,139627.0,1492,42190.0,1,3,4,4,96,84,87,38,6,7,6,4,5,8,6,4,10,6,4,4,4,5,6,3,5,7,2,7,1,6,0
0,26,39,2,3,0,5,5,4,3,4,13,64340.0,1549,29612.0,9,4,15,70,82,92,80,18,3,6,10,6,7,5,8,8,3,4,9,4,2,4,8,8,7,1,1,7,5,6,0
0,37,19,2,6,0,1,3,2,5,10,2,119734.0,1083,34346.0,2,5,4,19,43,78,5,7,1,8,1,1,8,3,10,4,4,7,10,9,6,4,6,6,1,2,6,2,8,2,0
1,27,21,5,4,0,7,5,4,3,4,3,70484.0,936,23031.0,5,6,90,18,84,64,76,4,3,1,1,2,1,9,4,8,7,10,9,5,4,2,5,5,8,1,7,1,9,8,0
1,30,35,2,5,0,4,2,4,1,14,3,120141.0,1456,30592.0,3,9,37,4,7,4,10,83,9,3,1,10,9,4,1,9,5,6,7,8,6,9,3,1,3,10,3,2,7,3,0
1,35,26,5,2,0,7,5,5,5,11,9,117228.0,1483,49938.0,5,4,77,57,29,31,74,86,10,10,7,7,2,1,4,3,8,7,2,9,6,5,2,4,10,4,9,9,1,4,0
1,33,36,2,2,1,5,5,4,3,10,14,74855.0,1339,21944.0,3,1,18,12,4,72,48,30,7,8,8,10,5,3,1,3,9,2,1,1,5,9,3,3,8,5,1,1,4,7,0
0,39,43,6,1,0,8,6,6,1,2,14,38289.0,1538,31661.0,8,1,93,94,58,45,24,66,8,2,8,7,9,9,4,5,7,10,9,10,8,6,1,3,3,6,4,2,10,2,0
1,34,27,6,3,0,2,2,3,7,14,9,143471.34999999998,1357,17027.0,9,1,45,6,40,23,67,74,1,1,4,3,9,9,4,10,3,5,4,10,7,1,10,4,7,1,2,10,1,10,0
0,39,39,3,5,0,4,4,5,5,6,6,143471.34999999998,1201,37776.0,3,8,82,91,74,20,90,14,9,3,4,2,8,5,8,5,1,10,10,10,7,2,10,4,2,6,10,3,3,2,0
0,30,32,6,3,0,1,4,1,2,9,9,136819.0,862,12502.4,10,9,76,73,61,26,6,76,3,8,5,4,2,5,10,4,3,9,4,4,3,6,4,1,10,1,10,3,2,2,0
1,29,19,3,4,0,10,6,2,2,14,15,75648.0,1169,38719.0,1,5,63,15,4,85,44,70,5,10,3,3,5,8,4,2,5,4,7,5,10,7,6,8,7,5,2,2,1,5,0
1,27,28,1,2,0,1,2,1,4,6,9,33184.0,843,38939.0,6,4,24,47,42,4,90,5,10,5,10,9,6,6,10,1,5,9,8,9,1,7,7,10,1,7,1,6,10,5,0
0,19,31,1,4,0,2,1,4,3,16,5,117648.0,1221,44007.0,9,5,35,4,76,5,66,85,5,3,3,5,7,8,4,7,10,8,5,6,5,2,7,10,6,4,4,1,6,2,0
0,25,27,2,6,0,5,6,1,7,3,3,48037.0,1476,20109.0,5,3,95,44,46,34,45,44,2,10,2,2,4,4,1,1,9,2,3,7,4,8,8,4,8,1,3,4,7,3,0
1,38,36,2,2,1,2,3,5,2,11,5,51793.0,837,17882.0,8,7,94,18,34,4,62,96,8,7,6,7,4,3,8,6,3,3,10,4,2,9,3,1,2,6,1,3,6,3,0
0,39,41,1,4,0,3,1,3,4,11,15,137338.0,999,36701.0,7,9,30,47,5,88,9,6,9,9,6,9,8,9,4,1,3,6,4,6,9,4,1,10,9,5,5,2,6,8,0
1,35,38,5,5,1,10,6,6,5,9,12,64406.0,892,37364.0,3,7,4,95,28,62,69,93,2,10,3,9,5,10,1,7,10,4,2,10,1,8,3,1,4,1,7,5,5,2,0
1,19,33,1,4,0,3,5,2,6,8,1,81817.0,1245,39621.0,1,6,38,24,14,8,91,61,6,3,3,6,4,6,9,8,3,3,2,1,4,9,1,4,2,2,7,8,5,2,0
0,33,25,6,3,0,7,1,4,6,15,15,109870.0,1391,24590.0,7,7,71,95,7,14,64,52,8,8,5,1,4,6,3,6,1,2,10,1,2,6,4,4,6,5,2,5,8,6,0
0,29,19,5,6,0,7,4,7,6,17,10,111004.0,849,19880.0,5,9,93,95,29,71,65,63,5,7,7,3,4,3,6,5,9,4,3,5,5,8,10,5,9,4,5,5,2,2,0
1,26,40,2,2,1,7,5,7,4,2,7,133334.0,1260,57566.3,9,3,9,22,24,56,65,73,1,10,3,10,8,4,2,4,8,5,5,10,9,6,1,8,3,5,5,10,7,5,0
0,20,42,2,4,0,1,5,6,2,4,14,100347.0,1432,34825.0,7,4,4,11,14,32,19,63,6,7,10,8,8,9,3,8,8,10,4,1,3,4,1,2,2,6,2,2,9,5,0
1,39,24,5,3,0,2,2,6,5,9,13,65733.0,919,35594.0,10,9,54,11,19,25,66,8,1,1,10,10,9,4,2,5,3,5,9,1,8,2,8,7,8,6,1,1,6,1,1
1,43,36,6,6,1,1,4,7,4,16,10,87765.0,1032,24561.0,2,4,96,49,93,69,95,96,7,2,4,6,10,4,6,3,7,4,1,3,1,5,10,4,9,8,6,7,1,2,0
1,38,24,3,2,0,10,1,2,1,18,3,91599.0,1200,46990.0,1,4,24,12,35,21,12,39,3,4,3,2,1,9,2,9,8,6,8,1,7,9,8,7,2,1,1,10,10,7,0
0,21,32,2,1,0,5,3,6,1,8,15,34759.0,1373,25456.0,1,6,69,67,18,91,77,59,5,10,4,6,1,1,9,9,1,7,7,2,4,1,6,4,4,6,10,1,5,4,1
1,43,25,5,3,0,10,1,7,5,16,4,75006.0,1413,29318.0,9,5,62,7,42,68,83,96,9,8,5,3,3,5,4,4,8,7,7,6,9,1,2,7,2,9,8,3,10,8,0
1,19,31,2,6,0,2,2,7,7,17,4,105501.0,1062,27617.0,9,7,68,51,4,88,46,78,6,2,2,2,4,10,10,3,9,7,10,10,1,3,10,9,9,6,9,1,5,8,0
1,25,19,4,3,0,2,3,4,1,4,13,90506.0,1071,29418.0,8,9,73,45,73,15,46,51,4,4,2,10,7,6,4,4,9,2,2,1,3,2,4,4,9,2,6,7,8,6,0
1,27,30,4,6,0,1,5,2,3,12,1,100584.0,1206,57566.3,1,7,14,35,87,86,12,89,9,6,4,6,5,10,10,1,1,5,1,10,7,1,1,1,8,8,1,6,6,4,0
1,33,20,2,6,0,3,6,1,7,12,5,92190.0,985,41773.0,5,2,15,95,4,47,42,35,3,1,8,6,7,9,8,6,1,4,6,4,2,3,3,8,7,10,3,4,8,10,0
1,40,38,4,1,0,2,2,5,4,11,5,87524.0,1405,32063.0,10,2,96,24,15,95,76,16,5,6,1,5,2,6,2,8,9,3,8,2,10,8,9,7,1,8,10,1,4,8,0
1,28,23,6,6,1,2,4,5,4,12,16,143471.34999999998,1452,37079.0,8,6,38,14,32,65,14,68,8,6,9,10,4,10,6,5,2,9,3,6,3,10,10,5,7,10,7,5,6,2,1
1,35,36,6,3,0,3,6,4,6,5,7,143471.34999999998,1268,57566.3,10,5,92,45,28,77,31,74,9,10,2,2,4,2,8,7,1,5,5,9,9,1,8,8,6,1,3,7,3,4,0
1,39,32,4,5,0,4,6,6,7,11,7,56801.0,1559,30533.0,7,4,96,46,4,84,69,63,8,9,9,1,8,10,2,9,7,4,6,10,8,1,10,7,8,7,5,2,3,7,0
1,31,21,6,2,0,2,6,3,2,1,8,120865.0,926,25983.0,7,7,53,87,74,67,59,4,5,5,8,3,3,5,10,6,2,5,1,6,2,10,4,6,2,8,4,7,4,8,0
1,25,38,2,3,0,3,5,6,6,13,1,136056.0,1352,38210.0,6,6,96,80,4,18,92,67,2,10,8,2,4,4,5,2,8,2,5,1,6,10,2,4,3,10,5,9,10,7,0
0,40,20,2,6,0,4,3,5,7,5,7,87021.0,882,57566.3,9,6,92,61,47,12,79,59,8,8,10,3,4,10,7,10,9,4,6,2,8,7,8,1,2,5,7,9,5,5,0
1,32,21,4,3,0,5,4,7,7,8,13,124743.0,884,44823.0,7,8,70,52,4,96,89,32,6,3,6,2,10,8,3,6,7,1,3,3,4,7,4,4,4,1,3,7,9,7,0
1,34,22,6,5,0,2,3,1,5,6,2,119365.0,1122,20603.0,1,2,67,78,21,24,68,5,7,4,6,3,10,5,1,1,6,9,2,5,1,8,6,7,10,1,6,5,8,9,0
1,38,35,4,1,0,4,5,4,5,15,7,89815.0,893,57566.3,5,9,96,14,25,96,57,90,3,2,9,9,3,4,7,7,10,4,1,9,6,4,9,5,4,2,4,8,7,8,0
0,35,43,4,5,0,2,6,6,3,18,12,28618.0,1232,26846.0,3,6,60,85,5,17,95,41,10,9,6,6,7,1,8,9,8,1,5,8,9,2,10,10,5,7,8,6,9,8,0
1,23,42,2,3,0,2,2,7,4,4,6,72378.0,1200,33857.0,8,8,17,55,87,39,64,72,3,5,2,4,1,10,3,6,4,8,5,4,1,3,7,7,4,10,7,3,5,6,0
0,40,27,5,4,0,3,3,4,3,3,9,27207.0,1289,24048.0,5,2,12,4,60,43,79,35,9,10,9,6,10,4,9,2,1,3,1,8,5,8,10,10,5,3,9,9,3,1,1
1,31,25,4,6,0,4,5,6,2,7,6,67547.0,1238,23653.0,10,9,69,22,33,78,93,62,6,2,8,8,4,2,7,3,2,10,6,6,9,7,6,10,4,9,3,8,8,4,0
1,40,29,5,1,0,2,4,2,1,16,9,84074.0,1311,57566.3,5,3,26,61,84,89,5,36,3,8,5,7,9,4,2,8,9,5,10,2,5,8,2,10,6,9,2,5,10,7,0
0,20,39,1,4,0,10,4,5,3,2,15,26252.95,844,27575.0,9,9,40,51,36,25,15,8,7,2,5,6,7,2,5,1,5,2,5,9,8,9,3,9,1,6,7,10,7,1,1
1,24,43,4,4,1,10,6,4,2,2,14,65987.0,1322,57566.3,8,4,5,76,34,91,25,52,6,9,2,3,9,4,8,9,10,3,7,1,4,10,3,4,5,4,8,6,10,8,0
0,32,43,4,4,1,8,5,7,2,1,9,93534.0,1559,19960.0,6,7,23,58,9,57,57,84,1,9,8,8,10,10,5,4,8,3,4,6,7,5,9,10,3,9,4,7,5,9,1
0,38,20,6,1,0,10,1,6,6,10,1,135493.0,1214,50448.0,4,9,76,65,30,86,44,35,2,10,1,10,6,10,6,8,9,1,3,1,8,9,9,8,5,2,3,1,1,5,0
1,41,43,2,2,1,6,4,1,6,18,7,70090.0,970,12502.4,2,4,93,4,84,17,60,16,10,5,10,4,2,4,10,7,7,8,10,10,8,3,2,8,9,4,5,10,6,3,1
1,33,35,2,6,0,6,5,6,1,5,4,74768.0,1052,48193.0,4,5,59,78,15,73,95,84,6,3,7,4,7,8,4,4,6,1,3,5,10,4,4,10,7,5,8,2,5,7,0
1,33,40,1,5,0,2,5,5,2,16,11,96327.0,1372,26391.0,1,6,38,28,57,74,87,57,2,6,7,5,8,8,9,9,6,3,2,1,3,9,10,4,10,9,6,9,8,1,0
1,25,25,5,3,0,5,5,4,4,9,12,28616.0,1546,34538.0,3,5,61,4,95,47,16,53,8,3,3,5,10,5,3,9,8,7,7,9,2,6,6,7,10,9,9,3,5,2,0
0,24,43,3,6,0,3,3,7,5,13,8,26252.95,1199,52706.0,7,6,16,29,49,64,41,13,10,6,8,5,1,10,6,6,3,9,7,3,6,3,2,8,5,3,4,5,10,6,0
0,23,19,2,6,0,4,3,6,5,12,7,127575.0,1193,44280.0,3,2,4,31,14,33,78,89,2,10,9,1,1,2,3,9,4,7,3,4,1,6,5,1,3,2,6,7,9,3,0
1,19,31,5,2,0,2,5,7,6,5,2,108946.0,874,53442.0,6,9,8,66,71,12,87,26,6,1,10,2,2,2,6,2,4,10,4,10,7,1,2,2,3,8,9,3,7,1,1
0,39,39,3,4,0,9,3,1,3,17,14,71034.0,936,34466.0,9,6,35,69,67,4,18,35,6,1,9,8,4,9,7,3,1,3,2,2,9,4,4,1,10,1,6,5,5,2,0
0,30,40,5,6,0,10,1,1,4,7,7,77624.0,991,12502.4,9,8,59,44,11,59,17,92,5,2,6,7,8,10,2,3,9,1,4,4,1,6,10,10,3,3,4,6,9,7,0
1,29,30,4,1,0,2,3,3,7,8,9,86472.0,1325,20509.0,4,9,4,48,13,11,62,11,2,2,7,3,8,3,5,2,5,7,6,8,8,1,2,4,6,5,3,7,5,10,0
0,32,42,2,2,1,2,6,4,2,12,4,140850.0,854,55663.0,5,2,25,95,58,55,66,86,2,5,1,1,5,2,9,1,9,2,1,6,4,8,7,6,9,1,8,10,10,6,0
0,43,29,5,2,0,1,1,4,6,6,14,139918.0,1294,36015.0,4,3,91,65,95,96,8,88,7,3,7,3,10,3,4,2,3,7,2,5,10,5,8,8,1,6,1,6,10,7,0
1,26,20,1,4,0,4,2,4,2,2,3,130243.0,1485,22813.0,10,9,90,57,4,96,10,54,1,2,5,5,6,5,8,1,4,4,4,6,10,7,2,3,1,8,9,10,6,2,0
0,19,35,3,6,0,5,6,2,3,3,1,139318.0,1198,53396.0,3,6,10,65,32,71,95,11,2,1,9,5,2,2,7,3,1,9,3,4,6,7,2,7,7,10,10,7,5,7,0
1,34,38,4,2,0,6,6,1,6,13,13,26252.95,1270,55498.0,7,9,42,95,7,93,48,72,1,1,1,6,3,1,10,6,3,6,3,10,8,9,6,10,4,7,1,9,6,8,0
0,43,30,3,4,0,4,5,7,7,11,14,50302.0,1431,12516.0,6,2,62,48,95,50,13,8,6,9,4,8,1,10,1,4,9,3,8,4,5,7,10,5,8,2,1,6,10,3,1
1,22,32,1,3,0,1,6,1,7,13,7,120730.0,1541,51689.0,9,2,14,24,86,43,68,76,5,4,3,7,5,3,7,5,4,3,5,7,3,4,7,9,7,6,9,10,5,8,0
0,28,27,1,4,0,10,5,7,5,4,7,96978.0,1084,49937.0,5,9,18,69,44,14,76,80,5,4,9,3,9,9,5,6,2,9,5,1,1,5,4,10,1,10,9,6,4,10,0
0,39,19,3,5,0,9,1,6,7,4,11,75074.0,1094,33963.0,6,2,85,75,55,52,29,29,9,8,7,1,4,9,5,3,7,3,2,2,5,9,10,6,9,1,3,7,2,1,0
1,36,23,3,4,0,9,2,2,6,13,6,88818.0,1559,32147.0,1,5,10,7,14,45,82,96,2,1,8,10,7,10,10,6,7,8,3,4,8,2,4,2,10,4,4,8,1,4,0
1,41,26,2,6,0,1,1,1,1,5,2,45008.0,1010,37635.0,1,5,84,51,96,14,19,15,6,5,6,8,1,8,7,10,4,8,2,6,6,6,10,8,9,5,7,9,3,1,1
1,24,27,6,2,0,2,5,3,1,12,8,42981.0,917,31677.0,10,5,81,88,64,85,75,16,5,5,10,10,4,3,5,6,7,4,1,10,2,6,4,6,2,8,1,8,3,2,0
1,19,32,4,2,0,1,6,2,7,16,3,54452.0,1333,53321.0,8,4,19,33,24,89,8,71,3,2,4,8,8,7,7,6,6,3,10,3,1,3,8,8,4,7,10,5,3,8,0
0,33,26,3,5,0,2,6,5,3,6,16,104211.0,908,22863.0,2,8,26,33,14,4,92,32,4,6,5,8,7,1,5,9,10,6,9,10,3,8,2,10,6,5,8,1,8,7,1
0,29,40,6,6,1,6,3,7,7,7,16,50789.0,991,40682.0,3,7,18,52,4,64,21,77,1,9,6,3,1,5,5,3,3,2,8,4,10,2,8,10,1,4,3,6,1,6,0
0,40,31,5,2,0,9,2,4,2,7,9,45548.0,921,42053.0,10,5,74,11,4,38,38,51,5,5,7,5,4,4,10,5,7,1,9,7,1,10,1,3,3,8,3,3,7,4,0
1,32,28,3,1,0,2,6,7,3,18,15,129763.0,838,46260.0,6,5,13,95,17,88,5,24,9,8,10,3,3,7,5,8,5,3,3,4,3,8,1,9,2,1,10,7,2,6,1
0,19,24,1,6,0,10,4,5,2,4,8,113785.0,1097,24398.0,8,6,18,82,29,20,27,8,1,1,9,6,9,3,4,8,8,8,10,9,8,4,3,10,1,9,8,5,5,9,0
0,42,41,5,3,0,3,6,5,5,12,13,80696.0,1133,41866.0,2,7,81,4,52,55,60,27,3,6,9,7,10,2,5,7,8,7,2,5,4,4,9,5,8,10,3,4,9,6,0
1,30,43,1,6,0,10,3,7,3,13,13,98145.0,1540,22994.0,2,8,65,95,21,71,80,13,5,8,5,8,4,5,1,5,10,4,10,3,3,1,3,7,6,6,4,1,5,10,0
1,40,19,1,5,0,4,1,5,4,18,11,104443.0,1184,29933.0,9,4,58,38,88,74,31,83,1,5,9,5,1,8,6,7,7,9,4,1,8,8,6,2,8,7,8,2,5,9,0
0,23,31,3,4,0,6,3,1,7,18,1,78823.0,1095,25147.0,6,4,18,17,43,16,6,39,6,3,2,4,1,7,8,8,10,4,4,7,4,1,5,5,9,10,1,9,1,10,0
1,30,23,4,1,0,2,6,3,4,2,3,92076.0,1003,41661.0,8,6,13,28,84,14,59,4,6,5,5,3,10,3,9,2,8,8,4,10,1,8,9,9,10,1,6,3,1,10,0
0,35,22,4,4,1,2,1,7,5,11,7,83797.0,1453,16326.0,3,5,16,59,18,4,92,17,8,8,6,8,10,5,7,3,9,6,6,10,6,3,1,6,5,1,4,4,9,9,0
0,20,22,6,6,1,10,1,5,3,8,14,41022.0,879,22071.0,5,5,93,59,4,61,38,77,9,4,10,7,7,1,8,6,6,3,2,7,2,2,5,3,8,6,7,9,9,8,0
1,19,36,3,6,0,6,2,5,7,1,6,43535.0,1108,52172.0,7,1,28,93,96,53,60,55,6,10,7,1,10,9,3,10,9,8,2,5,6,4,2,3,1,2,9,2,4,3,0
0,32,36,6,1,0,8,1,5,7,17,16,97802.0,1423,17769.0,10,9,23,83,10,21,37,80,5,10,2,1,3,6,7,7,8,4,9,7,3,4,4,1,9,1,7,9,6,3,0
1,43,23,4,5,0,3,5,3,4,16,12,93125.0,1434,44132.0,10,2,20,51,26,89,5,85,8,10,4,10,9,2,6,3,6,10,3,1,1,4,2,4,2,2,2,2,4,10,0
1,30,43,1,6,0,6,5,5,3,1,17,142440.0,1150,35891.0,5,8,59,75,18,18,58,43,3,1,1,5,6,7,4,2,2,1,7,6,7,6,7,4,6,4,6,7,9,1,0
0,22,27,2,3,0,8,5,1,6,17,1,89200.0,1232,48642.0,4,5,96,53,41,28,6,72,4,2,10,4,1,3,10,4,6,7,7,9,6,8,9,8,4,1,5,3,2,8,0
0,42,40,2,6,0,2,2,6,3,4,11,143471.34999999998,1441,33591.0,2,9,65,90,70,60,43,7,10,4,1,9,5,2,8,5,10,6,4,5,10,9,7,2,5,2,5,6,7,9,0
0,30,31,2,1,0,7,3,5,6,6,5,135692.0,1424,27528.0,1,7,42,89,23,46,45,42,5,1,9,10,6,7,1,9,5,3,10,2,5,6,10,8,9,2,8,7,1,8,0
1,39,34,5,3,0,5,1,5,3,6,13,97041.0,842,41844.0,3,8,6,33,4,5,5,64,1,9,6,5,10,9,1,2,6,4,10,2,8,8,10,5,8,1,9,9,7,2,1
0,22,20,3,6,0,7,4,2,4,18,6,101717.0,1460,48808.0,7,7,25,4,38,74,71,81,8,4,10,5,7,8,6,8,7,1,2,2,1,5,5,1,9,5,9,8,8,10,0
1,36,19,5,6,0,4,3,1,6,2,11,74409.0,1261,12502.4,9,8,96,4,18,72,23,6,7,10,1,1,4,4,10,8,2,6,7,9,4,10,6,6,8,6,1,10,3,1,0
1,38,27,5,1,0,6,4,2,6,7,15,143471.34999999998,837,28226.0,2,3,8,25,93,42,52,94,1,2,1,3,7,7,10,7,5,1,5,5,4,3,1,7,5,6,7,10,10,8,0
0,41,20,2,6,0,7,4,3,2,6,9,79101.0,997,16211.0,3,5,93,29,55,17,6,66,1,3,6,9,4,5,10,5,8,4,8,2,3,10,3,10,5,8,1,9,4,3,1
1,35,22,2,4,0,10,2,5,2,1,16,93693.0,1175,29126.0,10,4,21,91,14,4,83,32,6,6,7,6,1,4,2,3,9,9,5,1,8,7,8,6,3,2,9,9,10,8,0
0,38,42,1,3,0,2,6,7,3,14,8,98405.0,1298,57566.3,2,4,4,66,37,70,53,53,10,3,7,2,6,10,5,7,10,1,2,5,3,7,5,1,2,10,2,1,4,1,0
0,39,36,1,6,0,9,6,2,6,7,16,143471.34999999998,1379,29062.0,5,9,24,92,96,44,92,83,9,3,3,2,1,4,6,4,7,6,8,6,2,7,1,5,4,6,8,4,1,4,0
0,27,27,6,2,0,8,1,4,2,9,4,89257.0,837,28324.0,8,1,59,24,86,69,89,28,4,3,4,6,1,8,9,2,3,3,4,2,7,2,4,10,1,3,7,10,3,5,0
0,41,43,5,2,0,10,4,3,2,12,17,47720.0,1183,57566.3,10,9,21,10,25,96,9,29,6,5,6,1,7,2,1,5,9,6,1,2,8,5,8,4,9,1,10,10,6,5,0
0,25,42,2,6,0,7,6,7,6,7,7,122096.0,1517,24926.0,8,9,67,21,96,96,42,67,2,10,4,7,9,6,4,10,9,9,6,6,3,1,10,4,1,5,6,4,5,1,0
0,32,33,6,4,0,8,3,1,5,11,16,55777.0,1036,12688.0,9,3,96,74,45,37,48,85,7,10,4,4,5,1,7,5,6,10,3,8,7,2,8,8,1,1,4,9,10,7,0
0,38,19,3,1,0,8,1,2,7,1,5,99243.0,1435,18485.0,8,4,57,26,28,4,79,33,4,8,8,1,10,6,6,1,3,10,7,10,6,3,6,8,1,9,3,1,2,4,0
1,42,23,2,2,1,2,3,6,4,13,9,81730.0,1559,49495.0,1,8,74,40,93,11,7,41,8,3,10,9,4,6,4,5,3,4,7,5,2,8,8,5,9,7,6,7,2,7,0
0,37,26,3,5,0,5,5,5,4,7,4,71700.0,1029,44579.0,10,6,79,90,66,23,36,17,8,2,8,8,7,2,9,6,3,6,8,4,8,4,6,6,1,1,5,5,10,4,0
1,42,22,1,1,1,2,1,7,4,3,12,90463.0,837,57566.3,7,4,40,57,10,75,54,5,5,4,1,9,7,8,9,3,3,10,6,1,6,9,5,1,9,10,1,4,5,10,0
1,43,43,3,4,0,9,5,1,1,6,2,143471.34999999998,1501,57566.3,7,1,85,95,71,4,5,92,1,10,3,2,7,10,9,2,10,9,2,3,7,10,10,6,8,6,5,3,3,6,0
1,40,31,4,6,0,4,3,4,1,10,13,116476.0,1153,42883.0,3,6,27,63,43,7,32,38,10,9,4,6,7,4,9,8,5,5,7,4,5,8,1,2,6,10,1,9,1,2,0
0,39,27,3,6,0,3,2,4,2,7,16,143247.0,889,44954.0,8,2,78,66,21,68,92,65,2,1,2,4,7,10,8,7,3,8,6,6,1,8,1,4,6,1,5,7,6,1,0
1,21,19,2,3,0,4,6,3,1,3,14,102773.0,1220,57070.0,6,3,88,95,22,4,59,69,1,8,9,2,9,9,3,7,7,4,5,7,9,2,9,3,4,5,10,5,9,6,0
1,19,22,4,4,1,2,4,7,2,18,15,51789.0,886,43929.0,1,4,35,71,59,88,5,18,7,7,5,3,10,10,1,5,7,1,8,6,1,9,1,7,10,4,5,7,8,6,0
0,41,19,1,3,0,2,5,3,5,1,5,140659.0,1088,55131.0,8,1,52,86,95,21,17,15,6,4,7,3,2,10,5,7,4,6,7,5,7,5,5,6,9,2,6,8,3,10,0
0,23,42,2,2,1,3,4,6,1,13,11,53976.0,1357,26148.0,9,6,8,65,7,31,84,63,6,1,1,6,2,7,5,6,9,4,4,1,10,9,9,10,5,7,8,8,2,3,0
1,20,27,5,6,0,7,6,2,4,2,4,96054.0,1449,45970.0,8,4,11,55,4,21,19,4,9,9,3,8,2,7,4,2,6,6,10,5,8,10,10,5,10,7,8,6,6,2,0
0,24,43,2,4,0,1,5,4,1,10,7,26252.95,1150,48648.0,7,2,90,24,96,96,33,68,6,8,4,5,3,4,2,1,8,5,4,9,3,7,8,2,7,4,7,7,1,6,0
0,27,42,2,3,0,5,4,2,1,1,15,26252.95,875,48742.0,7,6,69,47,4,33,5,23,9,4,5,7,5,2,10,8,5,3,4,5,8,9,4,9,7,1,10,10,3,6,0
0,40,39,6,2,0,9,2,7,6,12,10,90109.0,1033,48014.0,6,3,41,82,96,37,95,96,5,1,9,4,2,3,1,2,7,3,7,8,1,4,5,2,6,5,4,2,5,5,0
0,23,43,5,6,0,3,4,2,7,11,11,63225.0,1146,23223.0,5,8,83,29,96,26,5,50,8,9,4,8,4,3,3,10,6,3,5,1,4,3,10,5,7,9,5,4,5,4,0
1,33,26,2,4,0,3,6,5,3,5,2,109181.0,949,53750.0,5,3,35,67,8,58,5,30,10,4,3,6,10,3,9,1,6,9,6,5,9,4,9,5,8,1,3,4,1,1,0
0,19,20,3,4,0,10,5,7,3,9,16,65933.0,944,17022.0,3,6,87,12,96,59,23,96,2,2,6,3,2,1,10,10,6,9,3,9,10,9,5,1,1,4,2,9,2,9,0
0,41,32,4,2,0,9,4,4,3,15,5,63589.0,938,19429.0,10,3,47,74,41,88,76,4,9,4,3,10,3,8,5,8,4,9,2,8,6,5,1,5,6,8,2,5,8,7,0
0,34,21,3,5,0,3,5,1,2,13,8,32315.0,879,40189.0,6,8,87,46,72,80,5,64,5,5,2,4,4,9,8,5,5,2,3,8,7,3,5,4,5,1,8,2,2,5,0
1,30,30,4,3,0,5,5,5,3,5,15,61194.0,1198,43333.0,4,9,77,40,76,11,20,90,5,9,4,9,4,5,2,9,9,6,7,1,3,10,2,10,5,5,6,5,8,6,0
1,19,23,6,3,0,6,3,3,4,16,1,28686.0,1070,33399.0,7,8,42,26,19,28,90,63,6,9,1,4,7,8,7,8,9,7,1,4,4,2,4,6,6,4,2,9,10,6,0
0,23,37,6,4,0,5,2,1,7,12,1,102223.0,1559,25066.0,7,1,4,93,65,29,66,14,9,10,5,6,6,4,7,5,2,7,8,2,7,10,9,10,7,6,4,5,2,2,0
0,22,34,2,3,0,5,2,2,4,10,1,121669.0,1503,24927.0,6,4,90,28,5,52,85,54,9,7,6,4,6,7,2,8,4,3,9,2,5,2,8,6,5,7,1,4,6,9,0
1,42,40,3,3,1,5,5,4,3,18,9,44266.0,855,56501.0,2,2,80,59,4,95,86,11,5,9,6,7,8,3,1,4,2,2,5,6,2,1,9,7,8,6,5,3,3,7,0
0,30,22,2,3,0,9,4,2,7,11,3,26252.95,1245,22707.0,8,3,10,26,96,13,86,14,5,8,5,5,4,3,5,1,9,5,9,7,9,9,1,4,10,7,8,9,7,9,0
0,40,32,3,6,0,2,6,2,7,4,13,104959.0,898,32023.0,9,8,45,21,96,24,59,36,1,10,6,4,5,2,8,2,2,2,2,10,2,4,9,7,3,5,1,9,7,3,0
1,35,25,3,5,0,5,5,2,6,4,9,143471.34999999998,1100,39119.0,1,4,96,80,47,61,16,14,10,2,8,3,1,10,10,5,1,6,7,9,9,2,9,4,10,5,5,7,2,2,0
0,29,42,6,2,0,10,4,4,2,10,6,97506.0,998,12502.4,3,8,93,30,71,51,38,50,4,5,4,8,1,7,2,4,7,8,8,6,8,6,8,8,2,1,6,8,1,3,1
0,24,22,3,3,1,1,6,1,6,11,16,93239.0,837,36122.0,9,3,62,60,23,43,33,75,5,8,8,2,8,2,10,8,6,5,4,10,6,5,3,2,2,5,8,5,1,9,0
1,32,41,6,4,0,6,6,2,3,12,2,62788.0,1559,23168.0,8,9,66,41,32,69,95,35,5,8,5,3,8,4,6,2,7,3,9,3,5,8,7,8,1,4,8,3,8,7,0
1,20,30,4,6,0,2,1,5,7,1,12,50105.0,1009,33023.0,4,3,68,41,69,34,41,36,4,7,3,8,1,2,3,4,10,9,6,3,7,2,6,1,1,6,2,2,10,6,0
0,33,19,4,2,0,8,1,6,5,10,8,36769.0,1123,35682.0,1,3,81,4,24,36,76,85,2,2,6,4,5,6,2,9,6,8,1,4,9,7,1,2,7,1,5,9,1,9,0
1,19,19,5,2,0,1,2,2,7,9,1,54201.0,1304,20321.0,6,3,32,22,95,66,35,52,4,1,1,5,10,8,4,5,9,5,1,8,8,1,8,1,4,8,3,6,2,2,0
0,43,24,6,1,0,8,3,7,3,13,10,52451.0,837,18000.0,6,1,52,24,4,91,26,4,5,7,5,4,4,6,4,7,7,7,7,3,2,2,2,1,8,1,5,3,3,9,0
0,33,39,4,1,0,8,2,4,6,7,14,93072.0,953,31196.0,6,9,4,4,20,26,89,18,8,8,1,1,3,3,3,5,4,7,7,1,8,7,1,4,7,8,10,2,2,9,0
0,41,22,2,5,0,7,3,6,7,16,6,90046.0,980,56336.0,4,3,39,77,67,16,7,55,1,10,1,7,10,6,9,5,9,10,5,3,5,10,10,10,8,9,5,3,7,9,0
1,29,31,6,6,1,10,6,2,7,12,5,89107.0,851,57566.3,1,4,92,79,53,92,89,9,9,7,8,6,10,4,1,4,7,6,8,6,3,4,3,10,6,4,6,8,9,6,0
1,36,32,2,1,0,2,1,3,7,10,15,26252.95,1212,37799.0,3,1,79,37,33,45,42,52,9,4,4,6,9,5,9,7,9,3,4,1,7,6,1,2,8,1,9,1,5,2,0
0,43,38,6,1,0,4,3,2,4,10,11,26252.95,849,33439.0,3,4,43,11,12,6,39,15,8,10,7,10,6,1,9,7,10,3,1,1,5,1,7,4,7,6,10,8,6,9,0
0,25,42,3,5,0,6,3,6,2,3,6,49829.0,1498,13975.0,8,4,17,73,19,65,6,70,4,10,7,9,8,8,6,2,2,9,3,4,2,7,8,3,10,6,6,10,2,6,0
1,40,34,4,3,0,2,6,7,6,14,13,72797.0,857,12723.0,8,5,96,22,18,9,94,40,4,1,10,6,7,7,3,9,10,8,10,3,1,5,4,1,6,1,8,10,5,5,0
1,29,41,6,5,0,5,2,7,2,13,2,53181.0,1550,18754.0,1,4,53,83,62,12,39,23,3,1,10,6,9,9,10,1,6,8,2,5,9,6,2,2,7,9,4,6,3,4,0
1,32,35,6,2,0,5,2,4,5,14,10,126130.0,982,20566.0,7,7,72,6,60,69,33,52,5,6,2,6,3,6,6,6,2,6,8,2,3,3,3,10,2,3,6,5,2,9,1
0,19,24,3,2,0,6,6,4,3,12,12,123699.0,837,55532.0,10,7,29,28,5,55,57,41,10,10,6,7,9,10,8,7,6,5,6,10,5,8,5,3,2,2,6,2,9,6,0
1,34,39,5,1,0,4,2,3,4,14,14,104689.0,961,42305.0,8,3,6,15,48,50,62,9,7,4,8,8,5,8,4,6,2,3,7,9,9,9,6,5,8,5,8,1,4,8,0
1,24,43,4,2,0,8,1,6,5,16,9,143471.34999999998,1380,34448.0,8,2,18,35,24,60,24,43,7,6,5,6,7,2,1,3,7,5,5,8,5,2,8,3,10,2,3,3,9,3,0
0,30,35,4,5,0,8,2,6,4,5,4,89008.0,837,17057.0,9,7,96,45,24,38,60,71,5,9,3,2,2,1,4,6,9,1,5,3,9,5,2,5,7,7,8,8,10,2,1
0,19,36,1,6,0,7,3,3,6,15,11,131162.0,1495,50201.0,9,1,12,22,87,80,21,65,5,7,1,8,7,4,6,6,7,10,10,2,2,10,8,6,7,2,10,4,5,2,0
0,23,37,5,6,0,3,2,1,5,15,15,36351.0,871,41471.0,6,5,55,80,42,96,93,45,9,10,2,1,5,4,8,5,3,2,7,5,10,6,5,7,5,4,5,5,4,9,0
1,30,24,3,1,0,7,5,7,5,2,1,27025.0,920,35563.0,8,8,80,95,22,63,75,8,1,6,8,2,10,9,4,2,6,9,6,3,3,10,9,3,1,2,5,5,7,8,0
0,28,25,2,5,0,9,3,2,3,13,5,30943.0,1466,26950.0,4,6,34,95,40,41,5,4,10,5,3,9,7,3,5,10,1,1,6,3,3,4,4,4,10,1,6,2,5,6,0
0,27,30,5,5,1,6,5,1,7,13,3,46651.0,887,27438.0,6,3,49,72,72,5,51,82,9,10,6,3,2,10,8,7,5,4,10,10,10,3,6,9,5,2,5,5,9,10,1
0,33,43,1,3,0,9,2,3,6,3,12,92479.0,1053,48692.0,10,5,60,34,39,65,55,56,7,2,6,8,2,8,3,1,8,6,7,6,2,5,9,8,5,5,1,4,4,4,0
0,43,35,3,4,0,1,6,7,4,11,7,66623.0,1559,48556.0,4,4,45,10,66,62,94,9,2,1,7,9,9,3,8,5,8,9,4,9,8,6,7,10,8,7,6,1,2,10,0
1,43,41,5,1,0,3,5,3,3,4,12,108305.0,1005,12502.4,2,2,79,4,34,86,5,92,2,2,3,2,5,5,9,10,1,6,8,8,9,10,1,4,9,8,5,4,4,8,0
0,41,28,4,3,0,10,1,2,2,13,2,30530.0,1206,37715.0,2,5,58,4,83,6,23,44,7,9,9,1,10,9,8,6,6,4,2,4,8,8,7,7,10,4,7,8,1,2,0
1,40,26,4,2,0,6,5,4,6,3,9,49659.0,1335,28889.0,6,9,5,56,82,51,77,49,9,5,10,10,4,7,1,4,4,9,8,2,9,2,9,9,7,7,8,9,5,4,0
1,37,40,5,4,0,4,6,4,2,14,1,26252.95,885,15483.0,4,5,93,64,45,54,95,46,7,5,7,7,5,4,8,9,2,10,1,10,1,9,5,7,10,8,2,9,3,7,0
1,34,19,3,1,0,3,6,2,1,8,4,117695.0,1393,16581.0,3,2,93,87,61,48,61,87,5,8,8,8,5,2,3,6,10,9,7,9,4,10,10,1,6,9,6,3,4,8,0
0,34,39,6,3,0,8,3,3,3,8,10,78964.0,845,57566.3,3,8,79,68,30,38,9,76,4,9,4,3,2,4,1,2,7,7,3,6,2,3,10,7,10,9,6,6,10,5,1
1,21,25,6,1,0,8,4,5,4,7,16,133359.0,1362,57346.0,3,5,19,29,96,19,10,92,4,9,1,6,2,4,7,7,9,10,2,1,9,6,5,8,2,4,7,7,9,7,0
0,22,38,1,3,0,6,3,4,5,8,8,122149.0,1418,54023.0,6,3,96,59,84,33,82,34,2,4,9,8,5,1,8,7,10,3,4,3,3,10,7,10,10,6,4,4,7,5,1
0,40,29,4,5,0,1,2,4,2,15,8,59708.0,1180,45698.0,10,6,95,22,55,12,79,57,6,6,5,6,8,8,1,6,10,1,5,7,7,5,4,9,7,4,1,9,4,10,0
0,31,19,4,3,0,1,3,2,4,3,8,41036.0,1473,12502.4,3,1,70,20,48,64,6,77,5,8,7,3,6,2,4,3,3,10,2,5,9,7,9,1,8,3,2,8,9,5,0
1,37,32,6,2,0,10,1,1,3,9,16,27266.0,972,39232.0,6,9,5,9,48,60,7,81,7,10,5,6,4,6,1,10,5,8,4,9,8,1,9,4,2,6,6,5,3,5,0
0,27,38,1,3,0,3,3,3,4,12,5,105555.0,1253,14402.0,7,6,76,42,22,67,26,82,1,10,9,5,3,10,5,3,5,1,7,5,4,4,1,1,10,9,4,8,3,2,0
0,31,41,6,4,0,1,2,6,1,3,7,129536.0,1083,21025.0,8,8,63,11,13,4,26,25,2,3,5,1,6,1,5,6,3,5,1,10,10,5,5,2,5,4,7,9,8,1,0
0,19,35,6,4,0,1,5,2,3,10,4,59482.0,1379,54366.0,4,6,53,82,29,14,10,81,4,4,7,6,7,10,9,8,9,1,7,6,3,10,3,8,5,5,3,2,9,7,0
1,28,34,4,6,0,2,3,5,5,4,2,62843.0,1024,33701.0,3,4,55,41,83,17,95,96,2,5,7,10,6,9,8,2,9,6,10,10,8,5,6,3,7,5,8,7,4,9,0
1,43,32,1,2,0,8,4,3,2,6,4,88468.0,1244,57566.3,6,7,84,31,14,36,27,19,7,3,6,4,5,2,4,3,8,7,5,9,9,7,6,10,1,1,6,4,2,3,1
1,40,37,2,6,0,10,2,3,4,12,7,49972.0,1037,56482.0,8,5,24,4,94,14,16,4,8,1,9,7,5,5,3,8,2,5,8,2,5,8,2,2,5,2,3,1,4,8,0
