gender,age,age_o,race,race_o,samerace,imprace,goal,attr,sinc,intel,fun,amb,shar,like,prob
0,22,19,3,6,0,10,6,6,6,1,3,7,3,5,4
0,30,24,4,3,0,1,3,7,6,8,9,4,8,7,9
0,28,22,1,6,0,3,6,2,5,1,6,3,5,3,2
1,39,31,4,6,0,6,2,2,6,6,2,5,4,6,4
0,24,32,5,2,0,5,1,6,7,2,7,2,7,3,4
0,28,43,2,6,0,10,6,3,1,1,3,4,5,4,5
0,20,35,6,1,0,10,6,7,3,6,1,5,7,4,1
1,23,39,4,6,0,5,3,5,7,4,4,4,3,6,4
0,27,34,2,4,0,10,4,8,8,5,8,8,7,7,7
0,25,33,3,3,1,2,3,5,2,10,2,4,6,2,5
1,36,41,6,5,0,4,6,4,4,6,7,6,4,2,4
0,43,40,3,5,0,8,4,3,6,7,4,1,3,1,4
1,40,24,1,3,0,10,1,5,1,10,4,2,1,6,2
0,24,41,4,4,1,3,6,2,6,5,7,1,2,6,1
1,22,20,5,6,0,7,2,2,2,7,3,3,5,3,2
0,40,38,2,5,0,7,2,6,9,6,9,4,8,9,6
0,25,32,3,6,0,6,3,5,3,10,5,4,4,3,4
1,36,43,6,4,0,10,3,6,4,2,4,4,6,5,1
1,31,19,6,4,0,3,1,6,1,4,5,6,2,5,2
1,27,31,1,3,0,3,6,7,5,6,8,5,7,8,8
0,28,21,6,6,1,7,5,6,6,10,8,5,8,9,6
0,43,24,2,1,0,1,5,6,4,9,2,5,1,3,1
0,22,32,3,1,0,7,1,7,4,1,7,6,3,6,4
1,35,22,1,5,0,1,2,8,5,5,9,8,5,8,8
0,33,41,1,1,1,2,6,3,6,9,1,1,4,2,5
0,26,42,3,6,0,9,2,6,7,1,7,4,3,3,3
0,36,19,1,2,0,9,2,2,4,8,5,4,7,5,3
1,38,39,5,6,0,9,3,7,5,10,8,8,5,9,8
0,40,36,3,1,0,10,5,1,5,5,6,3,6,5,3
0,22,33,3,4,0,8,5,1,1,5,6,2,1,1,2
1,38,27,5,2,0,8,3,7,1,9,2,5,4,5,2
0,31,22,5,2,0,9,5,6,1,1,5,7,7,5,1
0,37,20,1,3,0,9,3,7,7,10,7,6,8,7,9
1,24,23,5,1,0,9,2,4,5,10,5,2,2,2,4
1,26,20,3,1,0,7,2,8,6,7,7,5,7,8,8
1,33,24,1,3,0,7,6,4,5,4,4,4,5,6,5
1,39,42,3,2,0,10,4,7,6,4,9,5,6,9,8
1,39,33,1,2,0,8,5,1,7,8,4,4,3,3,1
1,33,32,1,2,0,5,4,6,6,9,2,7,1,1,5
1,30,40,4,1,0,9,3,9,5,9,9,7,5,9,9
1,40,20,6,5,0,1,5,1,1,6,5,6,4,1,3
0,20,42,4,3,0,2,1,4,2,2,4,4,7,3,4
1,30,35,1,5,0,10,6,2,5,3,2,3,5,6,2
1,21,34,5,3,0,3,5,7,1,8,4,1,6,6,2
1,37,40,3,3,1,8,2,2,2,1,7,7,1,2,1
1,31,21,5,1,0,1,3,5,2,1,3,1,4,3,1
1,41,31,5,4,0,8,2,5,7,10,1,2,2,1,5
0,27,39,1,4,0,7,5,3,4,6,4,7,5,6,1
0,28,30,6,2,0,6,2,3,3,8,7,1,1,3,5
0,34,30,3,3,1,8,5,2,3,8,2,6,3,4,5
1,23,37,5,6,0,3,2,6,7,6,7,2,6,2,1
0,28,31,4,5,0,5,2,2,2,1,7,6,3,5,2
0,34,19,3,1,0,7,4,2,2,9,2,5,5,2,5
0,40,20,2,3,0,3,5,1,3,7,3,5,7,3,3
0,27,43,6,2,0,5,3,2,1,1,3,1,3,5,1
0,29,25,4,3,0,7,1,4,2,3,1,5,4,3,5
1,23,22,5,6,0,9,2,1,2,5,6,6,4,4,1
1,23,21,5,5,1,2,5,5,3,4,5,2,3,4,4
0,40,30,6,5,0,1,4,3,1,8,1,5,5,4,3
0,35,24,1,3,0,9,6,5,4,8,7,5,7,4,4
1,43,42,3,5,0,2,5,6,3,4,3,3,3,3,2
1,28,38,4,3,0,5,4,6,7,6,8,8,5,8,6
0,19,39,5,5,1,6,3,5,1,8,7,6,3,4,3
0,43,32,6,1,0,9,4,6,4,7,7,4,3,1,1
0,42,39,2,3,0,7,1,7,6,6,9,7,7,7,8
1,19,42,2,6,0,4,2,6,3,7,3,3,5,1,1
0,36,19,6,4,0,7,2,7,5,9,1,3,3,1,2
0,31,40,2,4,0,2,3,7,4,2,5,2,2,6,2
0,24,25,3,5,0,7,1,6,1,8,4,4,4,1,5
1,35,40,4,3,0,3,6,5,5,1,6,5,6,5,5
1,20,30,4,3,0,7,3,4,2,8,7,7,2,2,5
0,36,40,3,1,0,1,3,7,6,7,9,4,8,7,9
0,19,38,6,5,0,4,2,1,4,4,2,2,3,5,1
0,28,43,1,6,0,10,4,6,7,5,5,4,4,4,5
1,24,27,5,2,0,1,1,2,7,9,6,5,3,5,3
0,27,20,4,2,0,6,5,8,6,9,8,6,5,8,9
0,42,43,2,4,0,9,4,6,4,9,5,4,4,1,4
1,30,29,4,3,0,3,1,4,1,5,7,3,2,4,5
1,23,23,3,2,0,10,2,2,5,10,1,7,7,3,1
1,35,32,6,2,0,2,1,7,3,8,1,7,5,3,1
0,37,25,5,2,0,6,4,7,5,4,9,6,5,9,9
0,20,43,1,5,0,9,6,1,5,6,4,4,3,2,4
0,26,34,2,5,0,1,5,2,3,2,7,7,6,1,5
1,23,30,6,1,0,10,6,4,2,2,2,4,6,6,5
1,30,24,3,6,0,2,3,8,7,10,9,8,6,9,6
0,19,24,1,4,0,4,3,3,2,6,3,2,6,1,4
0,34,26,1,6,0,5,4,5,7,3,2,5,1,6,2
1,25,19,1,4,0,4,1,1,4,2,7,4,2,6,5
0,19,25,2,4,0,10,2,9,9,8,9,7,8,9,9
0,43,30,5,6,0,1,5,5,2,7,5,6,5,2,1
1,19,39,5,5,1,4,6,9,7,5,8,8,6,8,7
1,23,36,6,6,1,6,3,6,2,8,1,1,4,5,4
1,41,34,6,3,0,3,2,3,4,1,7,4,6,3,5
0,35,38,6,1,0,2,6,5,3,9,7,5,6,2,1
0,26,35,2,1,0,5,1,2,7,3,7,3,7,2,2
1,21,23,3,5,0,6,1,6,9,7,7,6,6,7,9
1,42,31,5,6,0,1,5,3,4,7,3,5,5,5,5
1,40,33,2,6,0,10,5,4,2,4,3,2,5,6,3
1,43,38,3,3,1,1,3,9,6,9,9,5,6,9,6
1,26,27,5,3,0,4,2,2,3,2,5,2,6,3,1
0,21,40,2,4,0,10,2,2,6,4,2,6,4,1,5
1,29,32,2,4,0,3,2,3,4,5,4,5,2,4,3
0,26,20,1,4,0,8,5,7,1,6,5,2,4,2,5
0,19,42,6,4,0,3,6,4,5,2,5,6,3,2,1
1,30,26,6,5,0,3,5,4,4,9,5,4,3,5,3
1,34,20,4,5,0,6,2,1,4,4,6,1,1,1,3
0,32,25,2,1,0,4,6,7,1,5,2,1,7,5,3
0,30,29,6,5,0,6,6,2,6,5,6,7,1,1,3
0,19,22,5,4,0,5,2,9,7,6,9,6,7,8,9
0,43,24,4,2,0,8,5,4,2,9,2,2,2,5,1
1,42,27,6,6,1,7,6,4,2,9,5,1,1,5,1
0,34,43,6,1,0,2,1,4,1,7,7,2,2,1,5
0,34,35,5,1,0,5,2,3,6,7,5,7,1,5,2
0,20,41,5,3,0,1,3,6,2,5,4,6,1,3,5
1,33,19,1,6,0,10,2,1,3,8,6,5,5,5,2
1,32,20,1,3,0,7,4,6,6,5,7,2,5,1,1
1,19,25,3,1,0,9,3,9,7,9,9,7,5,8,7
1,37,23,3,1,0,7,1,4,4,2,2,6,5,3,4
0,30,33,1,1,1,3,5,6,7,9,7,5,5,6,1
0,40,24,5,2,0,3,6,7,6,8,4,7,6,4,1
1,41,22,4,5,0,1,6,7,6,10,9,7,7,9,9
1,22,34,6,6,1,1,6,2,6,2,5,4,6,4,2
0,35,19,6,3,0,2,3,2,1,10,4,4,4,5,3
0,22,42,2,2,1,3,1,4,7,4,7,3,7,5,5
1,33,42,3,1,0,5,6,1,5,3,4,5,6,3,1
1,19,37,4,1,0,7,1,6,2,6,6,1,7,3,2
1,27,22,1,4,0,5,2,3,4,6,1,7,2,6,1
0,27,19,3,1,0,7,1,3,7,3,6,1,4,3,3
0,33,32,3,3,1,9,3,5,6,7,7,3,6,1,2
1,32,29,3,3,1,1,1,6,3,2,6,6,7,4,3
0,29,23,6,6,1,7,4,3,3,1,2,7,3,1,2
1,19,43,6,6,1,8,3,8,7,5,8,6,5,9,9
1,20,37,3,1,0,3,6,1,5,1,5,2,2,1,3
0,19,26,4,6,0,6,5,2,2,6,3,1,4,6,4
0,26,21,5,4,0,8,5,4,3,7,2,7,6,5,3
0,21,30,6,3,0,1,2,2,6,3,6,4,6,2,2
1,27,43,3,4,0,3,6,2,4,8,6,3,6,3,4
1,31,30,1,5,0,2,6,5,1,4,7,2,7,2,5
1,39,37,3,1,0,6,5,6,2,3,3,5,3,1,4
1,27,35,6,1,0,7,2,6,6,3,2,5,7,3,4
1,36,19,5,2,0,3,3,3,1,6,3,7,7,5,5
1,39,42,4,4,1,8,6,5,5,3,7,4,7,5,3
1,29,42,2,4,0,4,3,5,5,6,7,2,6,2,2
1,35,31,2,5,0,6,6,3,2,3,4,5,1,2,2
0,38,38,5,6,0,2,2,2,4,3,5,7,7,3,2
1,20,36,2,2,1,7,4,5,7,8,6,2,6,3,2
0,30,43,3,5,0,3,5,7,4,8,5,1,1,5,5
0,27,20,4,1,0,7,1,6,5,7,9,8,7,9,9
1,34,38,5,4,0,4,4,2,4,5,6,1,2,1,3
0,20,37,2,1,0,2,1,1,2,5,7,6,1,2,5
0,35,32,1,4,0,6,1,2,1,9,4,2,3,4,1
1,20,37,4,1,0,3,2,4,5,3,1,1,6,5,2
1,40,39,1,1,1,1,6,9,6,8,7,7,6,8,8
1,26,43,2,1,0,4,4,2,2,6,4,4,3,4,3
1,42,40,2,3,0,5,6,6,2,1,7,3,7,5,5
0,20,19,1,2,0,8,2,5,5,5,3,4,1,5,3
0,19,39,5,1,0,2,6,9,7,8,9,8,8,9,9
0,42,36,6,2,0,4,2,7,3,4,2,2,6,3,1
1,40,37,6,2,0,2,5,5,1,2,5,2,3,6,5
0,35,30,6,6,1,5,1,3,7,7,3,4,5,1,1
0,38,42,5,2,0,2,3,4,7,3,5,5,7,3,1
1,35,36,5,1,0,5,1,6,3,3,5,4,4,2,5
1,22,31,5,4,0,4,2,4,2,3,3,7,5,5,4
1,27,31,2,1,0,3,3,9,8,10,8,8,8,8,9
1,43,43,2,4,0,4,1,5,3,2,1,2,2,6,1
0,27,37,6,3,0,4,1,7,9,7,9,8,5,8,6
1,33,20,6,1,0,5,2,6,8,6,9,4,8,9,9
1,19,37,6,3,0,8,6,7,3,10,3,4,4,5,4
0,37,38,2,3,0,1,6,7,1,3,6,4,7,3,2
0,26,28,2,1,0,2,5,2,4,6,7,4,7,3,3
1,23,43,5,1,0,2,5,1,6,8,5,5,1,1,2
1,39,24,6,4,0,7,3,2,3,9,1,4,7,2,5
1,19,21,4,1,0,10,4,4,7,6,4,1,7,4,4
1,34,43,1,2,0,4,1,3,1,8,4,3,3,2,1
1,26,21,3,1,0,6,3,1,1,10,6,3,3,3,3
1,36,19,1,2,0,8,4,2,2,2,3,3,2,1,4
0,25,36,5,6,0,6,1,1,5,10,6,2,2,4,3
0,24,22,3,3,1,1,6,4,1,2,2,7,2,5,3
0,20,23,6,4,0,4,4,4,1,3,3,1,1,2,3
1,43,37,5,3,0,6,4,4,1,2,7,4,2,2,3
1,29,36,2,6,0,7,3,6,3,8,5,2,4,4,3
0,43,27,4,1,0,5,6,6,5,3,7,1,2,1,4
0,19,25,5,6,0,4,5,6,6,10,1,3,3,5,5
1,27,23,2,2,1,9,2,2,2,4,4,1,1,3,4
1,24,24,6,6,1,5,3,1,1,8,1,3,3,3,3
0,36,19,2,1,0,3,2,2,2,9,7,6,6,4,4
1,43,43,4,4,1,10,5,4,4,2,7,6,5,2,4
0,25,28,5,4,0,2,5,4,5,2,5,5,3,2,1
1,21,21,1,5,0,8,5,2,2,7,7,7,4,1,4
0,24,26,6,2,0,7,4,1,2,10,7,7,1,2,1
1,39,30,5,1,0,10,6,4,1,1,1,1,6,2,4
1,28,23,1,1,1,10,6,7,5,8,2,5,5,2,1
0,30,35,4,5,0,8,2,8,9,10,9,7,5,9,7
0,27,25,6,3,0,2,2,5,4,8,4,1,2,1,3
1,19,19,5,6,0,4,4,4,1,2,2,5,5,6,1
0,19,32,2,6,0,2,1,7,1,10,1,7,6,1,1
0,26,34,2,6,0,6,1,5,7,1,6,2,4,4,3
0,26,29,2,5,0,6,2,6,5,4,1,5,1,2,5
0,26,33,3,3,1,5,4,1,5,7,1,7,5,4,4
1,39,23,3,5,0,5,6,6,1,6,1,5,6,3,4
0,25,36,4,3,0,1,1,6,9,6,9,5,8,9,8
0,43,28,4,4,1,6,4,6,6,1,2,6,7,3,4
0,21,43,4,4,1,3,2,3,6,7,6,7,2,6,5
0,21,36,6,2,0,3,6,7,8,5,9,8,6,8,9
0,28,33,6,3,0,2,6,5,3,3,1,5,3,5,1
1,43,29,1,6,0,4,5,1,6,5,2,3,7,4,5
1,41,19,5,2,0,7,1,8,6,9,9,4,5,8,8
1,26,33,1,4,0,6,1,1,7,7,7,5,5,1,3
0,32,19,5,4,0,1,4,7,3,5,7,3,6,6,3
1,20,37,3,3,1,6,3,7,1,3,1,7,5,4,1
0,26,19,5,2,0,9,6,4,3,10,5,3,6,5,5
1,34,31,4,1,0,8,1,5,1,6,3,1,7,2,3
1,36,26,4,5,0,2,5,5,5,2,5,1,1,2,3
0,21,22,3,4,0,3,2,9,6,9,9,8,7,9,6
1,38,41,1,3,0,10,3,1,3,1,5,1,5,3,3
1,24,43,4,3,0,8,4,7,7,7,3,6,5,4,4
0,32,30,4,2,0,4,1,3,5,7,4,7,3,3,4
0,40,22,5,3,0,9,3,5,3,8,7,2,1,5,5
0,19,40,2,2,1,5,3,5,1,10,3,2,6,1,4
1,33,33,1,6,0,2,2,1,6,1,6,6,3,1,1
0,30,25,6,4,0,9,3,2,1,10,5,2,3,3,1
0,34,29,3,4,0,3,3,3,5,6,2,1,6,4,1
1,35,20,6,2,0,2,5,1,2,6,5,3,5,4,1
0,38,19,6,4,0,2,4,1,7,8,5,4,7,6,3
0,43,23,2,3,0,10,1,4,6,1,6,3,2,5,4
0,33,38,3,1,0,9,4,4,1,5,2,4,4,2,5
1,40,31,4,6,0,4,3,5,3,8,6,4,5,6,3
1,34,39,1,2,0,5,5,3,5,10,1,5,1,2,5
1,41,42,4,4,1,6,6,6,6,1,3,5,2,4,3
0,34,34,4,3,0,5,5,9,9,5,7,8,8,9,9
1,33,19,3,4,0,2,2,4,2,3,3,7,1,3,5
0,42,26,6,6,1,7,1,6,5,4,1,1,7,5,1
1,29,41,3,2,0,5,6,3,1,5,4,4,2,4,1
0,40,40,2,4,0,6,1,3,5,4,3,3,2,3,4
1,29,35,1,4,0,8,4,2,4,10,1,6,4,6,4
1,43,24,2,1,0,6,6,8,9,10,8,4,5,9,9
1,20,19,2,3,0,1,4,3,4,1,7,6,6,5,4
1,42,39,2,6,0,5,5,2,1,8,6,7,1,3,4
0,30,38,4,3,0,1,1,7,2,1,5,7,4,2,1
0,31,23,1,3,0,1,6,4,2,6,1,5,6,6,4
0,26,35,4,5,0,5,4,3,2,3,4,6,4,2,4
0,19,40,1,4,0,10,4,4,2,2,6,2,1,3,5
0,19,19,1,2,0,1,2,9,9,6,8,8,5,9,9
1,21,19,3,4,0,9,3,1,3,9,5,6,4,1,5
0,20,32,1,1,1,2,3,9,6,5,8,7,8,9,9
0,24,43,1,6,0,10,1,5,1,2,6,3,5,5,5
0,32,30,2,1,0,6,1,6,6,8,8,7,5,9,7
0,29,19,3,1,0,7,6,6,1,7,7,7,2,6,2
0,20,33,5,1,0,2,1,2,7,2,7,6,2,2,3
1,38,34,6,4,0,8,3,7,7,9,7,3,4,6,1
0,33,39,4,1,0,8,2,2,3,6,3,7,3,1,1
1,38,29,3,4,0,3,4,6,7,8,6,5,2,6,4
1,34,43,1,2,0,5,2,2,4,3,5,2,6,3,3
1,35,38,3,6,0,8,5,5,6,8,6,3,1,6,1
1,27,31,4,6,0,10,5,1,6,1,3,5,3,6,4
1,38,20,4,3,0,4,1,1,2,6,7,3,5,6,1
1,33,40,6,5,0,6,5,3,2,7,7,5,5,3,1
0,22,21,2,5,0,6,6,4,6,8,2,3,5,5,4
0,30,38,6,3,0,5,5,5,6,6,7,3,6,3,3
1,43,24,5,1,0,7,5,3,3,1,6,3,7,3,1
0,19,19,6,6,1,5,1,5,1,3,1,2,4,4,3
1,23,39,1,3,0,4,3,6,7,7,9,4,5,9,6
1,33,33,6,5,0,10,4,7,1,7,1,3,5,3,5
1,26,21,1,2,0,8,4,2,6,7,7,7,1,2,3
1,22,19,5,6,0,8,6,6,5,9,2,2,6,4,1
1,29,42,1,3,0,8,6,4,4,8,6,4,5,5,2
0,43,42,5,3,0,7,5,6,7,5,3,7,7,2,3
1,23,41,5,1,0,3,4,4,3,10,6,3,2,6,1
1,19,31,3,4,0,4,3,9,5,9,7,4,8,9,9
1,36,19,3,4,0,9,4,5,3,9,4,3,1,3,1
1,24,32,2,6,0,1,2,2,7,9,1,3,4,1,3
1,20,24,5,3,0,3,6,2,3,5,7,1,3,2,4
0,37,20,1,6,0,10,2,3,5,9,6,4,3,4,4
1,40,20,6,2,0,5,1,7,5,5,2,1,1,3,3
0,26,39,5,1,0,1,4,4,6,2,3,3,3,4,1
0,19,29,4,3,0,2,5,6,9,4,8,7,8,8,6
0,28,35,1,1,1,5,4,3,1,9,2,2,1,2,2
1,24,24,4,3,0,6,4,5,2,8,7,2,5,3,4
0,29,43,1,2,0,2,3,7,4,8,4,1,7,1,5
1,33,29,3,5,0,6,5,4,4,8,7,3,2,6,2
0,34,20,3,5,0,8,2,5,6,10,5,4,5,5,3
0,32,26,4,6,0,5,6,6,2,10,5,5,6,1,3
0,28,27,1,2,0,5,3,4,5,7,5,3,2,2,2
0,43,34,6,6,1,4,3,7,4,4,1,5,6,3,3
1,25,40,1,2,0,2,1,3,4,2,4,5,5,4,1
1,38,41,5,1,0,2,5,1,6,9,1,5,7,1,5
1,23,21,1,2,0,5,2,3,3,1,5,1,1,6,3
1,19,20,3,5,0,1,3,6,4,4,6,2,1,6,1
1,42,19,5,4,0,4,1,8,5,4,7,8,8,9,8
0,30,33,4,3,0,5,1,1,7,10,4,3,7,3,1
0,19,43,2,3,0,3,4,7,2,1,5,5,4,2,1
0,25,20,3,2,0,3,2,6,1,2,5,1,5,1,1
1,41,39,2,6,0,8,5,9,9,7,9,4,8,7,9
0,42,27,5,2,0,1,4,7,4,6,1,4,7,6,2
1,24,19,6,5,0,1,1,4,2,3,4,5,6,2,5
1,21,39,1,3,0,2,5,5,2,7,7,6,6,3,3
0,20,43,6,1,0,10,2,5,3,9,4,2,1,5,1
1,41,39,3,2,0,9,5,3,3,8,2,6,2,3,4
0,26,24,1,6,0,5,2,4,6,3,1,2,3,6,2
1,33,25,6,6,1,7,6,5,4,3,7,4,5,1,1
0,36,43,3,5,0,8,2,6,6,9,5,2,7,5,5
1,26,31,4,4,1,6,4,7,7,10,7,3,6,3,2
1,30,30,3,1,0,5,2,3,4,2,3,6,7,6,2
1,26,26,5,1,0,10,3,2,1,2,3,4,1,2,3
1,40,30,1,6,0,5,6,7,7,1,2,6,2,6,4
1,28,34,5,4,0,3,6,6,3,6,5,7,6,6,1
1,19,26,6,5,0,3,4,2,6,7,1,5,3,3,4
0,19,19,3,3,1,8,1,6,1,1,2,3,2,3,4
0,33,23,4,5,0,8,4,2,7,4,4,1,3,4,1
0,19,40,6,5,0,4,1,7,6,7,9,4,8,8,7
1,34,25,4,1,0,6,5,4,5,2,2,5,4,3,2
0,19,28,3,3,1,7,6,5,4,1,5,1,3,6,1
0,21,29,5,3,0,9,3,1,1,10,3,5,3,1,3
1,38,19,6,1,0,8,5,6,5,9,6,6,5,4,1
0,20,21,5,4,0,3,6,6,9,6,9,8,7,9,8
1,39,41,6,1,0,6,5,7,1,3,5,3,3,2,3
1,41,19,6,4,0,7,2,7,2,10,6,4,6,6,4
0,42,25,1,5,0,2,1,5,4,7,4,5,5,4,2
1,23,25,5,5,1,8,3,5,2,9,6,3,3,1,3
1,26,36,2,4,0,5,3,2,7,5,3,5,1,6,4
0,40,29,5,4,0,2,5,2,6,8,3,6,5,3,5
1,23,27,3,2,0,6,2,7,8,7,9,8,6,8,7
0,29,26,2,2,1,6,2,5,5,5,3,6,4,4,3
0,26,21,2,4,0,1,2,7,3,3,3,4,7,1,2
1,22,34,6,5,0,9,4,5,3,7,1,1,4,3,4
0,24,40,5,5,1,1,3,1,6,8,3,1,5,3,5
1,20,25,3,6,0,5,6,1,7,9,5,2,5,2,2
0,33,28,4,5,0,9,4,2,4,8,1,6,3,2,2
0,38,19,6,6,1,10,2,9,9,5,7,4,7,8,7
0,19,20,3,4,0,3,6,4,1,7,3,3,5,2,2
1,39,39,3,2,0,1,3,2,1,3,6,4,3,4,2
0,30,22,4,1,0,1,3,3,7,8,7,4,3,4,1
1,19,37,6,5,0,3,4,9,7,5,7,6,6,9,9
0,28,36,2,6,0,4,3,9,6,7,9,4,8,7,8
1,39,43,4,3,0,3,4,9,9,8,9,8,8,8,7
1,26,27,5,5,1,2,5,6,6,1,5,2,6,5,2
1,36,26,3,5,0,8,3,1,2,5,1,3,5,3,3
1,42,31,5,6,0,5,1,6,3,8,4,1,1,3,5
1,33,37,6,1,0,9,2,2,4,10,1,7,7,3,2
1,40,40,3,6,0,6,5,6,9,10,8,8,7,9,9
0,40,21,5,4,0,2,6,7,3,3,2,5,4,4,3
0,24,40,1,1,1,3,4,1,5,6,7,1,7,5,5
0,30,31,2,1,0,7,3,3,2,3,1,6,6,1,4
0,25,41,6,6,1,9,4,9,9,5,8,4,6,9,7
1,39,19,1,1,1,5,3,7,5,6,9,7,7,7,8
1,27,39,3,1,0,3,4,3,7,2,5,4,2,1,2
1,34,32,5,6,0,10,1,7,7,8,6,5,5,1,4
0,39,36,3,2,0,7,4,5,2,9,1,4,3,2,3
0,19,43,3,3,1,5,6,7,9,8,9,7,5,9,6
1,36,23,5,1,0,3,2,2,4,1,5,7,1,3,3
0,43,29,3,3,1,1,2,6,5,8,4,5,6,6,1
1,29,40,4,3,0,7,6,5,5,1,1,2,7,3,3
1,23,25,4,3,0,8,6,3,3,3,2,6,5,6,5
0,39,40,4,3,0,1,2,3,6,2,4,5,3,2,1
1,28,38,4,3,0,3,1,7,6,5,6,1,7,2,2
1,36,43,4,5,0,5,1,2,3,7,7,5,3,2,4
0,39,35,3,5,0,5,4,3,2,5,5,6,5,2,1
0,23,22,3,2,0,7,2,3,5,9,6,1,2,1,3
1,19,37,1,6,0,4,1,1,7,1,7,7,1,4,4
1,33,24,2,4,0,6,5,6,6,3,5,3,2,4,4
1,26,34,1,3,0,1,4,3,1,1,4,4,5,2,4
1,25,23,3,6,0,7,1,9,5,8,9,8,5,9,6
1,30,25,5,5,1,7,6,7,7,2,3,7,2,4,2
0,19,41,2,6,0,9,2,7,7,5,7,4,3,1,5
0,41,26,4,2,0,6,3,9,9,7,9,7,7,9,9
0,32,30,4,6,0,5,6,4,6,9,5,7,7,6,2
1,38,35,4,6,0,5,6,3,6,9,2,1,7,3,1
1,21,40,2,2,1,9,4,6,6,8,6,2,5,4,3
0,43,23,6,4,0,7,5,6,9,5,7,7,8,8,9
1,24,26,3,2,0,7,1,5,7,1,6,1,1,4,3
0,43,41,5,2,0,7,5,6,5,3,4,6,6,2,5
1,22,36,4,6,0,5,5,5,1,10,6,4,4,5,5
0,39,37,1,1,1,2,5,7,1,3,4,4,7,5,1
1,31,42,3,1,0,10,4,1,6,4,6,3,7,5,5
0,43,22,5,2,0,5,4,6,7,2,1,3,1,2,2
1,23,32,4,4,1,1,1,1,3,3,4,5,5,5,4
1,25,43,4,5,0,2,3,2,5,9,5,4,6,1,4
1,24,23,4,2,0,1,5,1,7,5,5,3,6,3,3
0,20,28,3,2,0,1,3,4,6,5,5,5,4,4,1
1,30,43,1,3,0,4,3,5,4,10,5,6,1,6,4
1,19,20,3,3,1,5,5,7,5,4,1,5,3,1,3
1,38,27,3,1,0,10,2,7,3,6,5,6,1,3,1
0,19,39,5,6,0,1,4,6,6,10,4,5,7,4,5
0,35,35,3,1,0,10,4,7,3,8,5,2,4,2,4
0,38,37,4,3,0,6,2,3,1,7,1,2,4,3,4
0,33,20,1,5,0,2,6,1,3,1,2,6,4,3,5
1,30,21,1,2,0,10,6,2,7,9,4,4,7,5,1
1,19,43,4,2,0,6,3,5,7,6,5,2,5,3,5
1,40,40,5,2,0,9,6,3,2,1,7,6,5,3,1
1,43,20,2,2,1,9,5,9,9,9,7,8,8,8,9
0,40,23,5,6,0,8,6,6,2,4,3,4,3,5,4
0,21,34,3,5,0,5,3,6,5,6,2,6,6,3,2
0,42,23,2,5,0,8,4,4,3,9,2,1,7,5,4
1,35,29,4,6,0,2,5,7,3,2,1,5,2,2,1
1,43,22,2,5,0,3,1,9,6,6,8,8,8,9,9
0,40,34,4,6,0,9,5,4,4,10,2,5,7,1,1
1,20,36,2,3,0,9,1,4,5,1,5,1,4,5,5
0,22,43,2,3,0,5,4,5,7,1,3,6,2,2,2
0,41,32,4,3,0,8,3,7,3,10,4,2,4,5,3
0,38,32,3,4,0,8,1,7,1,7,4,7,2,5,4
0,34,30,3,3,1,8,6,7,1,2,3,3,1,1,2
1,43,37,5,6,0,5,5,9,5,4,9,7,5,8,8
1,32,34,6,1,0,10,4,1,1,1,1,6,2,2,5
0,24,35,3,1,0,2,5,1,1,6,6,7,7,1,5
0,29,36,1,2,0,7,4,7,9,8,8,8,8,7,7
0,35,29,4,1,0,8,6,5,5,1,3,2,5,5,2
1,29,29,4,1,0,7,1,8,8,9,9,8,8,9,6
1,42,21,4,2,0,7,2,2,2,1,1,1,6,5,2
0,43,22,3,5,0,9,4,5,3,3,2,1,4,2,3
1,28,30,4,6,0,10,5,4,5,5,6,2,6,5,3
0,31,35,3,1,0,8,4,5,7,3,7,2,4,4,3
0,43,41,3,2,0,2,6,3,4,8,3,6,3,5,1
0,29,34,6,5,0,5,2,5,4,10,6,1,6,1,5
0,39,34,6,2,0,8,1,7,7,6,7,6,6,7,9
1,25,24,3,6,0,8,1,3,4,4,2,3,2,1,1
0,30,24,1,4,0,8,1,3,2,10,4,4,4,1,1
1,43,25,4,2,0,6,6,2,5,9,3,5,7,1,1
1,43,32,2,2,1,7,3,5,1,3,6,3,3,4,5
1,20,32,4,1,0,5,1,8,6,10,8,8,7,8,8
0,42,26,4,4,1,8,4,7,2,6,7,5,5,6,5
0,25,40,5,2,0,2,6,9,8,4,9,8,6,9,9
1,38,30,3,1,0,10,6,6,6,9,2,4,1,6,5
1,42,21,2,2,1,3,2,5,2,4,7,7,2,3,2
1,41,23,3,3,1,4,6,3,2,9,3,3,1,1,5
1,32,35,2,5,0,8,1,6,5,7,6,2,7,4,1
0,43,43,6,5,0,8,2,7,2,6,5,1,4,4,5
0,43,19,4,3,0,3,5,3,4,10,7,2,1,1,1
1,19,20,6,2,0,7,1,2,2,10,3,4,4,5,5
0,23,25,2,2,1,8,1,1,6,9,2,4,6,3,1
1,41,35,2,1,0,6,2,6,4,4,7,5,5,1,3
0,33,36,5,6,0,3,3,2,3,8,3,3,4,1,4
1,24,29,1,6,0,2,3,3,3,8,1,1,2,3,1
1,35,42,6,3,0,10,1,6,6,5,1,7,2,2,2
0,41,43,5,2,0,10,4,3,5,9,4,2,2,6,2
1,21,32,6,5,0,6,5,4,4,8,4,4,2,2,1
1,27,33,3,3,1,4,1,5,7,3,6,2,1,1,5
0,24,37,1,4,0,8,4,2,2,10,6,5,4,1,4
1,34,32,6,1,0,5,4,7,2,4,7,6,3,4,4
0,35,43,2,1,0,5,5,6,2,9,1,5,3,6,2
0,30,22,3,2,0,6,6,7,9,6,7,8,8,9,9
1,25,38,5,1,0,1,2,3,3,4,2,6,7,2,5
0,32,42,3,3,1,2,6,1,6,10,3,3,7,2,3
0,32,25,3,3,1,7,5,6,5,4,1,5,2,6,4
0,41,24,6,2,0,1,3,6,5,6,5,2,7,2,1
1,38,27,5,1,0,9,6,5,4,4,2,4,4,1,5
0,23,33,2,1,0,1,2,9,9,10,9,7,7,8,8
1,33,25,4,3,0,9,1,2,3,6,2,4,4,1,5
1,23,31,4,6,0,9,1,4,3,5,1,7,3,4,4
0,38,26,5,3,0,4,2,6,5,3,3,2,2,6,1
0,35,40,6,3,0,5,2,7,7,5,1,2,4,2,2
1,19,28,1,6,0,10,6,5,4,1,2,6,4,4,2
1,32,30,1,2,0,1,3,4,2,7,6,5,4,5,3
0,38,39,3,4,0,3,2,4,7,6,5,1,6,2,1
0,22,34,3,1,0,7,3,4,4,1,3,2,5,1,2
0,26,30,4,5,0,1,4,7,6,8,6,3,6,6,4
1,31,39,3,6,0,5,3,3,2,8,3,4,5,2,1
0,36,32,3,6,0,1,6,4,1,2,4,1,5,4,1
1,40,37,4,2,0,5,6,2,1,9,3,7,2,2,5
1,40,31,6,5,0,2,3,5,6,2,2,7,6,6,4
0,24,40,6,3,0,8,1,1,6,1,5,4,5,5,3
0,43,26,6,2,0,6,5,7,6,10,6,3,5,1,3
1,32,36,4,3,0,6,4,7,5,6,9,4,8,8,7
1,43,34,4,6,0,8,4,2,3,7,6,5,7,3,2
0,26,19,4,2,0,2,1,4,6,1,3,4,4,5,2
0,29,37,1,5,0,2,3,2,5,10,1,2,7,4,1
0,23,21,5,4,0,4,5,1,4,2,2,1,7,3,4
1,42,33,6,1,0,7,3,5,6,6,6,3,5,2,3
0,27,24,2,5,0,6,1,9,9,10,7,8,8,7,9
1,26,39,2,2,1,7,3,1,5,5,1,6,3,6,2
0,33,26,6,2,0,7,6,2,4,8,5,1,6,3,2
1,28,43,4,6,0,1,3,5,3,3,4,2,3,4,4
1,23,28,4,4,1,3,3,4,5,5,6,3,6,1,3
1,35,41,2,2,1,5,6,1,3,5,5,7,4,1,2
1,29,19,3,3,1,3,2,1,3,8,4,7,4,1,4
0,35,40,3,2,0,3,6,1,3,2,2,2,3,3,3
1,23,33,4,5,0,5,4,5,3,9,6,1,5,6,3
0,23,20,4,1,0,9,4,2,6,9,4,6,1,3,2
0,34,35,5,2,0,5,1,6,6,7,7,2,3,2,5
0,39,43,1,3,0,3,6,1,6,2,5,7,7,4,2
1,40,19,3,5,0,3,6,5,6,7,2,1,1,4,3
1,19,42,5,2,0,8,4,9,7,6,9,5,7,9,7
0,43,27,4,1,0,2,1,5,6,3,5,6,3,4,1
1,27,32,2,5,0,1,3,9,9,10,7,5,8,9,6
0,19,26,3,4,0,4,3,2,2,3,6,5,5,2,5
1,33,35,2,2,1,1,2,4,1,4,7,1,6,3,4
0,38,43,5,2,0,6,5,9,6,10,9,6,8,7,8
1,21,25,6,1,0,8,4,2,4,8,4,1,1,6,5
1,27,31,6,3,0,10,6,7,5,4,9,5,6,9,6
0,41,25,4,1,0,10,4,7,2,4,1,7,4,1,4
0,35,24,2,1,0,3,5,5,6,2,4,6,5,3,2
1,26,22,3,4,0,3,3,7,5,4,6,5,4,2,1
0,27,21,2,3,0,10,4,9,7,9,9,4,5,9,8
0,30,41,1,2,0,4,1,4,6,6,4,5,3,6,1
0,25,40,3,1,0,5,6,6,5,3,5,3,1,1,3
0,20,30,2,2,1,1,5,6,7,9,8,8,8,9,6
0,39,21,5,3,0,10,3,6,1,2,6,6,4,5,4
0,43,39,1,5,0,6,6,5,4,10,6,1,1,5,5
0,40,29,4,5,0,1,2,5,5,9,1,5,2,2,3
0,23,21,4,5,0,9,2,5,6,1,7,1,2,6,5
1,31,43,3,4,0,7,5,7,1,1,3,3,7,6,3
0,31,39,3,5,0,2,3,9,5,5,9,8,5,9,8
1,36,21,2,2,1,10,6,3,6,6,2,4,3,1,1
1,30,33,3,6,0,5,3,2,5,4,7,2,1,6,4
1,25,35,5,3,0,5,3,1,5,6,6,2,2,5,1
0,36,43,2,6,0,10,3,3,4,2,5,6,1,4,1
0,34,32,2,6,0,9,4,7,9,4,9,6,8,8,9
1,43,36,6,3,0,1,2,9,7,5,9,8,8,8,9
1,32,32,3,5,0,4,3,2,4,10,6,2,7,6,4
1,21,32,6,2,0,8,1,7,3,1,2,2,5,2,5
0,19,41,6,3,0,7,2,2,3,3,2,1,1,4,1
0,38,24,1,3,0,4,5,8,7,10,8,7,5,8,9
0,38,43,4,6,0,10,2,3,1,4,5,3,1,2,4
1,43,26,3,2,0,1,5,2,7,9,6,4,4,4,2
0,36,20,1,5,0,7,4,1,5,1,2,6,4,1,4
0,24,24,3,2,0,9,5,7,7,7,9,5,8,9,7
0,31,38,4,4,1,5,4,5,4,10,6,4,2,5,1
0,27,39,1,6,0,3,6,5,5,5,4,6,4,1,2
1,19,24,3,4,0,10,4,3,6,4,4,5,6,3,1
1,37,33,3,3,1,1,4,4,1,3,6,2,4,1,4
1,22,27,6,5,0,9,4,2,6,9,7,1,5,1,2
0,24,40,4,5,0,8,3,2,3,10,7,6,5,2,5
0,24,27,3,3,1,4,1,5,2,6,1,6,6,3,5
1,40,26,4,2,0,6,5,4,6,5,1,6,1,4,2
0,30,19,5,3,0,6,6,2,3,1,7,2,4,5,1
0,38,20,3,4,0,8,4,3,1,5,3,6,4,4,5
0,40,32,1,3,0,8,3,3,2,5,7,3,6,5,5
1,43,19,2,6,0,6,4,7,5,4,7,7,3,4,2
0,29,27,1,1,1,10,6,5,4,1,4,6,2,6,3
1,38,30,2,5,0,1,6,6,6,8,9,5,5,8,7
0,43,41,1,1,1,2,2,1,3,2,2,5,5,4,1
1,27,43,6,6,1,10,1,8,8,4,8,8,8,9,9
1,33,36,1,2,0,2,4,7,6,3,3,7,5,1,3
1,39,21,6,6,1,5,6,4,3,10,6,1,5,4,4
1,43,27,2,2,1,9,6,2,7,9,5,7,4,1,3
1,39,43,3,2,0,4,3,5,3,4,1,5,2,2,2
0,33,22,6,5,0,3,3,5,4,5,3,5,4,3,4
0,26,40,5,5,1,3,4,3,5,9,5,3,6,3,3
0,34,20,1,6,0,9,2,5,5,3,3,3,2,6,1
0,30,20,4,5,0,7,4,2,6,3,3,7,7,2,2
1,24,27,5,2,0,2,4,7,2,1,6,2,1,1,5
0,30,34,1,2,0,5,6,8,6,9,9,5,7,7,8
1,32,26,4,6,0,8,2,4,6,8,7,3,4,3,2
1,22,19,1,4,0,8,6,7,3,6,7,3,1,3,3
0,31,21,6,2,0,4,5,8,5,7,8,8,8,7,8
1,24,34,1,3,0,4,3,7,4,10,2,3,3,4,5
0,42,27,1,3,0,7,1,2,2,7,7,5,6,4,2
0,38,19,2,6,0,10,3,4,1,2,5,6,5,5,1
0,22,24,6,2,0,7,3,3,2,1,7,4,3,2,1
0,36,41,1,3,0,4,6,6,7,4,3,5,5,1,5
0,30,32,6,1,0,2,5,2,3,10,2,6,3,6,3
1,36,27,2,1,0,6,3,6,9,10,7,8,8,9,9
0,20,41,4,5,0,2,5,6,5,6,7,4,3,4,5
1,24,43,6,6,1,6,6,2,5,7,2,6,1,6,1
1,39,35,5,4,0,2,3,4,3,7,5,7,2,6,4
0,38,34,5,3,0,4,5,6,6,9,4,6,5,2,4
0,33,31,2,2,1,1,4,1,2,9,7,2,3,6,1
0,35,35,3,3,1,3,6,7,4,5,1,5,3,2,3
0,19,42,3,1,0,9,5,2,6,4,6,2,7,3,2
0,25,42,4,6,0,6,6,6,3,2,4,7,7,4,3
0,40,34,5,2,0,9,1,7,2,2,1,5,1,5,5
1,26,41,1,2,0,6,6,8,7,6,9,8,7,9,9
1,39,35,6,1,0,3,5,5,1,3,6,4,7,6,4
1,27,36,4,6,0,4,3,2,2,10,2,4,5,3,4
1,29,35,5,6,0,9,1,7,3,9,3,6,6,5,1
0,33,24,5,6,0,8,4,6,3,9,4,3,3,3,2
0,32,43,1,3,0,7,1,7,1,1,5,7,3,2,5
1,34,23,1,3,0,7,3,5,7,7,5,6,2,4,3
1,24,19,3,3,1,7,5,1,4,3,2,2,2,4,1
1,20,19,1,1,1,8,5,3,1,4,4,3,2,1,5
0,36,19,5,2,0,9,2,9,9,10,9,6,5,8,6
1,36,33,4,6,0,10,4,1,1,6,4,5,1,4,4
1,32,28,2,5,0,10,6,6,6,8,5,4,4,3,4
0,43,24,1,5,0,1,2,2,2,8,2,2,5,3,1
0,20,28,5,5,1,1,1,3,6,5,3,6,7,2,5
0,31,41,1,1,1,10,2,5,1,3,7,7,1,1,1
0,25,22,5,1,0,2,2,6,1,2,6,6,1,2,4
0,33,37,5,1,0,6,5,7,5,5,7,4,8,7,9
1,35,40,2,4,0,2,2,7,3,10,2,7,6,4,1
0,23,19,2,5,0,5,3,2,6,7,3,4,1,5,5
1,39,21,3,5,0,1,2,2,4,4,6,7,7,1,3
0,42,43,2,2,1,7,1,5,4,5,2,1,5,5,5
1,43,39,1,4,0,8,2,5,5,5,4,5,1,5,2
0,25,41,4,4,1,9,5,3,1,8,5,3,3,6,3
0,29,31,3,2,0,8,5,2,7,9,5,7,2,6,1
1,23,39,6,4,0,2,2,5,6,4,1,7,4,1,3
1,19,42,5,6,0,1,6,7,2,1,7,1,1,1,2
0,32,19,3,5,0,2,4,6,2,3,1,3,1,5,5
1,32,31,1,3,0,1,5,1,4,5,1,7,3,4,4
1,19,26,1,3,0,5,4,2,5,10,7,4,5,3,2
1,43,30,4,6,0,5,4,2,5,1,4,6,3,1,1
0,27,23,5,6,0,9,3,1,5,5,4,3,5,2,3
1,30,20,1,4,0,2,1,7,3,4,7,7,2,1,4
0,41,36,3,3,1,8,3,5,4,10,2,3,1,6,5
0,29,41,4,1,0,3,3,4,7,3,4,2,3,1,2
0,42,38,5,1,0,6,5,6,8,7,9,8,8,8,6
1,41,38,6,2,0,10,2,7,4,4,6,1,2,6,2
0,33,25,5,6,0,4,3,4,7,9,6,6,2,5,1
1,39,29,3,2,0,8,3,3,1,3,4,2,1,1,2
0,28,20,1,4,0,4,3,7,5,5,7,7,2,4,5
1,41,39,3,2,0,10,3,2,1,1,6,5,4,2,2
1,22,33,5,1,0,2,5,6,1,5,5,7,5,6,3
0,43,32,4,4,1,5,1,7,6,1,4,2,5,5,4
1,25,30,4,6,0,4,2,5,5,2,7,1,2,3,2
0,43,24,3,4,0,6,5,7,4,8,2,7,1,4,3
1,41,39,4,2,0,9,5,9,7,7,9,4,8,9,6
0,33,23,3,6,0,10,1,8,9,8,9,7,8,9,9
0,21,38,6,3,0,1,2,5,1,6,2,2,2,4,5
1,33,38,2,5,0,1,5,4,3,3,7,7,2,1,2
1,42,24,6,4,0,5,1,7,5,9,4,7,4,3,3
1,42,22,6,3,0,10,5,3,5,7,1,2,1,6,2
0,33,33,1,5,0,4,3,6,4,1,4,4,7,2,4
1,39,42,3,2,0,10,4,5,6,9,4,6,2,3,4
1,31,26,2,6,0,3,2,3,5,4,1,2,3,2,4
0,35,32,4,1,0,5,5,8,6,5,7,5,8,9,7
0,31,36,4,5,0,1,3,4,7,4,4,1,4,5,3
1,25,38,3,2,0,8,6,6,6,8,5,7,3,3,1
0,36,31,4,2,0,10,4,9,9,4,7,5,8,8,9
1,23,31,6,6,1,1,2,7,4,2,5,3,6,5,2
0,21,38,5,2,0,1,1,7,4,2,6,4,2,3,1
0,35,43,4,6,0,8,6,6,4,10,1,3,4,5,1
0,23,22,5,3,0,4,4,3,6,7,1,1,4,6,5
0,34,32,1,6,0,10,2,7,6,4,2,7,3,3,2
1,22,24,4,4,1,3,2,3,4,6,2,5,6,1,5
0,38,40,1,4,0,4,6,3,3,3,6,2,4,3,2
0,43,34,5,2,0,8,2,2,3,4,1,1,4,1,5
1,43,26,6,1,0,4,5,2,6,9,2,3,2,3,4
0,19,33,2,4,0,4,2,4,1,8,3,4,5,3,4
1,31,28,4,6,0,10,1,2,4,10,3,4,2,5,1
1,30,19,1,5,0,6,6,1,1,1,5,1,2,6,5
0,21,43,6,3,0,6,4,3,3,8,1,3,3,1,2
1,31,19,2,5,0,6,2,3,7,2,3,4,2,2,2
1,37,29,1,6,0,4,4,4,2,1,3,2,7,2,2
1,23,26,2,5,0,7,3,2,6,10,5,6,6,5,5
1,25,31,5,3,0,7,4,5,4,8,7,5,4,5,5
0,27,21,4,4,1,8,1,5,5,9,1,6,6,1,2
1,25,43,1,4,0,8,2,5,3,5,5,1,6,5,2
1,43,25,5,5,1,3,2,5,4,1,1,2,7,5,5
0,19,42,4,5,0,5,4,1,4,5,6,1,6,1,5
1,27,43,6,4,0,6,6,7,7,10,9,8,8,9,8
0,37,33,4,2,0,1,2,2,2,2,2,6,4,3,3
0,40,41,3,3,1,2,1,4,4,3,2,1,6,4,5
0,34,40,4,4,1,8,1,2,4,2,3,1,1,6,1
0,43,29,4,1,0,4,1,2,7,4,6,4,4,5,2
0,43,22,4,1,0,3,4,2,2,7,1,1,2,1,2
0,43,23,2,3,0,6,4,7,1,5,7,1,1,6,5
0,23,19,1,4,0,8,6,2,6,5,5,6,6,1,5
1,38,24,1,4,0,6,6,3,1,1,3,7,5,2,3
1,22,26,4,1,0,9,1,3,1,4,5,1,3,1,1
1,19,29,1,4,0,9,6,4,6,9,1,7,3,3,2
0,36,43,3,2,0,5,2,2,5,1,5,7,6,1,5
1,38,43,4,1,0,1,3,4,4,3,4,6,3,6,5
0,27,24,2,5,0,1,4,6,6,9,7,2,5,5,3
0,32,24,3,5,0,7,3,2,3,3,2,6,2,1,1
1,21,37,5,1,0,8,4,5,6,8,6,7,6,2,5
0,33,42,6,2,0,5,6,3,1,6,3,7,2,4,3
0,43,30,2,6,0,2,4,7,5,4,8,5,8,9,9
0,42,40,2,6,0,2,2,4,7,2,4,1,5,4,3
0,43,28,6,2,0,10,3,7,7,6,9,7,8,8,6
0,24,42,2,5,0,7,1,7,7,3,4,6,4,5,2
1,35,31,3,6,0,9,4,8,8,6,9,8,8,9,9
0,20,37,2,4,0,1,4,5,5,5,3,7,4,5,2
0,26,30,3,5,0,10,4,4,2,4,4,1,4,1,3
1,43,32,3,3,1,2,2,9,7,10,9,7,8,7,8
0,20,43,5,5,1,8,2,4,3,5,5,1,1,1,2
0,19,36,2,2,1,4,5,2,2,3,3,4,2,3,3
1,30,30,6,1,0,10,4,5,1,9,7,6,6,5,1
1,31,32,4,1,0,7,3,3,4,6,4,7,2,3,1
1,26,37,5,4,0,4,4,5,1,9,2,1,3,3,4
0,24,31,3,3,1,9,2,6,6,8,4,4,2,4,2
1,27,33,5,3,0,4,5,4,1,7,1,7,7,6,2
0,20,29,1,2,0,1,1,6,7,4,8,6,8,7,6
1,28,43,6,5,0,10,5,8,5,5,7,8,5,9,8
1,28,36,6,6,1,6,1,4,4,6,2,1,7,3,4
0,36,22,4,4,1,3,4,5,5,9,1,3,7,5,4
0,39,38,1,3,0,4,1,2,5,5,1,2,4,3,5
0,37,35,2,5,0,4,2,6,6,6,2,2,3,6,2
0,23,38,1,1,1,4,6,4,4,2,5,2,4,2,2
1,21,35,3,4,0,7,2,2,4,5,7,7,4,6,2
1,20,33,2,3,0,10,6,3,3,5,4,4,1,4,3
1,40,31,1,2,0,8,1,7,2,4,1,7,5,2,3
1,43,38,2,5,0,8,2,1,6,7,6,1,7,6,4
0,27,37,4,3,0,1,5,5,3,6,1,5,2,4,2
0,42,34,5,4,0,2,4,1,7,4,1,7,6,2,4
0,25,33,6,2,0,6,1,7,3,1,1,3,2,6,1
1,32,38,3,2,0,3,5,1,3,5,4,4,7,1,4
0,25,25,5,4,0,1,1,4,5,9,2,1,5,2,2
1,19,42,4,1,0,5,6,3,4,8,4,3,2,1,1
1,19,19,1,2,0,6,6,3,5,5,5,1,4,4,1
0,34,24,2,2,1,7,3,9,5,10,7,6,8,9,6
1,35,43,6,6,1,8,6,3,6,2,1,3,4,5,3
0,39,38,2,2,1,10,6,7,5,9,5,6,3,6,5
0,39,28,6,6,1,3,6,6,2,6,4,3,2,1,5
1,43,36,2,4,0,5,5,4,3,5,2,3,2,2,1
1,19,21,3,4,0,4,2,6,6,2,3,2,2,3,1
0,28,38,4,1,0,2,2,7,6,7,8,8,6,8,9
0,36,25,3,4,0,7,6,5,6,7,5,7,4,1,5
1,19,20,1,2,0,8,4,5,3,4,3,7,4,4,2
1,40,36,6,1,0,1,5,7,6,9,9,8,6,7,6
0,25,35,6,4,0,7,3,3,1,8,2,6,4,5,2
0,30,19,3,5,0,5,1,3,4,5,2,6,5,3,2
1,19,29,3,6,0,10,3,9,7,5,9,8,5,9,7
0,41,31,2,5,0,4,1,8,5,10,8,8,5,7,9
0,28,36,4,3,0,4,5,7,1,3,6,6,4,4,2
1,27,38,5,3,0,5,4,3,7,6,2,4,5,6,5
1,26,31,3,2,0,10,5,1,5,3,4,7,4,2,4
0,36,43,6,2,0,4,2,6,3,10,5,1,5,2,4
1,21,20,1,3,0,2,3,9,6,8,7,6,7,7,6
0,22,21,1,3,0,3,4,5,2,8,3,4,4,4,3
0,40,23,5,2,0,1,4,1,2,5,5,1,7,6,2
1,35,32,4,5,0,2,6,5,7,5,7,5,1,1,2
0,29,29,3,6,0,6,5,7,6,9,7,7,2,6,1
0,40,23,3,6,0,1,2,6,8,4,9,8,7,7,7
1,43,23,4,3,0,1,2,6,1,8,2,2,2,1,3
1,20,43,4,4,1,2,6,9,7,6,9,4,7,8,9
0,40,35,5,1,0,10,1,4,6,4,1,3,2,3,4
1,39,39,6,5,0,7,6,7,5,1,6,3,5,3,4
0,34,36,6,2,0,8,3,5,5,6,6,3,4,5,3
1,31,26,1,6,0,7,5,5,1,5,3,4,1,2,1
0,43,35,5,6,0,5,3,6,4,3,7,1,5,3,3
1,31,43,2,5,0,1,6,1,1,10,3,1,4,1,1
0,41,42,5,5,1,4,3,1,6,10,4,2,2,4,2
0,19,39,5,2,0,5,5,7,2,4,6,6,3,6,3
0,19,25,1,2,0,8,3,8,9,4,9,6,8,9,9
0,21,25,3,2,0,5,2,8,9,7,7,8,6,7,9
1,30,43,1,6,0,10,3,3,7,4,4,4,4,5,4
1,33,21,2,3,0,8,4,3,4,4,3,1,2,3,2
0,42,34,5,6,0,8,4,6,8,8,7,8,7,9,7
0,39,19,6,3,0,7,1,6,9,6,9,8,8,8,7
1,32,37,4,2,0,2,2,5,5,9,2,1,6,1,2
0,28,22,4,1,0,1,3,1,1,5,4,7,7,2,2
0,22,34,6,5,0,9,5,5,2,8,3,3,1,2,1
0,43,20,4,4,1,4,2,7,8,10,8,8,7,9,9
0,35,33,3,1,0,6,6,1,4,8,3,6,7,6,4
1,35,39,3,4,0,8,1,1,3,2,4,7,5,6,5
0,20,24,1,1,1,7,5,5,4,8,4,3,7,5,5
0,22,19,5,5,1,6,2,4,1,5,2,5,5,4,3
1,25,28,6,2,0,3,1,3,4,10,1,3,7,3,3
0,22,24,4,4,1,7,3,6,7,3,7,2,7,2,4
1,32,43,3,4,0,8,1,1,4,4,2,7,7,3,5
0,37,38,4,2,0,9,2,9,9,6,8,5,5,8,9
1,37,21,6,2,0,7,1,6,2,4,4,5,3,4,1
0,23,30,2,2,1,8,1,2,1,8,2,6,4,6,2
1,36,33,3,3,1,7,2,7,4,9,5,6,4,2,4
0,35,21,2,5,0,9,6,6,6,8,3,3,6,5,3
0,33,21,3,4,0,10,1,1,7,4,1,6,1,6,1
1,29,25,6,1,0,9,3,4,5,9,4,3,2,4,3
0,31,40,1,5,0,10,6,6,9,6,9,8,7,9,9
1,38,38,2,6,0,6,1,2,2,1,7,7,3,4,5
0,37,41,6,1,0,2,3,7,5,10,2,5,2,2,2
1,30,43,5,3,0,5,5,2,6,4,1,5,2,3,2
0,38,21,5,2,0,10,1,6,1,7,2,2,2,6,4
1,43,32,1,3,0,4,1,1,3,6,3,2,2,5,5
0,27,37,2,2,1,8,5,7,1,5,7,4,7,4,2
1,22,20,5,2,0,9,1,6,6,8,3,5,6,5,4
0,41,37,6,6,1,8,3,6,5,7,9,4,8,8,9
0,38,21,3,3,1,5,6,4,7,2,7,1,2,3,3
1,34,40,5,2,0,9,2,1,5,5,4,4,6,4,2
1,24,39,6,3,0,9,3,1,5,3,7,3,6,5,4
1,36,27,3,3,1,8,5,2,5,9,1,7,3,6,1
1,21,25,4,4,1,8,5,5,4,7,1,5,7,1,1
1,36,38,1,3,0,3,1,3,3,1,5,5,7,1,3
1,28,39,4,1,0,10,5,7,6,7,9,5,6,9,9
0,31,41,5,2,0,9,3,5,3,8,5,4,6,3,4
1,28,43,2,1,0,7,1,4,3,4,2,3,2,4,1
1,40,34,5,4,0,7,1,6,5,2,2,3,6,4,1
1,43,37,1,3,0,8,2,2,3,7,2,2,1,6,2
0,20,33,6,2,0,6,2,9,8,5,7,4,8,9,8
0,43,29,6,6,1,1,1,5,4,10,4,6,2,3,5
0,35,30,4,4,1,7,3,9,9,10,9,6,8,8,9
1,42,34,4,3,0,9,3,1,3,3,7,3,6,2,5
0,30,28,1,2,0,5,3,5,1,5,2,1,3,3,5
1,38,29,1,3,0,3,1,6,8,9,7,4,8,8,9
1,37,41,1,1,1,6,5,1,2,4,7,3,6,4,4
1,27,38,6,6,1,4,4,3,6,10,1,4,7,6,3
1,19,21,6,5,0,2,2,7,7,4,3,7,6,2,4
1,32,24,6,6,1,7,3,6,6,8,7,6,8,8,8
1,28,28,3,4,0,5,3,8,9,4,9,8,5,9,6
0,20,23,4,3,0,10,2,2,5,10,5,2,5,2,5
0,23,28,6,2,0,4,3,6,6,10,2,6,5,5,5
0,43,23,3,4,0,6,3,1,5,3,3,3,6,6,3
0,24,26,4,6,0,5,2,5,1,5,4,3,6,3,3
0,26,33,4,4,1,8,1,9,9,4,8,5,8,8,8
0,23,22,2,1,0,4,1,6,4,1,5,5,2,4,4
1,20,37,6,1,0,4,3,2,4,4,4,3,2,1,3
0,22,26,6,2,0,4,3,1,5,1,4,5,7,4,3
1,38,34,1,2,0,7,6,7,2,3,5,5,7,5,4
0,40,42,6,6,1,8,3,6,5,8,7,1,2,1,2
1,24,38,1,3,0,10,2,5,4,10,4,3,3,1,5
1,43,34,3,3,1,8,1,2,4,1,5,2,2,6,4
0,25,35,3,1,0,6,2,3,3,6,1,2,1,4,3
0,42,21,3,2,0,10,1,3,6,2,3,1,6,4,1
0,20,25,1,2,0,7,3,6,7,8,9,5,5,9,8
0,34,40,5,4,0,9,1,9,8,7,7,4,8,7,7
0,34,43,3,1,0,3,6,2,7,8,6,1,7,4,1
0,37,20,6,6,1,1,5,4,1,5,2,5,5,5,2
0,37,22,3,4,0,2,4,7,5,7,7,6,2,1,4
1,41,36,4,6,0,1,1,6,4,9,5,5,5,3,4
0,32,26,1,2,0,8,5,2,4,2,3,5,3,6,2
0,32,37,5,2,0,6,3,7,6,2,3,6,7,3,2
1,34,20,1,2,0,1,3,5,7,3,1,3,5,6,1
0,31,41,3,4,0,1,1,2,7,3,2,6,7,6,2
0,29,36,6,4,0,4,5,6,5,2,7,2,5,3,1
1,32,25,6,3,0,6,1,5,7,9,7,1,7,2,2
0,33,34,1,3,0,7,1,1,3,8,6,6,2,2,1
0,36,43,4,5,0,6,6,7,7,9,8,4,6,9,9
0,41,41,4,6,0,6,5,4,6,2,2,2,2,1,1
1,30,22,4,3,0,6,5,4,2,8,1,6,1,1,5
0,19,42,4,4,1,9,6,1,4,5,2,5,2,6,2
1,34,23,4,3,0,7,5,1,1,5,4,2,3,3,5
1,43,33,5,6,0,5,6,4,7,9,7,7,3,6,3
1,43,36,2,5,0,5,4,4,3,5,6,5,5,2,2
1,19,37,6,4,0,8,6,6,9,7,9,5,8,9,9
0,43,30,3,4,0,4,5,9,9,10,7,5,7,9,6
1,24,19,4,3,0,10,3,9,5,5,8,6,8,9,9
0,38,32,1,6,0,4,1,7,3,1,3,7,4,4,1
1,43,27,3,1,0,3,1,7,4,10,5,2,7,6,5
0,19,26,4,5,0,7,3,1,6,2,4,6,2,6,2
1,29,43,1,5,0,7,1,6,2,9,3,7,2,3,2
1,27,38,5,1,0,1,5,7,9,10,7,4,5,9,8
1,34,30,6,2,0,7,1,9,9,6,8,5,7,9,9
0,39,37,6,5,0,8,1,6,2,7,6,3,5,1,5
1,19,42,2,5,0,4,4,4,5,8,7,1,6,6,1
0,20,36,1,6,0,10,6,2,6,4,1,5,4,3,3
0,35,19,6,1,0,1,1,5,5,3,1,1,4,1,2
1,23,41,3,4,0,1,4,7,4,2,5,3,6,1,3
0,39,36,6,6,1,2,6,9,6,6,8,6,8,8,9
0,20,29,6,1,0,7,4,7,2,6,2,1,3,5,2
0,27,37,1,5,0,3,1,3,2,7,6,2,6,1,2
0,43,35,3,1,0,1,3,3,5,8,6,4,3,1,1
0,37,41,6,1,0,1,2,2,4,1,3,3,3,1,1
1,19,27,1,1,1,2,4,6,6,7,3,1,3,1,5
0,36,38,2,5,0,6,6,5,3,5,6,4,6,6,3
0,37,30,4,6,0,9,2,7,7,6,5,7,7,2,3
1,27,41,5,2,0,2,5,7,7,9,2,1,3,5,5
1,29,36,6,3,0,4,2,6,1,4,2,6,5,3,1
1,36,38,2,4,0,7,4,2,2,10,4,4,4,2,1
1,38,37,6,5,0,4,6,5,7,4,1,6,6,4,3
1,34,30,5,4,0,4,6,7,9,5,9,5,6,8,7
1,25,30,4,2,0,10,6,7,8,4,7,8,6,9,7
1,42,25,2,2,1,5,6,5,4,3,6,5,5,5,4
0,21,32,3,1,0,4,4,5,1,9,7,1,3,5,2
1,38,19,4,4,1,2,6,5,3,2,1,6,5,1,3
0,25,24,6,6,1,6,1,4,1,9,1,4,1,5,2
0,35,28,2,4,0,1,4,1,1,4,5,5,2,3,1
0,38,39,5,6,0,6,5,9,9,10,7,8,8,9,6
1,38,38,2,3,0,1,2,7,9,5,9,6,8,9,7
1,25,41,2,6,0,2,2,9,5,5,8,8,8,8,8
0,19,29,2,5,0,1,4,9,9,8,9,7,8,8,6
1,31,24,1,1,1,3,6,7,1,5,4,2,7,2,2
1,19,39,6,2,0,10,2,2,2,7,6,7,1,5,4
0,35,35,1,2,0,5,5,4,5,7,1,4,1,4,5
0,28,40,4,6,0,10,4,2,1,6,1,3,4,5,2
0,41,21,3,3,1,5,2,3,1,6,2,1,1,3,4
0,36,32,3,6,0,1,3,5,1,5,4,5,3,2,1
0,36,27,3,6,0,4,3,5,3,1,7,7,3,2,5
0,39,34,6,2,0,4,6,1,5,6,3,1,7,5,5
1,38,26,3,4,0,2,2,3,1,7,7,2,1,6,3
1,30,20,5,5,1,6,6,7,5,2,1,1,2,2,4
0,27,24,2,1,0,1,5,1,4,1,1,5,3,5,4
0,26,43,2,6,0,7,2,4,3,3,2,5,7,6,3
1,35,27,2,2,1,9,1,1,1,3,7,2,7,5,1
0,38,26,4,5,0,1,1,9,6,9,9,8,7,8,7
1,24,33,1,2,0,7,6,7,7,2,5,5,5,6,3
0,43,32,6,5,0,6,4,5,4,5,7,6,1,2,1
0,43,31,4,1,0,2,6,1,2,8,5,7,1,2,4
0,36,43,5,2,0,8,4,5,5,4,6,7,3,1,4
0,38,23,5,1,0,1,4,2,4,5,7,4,4,1,4
1,19,20,4,1,0,1,6,4,2,6,4,2,5,1,5
0,19,36,4,3,0,8,6,3,1,8,5,7,7,3,1
1,43,39,4,5,0,4,1,6,3,4,2,4,6,2,3
0,43,29,5,5,1,2,5,3,5,4,1,5,2,4,2
0,19,21,5,6,0,1,6,6,3,6,4,2,2,5,1
1,26,41,1,2,0,10,3,2,3,8,5,3,3,5,1
1,33,37,2,1,0,4,6,7,2,10,3,2,1,6,5
1,41,24,1,5,0,3,6,1,1,6,6,2,6,6,3
0,28,34,3,4,0,4,4,2,4,1,2,7,1,3,5
1,37,31,4,4,1,8,2,6,4,6,7,1,2,3,2
0,41,33,3,4,0,3,6,6,5,10,6,2,5,3,1
0,19,36,4,5,0,1,3,3,1,4,1,2,1,5,3
0,31,41,3,2,0,1,1,2,3,5,5,2,6,6,5
1,35,40,2,6,0,2,4,5,1,5,7,4,5,4,4
0,21,29,6,3,0,8,5,1,6,1,4,4,7,2,3
1,29,26,6,5,0,6,4,6,5,5,6,7,4,5,5
0,43,32,5,2,0,2,5,1,2,2,1,5,4,3,2
1,26,19,6,2,0,3,1,3,6,10,3,1,1,3,2
1,21,27,6,4,0,1,2,5,1,7,6,4,7,4,2
1,41,34,1,3,0,9,4,2,2,8,4,6,7,1,4
1,40,39,4,1,0,10,3,2,3,1,1,3,1,5,4
0,30,25,3,4,0,6,6,7,5,6,7,1,5,3,1
0,41,22,2,5,0,7,3,4,1,1,5,5,3,6,4
0,19,28,5,1,0,7,1,3,7,4,2,7,3,3,3
0,41,30,4,2,0,9,4,7,7,7,6,5,1,6,3
0,22,43,6,6,1,5,2,4,5,1,7,1,2,3,5
1,27,43,6,1,0,9,3,2,1,9,6,7,5,1,5
0,32,32,2,3,0,4,6,1,6,7,5,4,2,3,2
0,43,43,6,3,0,2,5,5,1,2,6,7,4,2,3
1,32,34,1,4,0,6,3,7,1,10,3,4,2,3,5
0,20,20,6,2,0,6,1,6,1,3,6,5,6,5,5
0,19,19,5,1,0,6,5,9,6,7,9,7,7,9,7
0,41,27,4,5,0,6,3,4,6,9,7,3,3,3,1
1,40,25,5,1,0,1,2,3,2,1,7,5,4,4,4
1,28,32,1,3,0,4,4,7,6,7,3,2,4,2,3
0,38,24,6,1,0,10,4,8,9,4,7,4,5,9,6
1,25,30,3,3,1,7,1,5,2,1,3,2,3,3,3
0,23,25,4,3,0,7,2,1,4,4,5,6,5,4,5
1,22,42,2,2,1,10,6,4,5,10,3,7,5,5,2
0,23,37,3,4,0,9,6,6,5,3,4,6,4,3,4
0,19,41,6,5,0,6,4,5,4,1,7,2,5,4,2
1,33,42,6,4,0,2,2,3,3,9,5,3,4,3,3
0,42,43,1,5,0,1,1,8,5,9,9,8,7,9,8
1,26,40,2,2,1,7,5,2,5,4,7,6,3,3,3
0,25,40,6,1,0,4,6,3,5,7,3,5,1,4,5
1,32,35,2,3,0,10,5,8,7,4,7,6,6,9,8
0,32,22,3,5,0,9,1,3,4,10,6,1,6,1,3
1,27,37,5,3,0,1,5,5,3,1,7,4,4,1,3
0,42,20,5,6,0,3,6,6,6,6,2,4,1,1,2
0,32,29,5,4,0,6,2,3,1,5,2,5,3,3,1
1,26,41,2,3,0,3,2,4,5,1,1,4,6,4,3
1,24,43,4,4,1,10,6,3,2,1,6,5,3,1,5
1,30,43,5,5,1,4,4,8,9,7,8,8,7,8,8
0,29,41,5,5,1,10,3,3,5,9,6,1,6,1,5
0,28,19,4,4,1,4,2,5,2,2,5,1,5,3,5
1,38,36,3,5,0,7,6,2,1,9,3,5,1,4,2
1,34,41,2,5,0,9,3,1,4,3,5,6,1,6,2
1,27,21,5,4,0,3,6,9,8,7,8,5,8,8,8
0,27,41,3,1,0,10,5,7,9,4,7,7,7,8,9
1,23,19,4,4,1,2,5,3,3,10,5,6,6,3,4
0,30,37,5,5,1,4,5,5,6,9,5,3,6,5,1
1,30,20,2,6,0,4,3,6,1,2,2,1,7,3,5
1,25,41,5,2,0,2,6,2,5,5,5,2,2,4,3
1,31,22,5,3,0,9,2,6,4,7,7,5,4,2,1
1,40,28,2,1,0,8,4,9,7,4,9,7,8,8,7
0,32,37,2,3,0,4,6,6,5,6,9,4,6,9,6
1,37,25,1,6,0,5,2,6,7,1,6,6,5,4,2
0,23,35,1,4,0,4,1,2,7,9,3,1,4,3,4
0,21,30,1,4,0,2,5,8,7,4,8,8,5,8,9
1,29,39,1,6,0,8,1,4,1,10,6,5,7,3,4
0,23,43,3,6,0,4,1,6,3,10,2,7,6,2,1
1,43,21,3,5,0,9,3,8,9,9,8,6,8,9,9
0,31,30,5,2,0,2,2,7,7,9,1,3,3,4,4
1,26,35,5,6,0,8,5,3,4,1,5,6,3,1,1
1,24,35,6,6,1,4,2,2,1,6,5,7,4,6,2
0,36,19,5,5,1,9,3,9,6,4,7,8,7,9,8
1,21,19,4,4,1,3,4,6,9,8,8,7,7,9,9
0,43,28,3,1,0,5,5,5,4,6,7,6,6,3,3
1,26,38,6,6,1,7,5,4,2,7,7,6,5,2,3
0,40,43,3,2,0,8,6,7,7,7,3,3,5,6,2
1,27,42,5,1,0,1,2,1,7,2,7,7,1,3,2
1,21,37,5,5,1,6,4,1,7,6,2,1,2,6,3
0,24,23,2,5,0,5,1,9,5,8,7,6,8,9,9
1,28,19,6,4,0,1,5,9,9,7,9,8,8,9,9
1,27,43,5,3,0,3,2,7,4,7,4,4,5,2,2
1,34,24,4,1,0,5,2,5,1,8,4,2,3,1,2
1,37,25,5,6,0,10,1,5,6,5,1,5,3,1,4
0,27,43,5,2,0,7,6,6,2,4,2,2,5,2,5
0,43,22,5,1,0,8,3,6,5,10,1,2,4,6,1
0,30,38,5,3,0,5,2,4,6,4,6,1,5,3,5
0,25,32,4,1,0,10,5,3,4,7,7,3,5,6,4
1,39,29,5,1,0,9,4,5,5,4,7,3,3,1,3
1,28,40,3,1,0,7,5,6,1,6,4,6,6,6,5
0,35,43,2,5,0,10,1,7,4,7,5,5,7,1,1
1,36,40,6,1,0,4,4,5,4,7,3,7,4,1,4
1,35,34,2,6,0,6,2,7,9,5,9,5,8,7,9
1,39,35,1,3,0,1,6,7,5,2,5,2,5,2,5
1,31,29,6,2,0,4,3,4,1,8,7,7,5,2,5
1,22,35,6,5,0,1,2,7,4,6,7,3,4,3,5
0,33,23,2,2,1,9,2,3,4,2,6,5,3,3,3
1,42,26,2,3,0,7,1,4,7,7,5,4,6,2,3
1,19,21,3,4,0,9,2,3,7,6,1,2,4,6,5
0,31,43,6,5,0,3,5,3,7,1,3,2,1,6,5
0,33,26,2,6,0,9,5,7,4,8,7,2,1,2,4
0,33,19,3,3,1,7,6,2,6,2,4,5,5,3,1
1,39,32,6,3,0,6,6,6,2,7,3,2,4,3,1
1,34,40,5,5,1,7,5,3,7,4,3,6,1,2,4
1,42,29,2,2,1,5,1,1,6,2,7,3,3,5,5
1,43,25,5,3,0,10,5,5,7,6,5,1,1,3,1
0,30,42,3,4,0,7,1,6,6,9,9,5,5,9,7
1,43,20,5,1,0,1,3,5,5,4,2,5,6,4,5
0,30,27,1,5,0,5,6,7,5,8,4,5,2,2,3
0,27,26,5,2,0,8,2,6,5,7,2,1,5,5,3
0,32,43,3,3,1,2,4,6,7,7,8,6,8,9,9
0,19,33,6,2,0,4,2,6,3,1,5,4,7,4,2
1,38,33,1,6,0,10,3,2,2,10,7,4,3,1,3
1,39,38,4,6,0,6,6,7,7,9,5,5,7,4,1
1,19,40,1,6,0,6,2,1,2,7,3,2,6,2,1
1,19,29,5,6,0,6,1,7,5,6,9,4,6,9,9
1,37,35,3,2,0,9,5,6,5,4,6,4,6,4,3
1,31,38,6,4,0,2,5,9,7,7,7,6,6,8,6
0,40,40,5,1,0,7,4,6,7,4,4,3,2,2,2
0,41,19,4,1,0,6,4,2,5,6,6,6,7,2,1
1,24,34,4,1,0,5,4,1,3,4,7,4,6,5,3
0,43,27,4,1,0,5,2,9,9,10,9,6,8,8,8
1,32,39,2,6,0,8,4,1,1,5,4,1,4,1,1
1,24,42,2,2,1,3,5,5,4,8,4,2,5,3,2
1,36,24,1,6,0,3,1,5,3,8,1,2,1,2,3
0,33,20,1,1,1,2,6,1,1,10,4,1,7,5,2
0,19,19,3,3,1,10,1,5,3,4,6,1,5,5,5
0,23,30,4,3,0,8,3,6,6,8,1,1,5,2,4
0,35,38,6,4,0,1,1,7,7,5,3,1,4,3,4
1,36,20,1,3,0,6,3,2,2,2,1,6,2,2,4
1,21,33,3,1,0,3,2,3,5,1,1,7,1,6,4
1,22,41,3,6,0,5,6,1,1,6,2,1,6,3,2
0,23,42,6,5,0,7,2,6,6,1,4,3,3,4,4
1,40,20,3,2,0,6,5,5,5,10,7,6,3,5,5
1,43,27,6,6,1,2,1,6,3,5,5,4,4,1,1
0,19,31,2,2,1,8,1,4,2,2,6,3,6,2,4
1,34,29,1,1,1,7,3,6,6,4,7,4,8,9,9
1,42,29,2,6,0,7,3,6,7,4,4,3,5,4,1
0,26,27,6,1,0,7,1,2,7,10,6,3,1,1,2
1,28,37,5,4,0,2,2,4,2,10,6,6,3,6,5
1,30,39,4,5,0,9,1,5,4,3,1,6,7,5,2
1,43,38,4,2,0,2,4,8,9,5,9,7,8,7,8
1,20,21,3,6,0,9,5,7,6,8,7,7,5,2,3
0,43,32,4,2,0,10,6,1,4,9,2,3,1,3,2
0,38,27,2,5,0,8,2,6,4,8,6,7,3,2,2
0,32,21,5,3,0,2,3,9,8,4,8,7,6,9,9
1,40,20,4,6,0,2,2,4,6,7,3,7,4,3,5
1,33,31,4,3,0,7,2,7,6,4,3,1,1,6,2
1,30,41,2,1,0,5,1,6,1,6,1,5,5,1,2
0,25,36,3,1,0,5,1,3,3,1,3,1,4,4,3
0,25,38,6,3,0,6,3,4,2,9,6,4,2,3,2
0,34,40,5,6,0,6,3,7,7,4,9,8,7,9,9
1,21,30,2,5,0,9,3,4,3,6,3,6,5,1,5
1,24,32,4,3,0,4,6,4,1,2,7,6,4,2,3
0,43,22,2,2,1,5,4,7,7,6,1,7,1,4,5
1,33,32,6,2,0,10,1,2,5,6,7,6,3,2,5
1,27,32,4,6,0,9,2,2,5,3,4,4,5,4,4
1,32,43,5,5,1,9,3,3,7,5,3,6,5,2,4
1,39,43,1,1,1,5,4,1,1,9,3,7,5,6,3
0,22,24,5,3,0,6,6,1,6,7,4,3,7,2,4
0,19,43,4,5,0,6,4,9,5,5,9,8,8,8,8
0,36,32,4,2,0,2,2,6,1,8,5,3,5,2,1
1,43,35,6,4,0,10,3,3,4,8,3,6,3,5,5
1,20,22,1,4,0,10,5,6,7,7,7,5,6,7,7
1,36,19,6,4,0,2,1,7,6,10,1,4,3,3,5
1,25,27,3,2,0,3,3,3,6,10,5,3,5,1,5
1,43,25,5,2,0,8,5,1,6,4,5,2,3,2,2
0,34,26,3,5,0,2,1,5,4,3,7,3,3,1,5
1,43,32,1,4,0,10,6,1,3,8,1,3,1,4,5
1,43,19,3,1,0,4,2,3,7,3,2,2,6,5,5
0,26,19,3,5,0,8,5,4,5,3,1,2,3,2,1
0,34,31,4,5,0,8,1,9,6,7,7,4,8,9,8
0,32,40,2,6,0,7,6,7,7,7,2,4,3,2,5
1,24,19,1,2,0,10,3,3,4,7,3,6,3,4,1
0,40,38,2,6,0,3,4,2,2,8,5,1,5,6,5
0,31,39,1,5,0,1,2,7,4,6,4,2,2,5,4
0,32,40,6,1,0,1,2,7,7,4,7,8,8,9,6
1,23,29,2,3,0,6,4,9,9,10,8,7,8,9,8
1,25,34,3,3,1,8,3,4,6,2,7,3,4,1,2
0,33,34,4,3,0,3,3,4,2,9,7,7,3,2,5
1,31,28,4,2,0,3,1,4,4,5,7,7,7,4,4
0,41,24,3,1,0,3,3,4,3,5,5,6,3,1,2
1,21,35,3,6,0,2,2,6,1,9,2,1,5,6,3
1,36,41,5,3,0,9,6,8,8,9,7,8,8,9,8
1,19,34,3,6,0,6,6,1,3,9,5,3,7,5,3
0,34,19,3,6,0,4,5,6,9,5,8,8,7,8,9
0,19,30,5,2,0,3,1,2,5,8,7,7,1,3,2
1,38,27,4,3,0,5,2,7,6,4,8,4,5,8,6
0,36,33,3,4,0,7,6,3,6,8,4,6,3,2,4
1,34,25,2,2,1,7,4,2,4,5,4,1,5,3,2
1,30,43,5,2,0,4,6,5,1,10,4,5,2,6,3
0,41,32,3,3,1,9,6,7,7,10,4,3,5,1,5
1,38,31,4,2,0,3,6,1,7,1,2,7,4,1,3
1,33,43,6,6,1,2,3,1,6,1,6,1,3,5,5
1,23,19,2,6,0,5,1,4,3,6,5,4,6,3,5
1,19,24,2,5,0,10,1,3,6,10,3,3,3,2,4
1,20,42,2,4,0,8,2,9,9,6,8,4,5,7,9
1,31,40,3,2,0,6,4,2,2,9,1,1,3,3,5
0,19,20,3,1,0,8,2,7,2,7,2,7,6,3,3
1,39,24,5,3,0,2,2,9,7,7,8,4,6,9,9
1,38,34,5,1,0,6,2,5,3,4,2,1,2,2,3
1,23,19,5,4,0,3,5,3,1,6,1,2,4,6,1
0,23,23,2,6,0,4,5,2,4,10,4,7,6,3,5
1,33,36,6,5,0,10,3,4,1,5,7,4,1,6,2
0,24,28,5,3,0,10,3,2,5,7,3,5,6,1,4
1,24,43,5,4,0,4,1,7,2,1,1,6,5,6,2
1,34,20,6,3,0,10,5,5,2,9,4,5,6,6,1
0,43,23,4,2,0,2,1,5,3,4,6,7,5,6,4
1,38,21,6,3,0,7,4,1,1,3,4,6,1,3,2
1,21,43,3,5,0,1,3,6,8,10,8,8,8,7,6
1,38,25,5,2,0,6,2,9,6,5,8,8,5,8,6
1,43,25,2,1,0,10,6,9,5,10,9,6,5,9,7
1,34,43,5,1,0,10,2,6,2,9,7,4,5,3,5
1,24,25,5,4,0,9,4,4,7,6,1,4,7,2,2
1,39,38,6,1,0,3,1,3,2,4,3,5,2,1,4
0,24,39,4,3,0,8,5,6,3,6,5,7,4,6,1
0,23,20,1,4,0,2,2,1,5,10,5,4,6,5,1
0,19,43,2,5,0,7,4,4,7,3,7,6,6,2,1
0,19,34,6,6,1,7,5,3,2,10,1,4,7,2,2
0,19,24,3,3,1,8,6,6,8,7,8,7,8,9,9
1,34,20,2,3,0,4,5,4,2,3,1,3,1,2,1
1,39,33,2,3,0,6,3,5,1,3,3,1,6,4,3
0,19,32,4,4,1,2,5,7,5,5,9,4,8,8,9
0,27,39,2,1,0,1,1,4,5,4,7,4,3,1,3
1,19,21,3,4,0,1,4,7,7,8,7,1,2,2,3
0,35,37,3,3,1,2,6,3,6,4,5,2,6,4,5
0,31,32,1,3,0,5,2,8,9,8,9,7,5,9,9
1,19,43,2,4,0,7,3,4,4,1,6,4,2,5,5
0,43,39,4,6,0,7,1,6,1,4,6,3,7,3,5
1,26,25,3,6,0,7,1,7,4,9,3,3,4,1,4
1,43,33,1,1,1,6,2,1,5,1,7,4,6,3,4
1,42,32,1,6,0,3,5,6,1,3,6,1,2,3,4
0,36,42,5,1,0,8,1,3,2,8,2,7,7,5,2
1,40,22,4,3,0,10,5,2,1,10,2,2,4,2,4
1,43,19,1,2,0,6,4,5,2,4,3,5,6,3,5
1,29,27,2,6,0,5,2,2,7,4,4,7,6,2,2
0,36,39,4,4,1,4,4,9,7,6,9,5,6,8,6
1,28,36,3,1,0,4,4,1,2,7,7,3,4,6,1
0,39,41,4,5,0,9,5,9,7,5,9,5,5,7,9
1,33,38,4,2,0,10,4,9,7,5,9,5,8,8,6
1,37,28,6,2,0,10,3,7,5,4,4,6,1,2,5
0,38,30,5,5,1,9,3,7,9,5,9,6,8,7,7
0,27,21,1,6,0,3,4,7,6,2,1,3,4,2,2
1,22,21,4,3,0,4,1,7,4,3,3,6,3,1,3
1,40,37,2,6,0,10,2,6,5,9,6,2,2,1,4
1,41,43,5,6,0,6,6,7,6,8,7,1,5,6,3
1,21,22,2,2,1,3,3,4,4,5,7,1,5,1,3
0,26,36,4,5,0,4,5,7,7,10,3,2,5,2,3
1,36,30,2,6,0,3,1,1,7,2,3,7,3,4,4
1,25,23,2,5,0,8,4,1,2,1,2,3,7,2,2
1,36,43,4,2,0,3,1,8,8,6,9,7,8,7,9
1,31,24,6,5,0,2,4,1,4,6,7,7,3,6,5
0,38,26,4,2,0,4,1,4,4,2,6,7,5,2,5
0,27,41,2,5,0,9,1,3,5,3,7,2,6,5,2
1,29,36,4,4,1,6,4,4,7,10,6,5,6,2,1
1,26,42,2,4,0,9,2,2,1,2,2,1,7,5,2
1,26,43,4,5,0,8,6,7,2,4,2,7,5,4,4
1,20,23,6,4,0,6,1,2,1,3,7,5,7,1,3
1,40,37,6,2,0,10,1,7,7,3,6,4,1,4,2
0,36,22,3,2,0,2,5,1,4,9,6,5,4,2,5
1,38,37,2,3,0,5,4,5,5,6,7,4,3,1,5
0,35,28,6,3,0,9,2,4,4,1,5,4,1,1,2
0,22,27,4,6,0,2,4,2,6,8,5,1,6,6,3
1,24,19,6,4,0,3,5,9,7,9,9,8,8,7,6
1,32,32,2,3,0,2,4,7,1,1,5,5,6,2,3
0,26,37,4,6,0,1,6,3,7,6,3,6,4,3,1
0,24,23,3,4,0,7,2,3,6,10,1,2,4,1,3
1,33,23,3,3,1,1,1,1,4,1,5,4,3,5,3
0,37,38,3,6,0,4,1,3,2,2,2,1,5,1,3
1,36,35,6,5,0,2,6,6,6,9,6,1,7,1,4
1,37,35,2,5,0,7,2,9,9,10,7,8,7,8,6
0,30,32,4,6,0,3,2,7,4,1,1,7,7,4,2
0,31,22,6,5,0,3,6,1,3,7,5,5,3,6,2
1,38,33,5,2,0,5,6,5,2,8,3,3,1,4,1
0,36,30,6,6,1,4,4,2,5,3,7,6,1,6,1
0,30,20,4,2,0,1,6,5,5,5,2,3,7,5,5
0,36,29,4,2,0,7,4,7,1,9,4,4,3,4,5
1,37,40,2,3,0,2,1,6,9,5,8,5,8,8,8
1,43,35,4,6,0,4,5,5,4,10,4,4,5,1,5
1,39,28,5,4,0,7,6,9,5,7,8,4,8,9,9
0,19,37,5,2,0,4,1,2,7,10,2,5,5,6,4
0,32,23,5,6,0,3,2,2,1,9,6,6,2,2,1
0,41,20,1,3,0,3,1,4,4,1,2,2,3,6,4
1,28,34,2,4,0,10,1,4,2,10,7,5,4,4,3
0,34,32,2,1,0,7,5,4,5,8,3,3,2,3,3
0,43,41,6,2,0,6,5,6,2,5,4,1,1,1,5
1,41,28,6,4,0,7,2,1,1,5,2,1,6,5,4
1,36,35,4,6,0,5,3,4,6,1,5,1,1,2,2
1,20,41,2,6,0,1,2,1,4,4,7,6,6,4,1
0,27,42,2,3,0,5,4,7,7,3,4,6,3,2,4
0,23,39,1,6,0,10,1,5,1,5,1,4,5,3,3
0,43,27,2,1,0,4,4,6,7,4,6,2,1,2,5
1,29,39,4,1,0,10,5,2,3,1,5,3,3,5,1
0,32,19,1,1,1,3,6,7,5,9,9,8,8,9,7
1,36,32,6,4,0,10,6,5,6,8,6,5,5,4,4
1,26,34,6,2,0,7,6,7,7,2,2,7,3,5,1
1,41,40,5,1,0,6,3,5,3,6,2,6,1,6,1
1,27,22,3,2,0,8,6,9,7,8,8,8,6,7,8
1,24,28,6,6,1,8,2,2,2,4,1,1,3,3,1
0,40,37,5,1,0,6,5,2,7,5,6,5,2,5,4
1,22,19,1,6,0,9,4,5,2,7,2,1,4,5,2
1,20,29,6,6,1,6,3,7,6,3,7,3,3,6,2
0,38,28,2,6,0,8,1,6,3,7,2,4,5,6,5
0,35,37,4,2,0,4,4,9,8,6,9,6,6,7,7
1,28,27,2,6,0,6,4,2,6,3,6,1,3,1,4
0,40,21,3,6,0,5,3,6,4,1,7,4,2,6,1
0,32,22,5,1,0,9,5,7,3,7,3,7,5,3,1
1,29,37,3,4,0,7,2,6,4,7,3,4,4,2,2
1,32,29,5,4,0,2,3,7,2,5,7,3,3,6,5
0,30,36,2,3,0,5,3,2,6,10,5,5,3,5,5
1,34,26,3,5,0,1,5,6,1,2,6,4,6,3,5
0,22,39,3,5,0,2,5,2,1,5,6,7,1,2,5
0,43,28,6,4,0,7,3,8,9,4,9,8,7,9,9
1,23,43,1,6,0,5,3,1,1,5,3,4,3,5,2
1,43,19,4,2,0,6,6,7,2,4,3,7,4,4,1
1,40,23,5,4,0,6,4,1,2,7,2,3,2,6,3
0,25,24,1,5,0,8,4,1,6,3,7,1,6,4,2
0,40,19,3,4,0,6,3,1,3,9,6,1,4,6,5
0,43,42,4,1,0,1,4,5,7,10,4,3,4,4,1
0,43,39,5,1,0,8,1,4,4,1,2,1,3,4,4
1,43,19,2,2,1,2,2,2,7,9,1,4,2,4,1
0,20,22,6,1,0,3,1,9,5,8,9,6,8,9,9
1,37,33,1,3,0,9,4,7,3,2,2,7,4,2,2
0,38,25,1,2,0,2,1,8,5,8,7,6,8,8,9
1,30,27,2,2,1,2,4,9,9,7,7,5,8,9,9
1,43,38,1,4,0,7,1,3,2,6,6,4,6,5,2
1,29,20,3,6,0,10,2,6,7,10,7,6,6,7,9
1,33,21,6,2,0,5,3,3,6,2,4,7,5,4,4
1,30,19,3,4,0,3,4,1,5,7,6,6,6,2,4
1,22,42,3,2,0,4,5,9,7,9,8,4,8,9,9
1,19,41,3,4,0,2,2,6,6,2,1,5,5,2,5
1,34,42,2,6,0,8,6,3,5,7,7,3,5,5,2
0,22,31,1,1,1,2,3,4,7,7,4,3,5,2,4
1,34,29,4,6,0,10,3,2,7,10,6,3,4,1,4
0,21,28,1,4,0,8,3,6,5,1,3,5,4,1,4
1,43,34,4,4,1,6,4,1,5,5,4,6,6,5,5
1,42,26,4,2,0,3,4,5,5,7,5,6,2,3,5
1,31,27,2,1,0,9,6,1,3,1,4,4,1,3,2
1,41,27,2,3,0,1,2,7,6,7,4,3,4,5,4
1,23,26,4,5,0,1,1,5,5,10,1,4,4,3,1
0,21,19,6,5,0,7,5,4,6,10,1,3,1,3,5
0,27,19,1,2,0,10,4,5,4,3,3,5,5,2,2
1,25,35,5,4,0,10,2,5,3,3,3,4,4,1,5
0,25,40,5,6,0,7,4,9,6,9,8,4,5,9,9
1,26,19,2,1,0,9,4,4,4,5,6,6,6,3,2
1,39,21,1,4,0,6,3,3,4,5,3,3,7,5,3
0,23,31,5,1,0,5,6,3,6,1,5,4,5,5,5
0,39,38,4,1,0,10,2,6,5,9,6,2,1,6,5
1,19,43,6,4,0,1,4,7,2,3,3,7,2,1,4
0,40,20,3,3,1,4,1,3,3,1,6,6,4,3,3
0,23,28,5,4,0,1,2,9,9,6,8,8,8,8,6
0,41,39,1,5,0,10,6,3,6,4,7,7,6,3,1
1,41,31,3,4,0,8,5,1,6,4,3,7,6,1,1
1,36,31,5,3,0,1,5,1,5,10,5,6,3,2,5
1,42,30,3,6,0,5,6,4,3,4,1,7,1,3,1
0,23,43,1,3,0,3,2,6,1,4,1,2,4,5,5
1,31,41,1,2,0,10,2,6,3,3,2,3,2,5,5
0,35,28,3,4,0,9,5,9,6,5,9,4,8,7,9
1,29,24,3,6,0,4,3,7,6,7,3,7,3,2,1
1,39,24,1,2,0,5,4,7,6,4,9,8,8,9,9
0,20,29,2,1,0,8,6,4,7,3,6,6,6,1,1
0,41,22,6,6,1,2,5,7,3,7,7,6,7,5,3
0,31,43,2,6,0,2,3,1,4,2,1,7,3,3,4
1,38,40,5,2,0,1,4,1,3,9,5,5,3,1,3
1,32,42,4,3,0,5,3,1,6,1,7,1,2,1,4
0,19,30,6,3,0,3,3,6,7,1,2,6,6,6,5
1,35,28,3,6,0,1,6,2,5,9,4,4,3,3,2
1,23,39,1,2,0,5,5,3,7,9,6,4,1,2,4
0,27,19,4,5,0,3,1,4,4,5,2,3,4,2,3
1,31,37,4,1,0,7,1,7,3,7,6,1,1,6,5
0,24,29,6,3,0,6,1,1,7,5,3,5,5,5,5
1,41,24,4,5,0,6,6,2,4,10,4,4,5,1,1
1,41,19,2,4,0,3,5,4,7,9,6,7,3,5,3
0,23,30,2,6,0,6,5,1,1,10,1,7,5,1,2
1,29,20,5,1,0,7,1,3,7,10,6,3,4,4,3
1,38,34,2,2,1,3,3,2,6,10,5,2,4,4,4
0,19,24,6,2,0,1,3,4,4,3,5,6,5,4,5
1,24,19,5,1,0,8,5,7,5,9,8,5,8,9,9
1,28,24,5,6,0,4,3,3,1,7,5,7,6,4,2
0,35,24,3,3,1,7,3,1,3,3,3,1,3,1,4
0,39,31,3,3,1,10,3,6,5,8,2,6,7,2,1
1,23,26,4,5,0,9,1,3,4,3,1,5,1,2,5
1,30,36,2,1,0,6,5,6,3,7,3,3,5,5,4
1,21,43,1,5,0,5,1,4,7,6,7,4,3,3,4
1,25,26,2,4,0,9,5,7,9,8,9,8,8,8,9
0,35,21,5,6,0,10,6,6,5,5,4,7,1,6,2
0,26,37,6,2,0,5,6,2,6,2,5,7,6,6,4
1,19,19,3,3,1,4,4,4,1,2,1,5,4,2,2
0,36,31,4,2,0,6,4,6,5,2,6,6,7,4,3
1,42,19,1,1,1,6,3,1,4,5,2,1,1,3,5
0,31,35,1,6,0,8,3,9,6,6,9,4,8,9,7
1,21,41,4,4,1,8,4,6,2,3,1,4,6,2,1
0,26,41,1,3,0,2,6,6,7,9,7,2,6,3,5
1,35,40,3,5,0,10,1,1,2,1,5,2,7,1,3
1,32,22,3,3,1,7,5,7,8,8,7,6,8,8,8
1,32,23,4,3,0,2,6,5,1,3,6,6,2,5,5
0,19,19,5,3,0,8,4,2,3,3,5,6,6,5,2
1,30,30,1,3,0,1,2,3,5,3,5,3,7,2,1
0,19,27,2,1,0,3,3,2,4,3,2,6,3,1,5
0,25,27,2,6,0,5,6,2,2,10,5,4,2,1,3
0,39,20,5,2,0,3,2,1,7,9,1,6,1,3,1
1,37,42,5,6,0,3,4,9,9,10,7,7,8,8,8
0,35,20,4,2,0,2,6,7,7,6,5,1,5,3,3
1,19,24,3,1,0,4,3,7,4,10,7,4,4,6,4
1,22,36,6,6,1,5,5,4,7,1,1,3,7,4,5
0,30,29,5,4,0,5,4,8,6,5,9,6,6,7,6
1,20,30,3,6,0,7,3,1,1,8,4,1,7,1,2
1,27,25,4,5,0,9,2,3,3,6,7,2,2,3,2
1,27,36,4,2,0,7,1,3,1,4,5,3,5,2,2
0,37,29,3,1,0,2,3,5,7,2,5,6,6,2,3
1,32,20,4,4,1,9,5,6,7,10,1,4,2,6,4
0,43,30,1,3,0,1,6,1,2,2,4,3,1,2,3
0,42,21,6,5,0,3,1,6,9,7,9,8,8,9,9
1,43,25,5,6,0,2,4,4,5,8,3,1,6,5,5
0,31,33,6,6,1,5,5,6,5,5,8,8,6,7,7
0,36,25,1,5,0,6,1,1,1,9,7,3,7,1,5
0,21,23,4,3,0,8,1,1,5,5,4,6,7,2,1
1,31,21,4,1,0,1,6,3,1,4,3,3,4,6,5
0,40,32,4,1,0,3,2,9,5,7,9,5,6,7,6
0,37,41,2,2,1,6,1,8,8,9,9,6,8,9,6
0,23,31,3,5,0,10,6,9,9,8,9,8,7,9,9
0,28,29,4,1,0,5,1,3,1,10,7,5,7,2,3
0,28,20,1,6,0,4,4,6,2,6,6,1,3,1,2
0,26,39,4,4,1,7,5,7,6,1,7,4,1,5,5
1,21,19,6,5,0,5,5,6,6,5,5,3,6,1,2
0,19,37,1,2,0,7,3,3,2,3,1,1,3,5,5
0,24,23,5,2,0,9,2,2,2,1,3,3,2,5,5
0,21,21,3,6,0,2,3,3,4,1,4,2,3,4,5
1,39,43,5,1,0,2,1,1,5,4,7,7,2,3,2
0,30,33,5,5,1,8,6,7,5,3,3,1,3,5,2
0,29,33,1,4,0,2,3,6,5,5,6,5,6,3,5
0,19,40,1,2,0,8,5,2,1,1,5,5,6,6,3
1,19,22,4,4,1,2,4,7,5,3,7,3,3,5,2
0,39,21,2,3,0,4,3,4,4,10,4,1,3,3,3
1,43,34,6,5,0,6,1,1,6,3,1,7,1,1,4
0,24,37,5,2,0,4,4,6,6,4,5,6,4,4,3
0,37,33,1,6,0,2,1,5,3,2,3,7,6,2,2
0,25,28,6,2,0,10,6,2,2,4,7,5,5,2,5
1,36,34,1,6,0,8,2,7,7,8,5,6,6,6,1
0,42,43,3,5,0,3,5,1,4,4,1,2,1,5,3
0,29,42,1,1,1,9,1,2,1,4,5,1,4,6,4
1,28,32,1,2,0,10,4,7,7,2,6,7,1,5,1
0,40,28,4,3,0,2,3,6,6,6,3,2,4,3,2
1,43,39,3,4,0,10,1,6,6,7,8,8,8,8,7
0,28,24,1,3,0,8,1,1,7,6,5,2,5,1,4
1,29,35,5,2,0,6,2,7,5,7,1,3,1,6,1
1,31,30,1,5,0,1,1,4,5,7,1,6,2,3,5
0,39,38,1,3,0,5,6,6,3,10,7,1,3,4,4
1,35,43,6,3,0,10,2,6,1,4,2,1,7,2,3
1,32,43,3,6,0,7,5,6,7,3,5,4,5,1,2
0,30,43,5,1,0,9,6,3,5,8,7,6,6,1,1
0,33,35,2,2,1,3,3,7,3,5,5,1,7,2,3
1,41,40,2,3,0,3,3,4,5,9,3,3,6,1,4
1,43,28,4,3,0,7,4,4,6,5,3,1,6,3,3
1,29,35,5,6,0,1,3,1,5,3,3,6,4,1,1
1,42,20,6,1,0,4,1,3,7,1,3,6,4,1,3
1,19,37,6,4,0,10,6,6,2,1,1,3,5,2,3
0,39,43,5,6,0,7,1,5,2,10,7,6,4,3,5
1,37,26,1,5,0,3,1,5,6,6,4,1,5,2,1
1,34,35,2,3,0,6,1,5,7,5,5,2,3,1,4
0,40,27,6,4,0,6,5,1,7,3,4,2,3,6,2
0,32,22,5,2,0,6,1,3,1,4,6,1,2,5,3
1,38,23,4,3,0,10,5,6,7,2,3,2,2,1,4
1,39,40,4,3,0,10,6,9,9,8,8,8,8,8,8
0,39,20,1,3,0,5,5,1,2,3,1,5,1,6,2
0,21,36,5,6,0,6,6,3,1,1,6,7,5,1,2
0,28,26,1,6,0,5,3,7,5,5,2,1,5,1,4
1,34,38,2,1,0,2,3,3,7,7,1,4,6,5,1
1,36,25,3,1,0,3,2,4,1,2,5,5,5,4,4
0,20,32,3,6,0,5,3,2,7,6,5,3,3,3,4
0,27,32,1,5,0,9,5,9,9,6,8,8,7,9,8
0,30,35,6,4,0,6,5,3,7,6,5,1,5,5,5
0,19,36,1,6,0,7,3,4,3,8,5,1,6,1,1
1,42,43,6,3,0,2,2,7,1,3,6,6,5,1,1
0,35,43,4,5,0,2,6,5,2,6,5,5,7,6,1
1,35,43,1,4,0,2,5,7,7,4,2,2,3,1,3
0,40,41,4,6,0,3,1,8,6,10,7,6,8,9,9
0,29,26,4,4,1,7,3,5,6,4,1,7,1,3,3
0,28,43,1,4,0,5,3,4,2,6,7,3,7,4,1
1,28,41,4,3,0,7,1,4,2,8,3,4,3,5,2
0,28,31,2,5,0,3,5,1,2,1,6,6,5,5,1
1,33,25,2,5,0,4,4,7,2,2,5,3,1,3,3
0,29,38,6,6,1,10,4,3,3,3,1,4,6,6,1
0,32,23,3,4,0,2,4,6,1,9,1,6,4,1,3
0,19,38,5,6,0,8,4,3,4,8,2,4,7,5,4
1,26,26,6,6,1,6,4,7,2,8,4,3,7,5,5
1,42,32,2,4,0,5,3,1,5,4,4,5,5,6,4
1,23,41,5,3,0,3,1,4,4,8,4,4,2,6,5
1,29,20,1,1,1,9,2,9,9,7,8,7,7,9,8
0,31,43,3,1,0,5,2,1,3,3,1,1,6,5,2
0,21,35,1,2,0,1,2,3,2,5,3,2,7,4,2
1,37,30,2,6,0,7,3,2,1,5,1,6,7,6,4
0,29,26,2,4,0,3,3,8,9,8,7,8,8,9,6
1,43,43,2,3,0,9,3,6,4,9,7,3,6,6,5
1,29,29,2,1,0,4,2,6,1,8,3,7,2,3,5
0,42,24,4,3,0,4,3,4,3,9,5,7,2,5,2
1,34,31,5,6,0,5,4,8,8,5,9,7,7,8,9
0,42,32,4,3,0,2,6,9,8,5,9,8,6,7,8
1,43,41,6,3,0,8,2,3,4,9,3,3,1,5,4
0,40,24,6,4,0,10,2,1,5,8,5,4,7,2,1
1,40,37,4,3,0,8,3,7,7,10,4,5,2,2,2
0,33,24,4,6,0,1,2,9,6,10,9,7,8,7,7
1,26,33,6,1,0,2,6,7,5,10,6,6,6,5,2
1,26,38,5,3,0,10,5,3,2,6,7,7,6,3,4
0,37,20,6,4,0,7,4,4,1,7,7,4,7,6,4
0,23,25,2,5,0,2,1,2,4,1,7,1,6,5,1
0,23,39,3,1,0,2,2,7,7,4,3,1,1,3,2
1,36,19,2,6,0,3,1,6,5,2,3,2,6,5,4
0,37,27,2,3,0,4,4,1,5,6,2,7,2,4,2
1,27,42,4,4,1,3,3,3,5,7,3,7,4,1,4
0,24,27,6,4,0,2,4,6,2,4,1,3,7,4,5
1,40,36,4,1,0,3,5,3,5,10,2,7,3,6,2
0,19,43,6,6,1,1,3,9,9,10,8,5,8,7,9
0,23,24,5,1,0,8,1,5,3,8,5,5,4,1,2
0,19,28,3,3,1,6,3,5,5,7,1,7,4,6,3
0,22,23,1,3,0,4,1,5,7,4,2,3,3,6,2
0,25,25,4,5,0,4,4,5,7,6,1,5,2,3,1
0,19,20,3,4,0,10,5,4,6,1,5,7,3,1,1
0,39,38,1,5,0,8,3,4,5,8,6,5,5,5,3
0,24,39,6,4,0,7,1,4,4,9,2,3,1,3,5
0,19,42,4,2,0,4,1,4,2,5,3,1,6,1,5
0,19,41,5,1,0,3,2,3,1,7,2,3,7,4,2
0,43,40,2,2,1,3,6,5,3,9,7,4,6,3,1
1,30,21,4,1,0,5,1,8,7,10,9,7,6,8,7
0,32,34,6,3,0,7,3,4,1,2,6,2,4,4,3
1,27,19,1,4,0,7,6,3,3,8,3,3,2,4,3
0,43,32,3,5,0,3,6,1,3,3,7,3,2,1,2
1,36,19,5,1,0,8,1,4,7,3,4,6,1,4,2
1,35,24,1,2,0,10,6,3,7,2,2,4,2,4,2
1,35,19,5,5,1,1,3,4,2,8,3,5,3,1,5
0,23,26,4,2,0,3,3,5,4,5,2,3,2,3,4
0,30,23,5,5,1,5,6,3,1,10,5,3,6,5,4
0,39,25,5,2,0,4,6,5,7,6,6,4,1,4,2
1,37,39,6,1,0,5,4,5,2,3,5,3,3,6,4
0,43,37,4,5,0,8,5,1,2,5,1,7,4,6,1
1,29,35,3,3,1,9,3,4,3,10,2,7,3,4,1
0,33,24,2,5,0,4,4,8,5,4,8,8,8,9,6
0,37,30,1,6,0,4,2,1,1,1,1,5,3,3,1
0,26,35,6,6,1,10,6,7,5,6,5,4,7,3,3
0,30,35,4,5,0,3,2,3,5,9,6,5,4,5,1
0,24,29,4,4,1,3,5,4,1,1,5,2,7,3,5
1,20,39,3,1,0,5,4,9,7,4,9,8,5,7,8
0,29,27,5,4,0,3,4,1,2,10,6,6,6,5,3
0,19,38,4,5,0,3,4,7,4,10,5,1,7,2,2
0,21,29,6,1,0,10,6,5,5,9,3,6,3,6,4
1,43,35,2,6,0,3,6,9,8,8,7,4,6,8,7
1,38,30,4,4,1,2,2,7,7,7,8,8,8,8,9
1,40,33,6,1,0,2,4,9,9,6,8,5,8,7,9
0,21,27,6,1,0,3,3,6,2,1,1,5,7,5,5
1,38,32,6,4,0,2,2,5,5,4,7,5,3,1,2
0,19,43,3,3,1,3,4,7,5,8,1,6,3,2,3
0,43,30,5,2,0,5,4,9,9,8,8,8,5,8,9
0,31,20,5,2,0,4,2,2,5,4,7,3,6,4,1
0,43,24,1,3,0,1,1,1,4,6,5,1,5,3,4
0,19,39,1,1,1,6,2,3,4,1,2,5,6,5,3
1,30,21,5,2,0,3,6,7,7,8,3,4,5,1,1
0,21,24,5,2,0,5,3,1,5,10,3,1,6,5,2
1,19,43,2,2,1,8,4,2,2,7,6,2,7,2,4
0,35,21,6,1,0,5,1,2,2,4,5,1,5,4,5
1,26,43,4,2,0,1,1,1,3,5,6,3,2,6,3
0,37,27,5,5,1,7,2,1,2,6,7,1,1,5,1
1,31,30,1,6,0,8,6,7,2,5,5,2,1,1,1
1,40,32,6,2,0,6,6,9,9,5,9,8,8,9,6
0,42,43,2,5,0,9,2,6,4,4,7,1,6,1,3
1,25,22,6,1,0,6,2,2,3,8,3,7,1,5,3
0,39,26,6,4,0,9,5,2,3,7,6,3,4,5,3
0,34,26,3,2,0,7,3,7,2,10,2,4,3,3,1
0,34,19,6,6,1,9,5,6,2,2,4,2,6,5,2
1,20,25,4,6,0,6,2,5,2,7,5,3,4,2,2
1,29,31,6,5,0,8,2,7,5,4,3,4,6,6,2
0,26,29,1,4,0,4,5,7,2,7,5,1,5,5,5
1,31,23,6,6,1,4,6,5,7,7,7,7,2,5,2
0,35,34,6,4,0,8,5,9,9,8,9,4,6,7,9
0,19,33,6,3,0,2,6,3,2,6,1,6,3,1,4
0,27,41,6,5,0,9,3,6,5,8,9,8,8,7,6
0,20,37,3,3,1,6,5,5,2,5,4,1,5,6,2
0,29,38,1,6,0,6,2,1,4,1,2,4,7,3,4
0,33,40,5,6,0,8,2,4,3,1,6,4,1,5,4
0,19,25,6,6,1,1,3,2,3,7,7,3,5,1,1
0,34,31,6,2,0,1,1,4,2,6,1,1,3,5,1
0,39,22,2,4,0,6,4,2,2,7,5,7,3,1,1
0,20,39,1,6,0,1,6,7,7,7,4,2,2,6,5
0,21,31,1,5,0,9,1,5,5,10,3,1,3,5,1
0,28,30,3,4,0,10,5,2,3,6,3,2,4,1,1
1,26,40,2,4,0,2,5,1,1,9,4,3,3,6,3
0,32,35,2,3,0,9,1,6,1,4,4,5,2,6,1
1,19,43,1,6,0,4,3,2,6,5,7,6,2,5,2
0,24,32,1,2,0,3,3,4,7,10,1,4,4,2,3
1,27,31,2,5,0,8,2,3,4,9,6,6,5,1,5
0,27,35,4,3,0,9,6,2,5,8,1,1,7,2,4
0,41,20,3,1,0,8,2,3,1,2,7,2,7,5,5
1,41,43,3,2,0,1,5,7,3,3,3,2,5,3,5
0,34,43,3,4,0,6,1,5,2,3,6,2,7,5,5
1,30,23,5,5,1,9,6,7,2,6,6,6,6,3,1
0,42,24,2,2,1,9,4,5,1,10,1,2,5,1,5
0,29,29,4,2,0,6,6,3,1,7,5,3,5,5,2
0,43,26,1,2,0,10,4,3,7,8,1,6,5,6,2
0,27,37,6,3,0,10,6,3,6,6,4,4,5,6,4
1,19,24,6,2,0,3,6,4,3,9,5,6,2,3,1
0,34,21,3,5,0,3,5,4,4,10,6,4,1,3,1
1,41,25,4,2,0,3,1,6,3,4,4,6,2,3,2
1,19,31,2,6,0,2,2,1,3,1,3,1,2,6,3
0,36,27,1,5,0,2,1,4,3,3,3,7,7,5,5
1,26,36,2,6,0,5,1,5,4,10,7,4,3,1,1
0,37,29,1,1,1,10,5,3,1,10,1,5,2,3,4
1,43,43,3,4,0,9,5,1,4,2,7,4,5,3,5
1,20,22,5,2,0,6,6,4,2,5,2,6,3,6,2
0,24,32,4,1,0,1,1,4,3,6,4,5,6,2,1
0,38,23,6,1,0,1,1,9,7,9,8,4,6,8,7
0,33,40,4,4,1,1,5,6,4,10,7,2,7,3,4
1,34,27,6,3,0,2,2,3,7,7,5,4,2,5,3
0,42,41,1,5,0,7,6,6,5,1,3,3,2,6,1
1,19,42,3,2,0,8,6,5,4,8,7,4,7,5,3
0,33,28,6,2,0,5,3,6,2,7,7,3,3,4,5
0,25,43,2,6,0,5,4,3,7,2,4,6,7,4,5
0,43,25,1,4,0,1,1,2,1,9,5,1,1,3,3
1,31,37,3,1,0,7,3,3,7,3,2,2,5,5,5
1,21,32,2,2,1,7,1,4,1,7,1,5,7,5,1
0,24,27,5,3,0,2,6,7,1,1,2,1,7,5,5
1,40,26,4,6,0,9,3,4,6,6,2,7,7,1,2
1,20,31,3,4,0,1,5,2,3,9,7,2,4,5,5
1,36,43,3,5,0,5,4,9,6,8,8,5,8,9,7
1,33,40,4,2,0,2,3,3,7,5,2,5,7,3,4
1,29,32,6,1,0,3,4,4,1,1,6,6,4,6,1
0,25,19,1,4,0,4,1,7,5,6,7,8,6,9,9
0,40,31,3,5,0,7,5,1,5,6,3,2,1,6,4
0,29,42,6,2,0,10,4,8,9,6,9,7,8,8,8
1,41,29,2,2,1,8,3,2,5,10,3,4,5,6,3
1,41,34,4,3,0,10,1,6,8,6,9,7,8,7,7
0,41,30,3,3,1,7,3,4,7,4,4,6,7,5,5
0,24,27,1,1,1,5,4,7,5,3,4,4,4,1,1
1,31,43,4,4,1,10,1,2,4,2,3,5,7,2,2
1,24,35,5,5,1,10,5,5,3,8,7,7,2,1,4
0,27,19,1,1,1,10,6,9,9,10,9,7,8,9,7
1,28,40,2,5,0,3,2,4,7,8,1,5,6,2,2
1,42,40,3,3,1,5,5,4,2,4,4,4,1,4,2
1,31,43,5,5,1,5,1,7,3,10,7,3,5,5,2
1,19,23,6,4,0,8,6,2,2,4,1,5,3,4,4
1,28,21,5,6,0,8,2,3,2,6,5,2,4,2,2
1,29,19,1,1,1,3,5,2,5,1,3,4,2,1,2
0,21,34,1,6,0,9,6,6,4,5,1,3,4,5,5
0,19,27,5,4,0,3,5,2,1,6,1,5,4,5,4
0,30,32,1,6,0,10,6,6,7,2,7,2,3,6,5
1,29,40,2,6,0,9,4,3,6,8,7,5,3,2,1
0,33,19,3,5,0,7,4,6,8,10,9,8,5,7,9
0,32,31,5,4,0,7,1,7,1,7,5,2,3,1,4
0,33,21,3,1,0,7,2,2,1,6,3,4,5,1,3
1,21,36,4,1,0,4,5,6,1,8,7,5,6,6,2
0,31,40,6,4,0,3,2,7,6,3,3,1,6,3,3
0,31,30,5,6,0,4,5,5,7,4,5,3,1,4,3
1,37,37,3,1,0,9,5,6,9,5,7,4,5,8,9
0,21,19,5,3,0,4,6,1,2,8,4,6,7,5,1
1,33,31,5,4,0,9,5,2,6,4,6,4,4,5,3
0,30,34,1,3,0,1,5,6,4,2,5,1,2,6,5
1,30,24,5,1,0,8,1,1,6,8,4,5,2,1,5
0,26,21,2,3,0,10,2,2,3,4,3,2,4,1,1
1,19,30,3,2,0,8,4,2,5,10,1,5,7,5,2
1,42,35,4,6,0,3,6,3,6,3,7,1,3,3,4
0,43,35,1,3,0,5,3,1,7,10,4,5,3,4,4
1,32,41,6,4,0,6,6,1,7,5,7,2,3,1,3
1,23,29,2,2,1,2,2,7,4,5,4,6,7,3,5
0,43,36,4,2,0,2,3,1,5,8,3,1,5,1,2
0,22,19,4,4,1,5,5,6,3,4,7,4,3,3,4
1,32,40,2,4,0,8,1,2,4,5,3,7,5,1,4
0,38,29,3,4,0,5,3,7,7,10,1,2,5,4,3
1,30,29,5,3,0,10,2,3,7,2,5,3,1,3,1
1,24,25,1,4,0,5,1,7,1,4,3,5,1,2,4
1,29,40,5,1,0,4,4,7,5,1,1,6,6,1,5
1,19,22,6,2,0,5,6,2,2,7,5,3,2,2,5
0,35,33,6,5,0,1,6,3,4,7,3,4,1,6,1
0,21,40,3,5,0,10,3,3,3,8,1,3,5,1,3
0,24,19,1,2,0,8,1,7,1,3,5,4,3,4,4
0,19,32,2,3,0,10,4,8,8,8,9,8,8,8,8
0,35,23,5,1,0,9,2,3,2,7,3,6,1,2,2
1,40,35,4,4,1,6,6,4,2,1,5,2,4,1,2
0,28,34,6,4,0,5,1,2,7,2,2,1,2,5,2
0,40,43,6,1,0,7,6,8,9,9,8,5,7,9,8
0,20,41,4,5,0,8,3,4,6,6,1,5,5,3,1
1,21,36,4,5,0,5,5,6,6,2,3,4,5,2,5
0,36,27,2,4,0,3,1,6,4,5,7,3,1,6,1
1,40,40,4,3,0,7,2,6,1,1,5,7,2,4,3
1,31,43,5,4,0,8,5,3,1,7,2,7,7,2,3
0,32,29,1,3,0,7,2,2,1,3,4,3,4,2,1
1,19,38,4,4,1,8,2,2,2,1,4,7,5,1,5
1,40,31,6,5,0,1,1,8,6,8,9,5,7,7,9
1,40,40,2,1,0,4,5,5,7,5,1,3,5,6,1
1,19,19,5,2,0,1,2,3,5,8,4,4,2,4,5
1,35,24,4,2,0,2,6,3,6,10,6,2,5,5,5
1,43,21,6,6,1,3,5,1,7,2,5,5,5,4,5
1,25,19,6,1,0,4,6,3,1,5,7,2,6,6,5
1,29,43,5,3,0,4,1,8,7,5,8,5,7,8,8
1,29,25,6,1,0,3,1,4,3,6,4,1,6,4,5
0,21,25,2,4,0,10,6,6,5,3,5,6,3,1,4
0,29,25,5,1,0,3,3,8,9,7,8,8,8,9,8
1,31,43,4,2,0,7,3,5,6,4,7,1,4,2,4
0,19,33,1,3,0,3,3,7,2,10,3,4,7,3,5
1,30,20,6,4,0,4,4,7,8,10,7,7,8,8,9
0,43,37,3,4,0,5,6,4,3,8,7,2,6,6,3
1,22,32,1,3,0,1,6,4,6,9,6,7,5,1,5
0,31,30,5,3,0,4,1,6,5,7,6,3,4,6,4
0,20,25,2,4,0,8,2,2,3,1,1,5,1,2,5
1,42,33,2,5,0,1,2,4,3,9,3,4,4,5,4
1,28,36,1,6,0,6,6,6,6,4,3,2,2,5,2
1,35,29,4,6,0,2,5,5,4,3,5,6,5,2,2
0,19,32,2,1,0,10,1,7,7,2,2,7,3,3,3
0,35,19,1,2,0,2,2,7,7,5,7,5,8,9,8
0,22,21,1,5,0,10,4,1,7,3,2,1,4,5,5
1,41,27,5,1,0,6,1,8,5,9,9,6,7,8,7
0,42,25,6,6,1,10,5,3,3,1,5,7,3,1,2
1,38,41,6,3,0,1,6,5,3,5,7,4,5,3,4
1,43,22,2,4,0,4,1,3,1,5,6,1,5,3,4
1,27,24,5,4,0,4,2,3,1,3,1,6,5,2,2
1,29,21,3,1,0,5,3,2,6,1,2,3,7,1,2
0,21,32,5,5,1,7,2,2,6,1,7,7,1,5,4
1,19,29,2,5,0,1,6,6,3,8,4,1,7,6,2
0,42,41,5,2,0,4,6,2,3,9,7,4,6,3,3
1,35,43,2,2,1,3,6,1,6,5,6,6,7,6,5
0,39,27,4,6,0,6,1,9,5,6,9,5,8,9,8
0,19,42,1,6,0,6,2,6,4,2,5,1,6,4,3
1,25,30,3,3,1,8,1,1,3,10,2,2,6,5,1
1,29,32,2,6,0,9,2,6,6,6,9,6,7,9,8
1,43,27,3,3,1,2,4,4,5,1,6,3,4,1,4
0,43,24,1,2,0,7,4,9,5,8,7,8,5,7,9
1,37,34,6,4,0,3,2,4,4,6,6,3,2,3,4
0,43,20,3,2,0,1,2,4,1,7,5,6,5,3,1
0,38,29,1,4,0,1,1,5,2,10,5,7,3,6,2
1,36,35,6,1,0,9,6,3,1,7,7,7,2,6,3
1,38,19,3,2,0,3,5,6,3,6,3,6,7,5,1
1,21,41,1,2,0,1,3,1,2,3,4,4,7,2,2
1,42,19,2,5,0,10,4,4,5,7,6,7,7,2,4
1,20,24,5,4,0,5,6,7,6,7,5,2,4,6,2
0,33,38,6,1,0,8,5,7,4,1,7,6,3,6,4
1,31,43,5,3,0,7,1,4,1,10,4,4,3,3,1
1,30,20,3,4,0,1,5,6,3,1,2,3,4,2,1
0,20,27,5,4,0,8,2,2,4,3,3,7,3,5,3
1,30,25,2,3,0,6,2,3,2,9,7,4,5,3,2
1,34,29,6,6,1,10,5,7,1,9,1,1,6,6,2
1,38,23,1,1,1,9,6,2,3,8,7,6,7,2,4
0,37,20,5,6,0,10,2,7,4,4,5,7,1,5,2
0,33,35,2,1,0,3,3,1,5,4,3,1,1,2,2
0,35,24,4,2,0,3,1,6,5,7,5,4,1,3,3
0,33,32,5,6,0,1,6,4,7,7,1,1,2,4,5
0,19,22,2,6,0,4,4,4,5,3,2,3,7,5,5
0,27,34,6,2,0,2,6,5,3,4,1,1,3,5,3
0,26,34,1,2,0,10,1,9,6,7,8,8,7,9,9
1,37,33,2,3,0,6,5,7,5,6,1,1,7,4,2
0,20,42,2,4,0,1,5,1,5,5,7,5,3,1,3
1,22,23,3,1,0,1,4,5,4,2,5,4,1,4,3
1,35,20,2,1,0,2,3,2,5,7,2,7,6,3,4
0,30,43,3,4,0,9,3,3,6,7,4,2,4,5,1
1,28,27,4,1,0,5,3,4,6,2,4,7,2,1,1
0,21,39,1,2,0,2,5,5,4,6,4,5,5,1,2
0,33,32,2,5,0,9,5,1,5,9,4,6,1,2,4
0,30,43,2,2,1,4,4,6,3,8,2,3,1,2,4
1,41,24,5,1,0,3,5,1,6,6,4,3,6,5,2
1,30,23,6,5,0,10,4,2,5,3,5,7,5,3,4
1,19,36,2,6,0,7,4,1,2,9,7,7,4,6,3
0,40,23,2,2,1,1,1,1,3,10,7,3,1,1,2
1,23,33,1,6,0,7,5,7,5,8,9,5,8,7,9
1,35,38,5,3,0,2,1,1,5,7,3,4,2,1,1
0,33,41,5,3,0,5,3,2,3,10,2,7,4,3,1
1,36,32,1,6,0,4,4,1,3,7,2,7,3,3,2
1,25,22,4,2,0,5,6,1,6,4,2,2,2,6,3
0,31,21,4,2,0,7,5,4,2,8,2,1,3,5,1
0,43,20,4,6,0,5,3,2,5,8,5,6,6,5,1
1,29,25,2,4,0,10,4,1,3,5,5,7,2,4,1
0,25,41,6,5,0,5,3,6,5,9,3,1,4,1,4
1,19,43,3,1,0,9,1,6,3,2,7,2,6,3,1
1,36,29,5,3,0,9,1,9,9,7,9,7,5,8,7
0,42,33,3,2,0,6,6,3,4,5,6,5,5,3,5
1,21,28,6,3,0,2,5,5,4,4,1,7,2,4,2
0,28,37,2,2,1,6,5,1,5,8,6,2,7,6,4
1,19,37,1,1,1,4,5,7,6,1,4,7,1,5,2
0,40,40,5,3,0,5,2,2,1,3,6,3,6,4,2
1,19,36,4,6,0,5,1,4,2,2,5,2,1,3,3
0,22,41,2,6,0,6,5,9,6,8,9,8,6,7,8
1,20,23,3,2,0,10,4,1,4,7,6,6,2,6,5
0,27,27,4,2,0,7,3,3,7,1,7,5,7,3,3
1,41,27,2,2,1,6,4,1,6,1,6,5,2,1,2
0,22,19,4,1,0,2,3,6,4,9,4,2,4,4,1
0,39,35,2,5,0,2,6,3,6,8,3,6,1,3,2
1,38,38,4,1,0,5,3,1,7,2,2,6,6,6,3
1,25,20,4,6,0,5,4,3,7,3,6,1,6,6,4
0,27,27,5,1,0,1,4,8,9,8,7,8,8,9,9
1,32,43,5,3,0,7,1,4,2,10,6,2,1,4,2
1,22,43,6,6,1,7,3,7,5,10,4,7,3,4,1
1,33,31,6,2,0,9,5,1,2,7,7,7,1,2,5
1,31,36,1,4,0,10,2,4,7,6,5,2,7,4,2
0,30,21,3,6,0,6,3,7,6,7,7,5,3,1,2
0,42,28,1,2,0,6,6,1,2,10,5,7,1,3,2
1,38,31,6,2,0,6,1,8,9,8,8,7,7,9,8
0,27,19,4,1,0,9,5,9,9,6,9,5,6,9,9
0,41,25,5,4,0,1,6,3,1,10,6,4,5,2,4
0,37,27,5,5,1,9,4,6,9,5,9,7,8,7,9
1,39,32,5,2,0,7,6,1,5,2,3,6,5,3,5
1,19,27,5,6,0,6,4,1,5,7,3,6,4,6,1
0,31,19,3,1,0,7,4,7,2,5,3,4,5,1,5
1,43,35,5,3,0,5,1,4,6,10,2,1,2,1,2
1,30,23,4,1,0,2,6,1,7,5,7,4,4,2,4
1,33,28,5,1,0,8,3,4,1,7,6,1,2,6,5
1,39,22,4,5,0,2,5,1,3,7,5,1,1,6,5
1,39,19,4,5,0,8,2,3,4,1,5,2,2,6,5
0,19,21,4,5,0,2,2,1,6,6,3,4,5,4,4
1,29,26,2,5,0,1,2,3,5,5,7,6,7,5,5
0,32,23,6,1,0,1,3,6,9,10,9,6,8,9,9
0,23,37,5,5,1,9,2,7,6,5,3,1,5,2,3
0,32,35,3,6,0,2,4,4,1,6,6,1,1,3,3
0,36,39,5,6,0,3,4,6,4,1,1,3,6,2,1
0,43,28,2,5,0,2,6,4,6,2,2,3,7,2,1
1,36,30,2,5,0,8,2,3,1,10,5,1,2,3,4
0,37,23,6,1,0,6,5,5,4,1,5,7,2,1,4
1,35,33,1,2,0,1,1,9,5,7,7,4,8,8,8
1,41,38,2,3,0,4,4,1,7,9,3,3,5,6,1
0,23,20,3,4,0,2,1,4,5,9,7,4,5,4,1
1,19,39,6,4,0,9,3,1,2,6,5,4,1,3,1
0,41,39,2,3,0,8,4,7,7,9,6,5,4,6,2
0,39,29,1,5,0,9,5,1,6,10,5,1,6,5,1
0,39,41,4,4,1,10,5,1,7,5,3,2,5,4,4
0,32,34,5,2,0,1,2,6,1,1,3,4,1,6,5
0,30,35,2,2,1,10,1,6,6,4,5,2,6,1,5
0,32,40,4,5,0,4,3,1,3,8,5,1,3,4,2
0,40,38,5,3,0,8,5,3,7,5,2,2,3,3,2
1,34,26,4,5,0,2,5,1,4,2,1,3,5,5,4
1,34,23,1,2,0,2,1,2,5,7,4,6,5,4,5
0,33,22,1,6,0,6,2,7,1,7,2,4,7,4,4
0,26,35,6,4,0,7,5,6,5,8,7,1,3,2,1
0,43,42,5,5,1,9,5,4,5,5,5,6,2,3,2
1,25,21,6,4,0,5,2,5,1,9,6,6,5,3,1
0,36,43,5,3,0,8,6,5,7,2,5,3,1,4,5
1,32,29,5,4,0,7,6,3,6,4,4,7,1,3,2
1,27,21,5,2,0,4,3,6,1,1,4,2,2,6,4
0,34,25,5,2,0,1,3,2,6,9,2,3,6,5,4
0,19,39,3,1,0,5,4,8,7,4,7,7,6,7,6
1,29,25,4,4,1,10,3,6,7,2,2,4,4,1,1
1,27,26,6,6,1,3,3,7,3,7,2,3,2,6,5
1,40,30,1,3,0,2,3,7,7,6,7,3,2,2,4
0,40,37,5,4,0,9,6,2,1,2,7,4,7,1,4
0,33,43,4,2,0,6,2,3,4,4,1,2,2,4,2
1,29,43,6,6,1,7,3,3,6,10,6,7,5,3,3
0,19,35,3,6,0,5,6,6,5,6,6,6,2,6,1
0,35,21,6,5,0,1,2,1,4,7,4,5,5,5,5
1,27,34,5,6,0,6,2,1,2,6,1,6,4,4,4
0,38,19,3,5,0,4,3,6,6,7,7,6,5,9,7
0,26,27,2,5,0,2,2,6,6,8,4,4,5,3,1
0,21,41,3,4,0,7,3,5,7,5,5,2,2,5,3
0,30,36,5,2,0,3,5,2,4,4,2,2,7,4,2
1,43,29,3,1,0,8,6,8,9,7,7,8,5,9,9
1,19,42,3,1,0,7,5,5,4,7,4,4,1,5,3
1,25,38,2,3,0,3,5,7,2,10,6,5,2,2,5
0,30,37,3,2,0,8,6,5,2,2,3,1,3,2,4
0,27,22,6,4,0,5,3,7,9,6,7,5,8,8,9
0,43,34,1,1,1,8,1,5,2,3,2,1,1,3,4
1,33,24,2,4,0,6,4,7,7,4,1,5,5,5,1
0,40,21,3,4,0,3,4,5,2,5,1,1,2,5,1
0,43,36,4,5,0,7,5,2,5,6,1,5,3,6,4
1,40,31,5,2,0,9,4,3,2,9,5,5,3,6,5
1,25,32,5,3,0,9,4,2,7,10,5,3,1,5,5
1,37,22,3,2,0,2,3,4,7,7,2,6,2,6,1
0,21,27,2,5,0,7,1,7,7,10,9,4,7,8,8
1,21,27,1,5,0,5,3,5,3,5,4,5,7,4,4
1,25,34,1,2,0,1,6,9,7,10,9,6,8,7,9
1,23,29,4,1,0,3,3,6,1,7,1,2,3,1,4
0,36,26,3,5,0,6,1,5,6,6,5,3,4,1,1
1,19,19,1,2,0,9,2,3,3,3,6,2,6,1,4
1,36,43,2,6,0,7,2,2,2,8,3,4,5,4,2
1,20,26,5,2,0,10,3,2,3,9,3,4,7,2,5
1,36,31,6,3,0,2,1,3,2,10,1,6,1,2,2
0,36,37,4,3,0,8,6,1,7,5,4,2,3,5,3
1,43,32,1,2,0,8,4,6,8,7,9,8,8,9,9
0,29,20,1,6,0,2,5,6,7,9,2,6,5,6,2
0,41,29,1,1,1,10,2,3,7,3,2,7,6,4,4
0,37,24,6,2,0,9,1,2,1,9,3,3,7,3,2
1,43,40,6,5,0,10,5,6,4,2,1,4,6,4,4
0,31,25,2,2,1,4,2,5,6,2,7,3,4,3,1
0,35,19,4,6,0,10,1,6,4,3,6,6,2,5,4
0,40,32,6,1,0,9,6,1,2,2,7,7,4,4,3
0,33,23,3,6,0,6,6,6,6,6,6,3,7,6,2
0,22,31,6,2,0,9,1,3,2,10,3,4,3,6,2
0,42,19,6,3,0,9,4,6,1,9,7,6,6,4,3
1,38,33,3,1,0,2,4,6,6,8,2,7,4,1,2
0,34,24,5,4,0,4,4,8,5,6,8,4,7,7,7
0,30,19,4,6,0,5,6,2,3,2,4,4,3,6,2
0,27,36,5,3,0,7,4,6,6,2,1,3,3,2,2
1,39,24,1,2,0,8,5,7,6,2,5,4,6,4,3
1,30,25,6,5,0,6,6,3,4,10,2,7,2,5,2
1,42,30,2,2,1,8,3,7,1,3,6,7,2,5,2
1,41,36,3,2,0,5,5,4,3,6,6,2,3,6,4
1,21,35,4,5,0,10,2,2,4,4,2,7,6,4,3
1,19,32,6,2,0,4,6,1,7,4,7,5,3,3,5
0,24,22,2,2,1,4,1,9,6,7,9,5,5,9,9
0,36,32,6,1,0,1,5,5,5,3,6,6,6,5,5
1,40,36,5,4,0,1,2,2,6,2,7,6,7,5,4
0,42,42,4,3,0,1,6,2,1,8,2,1,6,3,2
1,30,40,6,2,0,3,2,3,3,9,2,2,4,4,1
0,39,19,3,5,0,9,1,5,7,8,1,5,5,1,1
0,36,31,4,4,1,2,2,5,6,7,7,5,5,1,4
1,34,22,6,2,0,9,3,3,6,3,1,1,6,4,3
0,19,25,1,4,0,10,1,1,1,7,3,1,6,5,5
0,19,36,5,4,0,10,6,6,9,10,7,6,8,7,6
0,25,43,6,4,0,9,1,1,2,2,1,2,1,1,3
0,33,38,1,3,0,7,2,6,4,8,6,4,4,2,4
0,39,22,6,4,0,4,4,7,3,8,7,3,3,2,1
0,29,43,6,4,0,8,6,7,8,6,9,6,6,9,6
0,33,33,1,5,0,9,5,1,2,2,5,4,3,6,5
0,19,25,5,5,1,1,5,9,5,10,8,8,7,7,8
0,33,28,1,4,0,10,1,5,2,4,2,4,5,4,2
1,38,26,6,6,1,10,6,6,6,9,7,2,5,1,1
0,37,35,1,6,0,2,1,1,6,6,2,3,4,2,2
0,28,35,3,5,0,9,4,7,7,10,4,2,3,6,2
0,41,40,5,3,0,2,2,2,1,1,6,6,5,3,2
0,20,20,4,5,0,1,3,9,9,4,8,4,5,9,7
0,42,33,1,1,1,4,6,9,5,9,7,8,8,9,7
0,27,30,2,4,0,9,3,9,8,4,7,7,8,7,9
1,22,25,3,6,0,10,2,7,6,8,7,1,2,4,5
0,34,25,5,1,0,9,4,7,6,4,8,4,8,9,6
0,22,37,2,1,0,9,4,1,1,6,4,6,4,4,1
0,43,20,3,2,0,4,3,3,2,7,1,2,7,3,4
0,40,36,2,5,0,8,5,4,4,9,4,6,7,5,4
0,27,40,1,3,0,6,1,5,2,9,4,1,6,5,5
1,43,27,3,1,0,5,3,4,1,8,6,5,7,5,2
0,33,43,5,3,0,9,1,6,2,3,3,7,2,3,2
0,30,27,1,6,0,7,6,1,2,2,7,5,7,2,1
1,19,25,6,6,1,6,1,7,7,10,2,1,1,2,3
1,33,35,1,4,0,10,6,4,1,1,5,7,7,2,1
1,35,40,6,4,0,4,3,7,1,8,7,2,7,3,5
1,22,28,5,2,0,9,4,2,3,4,2,1,6,3,3
0,26,38,3,3,1,2,3,4,3,10,6,4,2,4,5
0,22,32,5,2,0,5,2,1,7,3,2,2,1,2,4
1,36,43,1,1,1,6,5,5,3,1,1,3,6,6,1
1,20,32,5,3,0,10,6,7,9,9,7,8,8,8,6
1,20,30,4,5,0,8,4,5,5,8,2,5,5,1,5
0,34,43,5,6,0,2,3,2,3,7,2,7,4,5,4
0,29,40,3,2,0,10,1,5,6,8,4,3,3,6,1
0,30,40,5,6,0,7,1,3,5,9,4,7,7,5,2
1,21,29,5,6,0,4,4,6,6,4,7,4,8,8,7
0,32,37,2,1,0,10,1,7,3,6,5,6,6,1,1
1,34,40,2,5,0,5,6,1,5,9,2,1,7,6,1
0,33,42,5,2,0,6,6,2,1,2,4,6,2,3,2
1,21,19,4,5,0,6,5,5,2,10,4,4,6,6,3
0,43,36,3,5,0,7,3,3,3,8,6,1,1,6,2
0,30,33,2,3,0,6,3,2,3,8,6,7,5,2,5
1,31,19,4,3,0,7,1,1,6,3,2,5,4,5,3
0,34,38,5,6,0,9,1,2,2,2,7,7,2,1,3
0,19,43,3,6,0,10,6,8,6,10,8,5,5,7,6
1,27,29,2,3,0,5,2,6,7,1,2,5,3,4,2
1,19,33,4,4,1,5,3,5,6,1,6,5,5,6,5
0,22,40,2,3,0,10,2,8,6,7,9,4,7,8,7
0,43,34,4,1,0,3,4,2,5,9,3,6,1,5,2
1,22,43,5,4,0,6,6,7,1,2,4,3,7,3,4
1,38,20,1,1,1,9,4,2,4,9,3,5,1,4,1
1,33,28,1,4,0,7,2,7,1,5,6,1,7,6,4
1,42,26,4,4,1,9,1,5,2,6,5,2,3,6,4
1,22,24,3,1,0,4,1,6,6,1,7,1,1,1,5
0,21,26,2,4,0,8,5,7,5,7,9,6,7,7,6
1,30,36,2,2,1,2,6,1,3,3,5,6,6,2,1
1,41,31,5,3,0,5,4,2,4,5,7,4,7,6,1
0,41,19,6,3,0,2,6,1,3,1,3,6,5,4,1
1,32,20,5,5,1,10,4,7,3,9,4,7,4,1,3
0,43,24,4,4,1,1,1,3,4,4,1,4,3,1,4
1,29,30,1,4,0,3,3,1,7,3,6,3,3,3,1
0,26,34,3,6,0,10,5,9,7,7,7,5,6,8,6
1,25,34,5,3,0,10,3,5,6,8,5,3,3,2,2
0,31,36,2,2,1,5,1,4,1,5,3,7,6,3,5
0,26,25,1,4,0,1,5,7,3,2,6,3,7,6,1
0,22,31,6,5,0,3,5,2,3,4,5,5,1,3,3
0,41,40,2,3,0,2,4,6,9,6,7,5,8,9,7
0,29,36,2,4,0,5,2,6,3,2,4,2,7,3,5
0,22,36,2,1,0,1,5,6,5,10,5,6,7,4,1
1,20,33,1,6,0,10,2,7,6,3,7,6,4,3,3
1,39,28,6,6,1,3,1,2,7,2,7,5,5,3,2
1,40,42,2,3,0,2,5,9,5,10,9,8,5,9,9
1,24,22,3,5,0,6,3,9,8,7,9,4,7,9,7
1,39,30,4,1,0,2,5,4,6,5,7,3,3,6,1
0,43,32,3,4,0,5,2,7,9,4,9,8,5,8,9
1,19,40,2,6,0,6,1,4,2,1,1,5,3,5,1
0,19,43,6,1,0,1,1,4,4,5,5,4,1,1,1
1,24,39,3,6,0,3,5,4,7,2,5,1,2,1,3
0,27,40,1,6,0,10,6,6,5,3,3,4,7,6,1
0,39,43,2,2,1,5,3,1,4,4,1,1,2,6,2
0,31,32,2,5,0,3,6,5,6,7,1,4,4,6,3
0,32,29,4,4,1,2,3,1,3,7,1,5,4,5,3
0,39,43,5,1,0,3,6,2,1,3,4,7,3,4,4
1,37,37,6,3,0,3,3,2,1,2,5,1,6,6,1
1,37,34,3,6,0,3,5,5,1,5,3,5,6,2,1
0,36,34,3,4,0,3,3,7,5,8,1,1,1,1,2
1,34,43,5,4,0,7,3,2,5,6,4,6,6,4,3
0,29,31,4,1,0,8,6,2,4,3,7,7,4,6,1
1,28,25,4,3,0,2,2,5,1,7,4,2,4,2,4
0,35,31,6,3,0,2,1,1,4,5,7,1,7,3,1
0,41,43,1,2,0,10,4,7,5,10,9,8,8,9,7
0,31,40,2,2,1,7,6,3,6,6,5,5,5,3,4
1,38,43,1,6,0,3,2,1,1,10,6,4,5,2,3
1,31,31,1,3,0,5,2,5,2,7,7,2,7,1,2
0,27,32,6,5,0,3,6,6,4,5,3,3,4,2,2
1,22,28,2,4,0,9,2,5,7,2,7,5,6,6,3
0,23,23,6,5,0,9,3,1,6,2,3,5,1,4,3
0,32,37,1,1,1,4,5,2,5,1,2,3,5,3,2
1,21,26,4,6,0,6,2,4,5,5,6,5,3,2,2
1,41,26,6,4,0,9,3,3,3,10,5,2,1,2,3
0,41,27,5,2,0,8,4,6,7,8,6,6,5,6,4
0,42,40,5,1,0,4,1,2,3,5,2,7,6,6,4
1,19,26,1,1,1,8,4,7,9,5,9,5,5,9,6
1,41,32,1,3,0,8,6,9,7,7,9,8,8,7,7
1,37,30,1,4,0,4,2,7,3,4,2,2,6,6,2
0,29,33,5,5,1,1,6,4,1,2,1,6,7,5,4
0,37,38,4,1,0,9,3,5,7,10,2,4,7,1,1
0,38,43,2,3,0,2,3,9,9,7,8,4,7,8,7
1,27,26,5,2,0,5,1,1,4,1,7,2,5,6,5
0,28,27,3,3,1,8,1,7,5,7,7,4,4,5,4
1,43,26,4,4,1,4,4,3,1,1,3,1,2,1,5
0,23,30,4,3,0,2,1,4,7,2,3,6,6,2,5
0,25,34,4,3,0,4,3,2,4,2,1,1,1,5,3
1,39,43,3,4,0,10,6,3,4,7,6,2,1,5,4
0,39,19,6,6,1,3,2,6,5,10,5,3,4,1,2
0,22,27,6,6,1,4,4,7,7,10,5,3,2,5,4
0,25,25,6,1,0,3,2,3,5,4,1,2,1,1,1
1,31,27,6,3,0,10,1,7,7,5,4,4,2,2,1
0,35,36,3,2,0,9,2,3,2,9,3,5,6,2,5
0,31,27,5,5,1,6,2,1,1,3,4,7,2,6,3
0,39,33,4,4,1,9,3,3,5,7,5,2,7,2,5
0,32,34,1,1,1,9,1,1,6,4,2,4,5,1,5
0,41,40,6,3,0,7,6,3,4,7,7,7,5,4,1
1,39,20,1,5,0,3,4,7,7,4,9,7,8,9,9
0,27,37,3,5,0,10,3,4,5,10,4,1,5,1,4
0,28,42,2,1,0,8,2,7,6,6,9,6,8,9,8
1,43,30,4,5,0,1,1,2,5,1,1,5,3,4,4
0,19,24,1,6,0,10,4,1,3,3,4,1,1,6,2
0,37,26,5,5,1,8,1,7,9,7,8,7,8,9,7
1,41,40,5,6,0,2,6,3,7,8,5,4,7,3,1
0,35,43,5,1,0,6,2,3,3,2,2,3,5,1,3
1,26,21,5,4,0,10,6,1,7,1,4,3,3,2,5
1,35,38,6,6,1,1,2,4,7,4,4,6,4,6,2
1,31,21,6,2,0,2,6,2,3,6,2,5,4,3,5
0,20,22,6,6,1,10,1,7,6,7,5,5,3,4,1
0,22,24,1,4,0,6,3,7,5,3,5,7,6,6,3
0,33,36,3,4,0,7,3,2,4,10,3,6,2,4,4
0,25,26,3,4,0,5,1,9,7,9,7,6,8,7,7
0,23,31,5,3,0,2,3,1,5,7,6,2,3,6,5
0,34,34,2,6,0,1,6,5,1,5,6,3,1,2,4
0,19,40,1,5,0,3,1,7,7,7,1,1,2,3,2
0,43,25,5,3,0,2,6,3,2,7,3,3,2,3,2
0,42,42,4,4,1,3,5,1,6,4,4,6,6,4,2
1,37,37,2,2,1,5,4,8,8,9,7,6,8,9,6
1,27,30,4,6,0,1,5,2,1,2,7,7,7,1,2
0,27,42,1,5,0,6,1,1,4,4,7,6,4,2,2
1,20,39,3,2,0,4,4,7,1,7,3,1,6,6,4
0,39,27,4,2,0,3,3,1,1,10,4,3,3,6,1
1,19,33,3,1,0,3,3,3,6,8,6,3,4,6,3
1,39,37,6,5,0,9,5,1,5,9,4,4,1,5,2
1,33,32,5,4,0,9,2,7,4,7,3,3,1,4,2
1,23,30,4,3,0,1,5,5,6,8,4,5,3,2,1
1,21,32,2,3,0,8,4,9,5,5,8,5,6,8,6
1,43,43,6,2,0,7,3,1,2,10,6,1,7,4,5
0,24,25,4,4,1,9,2,1,5,6,3,1,6,4,1
0,30,32,3,5,0,3,1,1,3,9,1,2,2,2,5
0,21,19,3,5,0,5,4,7,9,5,9,4,8,9,6
1,19,37,1,1,1,9,3,2,2,2,2,4,7,1,3
1,42,30,5,4,0,10,4,2,6,3,4,3,2,1,4
1,19,22,6,5,0,5,3,7,6,2,2,4,7,1,5
1,41,36,3,4,0,7,6,6,2,2,5,7,5,4,1
0,29,39,2,2,1,8,1,4,2,10,5,6,2,6,1
1,34,36,4,2,0,5,4,7,9,5,8,6,7,7,6
1,24,31,3,5,0,5,1,3,3,5,2,6,6,2,4
1,39,35,3,5,0,9,3,3,7,8,6,7,6,2,1
1,37,43,6,2,0,1,2,4,1,5,1,4,5,4,1
1,30,43,3,5,0,7,5,2,7,10,4,4,7,2,3
0,24,29,1,6,0,3,4,6,7,9,3,7,1,4,4
1,25,43,5,6,0,1,1,2,5,7,5,5,7,4,2
1,35,30,4,6,0,2,5,5,2,6,1,7,2,1,3
1,23,19,1,5,0,7,2,6,5,7,2,4,3,4,1
0,40,21,6,4,0,4,4,6,5,8,4,1,4,6,5
0,43,31,5,2,0,2,3,7,6,3,2,7,2,3,4
0,29,19,2,6,0,5,2,7,2,4,1,7,6,3,2
1,26,24,6,1,0,2,2,2,5,7,2,2,7,4,5
1,26,36,1,1,1,2,5,9,8,4,9,6,6,8,9
0,25,39,5,1,0,3,1,6,5,8,7,4,5,7,7
1,19,39,4,3,0,7,4,2,4,3,3,5,3,4,2
0,43,30,4,3,0,4,5,8,8,4,9,8,8,7,7
1,24,32,3,5,0,10,6,4,1,9,3,3,7,2,4
1,20,20,6,3,0,3,5,7,3,10,3,2,2,2,1
1,21,23,1,3,0,7,1,6,1,8,3,2,2,1,5
1,22,34,1,1,1,10,4,5,3,5,4,7,7,4,5
0,33,38,6,5,0,6,2,6,6,3,6,1,4,3,4
0,39,43,4,3,0,4,6,6,6,3,6,1,1,5,5
1,41,35,2,5,0,7,4,6,9,8,8,8,8,8,9
0,43,27,6,1,0,7,5,8,6,9,9,4,8,9,9
1,19,40,3,6,0,9,2,6,2,3,3,1,1,5,4
1,33,40,6,1,0,7,6,2,1,2,1,2,1,5,2
1,24,20,6,3,0,5,6,5,6,9,3,5,7,2,3
0,38,42,3,3,1,9,4,4,7,3,5,7,4,5,5
0,43,43,3,5,0,4,5,1,1,1,7,7,3,3,3
1,42,25,4,5,0,1,6,7,9,6,9,4,6,7,8
0,29,28,2,6,0,5,4,5,7,10,3,4,5,2,1
1,24,23,3,3,1,5,6,6,5,4,5,5,1,1,4
1,33,22,2,6,0,10,2,6,4,3,2,7,7,1,1
1,39,37,1,1,1,5,2,9,9,4,8,7,8,8,6
1,42,40,1,2,0,4,4,1,2,8,3,6,1,4,1
1,38,25,2,5,0,10,1,3,6,9,7,2,5,5,3
1,27,30,3,2,0,6,4,7,7,2,7,3,3,6,3
1,33,39,1,3,0,8,4,7,4,2,1,2,4,4,2
1,42,37,4,6,0,1,5,2,6,3,1,5,5,3,4
0,24,21,5,3,0,4,5,4,1,9,6,4,6,4,2
0,22,20,4,1,0,4,5,5,7,2,6,1,7,1,2
1,40,39,1,6,0,1,4,3,6,6,5,4,1,6,4
0,21,43,6,5,0,6,3,2,3,2,2,5,1,3,2
1,38,19,2,2,1,9,5,3,3,9,3,6,6,3,2
0,30,27,4,5,0,5,4,2,4,7,7,6,4,6,1
0,39,42,5,1,0,9,4,1,3,3,7,7,1,2,1
0,25,29,5,1,0,2,6,2,7,4,4,5,4,4,3
1,43,26,6,1,0,3,3,6,7,1,4,6,4,3,2
1,38,31,6,1,0,1,6,5,7,7,5,4,1,3,1
0,26,19,3,4,0,10,5,7,6,7,5,4,6,3,1
1,31,29,2,6,0,4,2,6,1,4,3,2,5,6,2
1,43,35,2,3,0,6,5,5,6,1,2,4,3,6,4
0,24,33,4,3,0,6,5,7,9,8,7,4,6,9,6
0,43,43,4,6,0,9,6,2,6,8,4,1,2,5,2
1,42,37,1,1,1,5,3,6,2,7,3,3,1,1,1
0,42,41,6,2,0,9,2,9,5,4,8,7,8,7,6
1,43,24,6,5,0,7,1,7,6,5,1,1,3,5,1
1,31,29,4,3,0,5,2,1,7,6,2,7,7,4,5
1,30,21,4,3,0,4,6,3,3,2,6,4,7,3,2
0,25,36,5,1,0,7,6,8,9,4,9,6,8,7,9
1,39,34,3,6,0,10,1,4,3,9,5,5,2,1,4
0,31,21,3,5,0,5,1,5,5,2,5,5,7,6,1
1,34,20,3,4,0,10,4,7,9,5,8,5,8,8,9
1,43,31,4,5,0,1,1,6,6,9,3,5,3,4,3
1,20,28,5,1,0,10,2,6,2,10,1,3,2,1,3
1,35,37,3,3,1,10,2,7,2,6,2,7,5,6,1
0,23,36,2,6,0,5,4,6,5,5,9,6,7,9,9
0,29,30,6,5,0,10,5,7,7,2,2,2,3,4,2
0,31,41,2,1,0,9,1,4,2,4,7,2,6,6,4
0,21,39,5,1,0,2,5,2,5,4,2,2,3,6,5
0,30,23,6,1,0,1,4,3,4,10,4,3,1,1,4
1,21,19,4,2,0,4,3,7,2,4,3,2,1,4,4
0,28,35,3,4,0,2,1,7,7,2,3,7,6,6,5
1,37,26,4,1,0,2,4,7,7,8,3,4,4,5,4
0,24,32,2,2,1,6,5,1,7,10,3,7,4,4,4
1,35,38,6,3,0,4,4,1,7,1,5,2,3,6,5
1,21,41,5,6,0,5,1,7,4,2,7,1,5,4,3
1,35,33,3,3,1,1,2,3,2,6,5,2,4,5,4
1,23,29,4,2,0,3,1,5,4,2,4,3,2,3,5
1,39,38,3,5,0,5,2,7,1,3,7,2,3,3,2
0,32,35,1,4,0,3,3,3,7,7,1,3,4,4,1
0,33,35,3,3,1,5,6,4,5,10,3,4,1,6,4
1,19,38,1,4,0,1,5,3,1,8,3,4,4,2,4
0,43,39,4,3,0,8,1,6,1,4,7,4,2,4,1
0,32,22,5,5,1,2,6,5,6,6,3,6,3,4,5
1,20,38,6,1,0,4,5,1,1,6,5,7,3,2,2
1,33,24,4,5,0,9,4,6,5,5,4,6,4,4,4
1,21,31,3,5,0,2,5,1,1,7,4,2,6,4,2
1,43,38,5,2,0,10,3,8,6,4,9,4,8,8,9
1,22,22,4,2,0,10,2,7,2,10,3,4,2,4,4
1,21,37,3,3,1,8,6,7,4,1,5,6,1,3,3
1,19,43,5,5,1,5,5,8,6,4,8,5,6,9,6
0,32,23,2,4,0,10,3,3,7,1,5,6,7,5,2
1,40,21,4,2,0,9,2,2,5,8,6,4,7,5,1
0,37,43,2,2,1,8,1,3,6,9,7,4,4,4,3
1,43,31,6,3,0,1,1,1,2,7,4,2,7,3,3
1,38,37,4,1,0,8,5,7,5,9,5,7,7,4,1
0,41,31,5,5,1,3,1,2,4,9,2,2,1,1,1
1,38,43,3,4,0,2,5,3,4,3,3,3,1,6,1
0,32,21,1,5,0,5,2,4,3,10,6,1,7,1,3
1,27,19,6,5,0,2,2,5,1,6,5,7,7,6,3
1,24,31,4,4,1,2,1,5,7,8,6,1,3,2,5
1,22,37,4,3,0,4,2,1,7,5,7,2,5,3,3
1,26,36,6,4,0,5,4,1,7,7,5,7,5,2,1
1,43,19,6,1,0,6,3,9,9,5,7,7,7,9,9
1,20,37,5,2,0,2,2,6,5,9,2,6,4,5,2
0,38,22,5,2,0,2,1,6,8,8,9,7,5,9,9
1,30,19,5,6,0,6,2,6,9,6,9,8,8,8,7
1,36,33,5,3,0,8,2,7,8,9,9,6,8,9,7
1,22,29,6,5,0,5,3,5,3,8,2,5,6,2,5
1,34,28,2,5,0,5,6,1,4,1,3,3,3,1,2
0,35,37,3,3,1,3,1,7,6,7,7,6,6,9,6
1,28,34,4,6,0,2,3,4,7,6,6,5,7,6,3
1,35,27,1,2,0,10,1,9,7,4,8,8,6,9,7
0,41,41,3,4,0,2,1,2,7,7,7,7,6,4,1
0,34,33,3,2,0,3,5,1,5,4,5,4,1,3,3
0,24,37,2,3,0,8,6,5,4,2,3,6,7,1,3
1,30,30,4,3,0,5,5,2,6,7,6,7,5,1,2
0,21,24,4,3,0,1,4,5,5,5,3,2,2,2,2
0,37,23,3,2,0,2,1,7,6,10,7,6,7,3,4
1,40,22,5,6,0,5,5,1,7,7,6,4,6,1,1
0,33,38,6,2,0,9,5,9,9,7,8,8,6,8,9
1,34,32,1,2,0,6,3,6,3,1,1,6,3,6,1
0,35,24,5,1,0,4,6,7,2,4,2,4,5,2,4
1,41,21,4,2,0,6,4,9,8,5,9,8,8,9,8
0,24,35,4,3,0,8,6,6,2,1,2,1,4,4,2
1,33,42,3,3,1,7,5,4,6,1,3,4,4,2,2
1,41,32,2,2,1,4,2,2,5,9,3,6,2,4,4
0,36,41,3,1,0,2,5,1,7,1,7,7,2,4,1
0,19,40,3,3,1,6,5,6,1,1,4,6,4,3,4
0,25,19,4,2,0,8,3,1,7,4,4,3,7,1,1
0,32,19,6,3,0,4,3,3,4,8,6,2,2,1,2
0,22,28,6,2,0,9,5,2,6,3,7,2,5,2,4
0,39,21,3,6,0,9,6,5,7,8,2,7,7,4,1
0,29,33,5,1,0,1,2,3,6,3,7,2,2,4,5
0,30,32,3,2,0,2,3,6,8,6,8,5,7,7,9
0,25,24,2,1,0,7,5,7,2,7,3,1,4,3,2
0,28,29,4,2,0,9,2,2,6,10,2,1,4,1,1
0,39,38,5,1,0,5,4,6,6,5,1,3,7,3,3
1,30,19,1,1,1,3,3,7,5,10,7,4,8,7,9
1,19,38,2,2,1,9,6,9,9,10,7,7,5,8,7
1,20,38,5,6,0,10,2,5,3,10,4,1,3,4,1
1,43,30,6,5,0,8,4,7,2,4,7,1,1,5,2
1,31,34,5,1,0,8,5,5,6,6,5,4,4,4,2
0,40,35,3,5,0,10,3,5,6,5,7,1,4,2,1
0,36,27,3,4,0,10,4,4,3,6,4,5,6,3,3
0,34,39,4,6,0,7,6,7,7,7,3,5,5,2,3
0,19,42,6,6,1,3,6,5,1,6,5,7,3,2,3
1,22,33,3,5,0,3,6,3,6,9,6,3,6,3,1
0,43,20,6,6,1,2,1,9,8,5,9,5,8,8,7
0,39,43,1,5,0,3,3,2,3,3,6,1,7,6,3
0,28,37,6,2,0,10,4,8,9,10,9,8,6,9,9
1,43,22,1,2,0,8,2,1,4,1,5,3,4,6,1
0,20,26,4,1,0,5,6,6,3,7,7,2,2,2,4
0,32,34,4,1,0,5,1,7,8,4,7,4,5,9,6
1,19,19,6,2,0,2,6,6,9,7,7,5,8,9,8
0,39,30,2,2,1,8,4,3,2,5,5,5,7,3,3
1,19,30,4,2,0,8,3,1,4,8,7,5,2,2,5
0,27,26,1,1,1,5,5,9,5,10,9,6,8,9,7
0,31,32,5,2,0,2,2,9,8,8,8,6,5,7,6
1,26,42,4,1,0,5,2,7,7,8,1,4,6,6,2
0,21,30,1,2,0,10,3,6,6,5,8,4,8,9,9
1,24,43,6,5,0,3,3,7,2,3,6,4,7,6,2
1,29,41,1,2,0,9,2,1,7,4,4,5,3,6,4
0,41,41,2,3,0,7,6,1,5,5,7,2,5,1,1
0,32,23,1,6,0,9,3,6,6,4,8,8,5,8,8
1,35,42,4,6,0,10,2,6,5,1,7,5,3,5,1
0,19,33,3,5,0,4,6,7,3,1,2,2,2,3,1
0,28,34,4,2,0,3,3,7,4,7,7,5,4,1,1
0,20,27,4,4,1,6,5,6,2,2,2,1,7,6,5
0,29,19,4,6,0,5,4,5,7,6,4,2,7,5,2
0,40,32,6,6,1,10,5,6,4,3,6,7,1,6,3
0,36,36,3,3,1,4,4,1,6,9,6,1,7,6,1
0,32,31,5,1,0,8,3,6,9,7,9,7,5,9,8
1,26,41,1,2,0,2,6,5,1,5,2,1,7,3,2
1,29,40,1,1,1,10,2,7,9,4,7,6,8,9,6
1,19,42,3,4,0,4,5,6,6,1,2,1,4,3,1
0,43,41,2,5,0,3,6,1,5,4,1,6,4,3,4
1,43,36,6,6,1,10,5,6,5,1,7,1,4,1,2
1,20,26,3,1,0,4,4,7,9,8,8,7,5,9,9
1,37,21,5,4,0,1,5,4,3,10,7,2,2,4,2
1,20,19,2,2,1,8,1,3,1,7,5,2,4,5,3
0,27,25,5,3,0,9,5,4,5,10,5,3,1,3,5
0,37,41,1,6,0,5,4,2,4,4,2,1,4,4,5
0,29,40,6,6,1,6,3,7,5,6,3,7,7,4,3
1,41,33,3,3,1,10,5,5,7,5,1,4,3,2,4
0,43,24,4,2,0,8,5,4,2,6,1,2,1,1,3
0,40,19,4,2,0,2,1,3,7,9,1,3,2,4,5
0,38,43,4,1,0,10,1,7,6,6,7,7,8,9,8
1,21,21,6,3,0,8,2,9,5,4,9,8,5,9,9
1,36,25,2,2,1,10,4,1,1,8,1,6,2,2,5
1,40,40,6,1,0,7,4,4,3,3,2,3,2,6,4
0,43,19,4,1,0,10,2,7,4,6,6,4,1,5,1
0,19,39,6,4,0,7,3,1,2,2,3,2,6,5,1
0,43,20,3,1,0,3,2,7,9,7,7,8,7,9,9
1,40,25,3,1,0,9,6,3,2,5,4,1,4,6,3
0,26,19,3,4,0,9,4,7,7,6,4,5,5,6,4
1,43,39,2,2,1,3,4,7,1,5,5,4,3,3,2
1,24,29,6,1,0,1,3,5,3,8,7,6,6,3,1
0,35,38,6,1,0,9,6,5,4,8,7,4,7,1,1
0,37,19,2,4,0,9,6,6,6,10,2,7,5,4,1
1,38,40,6,3,0,3,3,5,1,3,5,3,6,5,4
0,41,20,2,6,0,7,4,9,5,5,7,6,8,9,8
0,28,22,2,5,0,6,6,7,5,5,6,6,7,4,5
1,23,30,6,4,0,5,5,3,6,6,7,2,3,3,4
0,30,30,3,5,0,7,6,1,2,2,7,1,6,2,3
1,35,36,2,3,0,5,1,3,3,8,5,6,3,4,1
0,35,43,3,5,0,2,3,7,6,1,7,3,5,3,2
1,43,34,5,3,0,4,4,1,3,8,3,7,6,1,2
0,23,30,4,6,0,10,3,7,5,1,4,1,4,1,2
1,32,36,3,2,0,9,1,5,1,9,2,4,1,6,2
1,32,27,3,6,0,10,5,5,2,5,5,7,1,4,3
1,27,42,2,4,0,4,1,1,2,10,7,1,5,4,1
1,43,25,6,6,1,7,5,8,7,8,8,7,8,7,9
1,29,24,6,6,1,2,3,6,6,6,8,8,8,8,9
0,20,37,5,4,0,10,4,9,9,7,7,4,7,9,9
1,36,42,3,1,0,4,1,7,8,8,9,8,5,7,9
0,33,39,1,4,0,1,3,2,3,9,3,5,5,2,3
1,42,29,4,5,0,7,3,4,5,8,4,2,7,2,2
0,27,29,4,2,0,5,1,6,5,5,2,5,2,2,5
0,37,19,4,6,0,6,4,5,7,8,7,3,2,5,1
1,19,32,1,5,0,4,4,6,4,7,2,6,6,4,2
0,32,27,3,1,0,2,1,1,4,1,5,2,3,6,5
0,22,26,5,1,0,7,1,9,5,7,8,4,8,8,9
0,28,41,4,4,1,3,3,7,9,8,8,5,6,9,9
1,32,19,2,6,0,4,5,1,2,6,6,4,5,6,4
0,31,41,6,1,0,2,1,5,7,5,2,5,6,2,5
1,41,41,5,1,0,1,2,5,1,7,6,6,4,2,2
0,19,20,4,3,0,2,2,2,7,3,7,2,7,2,4
1,25,28,4,2,0,4,3,7,4,7,2,5,4,3,2
0,24,29,2,2,1,1,1,9,9,8,9,4,8,9,6
0,29,38,6,6,1,3,3,5,3,3,5,3,6,5,1
1,32,43,1,4,0,8,1,9,6,4,9,8,6,9,8
0,19,29,4,2,0,3,5,6,6,10,4,4,2,4,4
1,19,22,1,2,0,9,6,6,7,6,5,3,7,3,1
1,20,34,2,3,0,7,5,4,7,5,3,6,7,4,5
0,19,43,5,4,0,9,5,6,2,3,4,3,2,3,2
1,39,19,4,3,0,2,6,7,9,4,8,7,8,9,8
1,40,19,3,1,0,1,1,2,7,1,2,7,4,2,5
0,37,23,6,5,0,5,2,4,4,9,7,3,6,4,2
0,33,36,6,4,0,8,6,2,6,4,3,2,2,4,2
0,20,40,3,4,0,6,4,7,4,8,1,5,6,5,2
0,33,43,4,2,0,3,1,2,3,8,1,2,6,1,3
1,38,39,5,6,0,3,1,4,4,4,2,5,6,5,5
0,28,26,2,3,0,2,2,7,4,3,1,3,5,5,3
1,41,31,4,3,0,1,4,5,7,4,3,2,6,3,5
1,26,41,5,5,1,2,1,6,5,5,1,2,1,4,2
0,32,38,5,2,0,2,6,3,4,1,5,1,3,1,4
0,29,25,6,3,0,4,3,7,6,5,9,6,7,9,7
0,40,31,3,5,0,8,6,1,6,4,2,7,3,2,1
1,23,19,2,2,1,3,6,5,3,8,7,3,1,3,3
0,20,19,5,4,0,8,6,7,9,8,9,6,7,9,6
0,33,31,3,1,0,9,5,6,1,1,3,2,7,4,4
1,27,43,3,3,1,4,2,7,3,6,6,6,1,3,5
1,39,40,4,4,1,3,2,2,5,2,2,5,5,5,2
1,21,27,3,1,0,1,6,4,1,8,6,1,3,5,2
1,21,30,3,5,0,10,4,5,7,10,1,6,2,5,2
0,29,26,5,3,0,9,6,3,4,10,6,7,7,2,5
0,33,43,3,1,0,1,5,6,1,1,7,3,7,1,4
1,31,35,6,3,0,2,1,2,5,10,2,5,5,5,2
0,43,29,4,2,0,4,6,8,9,9,9,4,8,9,9
1,36,33,4,1,0,9,6,2,6,10,6,5,7,3,5
0,23,28,6,4,0,7,2,4,5,4,6,6,2,4,1
0,19,40,4,6,0,5,2,6,1,1,2,7,4,2,1
1,40,36,5,5,1,5,4,4,1,4,1,4,6,6,1
0,40,31,4,6,0,8,6,4,3,8,5,1,6,4,4
0,30,28,5,1,0,2,6,7,6,9,1,7,4,4,2
0,29,36,2,6,0,8,5,6,6,5,6,1,4,2,1
0,37,35,6,1,0,6,1,7,7,5,6,2,6,6,1
1,37,32,4,5,0,5,5,6,7,4,1,6,1,4,1
0,26,43,1,1,1,8,5,4,2,10,6,5,1,2,4
0,23,23,5,4,0,3,1,7,6,6,2,4,4,4,4
0,19,43,5,1,0,9,4,7,5,1,7,2,2,1,4
1,39,33,6,4,0,5,5,7,9,7,7,4,5,9,6
1,40,26,6,5,0,3,3,3,3,8,6,4,4,4,3
0,43,23,3,1,0,1,3,2,6,5,1,7,3,5,5
1,40,20,1,3,0,10,5,5,3,4,7,7,6,5,3
0,32,35,1,4,0,9,2,9,9,7,7,6,8,9,7
0,38,41,5,1,0,9,6,1,2,10,3,4,7,4,4
0,19,30,3,5,0,6,4,3,5,4,7,1,6,3,3
1,32,37,3,6,0,9,2,2,6,8,5,6,3,4,1
0,21,32,6,5,0,9,2,3,1,10,4,7,7,4,2
0,28,37,4,1,0,10,5,5,4,3,3,4,7,2,3
1,20,35,5,5,1,9,3,2,1,6,2,7,6,5,1
1,19,27,1,3,0,2,5,6,8,7,9,6,8,9,9
1,43,27,5,6,0,9,2,2,1,1,7,7,7,2,2
1,35,28,2,6,0,1,3,1,6,4,4,3,4,5,3
1,28,43,3,5,0,3,5,6,4,1,1,7,6,3,5
1,22,29,4,6,0,1,3,2,6,9,7,3,1,3,5
0,30,32,1,4,0,9,5,7,5,6,3,5,1,3,5
0,23,29,1,6,0,10,6,3,7,9,6,4,4,2,2
1,25,24,4,6,0,10,5,4,7,5,3,1,1,6,1
0,30,38,5,3,0,3,3,4,1,10,7,5,7,4,4
1,30,32,1,5,0,10,5,2,5,4,5,6,4,6,1
1,21,32,6,1,0,5,3,6,7,4,2,3,4,2,2
1,36,35,2,5,0,10,2,6,4,7,1,3,2,3,4
0,26,20,4,5,0,7,1,5,4,6,2,4,3,6,2
1,40,20,1,6,0,9,5,1,6,10,6,5,3,4,1
1,34,25,6,2,0,6,6,6,2,4,6,3,7,3,2
1,29,28,6,3,0,1,2,9,6,5,9,7,8,7,9
1,36,37,1,6,0,3,5,5,3,4,3,6,1,3,4
0,19,43,3,5,0,2,1,6,7,3,1,5,3,4,4
0,40,21,6,6,1,10,6,2,7,8,7,7,4,5,3
1,35,30,4,2,0,10,4,6,7,9,3,1,5,6,1
0,42,29,5,5,1,2,3,5,5,7,7,3,7,3,3
0,43,43,6,5,0,7,3,2,4,1,3,4,6,3,3
0,36,32,2,3,0,8,1,5,1,9,2,2,2,1,2
0,43,33,6,4,0,7,5,6,6,6,9,6,8,9,7
0,41,32,4,2,0,9,4,2,7,2,1,7,3,2,3
0,33,19,2,3,0,4,2,6,2,3,4,4,2,2,4
1,43,41,3,1,0,4,2,3,5,8,5,1,2,4,1
1,30,41,2,4,0,8,4,2,5,4,5,6,6,3,3
0,29,19,5,6,0,7,4,2,5,8,6,7,2,4,4
1,33,36,2,4,0,5,1,5,6,2,7,4,2,6,3
0,25,27,2,1,0,2,5,1,4,3,1,6,7,6,4
0,34,33,1,6,0,5,4,7,6,5,9,6,8,9,7
0,40,43,4,1,0,6,1,6,3,6,6,3,6,5,2
0,22,37,1,2,0,10,2,6,7,10,7,8,8,9,7
1,24,29,6,3,0,5,1,6,2,7,1,5,1,1,3
1,34,41,6,6,1,10,1,1,3,7,7,6,5,2,5
1,43,25,5,4,0,2,4,6,2,8,3,4,4,6,3
0,43,35,4,4,1,6,5,4,7,7,6,3,3,1,5
0,28,38,5,3,0,1,5,3,2,7,5,5,3,3,5
1,37,31,2,6,0,4,3,7,9,8,8,5,6,9,8
0,25,43,3,1,0,9,4,2,6,10,5,6,5,5,2
0,43,39,3,4,0,3,5,3,1,7,7,7,1,4,4
0,32,43,4,4,1,8,5,9,5,5,9,4,7,7,8
1,43,37,5,5,1,6,2,1,4,4,1,7,6,3,2
0,33,40,3,6,0,10,5,3,3,6,5,2,1,3,2
1,43,43,2,5,0,5,4,1,4,4,6,6,6,5,3
0,37,26,6,1,0,10,3,2,6,1,5,3,3,6,2
1,25,19,4,3,0,2,3,2,5,6,5,1,4,6,1
1,24,36,3,1,0,8,5,5,4,8,5,4,3,2,2
0,24,37,6,6,1,8,2,5,4,6,2,3,1,3,2
1,33,35,4,1,0,2,2,7,1,3,7,3,7,4,4
0,33,20,3,6,0,7,4,9,7,8,9,5,7,9,9
1,24,32,1,5,0,10,2,5,7,6,7,5,2,6,3
1,38,39,2,4,0,9,4,5,3,1,7,3,6,6,2
0,34,41,1,3,0,5,2,1,1,1,3,1,3,3,5
1,25,26,2,2,1,10,2,9,7,5,9,6,7,7,6
0,26,31,5,6,0,2,6,1,4,10,5,1,3,6,5
0,31,21,2,6,0,10,4,6,6,1,5,4,3,4,4
1,39,31,3,6,0,1,2,5,6,9,1,5,3,2,3
1,43,20,3,3,1,3,3,7,8,8,7,4,6,7,9
0,33,22,4,1,0,7,2,6,4,6,2,4,6,5,4
0,24,38,3,5,0,4,4,4,6,4,2,6,6,1,2
1,43,41,2,6,0,8,4,4,4,5,7,4,7,1,1
0,30,37,4,5,0,4,1,7,2,6,4,1,1,4,3
1,29,19,6,6,1,1,1,6,9,9,9,7,6,7,7
0,33,26,1,5,0,5,2,3,4,6,1,2,4,2,2
1,31,31,2,2,1,6,5,1,6,3,4,2,3,6,4
1,34,39,5,2,0,5,6,7,4,10,1,7,4,4,3
0,19,34,3,1,0,10,5,3,6,10,5,7,2,3,4
1,43,34,5,6,0,2,1,6,9,7,9,8,8,7,8
0,20,38,5,1,0,8,5,6,1,1,5,7,2,1,1
0,35,33,5,5,1,10,6,4,6,4,2,2,3,6,5
1,34,38,6,4,0,5,4,9,8,8,8,8,8,8,9
1,34,33,4,1,0,5,3,1,7,7,2,5,2,2,2
0,34,19,6,5,0,4,3,4,5,8,6,7,4,3,4
0,43,22,5,1,0,7,5,1,5,3,3,4,2,2,3
0,32,25,5,3,0,6,1,6,6,8,2,7,4,4,3
0,29,22,4,2,0,2,4,6,6,5,7,2,1,2,4
1,19,19,5,4,0,7,1,3,5,6,3,7,1,3,4
1,20,32,1,3,0,3,4,2,6,6,3,5,2,3,4
0,41,38,5,6,0,3,1,6,4,4,2,3,1,5,2
0,42,36,4,1,0,4,5,1,1,7,1,1,5,5,1
0,38,38,6,3,0,7,3,3,1,7,6,7,7,1,4
1,22,26,3,3,1,4,3,6,4,1,2,5,1,4,1
0,39,36,5,3,0,4,5,5,1,1,5,1,6,1,3
1,22,34,2,2,1,7,1,9,9,6,9,5,8,9,8
1,24,32,5,4,0,10,1,7,7,1,7,2,4,3,4
0,40,43,1,1,1,3,1,3,5,7,3,3,2,6,1
0,36,39,6,3,0,8,6,2,5,5,6,4,6,2,5
1,24,22,6,3,0,8,6,3,4,4,1,5,1,1,1
0,21,23,4,3,0,6,2,4,2,6,4,4,3,1,2
1,26,35,1,2,0,9,2,4,4,6,1,6,2,2,2
1,34,27,2,1,0,2,6,5,7,6,6,7,1,6,5
0,29,32,4,5,0,6,3,1,5,3,6,7,4,6,2
1,35,35,5,3,0,4,3,8,9,6,8,4,6,9,9
0,32,24,1,1,1,3,1,2,2,3,2,1,6,4,1
1,36,43,5,3,0,10,3,4,4,8,2,6,6,3,2
0,42,34,6,4,0,1,5,7,7,3,6,5,1,6,4
1,19,27,2,1,0,9,6,6,6,2,3,6,5,4,1
0,43,43,2,2,1,5,6,3,7,9,3,6,5,2,4
1,30,32,2,4,0,8,1,5,7,9,7,2,2,3,5
1,20,28,1,6,0,9,3,1,7,4,3,6,3,6,2
0,33,32,3,5,0,7,2,9,8,6,8,8,8,8,6
1,29,33,1,5,0,4,1,1,3,3,5,6,4,4,3
1,33,21,2,2,1,2,1,8,6,5,8,8,8,8,9
1,42,19,5,2,0,10,4,1,6,7,3,7,7,2,3
1,43,34,5,2,0,3,2,1,4,9,3,7,3,1,1
1,24,43,5,2,0,2,2,5,1,6,2,5,7,1,2
1,26,30,2,3,0,3,3,4,1,7,1,1,6,1,4
1,23,29,6,1,0,5,2,4,7,7,6,7,4,5,1
0,23,37,5,6,0,3,2,7,2,8,7,4,6,4,2
0,27,36,1,3,0,10,4,4,6,4,5,6,1,6,1
1,22,21,1,1,1,4,5,1,7,10,2,2,1,6,5
1,42,26,3,5,0,9,1,2,2,5,1,4,4,2,2
1,38,19,6,4,0,6,6,3,6,5,1,4,7,5,2
1,22,38,4,2,0,1,6,5,4,3,7,7,7,3,2
0,34,22,3,2,0,3,5,4,7,8,3,2,4,3,3
0,34,37,6,2,0,9,5,1,6,10,4,4,3,4,2
1,32,37,2,2,1,8,4,8,7,8,7,8,8,9,9
1,35,43,5,6,0,2,4,6,8,7,8,8,8,9,8
1,43,43,4,5,0,10,6,3,5,8,4,5,2,6,5
1,27,26,1,5,0,7,5,6,3,1,2,3,7,3,4
0,43,26,6,3,0,2,3,2,4,7,1,3,3,6,2
0,26,19,3,1,0,3,3,2,3,5,1,7,5,3,3
1,25,40,1,6,0,8,6,2,5,5,2,3,1,4,1
0,21,28,3,3,1,10,6,5,4,1,5,5,2,3,3
0,24,19,6,6,1,10,6,7,2,4,6,7,1,2,1
1,21,20,2,5,0,9,6,2,3,9,5,5,5,2,2
1,34,43,5,3,0,10,6,8,9,10,9,6,7,7,8
1,32,23,2,5,0,6,3,7,7,6,3,6,4,4,3
0,43,39,1,3,0,10,2,5,7,6,1,4,2,4,5
1,41,19,6,4,0,7,2,3,3,10,3,4,3,5,1
1,19,39,2,5,0,6,4,4,4,3,1,2,1,3,4
1,21,19,6,1,0,1,6,1,3,7,2,3,3,5,3
1,34,34,4,6,0,8,3,1,7,4,6,6,6,6,5
1,41,41,1,3,0,2,3,9,5,8,7,8,5,9,8
0,38,19,1,3,0,8,2,6,9,4,7,8,6,8,9
1,35,41,4,3,0,6,4,6,3,8,6,4,1,3,4
1,29,19,5,2,0,3,1,4,5,9,7,2,4,2,3
0,40,20,6,3,0,4,6,6,3,7,6,2,1,4,2
0,34,38,1,4,0,8,2,5,6,1,2,3,1,1,4
0,40,33,5,1,0,4,4,5,1,9,2,7,1,4,2
1,28,28,2,5,0,7,1,8,8,9,7,5,8,9,9
0,26,26,5,5,1,6,5,2,5,4,2,6,3,6,5
1,42,24,4,6,0,8,4,1,4,4,1,7,4,1,5
0,22,37,3,1,0,5,4,2,7,2,2,1,7,2,3
1,36,43,4,1,0,3,2,7,1,6,7,4,5,6,4
0,37,19,6,4,0,9,6,6,4,8,3,4,7,1,5
1,24,40,1,6,0,9,4,4,5,1,3,1,1,4,2
0,20,26,1,5,0,7,6,1,1,8,3,2,7,2,5
1,19,37,6,4,0,2,4,6,2,9,5,4,5,3,2
1,43,27,6,2,0,1,2,3,2,9,1,2,6,1,1
1,43,37,1,5,0,10,4,4,6,1,4,5,3,4,2
0,31,21,3,1,0,6,2,2,1,3,5,5,2,1,4
0,43,36,6,3,0,1,1,3,4,3,6,1,4,6,5
0,41,28,4,3,0,10,1,1,2,6,2,3,7,6,3
1,37,30,1,4,0,3,4,3,2,1,4,2,7,2,4
0,33,33,1,6,0,9,1,7,1,5,6,6,1,3,2
0,23,33,6,5,0,9,1,9,5,7,8,7,8,8,8
1,41,23,3,4,0,5,3,2,5,9,2,4,3,4,5
0,21,31,3,4,0,9,6,8,7,7,8,6,6,7,8
0,19,23,3,6,0,4,6,4,1,9,4,1,3,4,1
0,33,23,4,1,0,9,2,3,6,9,7,4,1,2,2
1,30,28,6,1,0,7,5,3,6,2,3,4,6,1,2
1,33,30,3,1,0,6,2,2,1,1,7,1,6,1,5
0,33,34,4,5,0,2,2,7,1,1,4,6,4,1,1
0,24,43,1,6,0,8,5,7,5,10,9,5,8,7,6
0,43,39,2,6,0,5,5,3,3,2,7,6,2,1,4
0,28,22,6,2,0,8,6,1,7,4,4,2,5,1,4
1,21,19,1,4,0,9,5,9,5,4,9,7,8,8,9
0,42,19,5,4,0,9,6,3,2,1,5,3,4,5,1
1,26,27,4,2,0,6,2,2,1,4,5,6,2,2,4
1,23,33,6,6,1,6,3,6,9,6,9,8,8,7,8
0,42,27,5,5,1,1,3,7,3,7,6,2,1,2,5
1,42,23,3,2,0,4,1,1,4,8,5,2,3,3,2
1,33,39,6,1,0,3,6,6,2,4,3,7,2,4,3
1,40,29,1,3,0,7,4,4,2,10,4,6,5,3,5
0,26,32,3,2,0,5,3,4,6,5,1,7,2,4,4
0,28,19,5,6,0,8,3,3,5,1,6,2,7,2,4
0,28,43,1,1,1,1,3,5,2,1,1,5,4,4,1
0,25,31,2,4,0,1,3,1,7,4,3,5,6,3,1
0,39,20,2,1,0,1,6,3,5,2,6,6,5,4,5
0,37,35,3,1,0,10,1,9,7,9,7,5,7,8,9
1,39,38,6,5,0,1,3,4,2,6,5,3,4,5,2
0,30,20,2,6,0,2,4,1,1,9,3,3,3,2,3
1,24,26,1,2,0,3,6,9,6,8,8,8,7,9,9
0,27,43,3,2,0,4,4,6,6,4,4,1,2,3,3
0,31,38,1,5,0,10,6,2,3,7,7,5,1,6,3
1,29,26,1,2,0,1,2,1,7,9,3,2,5,4,4
0,43,25,4,6,0,6,5,2,1,10,5,7,5,5,3
0,27,36,2,4,0,9,2,1,4,2,5,5,6,3,5
1,28,34,5,4,0,7,6,3,7,3,2,5,7,6,5
1,38,26,5,6,0,6,1,1,3,8,3,6,3,1,3
0,28,33,5,5,1,3,4,4,5,10,6,1,7,5,3
0,40,29,4,3,0,7,1,5,5,9,2,6,7,3,2
1,36,40,1,2,0,3,2,5,1,6,1,5,6,2,5
0,22,22,4,5,0,4,1,2,4,3,4,2,4,6,5
1,23,43,4,5,0,3,1,1,5,8,5,2,2,5,4
0,22,31,4,3,0,5,4,3,1,2,4,3,1,2,2
1,19,36,5,4,0,2,2,7,5,7,9,4,7,7,8
0,35,39,1,1,1,4,4,2,1,3,7,1,6,5,2
1,25,30,4,6,0,5,5,5,4,5,2,4,5,4,4
0,30,22,6,1,0,9,1,5,4,4,3,6,2,4,4
1,34,26,4,2,0,9,5,4,7,9,5,3,7,6,2
0,28,35,6,3,0,5,2,3,5,1,4,7,7,4,3
1,30,26,1,2,0,7,6,7,4,6,4,4,3,6,1
0,19,19,2,2,1,8,4,6,9,9,7,8,5,9,9
0,40,32,3,6,0,2,6,1,6,5,5,1,6,5,4
0,22,43,5,5,1,7,5,1,3,10,2,2,1,2,2
0,35,24,4,2,0,2,6,3,5,10,3,3,1,5,1
1,38,27,5,2,0,6,3,4,3,6,6,3,3,5,4
1,29,43,6,1,0,4,2,9,9,10,9,4,6,9,9
1,42,27,6,6,1,5,3,2,3,7,2,3,3,6,5
0,38,40,2,4,0,9,6,2,3,8,6,3,1,2,3
1,37,43,4,6,0,10,1,2,5,6,7,7,1,5,1
1,22,19,5,5,1,7,1,1,7,9,6,1,2,2,3
1,23,22,4,4,1,9,2,5,1,6,2,4,3,3,4
1,30,22,1,6,0,9,5,5,6,5,7,4,4,4,1
1,20,29,1,4,0,3,6,2,1,9,7,7,3,1,5
0,40,26,6,1,0,3,6,4,7,5,3,3,3,1,1
1,26,23,4,3,0,3,5,2,4,2,1,3,4,4,4
1,35,28,5,3,0,3,4,6,7,8,9,7,8,9,8
1,20,29,5,3,0,9,3,9,9,7,8,8,8,7,9
0,20,22,5,5,1,1,5,3,5,9,7,5,2,6,2
1,41,37,4,6,0,2,6,7,2,4,1,4,5,5,2
0,38,35,3,3,1,8,6,2,6,5,5,1,7,5,4
0,30,22,2,1,0,9,6,3,6,10,2,4,2,3,1
0,23,26,3,2,0,9,3,6,6,8,4,3,4,3,3
0,26,34,3,3,1,9,2,1,3,5,6,1,1,3,1
0,19,41,5,4,0,2,6,7,5,7,2,7,7,4,1
1,32,42,2,6,0,3,3,2,1,6,5,4,2,3,5
1,32,31,6,4,0,2,3,6,8,8,9,4,5,7,7
1,28,34,3,3,1,7,1,4,5,2,5,6,7,3,4
0,24,23,2,6,0,8,6,5,2,10,1,5,2,4,1
0,43,38,5,6,0,1,5,5,4,5,3,5,1,1,5
0,42,31,1,1,1,5,5,4,1,9,6,3,6,3,1
0,42,33,5,3,0,4,3,7,8,8,8,4,7,9,6
0,19,24,2,2,1,8,2,4,4,3,4,6,6,2,4
0,19,30,5,2,0,7,4,3,6,10,4,7,5,5,1
0,23,24,1,6,0,1,5,6,2,10,6,4,4,6,2
0,36,42,5,5,1,6,2,5,1,5,1,4,1,6,1
1,35,32,4,4,1,5,2,2,2,9,4,6,2,4,5
0,28,25,6,1,0,5,1,7,5,6,1,2,7,3,3
0,26,20,4,5,0,9,1,9,8,7,9,8,5,8,7
1,24,40,6,5,0,4,1,7,6,7,4,3,6,3,5
0,34,19,5,2,0,8,6,5,2,7,2,6,6,6,4
0,19,36,6,6,1,9,4,1,1,1,3,5,7,5,1
0,24,27,4,4,1,5,1,1,5,5,7,7,2,3,2
0,41,23,3,3,1,7,6,3,3,5,2,4,3,5,5
1,32,43,5,2,0,4,3,6,9,7,8,5,8,9,9
1,30,31,5,6,0,7,1,7,8,8,9,5,5,9,9
0,23,35,6,3,0,2,2,4,2,8,5,6,2,1,1
1,37,39,1,2,0,8,2,1,1,1,7,4,2,4,2
1,31,19,4,5,0,3,5,3,1,3,4,5,7,6,2
1,33,39,2,1,0,9,1,3,5,2,3,2,1,4,1
0,33,41,1,3,0,7,2,2,3,9,3,3,1,3,1
1,30,21,5,4,0,8,3,4,1,2,3,3,1,6,4
0,20,27,1,1,1,6,6,3,3,8,7,5,4,2,2
1,25,19,2,2,1,3,5,9,7,5,9,6,7,9,9
0,20,31,3,6,0,10,1,2,7,2,4,2,2,4,5
0,29,42,4,5,0,3,3,4,7,3,3,6,7,2,4
0,29,22,6,1,0,4,4,7,3,5,6,4,2,1,4
1,21,36,3,4,0,6,4,9,8,8,8,8,5,8,9
1,36,28,2,4,0,6,4,5,1,3,2,5,3,5,3
1,24,30,4,6,0,8,3,6,3,1,2,7,3,4,2
1,20,38,1,2,0,1,6,4,5,1,4,6,4,1,5
1,37,19,6,2,0,2,5,1,5,3,1,4,3,3,4
0,31,38,1,5,0,2,1,2,1,9,1,5,6,3,2
0,41,31,1,1,1,2,6,6,6,4,3,6,7,2,3
0,27,39,6,2,0,5,6,5,5,2,2,7,7,3,3
0,31,29,6,1,0,1,2,1,4,1,4,5,4,3,5
0,19,36,4,5,0,1,2,2,2,6,6,4,7,1,4
0,20,39,3,2,0,9,5,6,4,4,5,4,7,5,3
1,39,25,6,5,0,4,6,2,3,2,3,1,5,2,4
0,43,29,5,2,0,1,1,4,4,1,2,3,4,2,4
1,33,21,2,5,0,1,4,6,6,5,5,4,6,4,2
0,23,35,2,3,0,3,1,3,2,3,2,1,1,5,3
0,19,23,3,5,0,1,2,3,2,8,4,2,6,4,3
0,26,27,3,3,1,10,5,3,7,7,2,1,6,4,5
1,27,19,4,2,0,3,2,2,7,5,6,1,4,3,5
0,33,43,3,6,0,4,4,7,7,8,7,2,1,3,1
1,33,39,1,1,1,6,6,7,6,10,8,6,8,7,7
1,43,40,2,1,0,9,4,6,2,10,2,6,4,2,3
1,28,22,2,5,0,5,3,5,5,6,6,5,4,1,3
1,29,43,1,1,1,1,3,1,6,10,1,1,7,5,1
0,39,31,4,4,1,1,5,3,5,9,3,1,5,5,2
0,20,34,4,5,0,6,6,7,7,4,3,7,2,3,2
0,20,43,4,4,1,5,1,6,7,3,7,6,5,4,4
0,19,26,3,3,1,8,1,6,4,7,5,7,3,1,2
0,20,28,4,3,0,7,5,4,3,9,1,5,4,6,3
1,39,22,5,2,0,2,5,7,9,4,9,8,7,8,9
1,23,27,6,5,0,10,1,6,7,1,6,7,3,6,1
1,19,28,1,2,0,10,2,3,5,7,7,6,4,6,2
1,27,24,6,3,0,2,2,1,2,7,2,4,7,2,5
0,25,20,3,3,1,2,4,4,5,3,6,7,1,2,1
1,32,22,3,2,0,6,5,4,5,6,1,5,7,2,2
1,43,42,6,2,0,3,4,8,9,7,9,6,6,9,9
1,31,24,4,4,1,3,2,9,7,4,7,5,6,9,9
0,27,30,5,5,1,1,5,2,5,9,7,5,5,2,3
1,31,36,4,5,0,10,2,3,3,8,4,1,3,5,4
0,28,19,1,4,0,2,4,4,4,2,6,7,2,4,1
0,35,26,2,6,0,1,5,1,7,6,3,6,2,6,5
1,25,33,4,1,0,1,4,6,5,3,1,1,2,2,2
1,26,40,3,5,0,5,6,4,2,6,5,4,5,2,2
1,40,43,5,1,0,2,3,7,2,3,3,2,4,6,2
1,28,43,3,4,0,4,4,1,1,5,2,1,5,1,1
0,19,39,6,1,0,8,4,6,6,3,7,2,2,5,2
0,43,21,4,2,0,4,1,6,1,1,1,1,6,6,3
0,23,39,3,3,1,1,3,6,3,2,7,3,3,4,4
1,27,43,2,6,0,1,1,1,4,8,4,3,3,5,3
0,27,27,6,2,0,8,1,7,1,7,7,4,7,4,1
0,33,33,1,5,0,3,5,6,5,7,3,3,5,6,2
1,39,41,6,2,0,3,3,6,4,2,3,2,7,2,5
0,29,25,4,1,0,5,2,6,5,5,7,5,6,7,9
1,35,25,4,2,0,1,5,1,2,9,4,4,4,4,1
0,19,43,4,6,0,10,5,4,7,7,2,5,2,2,2
0,40,36,6,3,0,9,5,2,4,2,4,6,6,1,4
1,28,43,3,4,0,2,5,4,2,9,5,7,2,5,2
0,20,30,1,1,1,3,6,2,7,3,2,2,2,6,1
0,19,42,2,3,0,4,3,6,4,9,2,6,2,5,1
0,43,23,2,3,0,1,3,7,4,3,2,4,5,3,2
1,38,26,6,1,0,10,4,4,7,2,6,2,6,6,3
1,30,43,3,6,0,8,4,8,6,4,7,4,8,9,7
1,38,42,5,2,0,4,6,7,3,7,6,2,6,5,3
0,43,33,2,1,0,10,6,9,6,8,9,7,8,8,7
1,33,36,5,3,0,10,4,6,7,4,9,7,8,9,6
0,37,41,5,2,0,2,6,6,7,5,4,4,2,1,3
0,41,19,3,5,0,3,4,1,7,1,4,3,6,3,3
0,41,20,6,2,0,10,1,3,1,10,6,4,5,3,2
0,29,35,6,3,0,3,4,2,4,1,6,5,1,5,3
1,43,30,2,4,0,4,1,7,3,5,1,7,1,2,1
0,37,35,3,1,0,3,4,2,1,2,1,2,5,5,4
1,37,21,6,2,0,7,4,1,5,1,3,6,2,2,5
1,33,33,4,6,0,1,1,3,5,7,6,4,7,2,5
1,36,42,3,4,0,6,5,9,5,6,8,6,8,9,8
0,30,27,2,4,0,8,4,6,3,1,2,7,7,1,4
1,37,32,6,2,0,10,1,3,5,1,2,3,4,1,1
0,27,43,4,4,1,9,6,2,3,10,1,5,7,5,3
0,35,39,6,3,0,5,4,6,7,6,5,3,6,3,1
1,43,38,6,3,0,5,4,2,5,7,2,4,6,5,3
0,34,26,5,4,0,10,2,1,1,7,1,3,6,5,2
1,20,28,4,4,1,4,3,5,2,9,1,1,4,4,1
1,39,31,4,6,0,9,2,1,3,2,1,5,2,4,4
1,37,25,1,1,1,10,1,1,3,1,3,3,2,6,3
1,43,42,4,6,0,7,5,7,9,4,9,8,8,9,9
1,40,24,5,5,1,3,1,4,1,5,5,3,4,5,2
0,40,39,6,2,0,9,2,7,3,7,1,3,3,3,2
1,33,43,2,6,0,6,3,4,4,10,5,6,6,3,3
1,34,27,6,3,0,1,4,5,7,8,4,5,1,4,1
0,33,43,6,4,0,4,4,6,4,6,6,6,7,1,3
1,41,25,3,4,0,2,2,4,3,6,1,1,2,5,2
1,43,22,6,2,0,8,6,4,2,2,1,1,6,2,5
0,39,26,3,2,0,3,2,6,1,2,6,1,3,3,3
0,21,35,3,1,0,3,6,2,2,9,5,7,5,2,1
1,22,34,1,6,0,1,2,5,3,10,6,1,5,4,1
1,27,27,5,3,0,10,4,2,3,4,3,3,5,6,2
1,19,30,2,5,0,9,1,2,4,6,7,2,1,6,3
1,28,29,2,2,1,10,2,6,2,8,7,5,2,5,3
0,28,39,5,3,0,2,6,5,7,2,1,3,3,2,4
1,39,32,4,3,0,7,5,3,5,1,5,2,6,3,5
1,39,42,2,1,0,5,1,1,5,5,7,6,4,5,1
0,41,36,5,3,0,6,2,4,2,3,2,6,2,5,1
1,38,25,4,4,1,9,4,3,6,9,4,4,3,4,5
1,42,37,1,1,1,2,4,1,1,1,4,7,1,5,4
0,33,37,2,2,1,10,2,6,8,6,9,8,7,8,6
0,42,24,5,2,0,4,1,2,7,7,2,3,3,3,2
1,42,43,4,1,0,8,2,7,5,6,6,1,1,5,4
1,33,43,6,5,0,1,2,2,3,7,6,2,3,3,5
1,32,43,4,6,0,7,5,5,2,6,3,6,1,5,3
1,36,21,3,3,1,10,2,5,6,10,6,7,2,1,2
0,23,30,4,4,1,3,1,4,2,5,4,4,6,2,2
0,42,31,5,3,0,1,6,5,4,2,6,7,7,4,4
0,35,40,4,5,0,6,1,1,5,8,4,6,7,2,1
1,21,32,5,6,0,5,4,2,1,3,7,6,7,5,3
0,43,31,1,2,0,9,5,1,3,3,6,1,4,4,3
1,37,41,6,2,0,4,5,9,7,9,8,8,6,9,9
1,39,19,3,2,0,7,1,7,7,3,6,1,7,3,4
0,32,29,5,1,0,4,3,5,6,3,6,1,2,4,3
0,22,33,3,4,0,9,3,7,7,7,5,6,3,3,3
0,19,20,6,6,1,3,1,2,4,1,7,1,4,3,4
0,24,43,5,3,0,7,3,7,6,6,9,8,6,9,8
1,24,36,2,4,0,3,3,7,6,10,1,1,1,6,5
1,34,24,3,5,0,2,2,7,5,3,6,1,1,1,2
1,43,19,1,6,0,6,5,5,7,5,1,2,5,6,4
0,21,19,2,5,0,1,1,3,3,5,3,6,2,3,4
0,31,24,2,3,0,8,4,2,4,8,1,3,7,6,4
0,43,20,5,2,0,10,2,8,7,6,9,7,8,9,9
1,24,19,2,3,0,9,5,6,6,10,2,7,6,3,5
1,23,30,5,4,0,2,6,6,7,8,6,7,7,5,4
0,39,19,3,4,0,5,5,5,1,6,7,7,2,1,3
0,34,31,6,4,0,6,4,7,5,5,7,2,1,2,3
0,37,33,1,3,0,3,6,7,5,10,8,6,8,7,9
0,35,25,2,1,0,7,2,2,6,5,7,5,6,4,2
1,40,25,3,2,0,7,4,3,2,9,7,5,6,4,5
0,38,27,3,4,0,2,4,2,3,5,4,2,6,4,3
0,32,43,4,5,0,10,5,4,5,6,1,1,5,4,1
0,41,21,3,4,0,7,6,2,7,8,6,2,3,4,3
1,32,29,5,3,0,4,3,1,4,2,4,2,4,4,4
1,27,42,3,5,0,10,6,5,7,8,5,3,2,6,1
0,27,35,2,2,1,9,4,7,3,6,1,5,3,3,2
1,22,29,1,2,0,5,6,9,5,10,8,4,5,9,9
1,38,42,3,2,0,6,2,7,2,3,6,4,7,6,3
0,33,26,2,5,0,6,4,2,3,7,2,7,7,6,4
0,21,34,2,3,0,3,1,4,2,1,3,7,5,4,5
0,43,29,5,2,0,5,5,4,3,7,7,1,4,5,4
1,42,37,5,6,0,1,4,7,1,5,1,7,6,4,4
1,38,36,3,5,0,4,4,6,7,9,7,2,3,4,1
1,42,32,5,2,0,7,1,5,7,2,4,7,7,6,4
1,21,34,3,5,0,7,2,6,7,1,5,1,6,2,5
0,23,27,1,6,0,3,6,7,2,1,1,1,4,2,1
0,37,38,6,1,0,3,4,5,5,4,5,4,5,5,1
0,41,23,2,2,1,7,2,4,1,9,1,7,3,6,4
0,19,40,2,1,0,2,6,5,7,3,4,3,7,4,1
1,19,39,6,5,0,7,2,2,4,3,1,5,5,2,5
0,29,43,4,6,0,9,1,5,3,5,7,5,7,5,2
0,43,27,4,5,0,2,5,1,4,10,2,4,5,2,3
1,27,25,2,5,0,5,3,6,1,8,3,6,2,1,3
0,20,40,6,6,1,2,2,1,3,5,2,7,3,1,5
0,19,43,5,3,0,1,5,7,9,5,7,8,8,8,7
0,37,43,3,1,0,9,6,9,8,10,9,6,7,8,9
0,21,24,4,6,0,8,6,2,7,9,3,1,5,4,1
0,24,32,4,2,0,1,1,7,1,4,2,1,6,6,2
0,22,43,5,2,0,4,1,4,4,8,5,4,4,1,1
0,27,36,1,6,0,8,5,6,5,2,3,3,5,6,2
1,33,36,3,4,0,3,3,6,9,7,9,7,8,9,6
0,27,24,6,4,0,10,4,4,6,2,2,4,2,3,3
0,19,43,5,1,0,1,6,6,7,8,5,3,6,2,4
1,26,33,5,1,0,4,2,6,7,8,4,4,3,1,4
0,34,19,5,5,1,10,6,9,5,10,9,6,5,8,6
0,29,34,5,1,0,6,1,7,5,1,3,3,2,3,3
0,33,26,3,5,0,2,6,7,7,10,9,8,8,7,7
0,21,27,2,4,0,10,5,1,3,1,1,5,7,2,5
0,26,29,1,1,1,10,5,4,2,6,3,1,6,1,1
1,27,25,3,4,0,5,4,8,8,7,8,5,8,8,9
0,30,21,3,4,0,6,2,2,3,4,6,7,1,1,1
0,43,27,1,6,0,6,1,9,5,7,9,7,8,9,9
1,25,22,4,1,0,5,3,6,3,5,3,6,5,1,2
1,25,34,2,2,1,7,2,6,2,6,4,3,3,1,4
0,38,34,6,1,0,9,5,4,2,6,1,4,5,3,4
0,20,24,1,1,1,5,3,1,3,5,4,4,6,2,2
0,27,19,2,5,0,9,4,3,2,9,5,6,7,6,2
1,42,24,4,3,0,7,1,1,3,9,5,6,4,4,5
0,19,40,3,2,0,1,5,1,2,4,6,3,5,2,1
0,29,23,4,6,0,9,2,6,7,10,4,1,5,5,3
0,36,32,6,3,0,9,5,7,2,9,7,4,1,6,5
0,35,22,6,6,1,8,1,4,2,6,1,1,6,1,2
1,39,34,3,6,0,1,4,6,9,10,8,6,8,9,9
1,25,37,2,2,1,6,5,6,7,4,5,1,7,1,3
0,43,34,1,6,0,7,3,6,7,6,7,5,2,2,3
1,29,41,6,5,0,3,1,6,1,7,6,3,5,6,2
1,36,34,2,5,0,4,5,7,6,9,2,3,4,2,4
0,34,26,6,5,0,3,2,7,5,1,4,7,5,6,4
0,36,34,2,3,0,3,2,4,4,2,7,5,1,2,3
0,43,42,3,3,1,7,2,6,2,4,1,3,7,3,4
1,36,38,6,1,0,6,5,9,6,4,9,5,6,7,9
0,36,38,6,6,1,3,3,6,7,6,7,6,6,9,9
1,27,43,1,5,0,9,3,3,3,10,3,3,6,6,4
1,43,39,2,2,1,4,3,9,6,4,9,5,8,9,9
1,19,43,3,6,0,10,6,4,5,1,1,5,3,3,3
0,35,32,4,6,0,3,4,4,2,1,7,1,1,6,3
1,29,30,4,1,0,2,3,2,3,4,1,4,2,6,3
1,23,23,2,6,0,7,4,7,6,8,5,2,7,6,1
0,29,20,6,5,0,7,1,7,5,10,2,4,6,5,3
1,36,25,3,3,1,6,3,5,7,4,7,6,6,5,3
0,32,19,5,3,0,2,1,4,3,7,3,3,2,2,4
1,37,21,4,6,0,3,1,4,3,10,5,7,5,1,5
0,23,43,6,4,0,6,6,4,5,2,6,1,3,1,5
0,32,31,5,1,0,6,5,6,5,4,2,3,1,3,4
0,36,30,5,5,1,1,1,6,4,7,1,2,4,5,3
0,34,43,6,3,0,10,6,5,3,1,7,4,3,2,5
1,40,20,6,1,0,6,6,3,2,10,5,1,6,4,4
0,20,21,3,5,0,3,5,4,6,9,1,1,1,2,1
1,39,42,2,5,0,1,4,3,5,4,4,2,1,4,1
1,36,24,1,6,0,7,3,6,7,9,7,8,7,7,9
1,30,19,2,6,0,9,6,4,4,2,5,3,4,2,4
0,42,27,5,4,0,5,3,5,7,5,7,6,3,1,4
0,25,22,5,6,0,1,4,2,1,4,6,6,6,6,2
1,40,24,5,1,0,8,2,2,2,4,5,3,3,5,3
1,42,28,4,2,0,10,6,3,3,9,6,1,7,1,5
0,27,21,6,1,0,6,3,1,1,1,6,4,2,1,5
1,43,35,6,6,1,8,1,3,7,8,5,3,1,5,2
0,33,22,3,4,0,3,6,3,5,6,5,6,3,4,3
1,20,23,6,6,1,8,6,3,2,8,1,6,7,6,3
0,19,41,2,5,0,1,5,7,7,9,4,3,3,5,5
0,40,43,6,2,0,3,3,6,2,9,1,5,5,2,1
0,37,32,5,4,0,8,3,1,7,2,2,5,7,1,4
0,39,19,5,6,0,3,2,3,6,10,5,7,4,6,5
0,42,24,3,3,1,10,1,3,2,5,3,1,4,5,2
0,29,31,2,3,0,10,4,5,6,5,6,4,4,6,4
0,32,27,5,5,1,1,4,7,3,1,5,1,1,2,5
1,21,34,2,1,0,9,2,2,4,3,7,7,7,3,5
0,22,41,4,6,0,6,2,5,4,9,7,3,1,6,5
0,33,23,5,3,0,2,5,6,9,9,9,5,5,7,6
1,43,33,6,5,0,6,4,9,8,5,9,7,6,8,9
0,29,22,1,2,0,2,1,6,6,7,8,5,5,7,9
0,19,21,3,2,0,7,2,4,1,3,5,2,6,4,5
1,26,26,5,2,0,7,1,4,1,4,5,2,3,5,2
0,42,25,3,5,0,10,4,1,6,1,2,7,7,2,3
0,25,43,6,3,0,6,3,1,4,2,7,5,6,3,2
1,30,30,6,2,0,3,1,1,4,6,7,5,7,4,2
1,34,40,5,3,0,8,6,7,7,6,6,5,1,3,3
1,43,22,2,3,0,1,3,3,7,5,3,1,2,3,5
1,24,43,4,2,0,8,1,7,5,8,1,7,1,3,4
1,43,34,3,5,0,4,1,4,3,2,3,4,7,2,2
0,34,41,2,1,0,9,1,5,4,8,1,4,1,5,4
1,20,27,5,6,0,7,6,6,1,8,2,1,1,6,5
0,41,28,6,3,0,5,2,4,1,5,7,3,4,3,3
1,22,19,2,6,0,9,5,6,5,9,8,8,5,9,8
0,33,28,2,5,0,10,5,2,2,10,6,2,1,1,3
0,33,36,5,1,0,2,3,2,4,10,7,2,1,2,5
0,40,22,3,1,0,8,3,5,2,4,5,1,1,2,4
0,22,22,6,5,0,7,1,7,5,5,8,7,8,8,6
0,20,42,3,3,1,6,4,4,3,8,2,6,1,1,5
1,38,23,4,1,0,5,6,5,2,5,3,7,2,2,1
1,20,38,3,4,0,10,3,5,1,4,7,1,2,4,2
0,28,36,3,4,0,1,4,7,2,3,2,7,4,4,4
1,31,41,6,6,1,8,5,6,3,4,4,5,3,2,1
1,42,31,5,5,1,4,1,6,5,7,2,3,5,1,3
1,31,38,4,2,0,6,1,5,7,9,4,6,2,5,1
1,35,38,6,3,0,6,1,4,7,10,5,6,2,2,1
1,31,32,4,2,0,1,5,1,2,3,6,3,4,5,4
0,38,40,3,5,0,8,5,1,1,9,5,5,5,5,4
0,43,34,5,1,0,9,4,7,3,5,3,3,1,5,4
0,26,30,3,2,0,6,2,3,6,8,1,2,4,6,4
0,40,37,4,2,0,6,1,1,3,10,5,3,4,3,1
1,28,40,4,4,1,3,5,2,2,6,3,6,4,6,2
0,22,19,4,3,0,4,5,5,3,6,2,5,5,1,3
1,29,25,5,4,0,4,2,7,2,2,3,2,2,6,3
0,39,37,4,4,1,4,1,5,2,5,5,2,4,3,3
0,43,23,5,6,0,9,1,6,3,5,6,6,5,2,4
0,19,34,2,5,0,1,4,6,8,5,9,6,8,8,6
1,32,43,2,2,1,5,2,3,2,2,4,3,4,6,5
1,42,22,2,5,0,10,3,3,6,6,3,4,4,3,5
0,43,43,3,5,0,10,3,3,2,10,5,6,1,2,3
1,39,26,1,6,0,3,6,1,6,7,1,7,3,1,2
0,28,29,3,5,0,9,5,6,7,10,6,1,3,1,2
1,26,41,5,2,0,4,5,9,9,4,9,7,5,9,9
1,22,37,2,2,1,8,4,5,2,3,4,5,7,3,2
1,29,43,4,6,0,6,1,2,7,10,1,7,5,6,1
1,19,42,6,5,0,9,1,5,2,8,3,3,5,6,5
1,39,26,5,2,0,6,1,2,4,9,4,3,5,2,3
0,24,19,5,3,0,7,2,6,7,8,9,4,8,9,9
1,39,32,3,1,0,2,5,9,6,4,9,6,5,9,9
1,31,35,4,2,0,7,6,7,6,10,3,2,1,1,1
0,22,42,2,2,1,1,2,1,3,4,2,7,7,5,2
1,19,24,5,4,0,10,3,5,7,1,7,6,6,4,2
1,42,20,5,2,0,8,6,1,1,5,5,1,3,3,5
1,28,38,4,6,0,2,1,7,9,8,8,5,6,9,8
0,20,33,1,3,0,10,4,4,7,6,4,3,5,4,3
1,20,38,4,5,0,7,3,1,7,5,2,2,5,3,4
1,41,42,3,2,0,6,2,6,9,8,9,4,7,8,6
0,23,29,5,2,0,2,4,7,6,5,5,6,5,5,1
0,43,43,1,6,0,9,6,4,4,8,5,3,1,2,4
0,22,28,5,6,0,5,6,5,6,5,4,4,1,5,4
0,37,38,2,5,0,6,1,4,1,3,4,7,1,6,4
1,41,34,5,2,0,6,2,6,2,3,4,4,2,2,2
1,31,24,4,2,0,4,3,2,1,4,6,7,3,2,5
0,27,22,2,4,0,7,6,5,7,5,2,4,4,6,1
1,26,22,2,3,0,2,5,9,9,7,9,7,8,7,8
1,43,30,2,3,0,3,1,4,7,9,7,5,2,2,1
1,26,35,1,5,0,3,3,2,5,2,3,1,2,3,4
1,33,20,2,6,0,3,6,6,7,8,5,1,5,1,1
1,19,27,1,3,0,10,1,6,7,8,4,3,7,5,5
1,32,40,2,3,0,7,6,7,3,4,2,2,6,4,1
1,26,36,1,1,1,9,3,7,6,8,5,4,2,4,2
1,40,26,1,6,0,6,6,6,7,8,7,8,6,9,6
0,43,43,4,4,1,8,2,4,1,9,1,1,4,2,2
0,25,31,1,2,0,1,5,4,2,10,6,7,2,6,4
1,37,39,3,5,0,5,2,4,2,7,4,2,6,4,3
1,21,41,5,6,0,4,3,6,2,1,3,1,2,4,2
0,36,21,6,3,0,8,2,2,1,6,3,2,5,4,4
1,20,42,4,6,0,4,3,7,4,6,4,3,4,3,5
0,40,43,1,6,0,10,2,2,4,8,6,2,7,5,2
1,30,41,4,5,0,3,5,7,5,7,7,5,2,3,5
0,39,43,5,2,0,10,2,3,6,6,3,2,7,2,5
0,31,36,5,3,0,1,1,7,2,8,5,1,7,2,2
0,40,39,2,2,1,2,3,5,5,6,5,4,5,5,4
0,25,19,6,1,0,3,1,4,5,5,3,4,7,2,2
0,43,29,5,6,0,1,5,4,3,2,4,3,3,2,5
0,23,42,1,2,0,10,2,4,1,4,2,7,3,5,1
1,27,19,4,5,0,9,5,8,9,6,9,8,6,9,8
1,30,35,1,1,1,1,1,5,1,1,3,1,6,6,1
0,36,25,1,3,0,10,6,8,7,8,9,5,8,8,9
1,36,38,5,1,0,2,3,7,3,4,6,4,6,2,5
1,40,35,4,4,1,1,5,6,1,2,5,7,4,5,2
0,43,43,5,5,1,6,5,3,7,10,4,7,6,3,1
1,19,21,3,5,0,10,1,4,5,5,4,1,2,1,2
0,32,23,6,1,0,2,3,2,4,8,7,5,3,5,3
1,33,37,2,2,1,9,5,4,6,9,7,4,6,1,5
1,39,21,6,6,1,9,3,6,6,6,1,3,1,6,5
1,41,43,3,2,0,2,1,3,5,7,2,4,3,1,2
0,22,37,6,6,1,6,4,3,7,6,1,6,5,4,4
1,34,33,4,6,0,1,5,4,3,6,5,2,4,2,4
1,30,35,2,5,0,4,2,5,4,1,5,5,1,2,2
1,19,43,6,1,0,3,5,5,3,7,2,1,3,1,1
1,35,39,2,5,0,10,3,3,3,10,2,2,3,2,3
0,38,27,2,5,0,8,6,3,3,10,1,2,3,5,5
1,39,33,2,6,0,9,5,7,6,10,6,3,5,6,3
0,23,23,3,5,0,1,6,2,4,7,6,4,4,4,2
1,19,19,1,6,0,4,2,6,9,9,7,8,6,8,9
0,38,24,6,5,0,2,6,4,6,9,4,3,3,3,3
1,21,43,3,4,0,8,6,1,2,4,3,3,2,3,3
1,40,19,5,4,0,5,1,2,7,9,2,6,1,3,5
0,19,43,3,3,1,6,6,3,5,1,3,6,6,3,4
0,26,25,1,5,0,9,3,9,9,6,7,5,7,9,8
0,22,37,3,1,0,1,4,6,7,5,7,1,5,3,4
1,25,21,5,6,0,2,2,7,1,4,1,6,5,5,5
1,43,42,5,4,0,5,3,3,1,3,5,6,7,3,5
0,29,19,5,2,0,2,3,4,1,7,4,6,6,1,3
1,30,43,3,2,0,10,3,7,3,9,7,2,4,3,5
0,37,24,1,5,0,3,1,7,7,1,4,2,5,3,5
0,31,38,5,3,0,5,1,2,6,6,7,6,3,3,5
1,37,42,5,3,0,5,4,1,5,2,3,3,5,3,3
1,34,28,1,5,0,5,3,3,1,3,3,2,1,6,2
0,33,26,5,2,0,3,3,3,3,3,5,3,1,2,3
1,31,41,6,2,0,7,1,4,5,1,4,2,2,6,2
1,33,20,3,3,1,1,1,4,1,3,2,4,7,5,4
1,37,33,5,4,0,3,4,9,5,9,8,4,7,7,7
1,40,23,4,3,0,3,3,2,3,3,7,4,5,4,4
1,25,27,5,3,0,9,2,7,1,1,4,1,7,3,4
1,33,24,3,2,0,8,6,4,2,6,4,1,7,6,2
1,19,25,6,2,0,2,5,2,7,4,1,4,1,6,2
1,21,28,3,6,0,2,4,4,4,6,4,7,6,1,4
0,29,29,1,4,0,3,2,1,1,3,3,5,4,1,3
1,32,28,3,1,0,2,6,6,9,4,7,8,6,8,9
0,40,19,3,3,1,3,6,7,1,6,2,5,1,2,1
1,22,33,1,4,0,2,5,4,2,6,5,4,3,4,4
0,42,32,6,3,0,1,1,6,7,7,1,2,2,1,2
0,26,29,5,5,1,6,1,7,7,8,6,1,5,5,1
0,34,24,2,3,0,7,2,4,6,10,3,7,7,5,1
1,39,22,6,3,0,5,2,9,9,4,9,6,7,7,9
0,39,22,1,1,1,3,3,7,6,4,3,2,2,6,4
1,28,36,3,3,1,2,3,9,9,9,9,8,8,9,8
1,30,38,3,1,0,7,2,5,4,10,7,5,3,5,3
0,24,31,2,3,0,4,5,2,1,7,6,6,1,3,3
0,37,26,3,1,0,2,6,6,2,6,6,4,7,5,1
0,30,36,2,5,0,3,6,4,3,6,3,5,1,3,1
0,32,39,2,4,0,10,5,7,1,3,3,1,2,1,5
0,19,30,3,4,0,2,2,5,7,7,2,5,3,6,2
1,41,19,1,5,0,8,2,6,6,6,2,5,4,4,2
0,32,27,3,1,0,1,1,6,3,7,5,6,6,2,3
0,40,28,2,2,1,5,6,2,1,2,6,1,3,4,3
1,33,19,2,5,0,9,2,7,4,9,1,1,6,3,1
0,27,42,3,2,0,10,2,3,5,2,4,3,6,5,5
1,43,20,6,1,0,7,5,9,9,8,9,8,8,7,9
1,41,38,1,4,0,3,1,9,9,8,8,4,6,9,9
1,22,41,4,4,1,4,3,1,5,8,6,4,2,1,5
1,20,42,5,3,0,1,4,7,4,4,7,2,4,2,5
0,22,35,6,1,0,5,3,1,6,1,3,6,7,2,2
0,38,19,5,3,0,4,2,1,5,9,7,5,5,3,4
0,20,34,3,5,0,1,4,7,7,9,7,2,4,5,4
1,43,37,6,4,0,4,3,7,6,7,4,6,2,3,3
1,30,20,3,4,0,8,3,4,4,8,5,6,6,2,5
0,41,28,5,1,0,7,1,6,8,8,9,7,8,7,9
0,43,33,6,1,0,4,1,4,7,5,1,3,2,1,5
1,32,19,2,6,0,6,1,1,6,7,3,7,2,4,5
1,28,43,6,6,1,4,6,2,5,3,6,5,2,1,1
1,20,25,6,4,0,2,1,7,4,1,2,6,7,5,4
0,28,19,2,3,0,8,6,8,9,4,7,4,8,8,6
0,34,38,5,3,0,3,2,7,1,1,4,4,4,6,1
0,22,38,4,2,0,9,1,7,3,5,4,4,7,4,1
0,22,37,5,2,0,4,1,3,3,10,4,3,3,2,2
0,43,38,6,2,0,5,3,1,2,1,5,6,3,1,2
1,42,23,2,2,1,2,3,7,5,5,4,7,3,6,1
0,41,40,5,6,0,4,4,7,6,9,6,3,7,2,1
0,41,28,4,4,1,10,2,7,9,10,8,8,8,9,6
1,43,24,6,3,0,1,2,7,2,10,7,4,4,4,2
0,19,34,4,2,0,10,4,6,3,5,3,5,7,5,1
0,25,19,3,3,1,2,1,6,2,8,5,5,1,4,4
1,29,33,5,5,1,5,6,9,7,6,9,8,5,9,8
0,29,34,1,2,0,7,6,1,1,2,3,5,5,5,5
0,31,36,2,2,1,6,1,9,8,7,8,7,5,7,6
1,40,41,5,4,0,3,2,9,9,7,9,6,5,7,7
1,26,39,5,6,0,6,1,4,4,3,1,6,3,3,5
1,24,30,6,1,0,4,4,3,5,8,3,1,5,5,4
0,34,33,5,2,0,2,6,6,6,5,7,2,4,5,5
1,33,21,2,2,1,4,4,1,4,3,6,2,1,6,3
0,21,20,1,1,1,9,4,9,8,10,9,6,6,8,6
1,31,22,5,2,0,2,4,4,2,10,5,3,6,3,2
1,29,19,5,4,0,7,1,4,2,9,4,7,4,1,3
0,25,43,6,3,0,9,5,6,6,5,7,1,4,1,5
1,29,38,6,5,0,10,6,1,1,3,3,1,7,3,3
1,25,43,1,3,0,8,6,2,2,2,1,5,1,6,4
1,42,22,1,4,0,2,2,2,3,6,3,1,4,6,5
1,43,22,1,4,0,10,5,7,5,3,2,6,4,4,5
1,37,31,1,6,0,3,3,6,2,9,1,4,2,2,5
0,21,40,5,3,0,5,5,6,6,6,8,8,6,9,7
1,25,31,6,4,0,8,4,2,2,5,1,5,3,5,3
1,27,41,1,6,0,1,2,6,3,4,5,3,1,3,3
1,43,33,2,1,0,1,5,6,7,10,8,5,6,9,7
1,42,35,1,2,0,5,1,3,2,2,6,1,2,1,3
1,19,38,1,6,0,9,2,2,1,1,7,2,3,5,3
0,32,33,6,2,0,5,1,6,1,9,2,4,7,6,5
1,39,30,3,4,0,2,2,5,5,9,4,2,5,6,3
1,24,21,2,3,0,8,3,4,6,7,6,2,7,1,3
0,36,24,2,5,0,9,6,8,8,9,9,8,5,8,9
0,19,19,3,2,0,7,5,4,6,9,3,2,1,2,2
0,40,26,4,1,0,10,4,9,9,8,9,7,7,7,9
1,27,30,5,4,0,9,6,3,7,3,6,7,2,5,4
0,36,19,2,2,1,5,3,4,3,8,6,3,1,1,5
1,27,43,3,3,1,5,6,7,2,1,4,2,3,6,1
0,25,35,5,3,0,7,3,6,1,9,6,6,6,5,4
1,19,41,2,2,1,5,3,2,1,4,7,2,3,3,3
1,28,40,6,2,0,1,4,7,4,8,1,1,2,5,1
0,41,25,4,3,0,6,1,4,2,9,4,4,3,5,4
1,32,39,5,5,1,1,3,6,3,9,1,2,5,4,5
1,21,39,2,4,0,1,1,9,9,9,8,8,7,9,8
1,25,23,2,3,0,6,4,7,1,3,6,5,4,6,2
1,39,33,1,5,0,3,4,3,5,9,7,5,5,2,1
1,21,36,5,5,1,7,6,2,7,1,2,5,3,5,4
0,23,26,5,6,0,10,3,1,1,3,1,3,6,2,4
0,31,43,1,5,0,3,4,9,5,10,8,7,8,9,6
0,33,21,5,3,0,6,2,2,5,2,1,5,6,5,2
0,38,19,5,4,0,3,1,5,6,1,6,6,5,6,2
0,28,36,5,1,0,3,4,5,7,8,2,5,6,1,1
0,23,23,2,1,0,7,4,3,6,4,3,6,5,3,2
1,19,23,6,3,0,6,3,6,2,2,2,7,2,6,2
0,24,34,1,6,0,8,3,3,5,3,2,2,6,1,4
1,29,41,1,3,0,9,2,3,4,2,2,2,7,3,2
1,38,36,2,2,1,2,3,3,1,8,2,1,3,1,1
1,21,37,1,1,1,9,6,1,6,9,1,2,3,2,5
1,34,25,3,2,0,3,2,5,3,10,6,6,3,3,1
0,36,27,1,1,1,4,3,7,4,7,3,7,4,3,2
1,39,28,5,3,0,1,1,3,2,2,4,6,2,5,5
0,27,24,1,4,0,9,5,7,8,7,7,4,5,8,9
0,29,34,3,3,1,9,1,5,7,10,3,4,3,2,5
1,23,33,3,5,0,9,1,3,7,2,7,1,7,2,4
0,28,36,4,6,0,1,4,7,6,5,4,4,2,5,1
0,21,19,4,3,0,10,6,6,3,5,4,6,2,3,2
0,19,42,5,5,1,2,5,5,3,6,1,4,3,4,1
1,19,37,2,6,0,8,1,5,6,8,3,6,4,6,3
0,36,28,3,4,0,1,3,6,1,10,4,3,3,2,4
0,40,39,5,1,0,5,3,4,1,8,1,3,6,5,3
0,40,28,5,3,0,7,3,5,2,7,1,5,7,5,4
1,24,35,6,5,0,6,4,6,6,7,4,7,1,2,5
0,22,19,2,6,0,9,3,6,2,7,3,4,2,2,2
1,20,19,6,2,0,7,3,1,6,8,2,1,3,1,1
1,30,39,6,1,0,3,4,1,2,9,1,2,4,6,3
0,42,19,6,2,0,5,4,2,5,4,7,7,6,4,1
0,35,31,6,6,1,1,1,3,3,4,5,2,3,5,5
0,25,39,2,3,0,7,1,1,4,8,5,4,3,3,2
0,40,38,2,1,0,2,3,4,5,2,6,1,1,3,1
1,22,19,3,6,0,8,2,7,9,6,8,4,6,8,8
1,19,36,3,3,1,2,6,4,2,7,1,1,4,3,5
0,31,19,2,5,0,7,3,2,4,3,7,5,4,2,4
1,26,43,6,2,0,2,5,5,5,9,3,3,7,3,3
0,30,20,5,3,0,2,6,6,7,9,2,5,3,1,4
1,19,38,3,2,0,3,3,1,5,4,2,2,7,6,1
0,33,19,2,3,0,2,4,6,5,4,4,3,2,2,5
1,35,27,2,1,0,6,3,4,1,6,3,4,7,4,2
0,23,43,1,1,1,9,5,8,9,8,7,6,6,9,8
0,37,27,3,3,1,6,1,1,1,9,1,7,6,5,5
0,31,38,2,5,0,3,1,7,7,3,2,1,5,2,3
0,27,32,5,3,0,5,4,5,5,10,6,1,7,1,3
0,27,30,5,5,1,6,5,6,7,10,9,5,8,9,9
1,29,40,6,1,0,2,3,4,2,1,5,4,3,1,1
0,41,25,6,4,0,8,3,5,7,3,5,5,3,4,5
1,32,25,1,2,0,10,4,1,3,2,2,4,1,4,2
0,43,43,4,1,0,8,5,7,9,9,8,8,8,7,8
1,29,43,5,1,0,3,2,2,3,7,5,4,5,3,3
1,25,30,1,1,1,5,3,5,1,5,4,4,3,6,5
1,41,43,5,6,0,4,4,4,3,5,5,7,6,3,3
1,27,32,3,6,0,1,6,2,1,3,6,3,2,1,4
0,20,25,2,3,0,6,6,5,7,7,4,3,3,5,1
0,43,32,4,6,0,6,6,4,2,2,4,6,3,2,2
0,34,24,2,4,0,2,5,3,3,5,4,3,1,4,2
0,33,33,3,1,0,7,2,7,5,7,1,2,3,4,1
0,21,25,4,3,0,7,1,7,5,9,4,5,5,3,3
0,43,42,4,1,0,9,2,2,4,7,2,4,2,2,4
1,20,37,4,1,0,5,3,5,6,2,2,5,3,5,2
0,19,27,6,4,0,1,6,6,1,7,3,3,6,3,2
1,26,26,6,6,1,7,1,1,5,1,2,3,4,3,2
0,32,20,2,6,0,7,5,3,7,2,5,4,7,2,3
1,35,30,2,5,0,3,2,4,2,6,7,5,5,2,5
1,19,19,3,4,0,3,3,2,3,2,7,3,3,3,1
0,37,24,1,4,0,9,2,9,7,8,8,5,7,9,9
1,31,37,5,5,1,5,2,2,4,5,7,7,6,6,1
0,24,39,4,2,0,5,3,1,4,8,7,1,3,3,3
0,42,20,2,5,0,9,1,6,7,5,8,5,5,9,9
1,31,37,1,4,0,4,1,2,1,2,2,7,5,6,1
0,35,25,2,2,1,9,2,6,1,9,4,7,2,4,2
1,43,42,4,6,0,1,6,8,9,7,9,5,8,7,8
1,22,36,3,2,0,5,6,6,2,1,5,4,6,4,2
0,25,28,6,6,1,5,5,2,2,1,3,7,4,1,1
0,43,19,1,6,0,6,3,5,4,7,7,2,1,2,3
1,35,39,2,3,0,2,3,1,5,6,2,1,1,6,2
0,31,27,3,6,0,5,6,1,3,2,6,5,4,5,5
0,22,43,4,4,1,6,2,4,4,10,7,5,4,6,4
1,41,42,5,5,1,8,6,7,1,8,1,7,3,3,1
0,32,43,4,2,0,4,2,5,4,9,6,3,5,5,1
0,32,34,5,3,0,10,5,4,3,10,7,3,5,1,5
1,29,34,6,5,0,9,6,4,1,3,3,6,6,6,3
0,29,29,5,3,0,5,3,2,4,1,3,5,6,1,3
1,33,19,5,1,0,9,6,7,2,7,1,1,2,4,3
1,40,24,5,6,0,6,5,2,4,10,6,6,2,5,3
1,31,39,1,2,0,1,6,6,5,9,6,7,6,3,1
0,20,32,3,2,0,6,3,2,6,3,4,3,1,1,1
0,25,24,1,4,0,4,4,7,5,10,6,7,2,1,4
0,31,28,1,5,0,6,3,3,2,6,4,7,4,6,1
0,27,24,3,2,0,1,4,5,2,6,4,5,7,2,1
1,38,22,3,6,0,4,1,4,2,4,4,6,3,5,4
1,42,19,2,3,0,1,2,6,4,10,4,7,5,5,5
0,19,43,2,2,1,5,2,2,4,9,3,7,6,4,1
1,19,37,4,5,0,3,5,6,5,7,1,4,1,6,4
1,20,34,5,6,0,9,6,3,3,1,6,4,2,2,5
0,34,37,2,4,0,4,6,8,8,10,9,5,8,8,9
1,20,43,3,1,0,3,2,6,5,9,3,3,5,5,4
1,25,35,5,3,0,1,1,9,5,6,9,6,8,8,8
1,39,22,1,6,0,8,6,7,6,8,9,6,7,9,9
0,22,34,3,2,0,1,4,4,7,2,4,5,7,2,4
0,26,36,4,4,1,2,3,7,7,2,3,3,6,1,4
0,23,41,5,2,0,8,6,4,2,9,7,5,1,5,2
0,43,24,6,6,1,7,2,6,5,7,5,6,1,1,1
1,32,33,4,6,0,10,6,3,7,9,2,2,7,6,1
1,28,28,5,3,0,1,2,7,7,3,3,3,4,4,3
1,38,42,2,5,0,4,6,7,4,3,5,1,7,2,4
1,41,31,6,1,0,6,4,2,6,6,4,6,1,3,1
0,40,38,5,4,0,3,5,3,6,8,6,1,7,5,5
1,42,31,4,6,0,7,1,1,5,5,5,1,4,2,5
1,33,37,6,1,0,10,5,5,6,7,7,7,1,3,2
1,29,23,5,3,0,4,2,6,3,10,2,7,4,5,4
1,38,43,6,6,1,5,1,3,2,1,4,7,6,4,5
0,37,27,1,4,0,2,2,7,6,3,4,6,3,3,1
1,42,33,6,6,1,9,4,2,5,10,5,7,5,3,4
1,22,43,4,6,0,5,2,1,2,3,1,3,6,5,4
1,25,42,5,4,0,6,4,7,1,8,5,4,3,4,1
0,34,31,6,3,0,7,2,4,6,5,4,7,2,2,3
1,42,25,5,1,0,8,5,7,1,6,2,1,5,4,3
0,19,43,3,4,0,10,2,7,1,7,6,4,7,1,2
1,33,27,1,4,0,8,2,3,4,3,3,7,2,6,5
1,31,25,4,6,0,4,5,7,3,10,4,7,5,2,1
1,39,21,3,3,1,4,3,4,5,4,3,6,2,2,1
0,40,40,3,3,1,4,5,1,1,7,2,1,1,4,1
0,30,31,2,3,0,10,6,8,6,9,8,7,8,9,6
0,27,34,6,6,1,6,4,1,2,3,1,6,7,2,5
0,19,33,6,5,0,4,4,7,7,7,1,5,3,1,2
1,23,30,6,2,0,1,6,4,7,2,4,5,7,3,1
1,30,40,3,2,0,3,2,9,5,5,8,4,6,7,6
0,26,39,2,3,0,5,5,7,2,7,7,4,4,4,5
1,19,32,6,6,1,2,5,1,1,5,7,5,4,3,1
0,39,31,5,3,0,7,2,6,7,5,2,3,6,1,5
0,35,31,3,3,1,10,2,3,5,4,4,1,7,2,5
0,36,37,2,1,0,9,6,3,1,3,6,3,7,3,4
0,30,24,5,1,0,10,5,1,1,9,4,1,1,5,1
0,35,25,6,4,0,9,6,7,7,3,2,5,7,6,3
0,31,33,2,1,0,2,3,4,3,10,2,6,6,1,3
1,19,20,6,4,0,8,1,6,1,8,5,4,3,3,5
1,29,39,5,3,0,6,1,6,2,9,2,3,5,1,1
0,41,35,6,4,0,6,3,6,7,6,3,1,7,6,2
0,36,37,2,3,0,5,6,1,2,9,1,4,5,5,4
0,19,31,4,4,1,7,3,3,6,2,4,1,5,3,2
0,40,41,3,6,0,10,5,4,1,7,5,2,4,2,2
1,24,22,1,1,1,2,3,6,4,2,2,2,5,4,2
1,41,39,6,3,0,7,3,4,3,2,1,6,5,5,5
1,26,39,1,3,0,8,4,5,7,7,3,4,5,2,5
0,19,19,3,3,1,5,2,3,4,1,7,1,7,6,4
1,34,39,5,4,0,4,5,5,5,6,4,5,2,1,3
0,37,23,2,2,1,7,3,5,3,3,1,2,2,4,2
1,19,24,2,5,0,4,2,5,7,3,5,6,1,2,4
0,25,38,5,5,1,9,5,9,6,8,9,6,6,9,9
0,21,34,2,1,0,5,3,9,9,10,9,6,5,9,6
1,35,24,3,5,0,8,1,6,9,9,9,8,8,9,6
1,36,43,2,4,0,7,4,2,3,6,1,6,3,6,4
0,19,34,3,3,1,2,1,4,4,1,4,6,3,3,5
0,40,42,6,5,0,6,3,7,6,10,3,6,5,2,5
1,31,31,3,2,0,5,5,2,3,1,4,6,3,6,2
0,43,36,2,1,0,8,3,7,8,10,9,4,8,7,8
0,19,22,1,1,1,6,3,2,2,9,6,7,6,4,5
1,22,30,1,5,0,6,6,4,7,5,7,6,6,2,4
1,42,21,3,4,0,1,1,4,1,2,4,2,7,2,3
1,24,19,3,1,0,4,6,3,5,6,7,5,1,4,3
1,30,19,3,5,0,9,5,9,9,8,8,7,8,8,9
1,30,43,2,1,0,4,2,1,6,4,5,2,2,5,1
0,30,37,6,5,0,7,2,1,5,3,2,6,5,5,5
1,23,43,1,1,1,10,6,6,8,8,8,6,6,9,7
1,20,28,2,2,1,2,2,7,6,8,1,1,7,1,4
0,35,36,6,5,0,6,3,7,9,10,9,5,8,9,9
1,29,43,4,5,0,9,3,1,5,1,4,4,5,5,5
0,19,31,3,1,0,7,2,6,2,5,4,1,1,2,1
0,40,42,5,3,0,8,4,2,1,8,4,7,4,5,2
1,32,33,5,6,0,4,4,4,1,2,1,4,2,5,4
0,28,19,6,1,0,3,1,7,7,10,2,5,7,2,1
0,24,21,4,6,0,1,1,2,1,1,6,3,3,1,3
0,28,23,4,4,1,10,1,2,1,10,1,1,4,2,1
1,32,23,6,4,0,8,2,5,2,4,5,6,1,5,1
1,27,40,3,1,0,3,6,4,4,4,2,2,2,2,1
1,39,40,3,4,0,3,3,6,7,5,7,5,7,9,6
0,28,43,5,5,1,10,2,4,4,3,2,5,6,6,1
1,27,21,5,3,0,4,1,7,5,5,6,3,6,1,5
1,31,34,4,1,0,5,5,4,6,6,7,6,5,4,3
0,42,43,4,6,0,6,4,2,2,5,6,1,6,2,3
0,30,22,5,6,0,4,4,6,5,5,7,2,5,5,1
0,20,26,6,5,0,4,5,4,1,5,5,5,7,2,4
1,43,19,3,3,1,6,1,1,4,7,6,3,3,4,5
0,43,21,3,3,1,9,6,2,4,10,2,6,7,3,2
1,39,40,1,6,0,2,5,2,1,6,6,7,5,6,4
0,28,36,1,4,0,3,6,5,2,5,6,1,3,2,5
0,24,36,3,5,0,1,4,7,1,4,4,2,3,6,2
1,25,20,4,3,0,1,5,1,1,5,3,7,3,6,4
0,36,19,2,3,0,8,1,2,7,10,6,3,4,4,1
1,27,39,4,1,0,1,3,6,6,1,7,1,6,2,3
1,37,22,6,6,1,4,2,4,5,9,7,5,7,6,1
1,41,26,6,4,0,10,5,2,6,2,3,4,4,3,1
0,38,29,5,1,0,5,2,1,6,8,5,4,7,3,2
1,34,42,2,1,0,3,1,4,7,5,1,4,5,2,5
1,35,19,2,2,1,1,6,3,1,5,4,1,6,2,5
0,35,35,3,3,1,8,5,3,7,8,6,5,2,3,4
1,20,23,6,2,0,10,2,4,7,1,4,6,5,3,3
0,43,28,5,5,1,1,5,1,3,3,1,4,7,4,1
1,28,31,1,1,1,3,1,2,7,5,5,1,3,2,1
0,42,21,1,1,1,4,1,3,5,9,1,1,6,5,5
0,43,43,1,2,0,8,5,7,8,6,8,8,6,7,7
1,21,19,4,6,0,2,4,3,7,10,2,1,3,6,2
1,41,31,3,5,0,2,1,4,5,9,3,6,4,2,3
0,41,36,1,1,1,8,6,3,7,8,4,5,5,5,5
1,36,41,6,1,0,7,6,6,8,9,7,8,7,8,9
0,24,42,1,3,0,10,4,5,2,2,5,5,4,4,5
1,28,19,6,1,0,1,4,2,5,6,4,3,6,6,4
1,40,25,6,1,0,8,6,1,3,4,7,3,5,4,2
1,32,37,3,5,0,4,2,6,3,1,6,5,7,5,2
0,35,36,6,4,0,2,2,7,1,2,2,1,1,3,4
0,39,22,1,1,1,3,5,7,6,10,7,7,8,8,9
0,31,35,3,1,0,8,2,4,1,4,6,6,2,2,2
1,30,23,5,5,1,6,3,2,1,3,2,1,4,2,4
0,38,40,6,3,0,7,6,7,5,9,2,7,2,1,4
0,37,30,2,2,1,1,2,7,9,8,9,5,8,8,9
0,22,23,5,5,1,9,5,5,6,2,4,1,1,3,2
1,20,34,3,6,0,2,6,5,2,3,1,4,2,3,4
1,25,20,6,1,0,9,4,6,9,4,9,7,7,9,7
1,42,20,4,6,0,10,2,5,3,4,5,2,4,3,1
0,30,21,6,2,0,1,5,2,1,3,3,5,1,5,2
0,28,31,3,6,0,5,5,4,5,10,6,7,6,3,3
0,29,26,1,5,0,1,1,7,1,6,1,4,7,2,1
1,29,39,4,5,0,6,1,5,7,1,1,2,2,4,1
0,32,26,1,4,0,9,5,6,9,10,7,5,5,9,9
1,38,35,3,6,0,5,3,2,7,3,5,6,2,5,1
1,41,32,6,6,1,6,4,7,2,5,3,4,2,3,2
1,31,25,3,2,0,5,5,2,2,10,1,1,4,5,3
1,43,35,2,1,0,5,4,9,6,4,9,4,5,9,6
1,40,34,6,1,0,3,3,1,1,7,7,7,2,5,2
1,36,25,4,4,1,9,2,4,3,2,2,7,1,4,3
1,27,19,3,4,0,7,1,4,4,9,5,6,2,1,4
1,36,43,2,1,0,6,1,5,1,8,7,1,2,3,4
1,25,32,5,2,0,1,6,3,7,1,4,7,4,5,4
1,21,32,2,4,0,9,1,5,6,5,3,1,1,2,3
0,30,32,4,5,0,9,4,7,3,8,7,6,2,3,3
1,42,24,4,6,0,10,1,4,2,7,4,5,4,1,2
1,43,32,3,2,0,7,3,5,1,5,1,7,7,2,2
1,23,34,5,4,0,10,3,8,9,4,9,5,8,7,8
1,40,30,5,2,0,6,4,5,5,2,1,4,4,5,2
0,25,31,4,6,0,8,3,5,7,4,1,1,7,1,2
1,19,28,5,6,0,4,2,2,3,3,4,4,6,2,1
0,35,28,2,1,0,9,2,2,4,9,4,7,6,2,1
1,27,24,1,6,0,8,1,3,2,9,4,7,4,5,4
1,38,33,3,6,0,7,6,4,1,3,4,1,6,3,4
1,32,31,5,6,0,10,3,2,1,2,7,7,1,1,4
0,33,30,1,4,0,6,3,2,7,7,7,2,7,5,2
0,35,25,6,3,0,3,2,9,9,6,7,5,8,7,6
1,43,21,2,1,0,3,1,4,6,8,2,5,7,6,5
1,30,43,1,3,0,1,3,7,3,4,3,1,3,5,1
1,27,33,4,6,0,2,6,6,5,1,7,4,3,1,2
1,30,19,6,2,0,9,2,6,6,3,2,6,2,1,4
0,39,31,5,4,0,10,4,3,4,3,7,3,1,3,4
1,21,43,6,4,0,3,3,1,1,1,1,2,5,4,3
1,19,30,1,5,0,6,3,6,7,4,7,8,7,8,8
1,27,32,2,2,1,10,4,3,6,1,6,1,3,3,3
1,22,21,4,3,0,8,2,3,1,7,2,1,3,1,4
0,41,43,3,6,0,5,3,7,6,9,1,4,1,6,4
1,25,33,1,2,0,10,4,5,6,4,1,4,5,3,4
0,34,32,1,1,1,8,4,3,2,4,5,1,2,6,2
0,19,22,5,1,0,6,3,2,5,7,3,7,6,2,3
1,38,37,1,2,0,1,2,1,6,5,2,4,4,1,4
0,40,24,1,2,0,8,5,3,3,7,2,6,1,3,2
1,36,36,5,1,0,4,4,1,5,7,2,6,3,5,5
0,32,41,1,5,0,3,1,4,5,7,2,3,5,3,5
0,43,23,4,3,0,3,6,4,3,6,2,4,2,4,4
0,34,30,6,6,1,3,4,7,5,9,6,6,1,5,5
0,36,35,6,5,0,6,6,6,7,5,3,1,2,3,2
1,28,35,4,1,0,9,3,2,7,3,5,7,1,4,4
1,19,43,5,1,0,3,3,6,7,10,4,7,6,5,4
1,29,42,4,5,0,10,5,6,4,10,1,2,5,4,4
0,36,30,6,3,0,3,4,5,7,6,4,1,4,6,3
1,31,27,3,5,0,9,3,1,3,6,7,1,6,1,5
1,25,19,5,1,0,8,3,4,4,2,6,6,1,2,5
1,29,32,3,1,0,2,1,6,1,9,1,2,2,6,1
0,36,30,3,4,0,5,2,6,4,8,6,5,6,1,5
0,35,19,4,2,0,3,5,3,2,4,3,5,1,1,1
0,35,35,6,3,0,4,5,7,2,9,5,5,1,3,2
0,43,20,2,6,0,6,3,1,1,2,4,5,6,5,1
0,32,22,3,1,0,9,2,2,2,10,2,2,2,1,3
1,26,25,1,5,0,10,5,6,9,5,7,8,8,9,7
0,43,37,3,5,0,4,4,1,1,10,6,3,1,5,5
0,29,30,4,3,0,8,4,7,2,9,3,2,7,5,3
1,29,23,3,4,0,2,5,2,6,7,6,1,4,4,1
1,43,34,5,2,0,1,6,4,2,5,4,1,4,2,3
1,39,42,1,2,0,8,4,9,5,6,7,4,8,8,9
1,19,33,1,2,0,2,2,6,1,6,7,7,6,3,3
1,43,31,1,6,0,10,1,4,7,5,5,6,7,6,1
1,19,42,1,3,0,2,2,5,2,1,2,3,5,1,2
1,25,19,4,2,0,5,2,9,9,10,7,8,8,7,7
1,40,19,4,6,0,1,2,5,2,6,5,5,3,2,4
0,39,35,2,1,0,5,6,4,5,9,7,5,7,6,2
1,28,26,3,2,0,5,5,7,3,7,1,2,5,5,3
0,27,29,6,6,1,3,5,8,6,6,8,7,7,9,8
1,34,33,2,5,0,8,5,7,6,1,3,2,5,6,5
0,28,36,5,6,0,3,4,1,5,1,1,7,2,1,5
0,23,43,5,6,0,3,4,7,7,10,2,4,3,2,5
0,28,33,6,6,1,6,2,3,4,10,4,6,7,4,2
1,27,31,1,4,0,6,3,4,7,4,5,5,1,3,2
1,43,21,2,2,1,4,2,4,5,3,7,7,5,3,1
1,40,28,6,1,0,6,1,4,7,10,3,4,7,6,2
0,23,34,5,3,0,9,6,7,3,3,5,3,2,6,2
1,28,33,3,2,0,7,6,6,5,4,6,2,6,4,1
0,42,39,3,3,1,6,3,4,6,1,7,3,4,3,4
1,25,20,4,4,1,1,1,7,5,7,2,4,3,4,2
1,31,29,3,3,1,6,4,8,9,6,9,5,6,8,8
0,19,32,1,4,0,7,3,1,4,1,6,3,4,5,5
1,42,21,6,3,0,2,3,4,1,4,4,6,3,3,1
1,19,42,5,5,1,5,6,6,7,7,7,4,8,7,7
0,23,40,3,3,1,5,1,6,5,2,6,2,1,2,1
1,43,19,2,6,0,9,6,7,6,2,2,7,2,5,3
0,43,33,2,2,1,4,1,6,3,10,1,1,3,1,1
1,26,22,5,4,0,3,2,7,7,4,6,6,7,6,5
1,39,40,1,5,0,1,6,7,7,10,2,2,7,4,1
0,30,38,3,2,0,2,3,8,7,5,7,7,8,7,9
0,21,30,4,5,0,9,1,8,5,9,8,7,6,7,7
1,26,31,1,5,0,7,2,9,8,7,9,8,6,9,6
1,41,32,4,6,0,7,5,4,2,3,3,7,3,4,1
1,24,33,3,3,1,1,2,2,6,4,1,2,5,4,3
0,22,43,3,1,0,6,2,8,8,4,9,4,8,8,9
1,41,37,5,3,0,10,2,5,4,10,5,7,3,2,5
0,36,32,5,2,0,5,4,7,4,7,6,6,4,5,5
1,23,43,1,1,1,6,4,2,6,6,3,4,1,1,2
1,24,23,2,3,0,1,6,3,1,3,3,5,3,6,5
1,26,42,5,1,0,8,6,7,6,7,4,4,5,4,5
1,21,42,5,1,0,6,1,4,4,2,4,7,4,2,4
0,41,31,3,4,0,9,2,9,9,7,8,7,8,8,9
0,23,33,5,5,1,4,4,1,1,8,2,1,2,5,1
0,35,22,2,1,0,6,5,9,6,7,9,7,7,9,6
0,40,40,3,6,0,6,6,4,2,1,4,4,6,6,4
1,32,26,4,5,0,9,5,4,4,1,6,7,1,3,1
0,39,20,5,6,0,6,6,4,2,4,5,1,1,1,3
1,39,29,5,3,0,5,6,7,7,9,5,4,5,2,2
0,38,30,2,1,0,1,4,9,9,6,8,8,8,9,7
1,35,41,3,4,0,5,2,1,3,4,4,1,5,1,3
1,42,19,6,2,0,5,4,4,4,7,7,2,4,6,4
1,24,40,1,4,0,3,5,9,6,8,8,8,7,7,7
0,43,41,3,2,0,10,3,8,8,8,9,8,8,9,9
1,27,19,4,3,0,4,4,3,6,4,7,6,2,2,3
0,43,26,3,6,0,2,5,6,7,7,9,6,6,9,9
1,37,27,1,4,0,4,6,9,6,4,9,6,6,8,6
0,38,19,3,2,0,5,2,7,5,1,5,1,2,6,5
0,39,41,6,2,0,10,4,3,5,9,7,2,7,5,4
0,27,42,2,5,0,9,2,7,1,5,7,4,4,4,2
0,32,37,2,6,0,2,5,6,5,8,3,7,7,4,1
0,38,32,2,1,0,9,1,2,6,4,2,3,1,1,5
1,40,34,6,3,0,2,5,1,5,3,2,2,6,5,5
0,40,34,2,6,0,3,2,4,4,5,7,4,3,5,4
0,21,20,2,4,0,6,5,3,4,1,6,4,6,3,2
0,20,36,3,4,0,7,3,6,7,9,1,4,7,4,5
1,43,30,3,3,1,8,3,2,1,8,7,7,5,6,5
0,42,31,2,3,0,10,3,6,3,8,7,1,7,1,4
1,26,43,4,4,1,8,4,7,8,6,9,6,6,9,7
0,42,43,1,2,0,4,4,7,6,4,5,1,2,4,5
0,24,27,2,4,0,3,4,7,6,6,9,5,5,7,6
1,27,40,2,5,0,3,3,3,7,4,6,3,1,5,3
0,19,37,2,5,0,1,4,1,1,9,1,1,5,3,5
0,37,38,1,6,0,5,3,3,1,7,3,7,1,5,3
0,43,30,5,5,1,2,4,2,1,5,3,3,3,6,3
1,30,19,3,4,0,10,6,1,6,2,7,7,6,1,3
1,21,33,5,5,1,4,1,6,5,5,8,8,6,9,9
0,37,25,4,6,0,6,5,1,7,10,2,6,2,6,5
0,20,19,6,3,0,8,1,3,6,6,7,1,7,3,2
1,39,24,1,1,1,8,1,4,6,5,3,2,2,2,2
0,33,29,4,2,0,5,2,9,6,4,9,8,5,9,9
0,36,41,4,2,0,3,6,5,6,4,3,6,5,2,4
0,37,32,6,4,0,8,1,1,7,4,5,1,6,5,4
1,28,24,2,5,0,8,6,5,5,3,4,2,1,3,5
0,32,36,3,6,0,6,1,4,1,5,3,6,6,5,3
1,19,43,1,1,1,7,1,7,7,1,2,1,1,1,1
1,39,27,1,1,1,5,5,4,5,5,6,5,7,3,3
0,36,40,1,3,0,8,4,3,6,9,5,6,6,1,2
1,22,35,1,6,0,7,5,5,6,4,5,3,4,2,2
1,37,19,6,5,0,1,4,7,6,1,6,3,6,6,1
0,43,23,2,1,0,7,5,1,4,3,5,6,1,3,1
0,34,38,5,2,0,9,2,1,3,10,1,3,7,4,4
0,20,36,5,5,1,3,3,7,3,7,5,2,3,6,2
0,28,34,3,4,0,6,5,7,6,6,2,7,3,4,2
0,19,23,5,2,0,7,3,2,1,8,7,5,7,3,3
0,26,35,2,5,0,1,5,9,8,10,9,4,8,8,8
1,37,19,5,3,0,10,3,1,7,3,7,6,1,4,2
1,19,35,1,1,1,4,6,4,4,6,2,2,4,4,4
1,19,22,1,1,1,6,2,1,7,6,6,2,6,2,1
1,28,31,2,2,1,1,6,7,1,3,1,3,3,3,3
1,34,23,2,1,0,4,4,7,3,2,1,2,6,6,5
1,24,37,1,2,0,6,2,7,1,9,6,5,4,5,5
1,20,37,2,6,0,1,1,2,4,1,4,4,1,6,4
0,38,38,5,5,1,5,5,9,8,6,8,4,5,7,7
1,40,26,6,4,0,2,4,3,2,5,1,2,3,5,5
0,42,23,4,2,0,1,3,5,5,7,3,2,7,6,5
1,38,23,3,1,0,10,6,4,3,8,2,7,4,5,2
1,25,36,6,5,0,10,5,2,1,3,7,5,7,3,3
1,26,43,4,6,0,10,1,1,3,10,2,2,2,1,2
1,24,43,1,5,0,10,5,4,3,9,4,1,7,3,1
0,33,26,1,2,0,1,1,3,3,10,1,4,3,3,1
1,35,40,5,6,0,5,6,3,6,1,1,1,3,2,3
1,26,23,6,6,1,3,6,7,7,8,9,4,8,7,9
1,20,32,5,5,1,5,2,4,5,8,1,5,1,3,3
0,33,19,5,3,0,9,1,3,2,2,4,2,5,5,1
1,40,36,3,2,0,4,3,1,2,10,3,7,6,3,1
1,35,33,5,6,0,1,5,7,1,10,1,5,2,5,5
1,38,33,3,4,0,7,6,7,6,5,6,2,4,5,1
1,29,40,4,1,0,5,1,4,5,7,1,3,3,2,1
1,25,29,4,4,1,8,5,7,2,4,6,4,3,2,1
1,32,21,4,3,0,5,4,3,2,1,4,2,4,1,5
0,24,40,6,5,0,8,1,3,6,5,2,1,4,4,3
1,32,19,6,2,0,4,2,6,6,8,5,7,6,2,5
1,36,42,4,4,1,2,1,7,4,1,7,2,6,5,2
1,27,43,3,3,1,3,3,6,5,8,4,3,2,3,2
0,28,34,2,5,0,10,1,4,5,2,4,4,1,3,3
0,30,28,3,4,0,9,1,4,1,7,2,2,2,5,3
0,35,39,3,1,0,6,2,7,1,4,2,3,5,5,1
0,30,25,3,1,0,6,2,9,8,5,8,8,7,8,8
1,23,30,2,3,0,8,5,8,8,7,7,4,8,9,7
1,40,31,6,6,1,7,2,9,6,6,7,8,6,9,7
0,34,19,1,5,0,8,4,2,4,2,4,1,5,3,5
0,42,20,2,1,0,1,6,7,8,7,9,6,8,8,7
1,34,22,6,5,0,2,3,3,4,2,3,2,5,6,2
0,24,39,6,3,0,7,5,2,6,5,7,2,7,4,3
1,28,25,5,2,0,8,1,8,6,9,8,4,8,9,9
0,42,41,5,3,0,6,2,3,1,9,4,6,6,1,5
1,34,43,6,4,0,5,4,6,4,6,4,5,3,1,4
0,29,41,3,3,1,2,4,7,5,4,7,6,2,5,3
0,41,19,1,5,0,4,1,6,6,3,1,2,5,4,2
0,23,33,4,3,0,6,5,5,3,10,5,3,4,1,4
0,33,24,3,5,0,8,1,5,7,5,5,2,4,2,1
0,40,26,6,1,0,2,3,7,5,9,3,7,5,1,2
0,34,37,2,5,0,5,1,6,5,4,5,2,1,3,2
1,20,43,3,3,1,1,1,7,1,3,5,6,7,3,5
1,39,19,5,4,0,9,5,2,1,1,7,3,6,1,4
0,37,19,2,6,0,1,3,5,2,10,4,3,2,3,2
0,19,22,3,2,0,5,6,5,5,6,7,4,1,5,5
1,23,25,6,1,0,6,5,2,5,3,4,7,1,1,2
1,32,29,1,3,0,9,1,7,5,2,3,1,4,4,3
0,29,40,1,1,1,10,6,6,1,10,6,7,1,4,5
0,36,40,5,3,0,4,5,4,7,5,5,7,2,1,3
1,36,39,1,6,0,4,2,7,3,8,5,5,6,5,2
1,32,26,4,6,0,7,5,4,1,1,4,6,5,3,4
1,33,33,2,6,0,7,2,2,5,6,7,4,4,3,1
0,19,40,5,4,0,3,4,6,4,8,6,6,4,2,5
1,24,31,4,4,1,4,6,7,5,7,8,5,7,8,9
1,28,19,6,6,1,1,3,5,7,3,4,5,6,1,3
1,42,19,2,5,0,8,5,6,2,2,3,6,6,1,3
0,40,34,6,5,0,9,1,2,2,8,7,7,4,2,5
1,19,19,4,6,0,2,3,6,9,9,7,8,8,9,6
1,30,31,5,3,0,5,3,3,2,5,3,7,4,2,4
0,20,32,3,2,0,4,6,5,3,10,3,5,6,1,3
0,19,30,6,2,0,4,4,2,4,2,2,2,7,1,2
0,29,34,1,5,0,8,3,7,8,5,9,6,8,7,8
1,29,30,6,4,0,9,1,6,6,5,7,4,6,6,5
0,42,43,2,1,0,2,2,5,6,3,2,2,4,1,2
1,33,32,5,1,0,6,3,4,1,9,4,6,4,5,1
0,39,23,6,4,0,6,1,5,7,6,2,7,6,4,3
1,42,34,1,3,0,5,6,4,1,5,1,5,3,5,3
0,43,40,3,5,0,1,3,8,5,6,9,8,6,7,9
1,23,21,2,5,0,5,3,3,6,8,4,2,7,5,5
1,29,19,5,4,0,10,5,5,2,7,4,5,5,3,2
0,28,33,5,4,0,5,1,1,4,3,6,4,4,4,1
1,43,20,1,3,0,2,3,5,5,10,4,1,5,5,1
1,43,33,5,5,1,2,3,6,4,4,4,7,2,4,3
1,38,35,4,1,0,4,5,2,7,5,1,1,5,1,5
1,19,19,6,1,0,7,3,1,6,10,1,6,7,4,1
0,36,37,5,4,0,3,2,7,1,1,4,7,4,5,3
0,43,24,4,2,0,9,4,7,4,10,6,2,5,3,3
1,19,26,4,1,0,4,3,2,1,7,1,1,6,2,3
1,43,37,2,3,0,9,3,4,7,7,1,6,4,2,2
1,25,28,1,2,0,6,4,1,4,9,7,7,6,3,5
0,22,38,2,5,0,3,5,1,6,5,7,6,6,5,4
1,35,35,4,2,0,4,2,3,2,1,2,4,1,2,1
0,39,34,3,4,0,7,4,2,7,2,5,1,3,1,5
1,32,21,3,3,1,10,1,3,1,1,4,1,3,4,2
1,38,30,5,2,0,1,4,7,4,3,7,6,5,3,5
0,19,24,5,5,1,9,3,4,6,5,7,6,4,1,5
0,33,21,6,1,0,10,2,8,6,10,8,7,8,9,8
0,20,36,1,6,0,6,5,3,7,7,7,7,3,2,5
0,33,43,6,2,0,7,4,9,5,8,9,4,8,8,6
1,43,27,5,3,0,6,2,3,3,2,5,4,5,6,5
1,23,29,4,6,0,1,5,4,4,5,3,3,2,2,3
1,33,43,6,5,0,8,4,7,2,4,1,2,2,1,2
1,39,36,5,3,0,10,1,2,1,3,1,7,6,5,5
1,41,32,2,5,0,6,5,6,6,7,7,3,5,2,5
1,43,43,4,5,0,2,4,5,5,7,4,7,1,6,5
1,22,25,2,1,0,8,4,5,3,1,7,5,7,6,5
0,34,19,6,3,0,9,2,3,5,5,5,5,3,3,5
0,35,38,1,5,0,8,4,1,1,7,7,4,1,5,1
1,21,31,4,5,0,5,3,2,5,5,5,7,4,2,1
0,34,22,3,4,0,6,2,9,9,8,7,4,8,8,8
0,28,33,6,3,0,10,6,3,6,1,1,2,6,5,1
1,33,36,1,3,0,1,3,1,5,10,4,6,3,3,2
0,27,26,6,6,1,3,6,6,3,3,5,5,4,4,2
0,43,37,3,2,0,2,6,1,7,9,7,7,5,3,4
1,32,41,1,5,0,2,4,3,5,6,3,7,4,1,2
0,38,40,6,5,0,8,2,2,3,2,7,5,3,2,1
0,27,22,3,3,1,3,6,7,5,1,1,4,6,4,1
1,35,33,4,5,0,7,3,7,7,4,9,6,8,7,6
0,41,35,3,6,0,9,6,5,5,9,7,6,7,6,5
1,42,32,3,3,1,2,3,7,8,7,7,8,5,8,7
1,42,20,4,2,0,6,5,5,5,8,7,7,7,3,1
1,42,43,5,5,1,6,5,5,7,9,5,3,1,2,3
1,24,26,3,3,1,2,5,5,2,2,7,2,3,4,4
1,19,43,4,6,0,6,4,8,5,9,9,7,6,8,6
0,28,22,2,6,0,3,3,6,3,6,7,1,4,3,5
1,35,22,6,1,0,7,5,7,6,1,2,7,3,3,2
0,36,19,1,1,1,10,5,2,6,1,4,6,7,2,4
1,34,27,6,3,0,10,5,2,2,6,2,3,1,5,5
1,25,25,3,6,0,1,6,3,4,3,2,5,2,5,5
1,37,36,3,6,0,9,2,3,6,9,4,6,6,4,5
1,33,41,2,4,0,1,4,4,4,1,4,5,6,2,2
0,20,19,2,4,0,6,1,2,6,9,5,7,4,3,4
0,43,32,3,2,0,3,5,6,7,5,1,6,5,4,1
0,26,33,6,6,1,1,3,4,4,7,6,5,1,2,2
1,39,21,5,3,0,4,6,1,3,5,1,7,4,6,3
0,37,22,1,4,0,9,4,6,6,4,7,7,5,9,9
0,29,32,6,6,1,7,2,7,5,9,3,2,4,5,3
1,25,34,6,4,0,1,1,7,6,5,1,4,5,3,4
1,42,42,1,4,0,3,2,6,7,1,3,6,3,3,1
1,36,38,4,4,1,6,6,2,5,4,7,4,2,2,4
1,27,30,2,4,0,4,4,2,5,6,4,7,1,3,1
0,43,20,3,6,0,7,4,5,7,4,7,1,1,5,4
1,38,34,3,3,1,8,6,3,7,4,2,5,1,3,2
1,26,33,1,4,0,2,3,6,2,4,5,1,5,4,4
1,22,33,4,2,0,3,6,7,3,10,4,1,6,5,1
1,32,25,3,2,0,4,5,6,2,3,2,5,2,5,4
1,24,19,2,4,0,3,4,7,4,6,1,1,2,2,5
1,41,23,5,2,0,1,1,1,5,8,1,7,4,3,2
1,33,37,3,4,0,8,5,5,6,9,6,7,2,6,2
0,41,38,6,3,0,6,1,1,4,4,5,6,7,6,5
1,25,20,2,1,0,7,4,4,3,9,4,1,3,1,3
0,40,27,6,3,0,7,4,8,7,7,8,8,8,8,7
0,38,32,5,5,1,4,4,9,8,9,9,8,8,8,6
1,25,33,1,6,0,4,3,9,8,9,8,7,8,8,8
1,32,21,4,2,0,6,1,7,9,6,9,7,8,7,9
0,25,29,1,5,0,2,4,4,4,9,7,1,7,2,2
1,19,23,1,6,0,10,1,4,6,2,6,7,2,6,3
0,32,33,3,5,0,1,5,1,6,1,3,5,6,2,4
0,43,28,6,3,0,5,2,5,7,2,7,4,5,4,3
0,34,26,1,4,0,1,5,6,9,7,9,7,8,9,7
1,43,40,4,3,0,9,5,7,4,3,5,3,4,5,4
0,38,37,1,4,0,4,3,4,4,2,1,3,4,4,5
1,35,19,6,1,0,5,1,2,4,8,2,1,4,3,1
0,30,38,3,5,0,6,1,9,7,4,9,7,7,8,9
1,33,23,6,4,0,5,5,7,4,10,4,1,6,4,4
1,40,38,3,5,0,5,3,4,2,5,5,2,1,3,3
0,36,37,6,6,1,3,3,7,5,8,8,8,5,7,9
0,24,43,1,5,0,5,4,3,5,4,6,3,1,2,4
1,35,21,1,3,0,10,5,7,6,5,9,8,8,8,9
1,19,42,3,5,0,8,5,3,3,7,7,2,3,1,5
1,32,37,5,6,0,4,2,6,6,10,9,5,8,9,7
0,20,21,6,1,0,8,3,5,4,10,3,7,1,4,2
0,30,27,3,4,0,2,6,4,6,1,2,1,6,1,2
0,28,31,2,6,0,1,6,1,5,6,6,7,7,1,4
0,36,35,4,1,0,2,1,5,5,8,2,3,2,5,3
0,19,24,5,3,0,2,5,3,4,9,3,7,4,1,3
1,38,21,2,3,0,6,2,1,3,4,4,1,1,3,4
1,33,40,2,2,1,8,6,6,4,5,2,5,3,5,1
1,42,23,6,5,0,5,1,1,1,3,5,7,5,1,2
0,40,22,6,3,0,1,3,8,6,10,9,6,8,7,9
0,37,41,3,5,0,5,4,7,5,6,2,6,1,6,1
0,40,39,1,2,0,10,1,1,4,6,6,2,5,5,4
0,19,19,2,2,1,10,6,1,5,9,5,7,6,5,5
0,39,23,2,1,0,1,6,5,6,6,1,3,6,4,4
1,39,32,5,1,0,7,3,1,7,5,4,4,5,4,5
0,36,43,1,3,0,3,5,7,5,4,6,5,2,4,2
1,40,43,3,4,0,6,6,2,2,7,4,6,2,5,2
1,28,37,2,5,0,7,1,4,2,3,2,6,1,5,2
0,43,23,3,5,0,4,4,4,2,5,5,1,2,5,5
1,21,33,1,4,0,5,3,4,7,5,7,1,1,4,1
0,38,43,3,3,1,8,5,3,7,3,2,1,7,6,2
1,38,43,3,1,0,10,6,4,4,9,2,6,1,6,1
1,29,35,2,1,0,1,6,3,2,1,1,7,2,6,1
0,24,30,3,5,0,5,5,3,6,6,3,6,4,3,4
0,24,20,5,5,1,5,5,6,8,6,9,6,8,9,8
0,43,34,2,2,1,8,2,2,5,9,3,7,7,4,3
1,29,33,1,2,0,7,6,4,1,1,1,7,4,4,4
1,26,43,3,1,0,1,6,7,4,1,1,4,6,6,3
1,39,23,1,1,1,8,1,4,1,9,5,2,1,3,1
0,22,34,5,2,0,4,4,5,2,8,6,7,3,5,3
1,42,22,6,3,0,3,6,5,4,3,2,6,6,1,4
1,23,29,5,2,0,10,6,4,7,7,5,6,4,4,4
1,28,29,6,4,0,4,4,6,4,9,2,5,2,1,3
0,34,34,6,1,0,5,5,8,6,10,9,4,7,7,6
1,19,19,2,5,0,1,6,9,7,8,7,8,6,9,6
0,20,39,2,6,0,5,1,6,5,8,7,8,8,9,9
1,19,21,6,6,1,3,1,7,3,8,4,3,4,5,5
0,22,19,4,4,1,7,2,7,6,4,9,5,8,9,7
1,26,19,2,3,0,6,3,1,6,3,5,4,5,4,4
1,43,26,5,6,0,8,1,9,9,6,7,8,8,9,7
1,31,31,1,1,1,7,2,5,4,5,7,4,4,2,4
1,19,20,2,4,0,10,5,3,5,3,5,1,4,5,1
0,29,33,3,1,0,10,6,8,6,6,9,8,8,9,9
1,42,19,4,2,0,7,6,3,3,3,1,7,6,6,1
0,40,42,2,5,0,9,3,3,5,4,7,2,5,2,2
1,29,21,4,6,0,7,1,4,2,3,4,2,3,5,1
1,36,24,2,6,0,6,4,9,9,5,7,5,7,8,7
1,32,27,4,3,0,2,1,4,3,7,5,2,6,5,4
0,39,31,5,4,0,1,5,6,6,10,9,5,8,9,8
1,28,43,3,5,0,10,5,2,4,7,6,6,5,5,1
1,39,27,6,6,1,3,6,6,7,10,1,1,6,2,4
0,32,43,5,4,0,2,1,7,5,10,9,4,8,8,9
1,25,39,2,4,0,3,4,7,4,7,6,1,1,6,1
0,20,39,3,5,0,10,4,4,3,2,5,2,1,3,2
0,21,38,6,1,0,3,5,8,9,8,7,8,8,8,7
1,39,20,3,2,0,2,6,1,7,10,6,4,2,5,4
1,28,29,4,5,0,1,2,9,8,9,8,7,8,8,8
1,32,23,3,5,0,9,2,6,5,7,4,4,7,1,5
0,41,20,6,4,0,10,2,6,2,6,6,3,4,5,1
0,19,39,5,5,1,10,6,4,7,4,4,1,4,2,5
0,41,41,1,6,0,6,3,5,7,3,4,3,2,4,5
0,30,43,4,6,0,1,6,7,7,8,9,8,5,9,9
1,38,34,2,1,0,8,3,5,3,3,3,5,7,6,3
0,23,42,6,3,0,6,1,1,1,10,7,3,2,6,2
1,36,20,3,4,0,10,4,2,2,2,7,7,3,1,1
1,43,33,6,2,0,10,6,7,3,2,7,1,2,6,2
0,19,33,1,3,0,4,1,1,6,10,1,7,1,6,5
0,34,34,1,4,0,4,4,2,4,10,1,1,5,3,5
0,36,26,2,3,0,9,2,7,8,7,9,8,8,7,7
1,23,40,4,3,0,2,4,5,4,1,3,5,6,6,3
0,35,19,1,6,0,7,5,3,5,2,7,2,2,1,1
0,38,39,6,3,0,10,5,2,2,5,4,3,2,3,2
1,32,43,1,4,0,6,4,4,6,8,4,7,4,1,1
0,28,33,5,2,0,2,1,5,6,2,3,3,6,1,1
0,22,29,3,6,0,5,2,7,2,8,5,3,4,6,3
0,24,40,3,1,0,4,5,6,6,4,3,7,4,6,3
0,37,36,1,2,0,10,5,9,6,9,9,8,6,9,9
1,34,29,1,2,0,8,6,2,5,8,5,2,4,1,5
0,21,33,6,4,0,7,5,4,7,3,5,1,3,4,4
0,24,26,2,5,0,8,6,3,7,1,4,2,2,1,1
0,26,38,2,5,0,4,1,7,7,9,3,4,4,3,3
1,28,39,3,2,0,8,6,1,1,1,3,1,2,6,3
1,38,43,3,5,0,10,1,6,3,10,5,5,2,3,4
1,21,40,1,3,0,5,5,6,3,1,4,7,7,2,2
0,19,33,2,5,0,10,1,4,5,1,7,7,7,2,4
0,28,32,6,5,0,2,1,1,4,5,6,3,3,1,3
1,29,34,3,2,0,6,5,5,7,9,6,7,1,1,3
1,30,27,6,1,0,9,4,6,3,10,6,5,5,1,2
0,23,42,2,2,1,3,4,2,4,5,3,7,3,3,3
1,21,35,4,5,0,6,2,3,3,5,5,4,5,3,4
1,27,26,2,1,0,10,1,7,9,9,7,4,7,8,9
1,28,38,4,6,0,9,6,2,4,3,5,7,1,2,5
1,35,30,4,5,0,10,6,5,3,4,3,4,3,3,3
1,40,38,3,1,0,1,3,6,9,6,8,8,6,7,7
0,35,19,5,2,0,5,5,7,1,5,7,3,7,6,1
0,30,33,5,1,0,6,6,7,6,7,9,7,6,9,6
1,40,25,6,3,0,8,2,7,5,8,8,8,8,9,6
0,41,32,5,2,0,6,2,1,3,6,5,2,5,5,5
0,35,19,1,3,0,3,5,7,3,8,5,6,4,4,2
1,43,29,6,4,0,5,5,3,4,5,5,1,5,4,2
1,19,30,1,6,0,9,4,2,4,7,6,1,2,6,4
0,36,28,2,5,0,6,4,1,7,5,7,5,3,6,4
1,28,41,5,3,0,8,4,4,6,8,4,3,3,2,4
0,40,30,6,6,1,5,3,6,6,5,8,5,5,9,9
0,26,31,3,5,0,2,1,7,6,2,1,7,1,4,1
1,38,21,6,1,0,3,5,6,7,10,9,8,7,7,7
0,23,37,3,2,0,10,1,1,5,10,5,7,4,6,4
0,28,20,6,2,0,3,1,6,7,7,7,2,5,6,3
0,38,19,5,6,0,2,2,4,5,2,6,7,4,3,5
0,19,27,3,1,0,10,6,6,9,10,8,4,8,7,9
1,22,42,5,5,1,5,6,7,3,5,3,3,6,4,5
0,40,39,3,3,1,7,4,9,5,6,9,4,6,7,7
0,30,25,1,5,0,8,5,1,2,2,4,1,1,1,5
0,22,19,5,5,1,3,3,7,9,7,9,7,8,9,9
0,22,20,1,5,0,5,5,5,1,8,1,1,2,5,1
1,31,36,5,3,0,7,4,4,5,2,1,7,7,4,1
1,33,30,6,5,0,3,3,6,5,6,3,2,4,6,2
0,25,32,2,1,0,8,5,7,7,3,3,4,5,4,5
1,32,28,1,1,1,8,1,5,5,9,5,1,7,4,4
0,35,34,6,3,0,4,1,1,6,4,1,1,5,5,5
0,39,43,5,3,0,5,3,5,3,8,6,5,7,3,1
0,33,41,2,4,0,10,4,7,6,3,5,3,5,4,4
1,32,37,6,2,0,8,4,8,7,6,9,7,5,9,8
1,25,39,2,2,1,2,1,4,4,3,7,4,3,1,4
0,22,20,4,4,1,8,4,5,4,5,2,1,2,1,5
1,22,31,3,1,0,8,1,7,4,3,4,2,5,3,4
0,22,23,2,1,0,1,2,7,2,1,7,1,7,3,5
0,33,40,5,5,1,9,6,1,2,2,1,7,5,5,4
0,27,21,4,3,0,10,4,6,4,4,5,6,5,5,3
0,42,19,5,1,0,3,2,6,6,7,6,3,1,4,2
0,19,33,1,1,1,4,4,2,3,2,7,1,3,4,2
0,19,26,4,3,0,2,2,8,5,9,7,4,7,9,9
1,27,30,3,1,0,6,4,9,6,6,9,5,6,7,8
0,29,31,2,3,0,6,1,6,1,6,5,2,2,5,5
1,43,24,2,5,0,3,2,7,6,7,2,2,7,6,1
1,22,38,3,4,0,10,3,5,6,9,1,4,3,4,4
0,27,43,4,5,0,1,5,7,7,9,4,2,2,5,5
0,33,39,5,4,0,3,4,7,1,6,1,3,4,1,3
0,23,26,3,4,0,4,6,1,2,4,6,6,4,2,2
0,37,42,2,1,0,8,5,7,3,4,4,5,6,4,1
1,24,37,3,2,0,4,4,1,2,4,3,2,6,4,3
1,43,29,6,4,0,7,6,7,1,10,1,5,4,1,4
1,30,28,6,2,0,3,3,4,5,8,4,1,4,4,1
1,35,32,3,2,0,3,2,2,4,4,3,3,1,3,2
0,21,33,1,3,0,4,6,5,4,10,3,7,5,4,5
0,22,32,1,5,0,8,5,7,6,8,2,6,7,4,3
0,35,30,5,2,0,2,2,6,2,6,6,1,6,1,4
1,37,28,6,5,0,10,1,5,1,2,4,6,5,4,3
0,33,43,5,1,0,5,2,6,5,4,6,7,6,1,4
1,36,33,2,5,0,9,5,3,5,6,4,3,7,6,2
1,33,27,5,3,0,10,4,7,4,1,1,2,2,3,3
0,43,40,3,2,0,2,4,4,2,2,3,5,3,2,2
0,43,32,4,2,0,2,2,3,7,4,7,2,5,2,1
1,36,34,1,2,0,2,1,4,4,1,3,1,3,3,4
0,19,25,4,2,0,5,5,2,3,4,2,5,6,4,3
0,24,43,6,2,0,10,4,6,5,7,9,6,5,9,8
0,22,39,1,3,0,5,6,4,2,1,3,6,4,3,5
0,24,23,5,3,0,9,1,4,5,3,6,1,5,6,4
1,27,41,5,5,1,4,4,3,2,8,7,7,1,3,5
1,22,35,6,4,0,8,6,7,3,8,5,7,4,6,5
1,29,30,6,2,0,5,3,3,1,5,2,2,7,3,2
0,25,42,3,5,0,6,3,1,7,7,4,4,3,1,3
1,29,19,4,3,0,1,3,4,2,6,2,4,7,4,5
0,40,33,3,3,1,4,2,7,7,1,7,7,6,3,3
1,34,35,4,6,0,2,5,2,5,6,6,5,2,2,3
1,35,20,2,3,0,9,1,7,5,1,6,2,1,3,3
0,37,39,3,2,0,7,2,4,1,3,5,5,6,6,5
0,36,29,2,4,0,4,5,1,2,10,7,2,1,4,3
1,19,35,4,1,0,10,4,5,1,4,4,5,5,6,5
1,37,29,5,3,0,2,3,4,1,4,3,3,2,5,1
1,23,42,3,2,0,3,5,2,4,4,5,7,3,4,1
1,28,43,2,6,0,6,4,6,9,10,9,8,8,7,9
0,35,41,5,4,0,7,1,6,6,5,2,6,2,4,4
1,30,27,1,4,0,2,1,6,3,6,4,6,3,5,3
0,37,32,6,4,0,6,3,7,5,4,7,3,1,3,4
1,33,38,3,1,0,10,6,9,9,6,9,8,5,7,9
0,26,30,3,5,0,10,5,2,1,10,6,4,1,4,2
0,39,27,6,4,0,5,6,2,1,6,7,3,7,4,1
1,40,19,1,5,0,4,1,4,4,3,1,4,1,5,1
0,37,25,6,3,0,5,1,8,5,8,8,7,8,7,9
1,34,25,1,2,0,9,4,2,5,9,6,5,5,5,5
0,30,41,3,6,0,10,5,6,9,8,8,4,8,9,7
0,29,39,5,3,0,5,3,7,5,10,3,5,6,3,2
1,26,22,6,2,0,9,6,5,6,1,5,5,2,1,1
1,27,29,5,1,0,10,5,7,6,3,2,7,6,6,5
0,30,19,4,3,0,7,4,5,3,10,6,5,6,1,5
1,19,43,6,1,0,5,3,7,4,5,7,5,4,6,3
0,36,33,3,6,0,4,1,6,3,2,6,1,3,3,2
1,26,43,4,4,1,8,6,5,6,2,4,3,2,2,4
0,20,40,5,2,0,8,5,6,7,2,6,5,4,3,1
1,34,20,4,3,0,3,3,7,1,1,2,6,1,5,3
1,25,39,1,2,0,2,5,7,6,4,6,1,5,3,5
1,27,37,5,3,0,3,3,5,2,7,2,4,6,5,5
1,31,34,2,2,1,8,6,2,2,8,5,5,2,3,1
0,32,35,5,3,0,8,5,1,2,4,2,3,7,4,5
1,23,34,2,5,0,4,5,3,1,9,6,6,5,2,5
1,37,32,6,2,0,3,3,3,2,9,5,2,7,5,1
0,27,29,5,2,0,7,5,5,6,10,4,4,3,2,3
1,22,43,3,4,0,7,2,5,7,5,4,2,7,1,5
1,19,30,2,1,0,6,4,7,5,1,1,7,2,4,2
0,23,40,4,4,1,1,1,5,3,5,3,3,5,6,3
1,36,36,1,4,0,7,2,3,3,6,3,4,3,1,5
0,23,43,1,5,0,1,5,4,1,1,2,5,3,4,5
1,21,35,4,6,0,10,6,3,7,6,6,5,4,6,3
0,43,34,5,3,0,4,2,6,7,1,6,5,3,5,4
1,40,43,1,2,0,1,6,6,6,1,4,4,6,2,1
0,42,28,4,3,0,10,3,7,2,9,1,7,5,3,2
1,43,43,4,1,0,9,1,9,8,4,9,4,6,8,9
1,42,43,2,6,0,6,5,2,7,9,4,4,3,5,3
1,25,19,1,1,1,2,2,7,1,8,5,3,7,1,5
0,36,21,3,6,0,9,5,7,7,3,5,7,1,6,4
1,43,25,6,1,0,4,6,2,2,6,7,1,1,4,3
1,27,43,6,4,0,5,5,4,5,9,1,5,1,5,4
0,22,42,3,3,1,5,6,4,6,4,2,4,4,1,2
1,20,43,4,2,0,9,5,9,9,4,9,4,7,9,6
0,37,42,4,6,0,1,1,5,6,1,7,6,2,6,4
0,21,39,5,2,0,5,5,2,7,2,4,7,3,3,4
1,36,35,5,2,0,5,4,4,6,2,4,3,1,6,4
0,31,23,5,4,0,7,6,4,1,5,4,1,7,2,3
0,27,43,1,4,0,6,1,2,3,1,7,3,7,4,5
0,19,19,6,6,1,3,2,1,4,9,2,6,2,4,2
1,38,19,6,5,0,7,6,3,2,7,6,4,5,4,4
0,36,23,3,2,0,9,3,7,7,2,5,1,7,1,5
1,25,43,6,1,0,2,5,3,3,3,6,4,2,5,5
0,33,29,4,2,0,3,4,2,3,5,4,6,7,5,4
1,42,42,5,2,0,5,2,2,2,3,2,3,3,4,3
0,35,43,4,2,0,5,6,6,7,7,9,8,5,7,9
0,23,21,2,6,0,2,2,1,3,1,5,1,3,6,5
0,30,26,2,5,0,9,2,3,7,5,2,6,5,4,5
0,35,22,4,4,1,10,2,4,7,1,6,4,7,1,4
1,35,23,6,4,0,3,6,7,6,3,3,1,2,2,2
0,29,27,4,6,0,5,3,3,3,7,6,1,3,1,4
0,37,21,4,5,0,5,5,2,2,10,3,3,3,6,2
0,30,27,1,1,1,9,6,4,4,2,6,4,5,4,2
1,34,26,3,6,0,8,2,4,7,5,3,7,2,5,2
0,19,24,4,6,0,8,5,7,7,8,4,4,5,4,4
1,26,19,1,4,0,9,2,3,2,3,2,5,1,1,5
1,41,31,5,2,0,8,6,5,4,7,7,3,7,6,3
0,33,41,5,3,0,9,5,6,5,8,9,8,6,9,9
1,26,38,3,3,1,3,4,7,4,10,1,2,3,4,4
1,40,42,3,4,0,10,3,6,2,9,1,3,2,3,3
0,26,37,1,6,0,2,3,2,5,1,3,4,4,3,5
0,41,43,2,3,0,6,3,9,7,7,8,5,8,9,9
0,41,28,5,2,0,6,4,7,2,6,7,6,2,5,2
0,21,26,6,6,1,4,5,1,6,4,1,6,4,3,2
0,27,19,5,6,0,9,1,1,3,8,6,4,3,4,5
0,40,37,5,1,0,3,2,3,7,9,2,4,1,6,4
0,26,30,6,3,0,4,1,3,1,2,1,6,1,6,5
0,25,30,6,6,1,10,5,2,6,1,2,1,4,1,3
0,23,38,2,4,0,3,4,3,5,2,3,3,1,2,1
1,43,38,6,6,1,2,1,3,5,4,2,3,1,3,4
0,38,28,1,3,0,6,4,2,6,6,6,4,3,5,2
0,36,29,4,2,0,1,3,7,4,3,7,2,3,6,5
1,23,31,3,5,0,5,3,6,9,9,7,5,8,7,9
1,43,33,3,6,0,5,1,5,2,7,6,5,1,4,2
0,34,43,2,2,1,5,2,7,4,2,3,4,4,1,5
0,33,40,1,5,0,9,1,9,9,4,9,8,8,9,6
0,34,37,1,1,1,4,2,3,2,5,1,4,5,4,2
1,40,43,6,1,0,1,3,7,6,5,1,5,3,4,5
0,43,30,1,3,0,5,6,3,5,6,1,1,7,1,2
0,21,32,5,5,1,10,1,7,7,9,6,1,6,3,2
0,34,31,2,4,0,10,2,1,4,5,3,3,7,2,3
0,30,31,3,4,0,10,6,2,6,10,1,5,5,6,5
1,26,38,6,2,0,8,2,7,1,1,5,3,3,6,2
0,32,25,1,5,0,8,4,4,4,1,1,2,1,1,3
0,28,41,3,5,0,6,4,6,3,7,5,3,7,1,5
1,36,41,3,2,0,7,5,4,1,8,6,2,2,6,5
1,19,19,6,3,0,1,4,8,9,9,9,4,5,8,9
1,27,24,4,6,0,6,5,3,2,2,1,5,1,4,2
1,40,43,3,5,0,9,4,9,8,10,9,7,7,8,6
1,25,38,1,5,0,7,3,6,2,6,6,1,3,6,2
0,28,36,5,6,0,2,6,9,7,4,8,8,7,9,7
1,25,43,5,6,0,7,2,3,3,1,3,5,7,2,3
1,37,25,6,3,0,1,4,1,4,7,5,5,4,3,4
0,20,21,6,6,1,5,3,2,4,8,7,7,3,1,5
1,24,43,3,4,0,5,2,6,1,2,5,6,3,4,4
1,19,32,2,4,0,8,2,5,2,4,7,1,4,4,3
0,28,36,5,6,0,4,5,7,7,7,2,7,2,3,5
1,19,31,4,1,0,7,3,9,9,4,8,4,8,9,8
1,29,43,1,1,1,8,1,7,8,10,9,4,8,7,7
0,32,21,5,2,0,7,3,8,6,5,9,8,5,9,8
1,40,38,4,1,0,2,2,4,1,10,7,1,3,1,3
1,25,25,5,3,0,5,5,1,1,7,5,6,7,1,1
1,43,31,6,1,0,4,5,7,3,1,1,7,4,2,3
1,40,35,6,6,1,1,2,8,8,4,9,4,8,9,9
0,43,41,5,3,0,4,6,1,3,9,4,7,1,1,1
0,29,31,2,6,0,10,5,1,2,5,3,3,5,3,2
0,43,42,6,1,0,7,6,2,4,1,7,2,2,1,5
1,29,26,6,5,0,8,4,1,5,4,4,7,7,3,1
0,40,36,6,3,0,4,6,2,1,6,2,6,4,5,4
1,41,27,6,2,0,2,6,4,1,1,7,7,1,2,4
1,37,39,3,3,1,7,3,4,4,4,7,5,7,5,5
1,24,34,6,5,0,3,1,6,8,10,7,8,5,9,8
0,19,31,6,2,0,1,2,6,6,10,3,2,1,2,4
1,33,28,3,5,0,10,2,6,4,4,3,4,7,4,2
1,37,33,3,4,0,9,4,5,4,10,1,2,3,6,2
1,40,38,4,1,0,7,5,7,9,7,8,5,8,9,7
1,29,25,3,4,0,9,3,3,3,7,7,4,1,2,2
0,19,42,1,3,0,6,3,3,5,8,2,1,6,5,3
1,28,43,6,5,0,2,2,4,2,4,3,7,1,3,1
1,32,20,3,5,0,1,1,7,5,5,8,7,6,8,8
0,25,35,1,2,0,8,4,3,1,6,4,5,7,1,1
1,34,19,6,6,1,9,6,4,3,1,5,7,5,1,5
0,22,40,5,5,1,9,2,5,7,5,3,7,2,1,2
1,43,34,4,2,0,1,4,3,6,2,3,4,3,5,2
0,41,30,6,5,0,1,6,9,9,5,9,4,7,7,7
1,32,32,3,6,0,6,4,3,3,8,7,5,2,1,2
1,43,37,4,4,1,8,2,1,1,2,7,7,4,6,2
1,38,24,6,4,0,10,5,2,3,4,6,3,4,3,5
0,33,21,2,1,0,10,1,5,2,2,1,7,6,2,5
1,19,21,2,1,0,7,2,7,4,9,3,3,4,1,3
0,33,29,4,4,1,6,4,4,7,8,5,4,4,1,3
1,39,19,3,3,1,9,1,7,4,2,7,7,6,1,3
1,22,38,5,6,0,1,1,7,7,10,2,3,3,4,5
0,41,27,6,5,0,4,1,7,6,6,9,8,8,7,8
1,19,25,1,5,0,9,5,1,2,6,6,5,5,1,4
1,35,35,2,2,1,6,2,3,4,10,5,7,1,5,3
1,22,19,4,3,0,2,3,6,7,2,4,7,4,2,5
1,27,31,6,6,1,1,3,8,9,5,9,8,6,9,7
1,19,27,6,5,0,5,6,3,7,7,3,6,3,5,5
1,31,29,3,3,1,5,4,3,3,7,5,4,1,4,1
0,21,19,2,3,0,5,5,1,3,1,1,3,3,2,2
0,39,22,1,5,0,2,4,7,4,8,2,5,7,3,4
0,29,20,1,2,0,1,4,7,6,10,2,1,7,4,4
1,27,24,5,3,0,1,5,8,9,6,9,4,8,9,9
1,43,19,6,4,0,9,1,7,2,9,6,6,2,5,4
0,43,36,2,3,0,6,3,7,5,6,1,4,2,5,2
0,25,21,3,5,0,6,4,3,2,9,6,3,2,2,4
1,25,23,1,1,1,1,6,7,5,9,9,7,6,7,7
1,43,31,1,1,1,7,2,3,6,8,7,3,3,1,1
0,19,42,2,1,0,5,1,2,6,2,6,7,3,2,2
1,34,25,2,5,0,3,4,4,6,3,5,2,4,1,2
1,36,31,4,2,0,9,3,2,7,5,5,7,4,3,2
0,40,25,5,2,0,1,4,9,8,9,9,6,7,8,7
1,19,42,4,3,0,1,6,5,6,4,1,1,7,2,3
0,27,38,1,3,0,3,3,7,2,8,2,7,5,2,2
0,25,39,5,4,0,4,6,6,7,4,3,7,6,3,3
0,30,38,5,4,0,10,4,7,9,7,8,7,8,8,6
0,30,31,4,2,0,5,3,6,2,9,7,5,7,5,5
1,42,33,3,2,0,7,5,2,4,10,4,3,5,5,2
0,19,35,6,2,0,2,6,6,1,2,2,7,7,5,4
0,23,19,1,4,0,3,2,9,8,8,7,5,7,7,6
1,38,41,3,1,0,10,5,6,5,1,7,3,7,3,5
0,21,39,5,2,0,1,2,7,9,4,9,7,8,9,6
1,43,19,1,6,0,6,6,3,5,8,7,4,5,3,4
1,21,32,6,1,0,1,6,1,1,8,2,3,1,4,3
0,22,20,6,2,0,4,1,1,2,10,1,2,3,3,4
1,22,29,2,5,0,2,4,5,1,8,4,1,4,1,3
0,43,39,4,6,0,7,4,1,2,1,7,4,1,4,4
1,37,37,3,4,0,2,1,6,5,5,6,1,6,4,5
1,19,26,4,2,0,5,3,6,3,9,2,6,2,1,4
0,43,38,6,2,0,7,3,4,6,3,3,2,3,6,2
0,32,19,4,5,0,9,1,6,1,10,3,3,3,6,2
1,39,23,1,4,0,4,3,1,2,4,7,5,4,2,4
0,27,27,4,5,0,6,4,1,3,9,2,2,5,5,1
0,39,36,6,2,0,6,2,6,6,9,1,2,3,4,3
0,36,24,4,5,0,4,3,6,7,6,7,7,1,5,5
0,29,31,2,1,0,7,2,3,2,4,5,4,3,1,4
0,22,22,1,5,0,10,1,7,6,9,7,7,5,8,6
0,33,21,5,2,0,9,2,5,2,4,2,4,6,4,4
0,35,40,6,6,1,4,4,3,5,7,2,5,5,1,1
1,24,41,1,5,0,8,2,5,6,2,5,4,3,6,5
0,35,21,6,1,0,3,5,1,1,5,4,1,5,3,2
1,20,20,2,5,0,6,6,5,7,6,5,2,1,5,3
0,43,25,3,5,0,5,2,7,2,1,2,5,2,6,2
0,30,34,6,6,1,8,2,9,5,7,7,8,8,8,9
1,38,43,2,5,0,1,1,3,5,9,6,1,3,3,3
1,40,33,1,2,0,9,6,7,1,4,4,7,7,5,5
1,23,38,6,5,0,5,1,6,8,4,9,8,7,8,8
0,42,43,6,2,0,6,5,3,1,10,2,4,3,5,5
0,24,20,2,6,0,8,4,5,2,4,3,4,4,3,3
0,37,43,4,2,0,4,4,4,3,7,6,7,2,5,1
0,35,42,4,3,0,7,2,9,5,10,8,8,6,9,9
1,34,21,2,3,0,4,6,1,7,9,2,1,2,4,2
1,37,23,5,3,0,8,6,2,4,6,4,1,2,4,4
1,40,19,4,6,0,2,1,2,2,6,7,1,6,4,4
1,34,43,6,6,1,8,1,6,4,5,4,4,1,6,4
0,26,27,2,5,0,1,3,7,5,8,9,4,8,9,9
0,30,21,5,1,0,1,3,8,9,4,7,7,8,9,9
1,20,36,5,1,0,7,1,9,7,4,9,8,6,9,8
1,25,40,5,2,0,6,3,2,5,7,7,7,2,2,4
0,20,32,5,6,0,6,1,1,4,8,1,3,1,3,5
1,26,39,4,6,0,2,6,1,1,2,7,1,7,4,4
0,32,19,6,2,0,7,6,3,4,1,4,3,6,6,2
0,39,27,2,2,1,6,3,6,7,3,2,7,7,3,2
0,20,35,2,2,1,7,2,7,4,7,2,7,5,6,3
1,23,22,5,6,0,4,1,7,7,6,7,7,3,6,3
1,24,29,3,1,0,9,6,6,7,3,3,1,2,6,2
1,24,23,1,4,0,3,3,3,5,1,5,6,3,1,4
0,32,35,3,1,0,4,2,9,6,4,9,8,8,9,6
0,26,28,3,6,0,6,1,7,7,3,6,5,2,1,3
0,36,33,1,4,0,7,6,4,1,3,7,6,7,4,5
0,38,29,3,3,1,2,1,9,6,8,9,4,8,9,6
1,20,35,3,5,0,9,1,9,8,9,8,5,8,8,6
0,36,32,4,2,0,5,4,6,5,4,2,7,4,5,5
0,26,28,6,3,0,7,1,5,1,2,4,1,1,3,1
0,21,30,3,3,1,8,6,3,6,8,6,7,4,3,3
0,27,39,3,3,1,6,6,3,7,1,1,2,4,3,2
0,32,31,5,1,0,10,4,4,6,2,5,3,6,6,4
0,34,20,2,5,0,10,6,1,3,7,7,3,1,1,3
0,37,24,3,2,0,6,4,1,7,4,1,6,5,1,1
0,42,38,5,2,0,5,3,7,6,2,2,4,1,6,4
0,42,29,2,6,0,4,6,2,7,4,7,7,1,6,1
0,23,42,5,5,1,3,2,7,6,2,2,3,4,1,1
1,43,39,1,1,1,5,5,6,3,5,7,5,4,4,3
0,39,20,3,4,0,8,5,1,6,7,6,1,1,6,4
1,22,40,1,2,0,2,2,6,3,1,3,5,6,1,1
0,43,29,5,2,0,9,5,1,3,3,5,6,2,5,2
1,25,37,5,1,0,4,5,3,6,10,1,1,7,4,1
1,22,30,5,5,1,7,3,2,1,8,3,7,4,5,3
1,26,24,3,4,0,5,2,4,3,3,2,3,1,1,4
1,23,34,2,3,0,6,1,6,5,8,4,7,2,5,1
0,27,31,3,3,1,3,5,1,5,6,7,1,4,1,1
1,37,31,3,4,0,10,2,4,1,2,4,7,6,6,3
1,27,19,5,2,0,6,2,3,7,7,2,3,1,4,1
1,32,19,1,2,0,5,2,2,4,7,4,4,7,6,1
0,34,43,6,3,0,9,5,1,5,9,6,4,5,5,4
1,36,43,4,4,1,2,1,4,6,5,6,4,2,4,3
0,22,27,2,3,0,8,5,2,7,5,7,6,2,3,4
1,30,31,1,1,1,1,2,4,7,7,7,7,7,2,1
0,31,25,2,3,0,2,2,9,9,5,9,5,6,8,8
0,34,25,3,5,0,2,2,8,7,9,7,6,8,9,8
1,25,43,2,1,0,2,2,7,5,6,6,4,5,6,2
0,22,28,6,6,1,5,3,5,6,1,1,1,3,1,3
0,43,26,5,6,0,4,5,3,3,2,5,6,2,2,2
0,24,34,4,4,1,1,6,1,1,5,2,3,7,3,4
1,29,40,2,6,0,7,6,1,7,10,4,3,6,5,2
0,39,35,3,1,0,1,3,3,6,9,3,2,3,6,2
0,39,38,1,5,0,5,3,2,5,8,5,4,1,2,4
1,22,37,4,2,0,1,6,3,7,5,1,4,7,1,5
1,41,22,5,4,0,3,5,1,7,5,4,1,2,4,5
0,43,35,3,3,1,6,3,1,5,8,3,5,3,6,3
0,23,40,2,4,0,6,2,7,6,4,8,4,8,9,9
1,43,26,3,5,0,8,3,3,2,8,5,3,4,1,3
0,41,35,2,4,0,1,3,5,7,3,3,2,4,1,5
1,30,43,1,6,0,6,5,2,4,6,5,1,3,5,2
0,39,30,3,3,1,1,5,3,7,8,6,5,2,5,5
1,33,29,5,4,0,1,6,2,3,9,7,6,2,2,3
0,22,30,6,2,0,1,2,3,6,6,6,4,3,3,4
1,43,20,1,5,0,9,2,7,3,5,3,4,2,2,4
0,39,21,4,1,0,3,3,5,3,8,2,6,2,5,5
1,32,43,5,3,0,3,1,2,7,5,2,4,5,1,1
0,42,19,5,5,1,2,6,1,7,2,7,1,7,6,2
1,25,37,6,1,0,1,6,2,5,7,5,4,6,2,2
1,33,38,6,2,0,5,2,7,9,5,9,6,6,7,8
0,43,29,5,4,0,9,6,3,3,5,5,7,1,3,4
1,42,43,4,1,0,9,1,7,2,8,6,2,5,4,3
0,35,39,4,4,1,8,5,6,8,5,8,8,8,9,9
1,19,43,3,4,0,8,4,5,1,7,6,5,1,6,3
1,23,32,3,6,0,7,3,6,7,10,9,7,6,8,7
1,25,25,3,5,0,4,1,8,9,6,8,7,6,7,9
0,37,34,4,4,1,6,3,6,4,2,1,3,4,6,1
1,27,30,6,6,1,9,1,6,1,3,1,3,2,4,1
1,39,20,5,4,0,10,6,6,7,6,5,7,4,5,4
0,19,32,6,5,0,9,5,5,1,5,3,6,1,3,5
1,35,40,2,5,0,10,3,2,6,5,2,6,1,5,4
0,25,30,1,5,0,9,3,6,3,9,7,2,6,5,1
0,19,27,2,6,0,1,3,6,4,6,3,7,1,2,4
0,43,36,6,5,0,10,5,6,7,9,1,2,6,1,2
1,25,19,2,3,0,8,1,2,7,2,2,5,4,3,1
1,21,43,3,3,1,7,4,2,5,3,1,3,3,2,4
1,29,21,5,1,0,5,2,1,6,4,2,4,4,1,1
1,19,28,5,2,0,5,2,2,5,4,1,3,2,4,3
1,22,25,3,1,0,4,6,4,3,8,7,2,6,1,1
1,21,33,6,2,0,5,6,5,5,2,3,7,3,6,2
0,21,23,1,3,0,9,4,1,4,9,5,3,2,3,1
0,35,31,1,2,0,9,3,6,2,3,7,3,2,3,2
1,40,26,5,1,0,6,1,4,3,10,5,7,1,6,5
1,22,37,6,2,0,6,2,7,5,6,6,5,3,1,1
0,35,23,1,1,1,9,1,9,7,7,9,7,6,9,9
0,30,22,2,3,0,9,4,2,3,5,1,3,2,1,5
0,42,40,6,3,0,7,4,2,2,9,1,4,1,5,4
1,38,33,3,2,0,4,6,9,5,6,8,4,8,8,9
1,19,43,3,5,0,9,3,7,2,1,6,3,7,3,1
0,25,23,3,4,0,5,4,7,2,5,7,6,4,2,3
0,28,26,6,1,0,3,3,3,3,2,3,2,7,5,3
1,31,41,6,4,0,3,3,5,6,1,7,6,6,1,3
0,33,25,2,3,0,2,6,4,5,9,6,7,1,4,5
1,32,27,2,2,1,4,5,5,1,4,3,3,4,1,2
0,37,26,4,1,0,8,3,4,3,3,5,4,3,2,3
1,31,25,3,4,0,7,6,5,3,6,2,7,5,5,2
1,36,34,5,2,0,5,6,4,4,1,2,2,7,4,3
1,35,21,6,3,0,10,1,4,2,1,7,3,4,1,4
1,43,30,3,1,0,3,1,4,7,6,5,3,7,4,1
0,21,27,2,1,0,8,6,1,6,7,5,2,7,3,2
1,30,33,3,2,0,5,4,6,2,9,2,2,4,3,4
1,30,43,1,5,0,1,4,4,1,3,6,3,4,1,1
1,24,39,1,1,1,5,4,7,4,4,1,3,1,4,3
1,19,33,1,4,0,3,5,4,7,5,1,2,4,1,3
0,37,32,3,6,0,1,6,5,4,8,7,5,4,3,1
1,28,34,6,3,0,7,6,4,2,1,1,4,1,6,5
1,34,40,1,4,0,2,1,2,6,8,4,4,4,2,1
1,20,39,1,5,0,10,3,2,4,3,7,6,2,1,3
0,23,28,1,4,0,6,5,7,3,2,4,1,3,6,2
1,39,34,5,3,0,5,1,8,9,10,9,8,8,9,9
1,24,33,3,3,1,2,5,5,2,9,6,7,6,4,3
1,25,20,6,6,1,9,5,1,6,1,1,6,5,4,1
0,37,43,5,3,0,9,5,4,7,2,4,3,5,5,5
0,42,26,4,6,0,4,2,6,7,5,6,1,2,4,4
1,19,39,1,1,1,5,6,5,5,2,4,1,1,5,2
1,27,21,5,4,0,7,5,6,1,4,2,7,2,1,2
1,28,19,3,5,0,9,2,2,3,5,4,6,7,2,1
0,30,38,2,4,0,4,2,4,5,8,5,2,1,4,2
1,21,43,1,4,0,1,6,7,7,7,7,3,5,4,1
0,39,19,6,1,0,7,2,5,2,1,1,4,7,5,5
1,31,38,1,2,0,4,6,6,7,10,3,1,2,5,4
0,23,31,1,3,0,8,5,2,3,3,7,2,4,3,3
0,21,23,3,4,0,6,4,9,8,6,9,8,8,9,9
1,43,34,2,1,0,4,5,6,6,3,6,6,5,6,1
1,34,30,5,5,1,9,2,2,5,9,5,1,7,3,3
1,42,24,3,4,0,6,4,5,5,8,1,6,1,4,4
0,43,34,5,2,0,6,6,6,5,5,5,1,7,5,3
0,22,19,6,4,0,6,2,2,5,2,7,5,4,5,4
0,38,19,1,3,0,7,6,3,6,9,3,4,6,6,1
1,27,41,3,5,0,8,2,6,5,7,7,8,8,9,6
1,43,43,1,6,0,7,6,3,5,9,1,5,7,6,4
1,26,37,3,2,0,8,6,4,6,8,6,4,7,4,4
1,27,43,5,3,0,1,3,3,3,3,1,1,7,5,5
1,37,31,6,5,0,8,5,3,2,3,6,2,4,6,5
1,34,39,5,1,0,4,2,3,7,3,4,6,7,5,4
1,35,43,5,5,1,7,2,1,5,2,7,6,5,4,2
0,35,20,2,5,0,8,6,6,4,10,2,3,7,6,2
0,36,24,5,1,0,8,3,3,4,4,6,3,2,5,3
1,30,19,1,1,1,3,4,5,3,10,5,1,7,2,2
0,42,33,3,3,1,10,4,2,3,5,3,3,5,5,1
1,39,33,6,3,0,5,4,6,6,5,7,3,1,6,3
1,40,25,1,6,0,6,5,9,9,6,9,5,6,7,6
0,43,24,6,5,0,6,6,5,1,9,7,1,3,5,4
1,31,35,2,6,0,2,6,2,1,9,5,5,1,2,1
1,23,35,6,3,0,6,5,2,3,3,7,2,4,5,2
1,32,31,5,5,1,9,2,1,6,10,1,1,3,4,4
0,24,43,1,6,0,1,3,6,6,7,1,7,3,6,1
0,36,23,6,5,0,4,3,1,1,8,6,2,5,4,4
1,21,33,5,5,1,7,1,8,9,9,8,8,8,9,9
0,37,37,1,5,0,2,3,6,9,9,8,6,8,8,6
1,27,21,6,1,0,7,6,7,6,3,4,2,3,4,5
0,23,27,5,6,0,6,1,5,7,1,3,1,7,5,1
1,43,34,6,1,0,6,5,5,1,2,1,1,2,1,2
1,30,40,6,3,0,10,2,7,6,2,1,1,4,3,3
1,30,27,3,3,1,4,5,7,4,10,2,3,2,3,4
1,41,24,3,1,0,3,6,4,4,7,6,4,5,5,2
1,22,21,6,4,0,4,6,4,1,5,1,4,2,2,2
0,43,27,1,6,0,6,5,2,2,7,4,2,7,6,3
1,30,28,5,2,0,5,2,2,2,7,2,3,2,4,3
1,32,28,6,3,0,9,3,6,2,5,5,7,5,5,4
1,26,22,1,5,0,9,3,3,5,3,6,6,7,1,4
0,37,20,2,5,0,8,2,5,7,10,2,7,4,1,2
1,26,30,6,5,0,5,2,4,5,2,3,5,1,3,5
0,36,33,5,6,0,2,6,9,9,9,7,4,6,9,6
0,30,32,6,3,0,1,4,4,6,1,2,2,2,2,3
0,33,29,2,3,0,2,1,1,5,6,1,6,7,4,1
0,40,35,6,3,0,1,2,6,6,6,8,4,7,9,7
0,19,34,3,3,1,2,4,1,3,10,6,4,2,5,1
0,38,43,6,4,0,7,4,5,4,5,5,5,6,2,1
0,22,41,4,6,0,6,1,4,7,2,7,3,7,1,5
1,32,22,3,4,0,8,6,5,5,7,6,7,4,6,2
1,30,26,3,5,0,4,3,6,8,10,9,7,5,7,7
1,22,21,5,3,0,4,1,2,3,8,7,6,1,5,2
0,23,23,4,6,0,7,2,2,6,6,2,5,2,3,1
1,19,35,1,1,1,6,4,3,5,6,2,1,2,5,3
0,34,37,3,1,0,9,1,4,6,6,6,6,7,1,1
1,26,22,5,1,0,10,1,1,2,6,2,4,3,1,2
1,43,37,4,1,0,9,1,6,8,5,9,8,8,9,8
0,35,34,3,3,1,2,4,4,1,5,7,4,7,6,1
0,25,34,3,2,0,7,5,5,2,2,4,4,1,1,4
0,30,29,5,3,0,1,6,3,2,8,2,6,4,4,3
0,36,33,4,1,0,4,3,6,2,6,2,5,6,2,4
1,26,24,5,3,0,9,5,4,3,9,1,1,2,2,2
1,38,30,4,3,0,1,2,7,1,8,2,6,2,4,5
1,25,22,2,5,0,4,1,2,3,3,6,7,5,6,3
1,37,32,1,1,1,5,6,1,2,5,2,4,4,4,3
0,40,23,4,2,0,5,2,3,5,2,7,1,3,3,1
1,42,26,6,6,1,3,6,9,9,7,7,7,7,9,8
1,31,20,6,3,0,7,1,4,1,10,4,4,7,3,2
1,42,37,5,3,0,6,4,7,6,4,5,5,6,5,3
0,21,24,5,5,1,10,3,1,3,7,4,3,6,1,5
0,26,19,3,6,0,8,4,7,1,9,4,4,7,6,3
0,41,26,4,5,0,4,1,2,1,4,1,3,2,3,5
0,22,35,4,3,0,5,3,7,4,10,6,1,3,3,4
0,34,37,3,2,0,9,1,1,5,1,4,2,6,5,5
0,43,43,4,2,0,5,3,4,2,1,1,3,1,2,5
0,34,30,1,1,1,10,1,6,5,4,3,1,5,4,3
0,33,42,3,1,0,4,3,9,6,4,9,7,8,9,9
1,32,34,3,6,0,2,6,6,7,4,1,2,2,6,2
0,23,31,2,5,0,10,1,2,2,7,3,1,4,5,1
1,27,21,4,5,0,4,6,7,6,6,4,6,4,3,5
1,34,32,2,5,0,2,2,6,7,8,1,6,5,3,2
0,27,26,3,5,0,6,3,8,9,9,7,7,8,9,8
1,37,31,6,4,0,3,1,5,7,5,2,5,2,1,5
0,40,23,4,6,0,4,6,5,7,7,1,1,7,3,1
0,31,43,4,3,0,3,5,9,6,4,7,4,8,8,9
0,20,19,5,1,0,3,5,4,5,6,7,7,1,1,5
1,21,32,6,1,0,7,6,6,1,4,2,2,1,6,5
0,39,38,4,1,0,4,1,1,1,8,7,7,1,1,4
1,43,33,4,6,0,9,1,6,5,9,6,2,2,5,1
0,34,28,4,5,0,9,1,5,6,4,7,5,3,3,2
1,22,43,5,5,1,8,5,3,5,6,4,6,3,4,5
1,29,33,3,4,0,9,3,7,1,4,6,1,7,1,5
1,29,37,1,4,0,6,2,7,5,7,6,2,2,1,4
1,22,39,6,6,1,10,6,4,4,5,5,7,1,3,1
1,29,41,1,6,0,2,5,7,7,4,7,8,6,9,9
0,19,19,4,3,0,1,6,2,7,6,6,6,4,4,2
0,37,20,4,2,0,7,5,8,9,8,7,5,7,9,9
1,20,21,2,6,0,3,1,7,3,5,4,4,7,3,3
1,21,25,5,2,0,1,4,2,1,1,7,7,6,2,5
1,19,33,6,5,0,3,3,6,7,9,4,6,1,5,1
0,31,22,1,1,1,7,3,1,5,1,2,7,3,2,1
1,19,32,5,4,0,9,6,5,4,6,5,2,2,4,3
1,39,34,1,3,0,7,6,4,1,2,4,2,3,2,5
1,35,43,3,3,1,9,3,6,1,5,3,6,1,1,4
0,42,43,6,5,0,5,3,4,2,1,5,6,6,3,3
0,27,41,1,5,0,3,5,2,2,2,3,1,2,1,2
0,23,36,1,2,0,2,4,1,2,5,4,7,4,1,3
0,23,24,5,1,0,1,6,7,2,6,7,1,7,4,4
0,26,26,6,6,1,3,1,4,5,1,2,1,3,5,5
0,32,21,6,3,0,7,6,3,3,6,7,1,1,4,3
1,29,23,5,3,0,5,4,3,7,9,3,3,3,5,1
0,26,19,4,3,0,5,6,4,5,10,3,2,2,3,2
0,31,25,5,6,0,2,3,1,1,1,2,5,1,1,2
0,42,42,3,2,0,7,2,1,2,8,3,7,4,4,1
0,19,40,4,4,1,10,2,1,4,3,4,1,1,5,2
0,37,19,1,3,0,10,5,1,5,6,6,6,3,1,4
1,22,39,3,2,0,2,6,5,5,9,5,3,7,1,3
1,28,19,5,5,1,9,3,7,4,5,3,2,7,3,2
0,43,27,4,1,0,10,3,9,7,8,9,5,8,7,8
1,23,42,2,1,0,1,1,2,3,8,5,2,5,2,2
1,20,32,3,2,0,4,3,3,3,10,4,2,2,3,2
0,20,34,3,6,0,3,2,4,4,10,2,7,5,4,4
0,41,36,2,4,0,3,3,7,2,2,3,7,1,6,5
1,42,29,1,6,0,6,1,5,3,9,2,2,4,5,2
0,23,27,2,6,0,6,3,2,2,6,6,1,7,5,5
1,30,34,6,5,0,8,2,5,3,7,4,2,2,3,5
1,38,22,1,4,0,1,3,9,9,10,7,4,8,9,9
1,23,31,2,2,1,8,4,6,5,7,8,8,6,8,7
0,28,37,4,2,0,10,6,5,7,6,3,1,1,4,5
1,40,39,2,6,0,6,4,4,2,4,4,7,4,6,4
0,30,25,2,5,0,3,6,4,4,7,4,6,5,2,2
1,40,25,2,6,0,9,6,4,5,2,5,6,6,2,1
0,23,36,2,6,0,7,1,7,7,4,3,1,6,5,5
1,31,37,3,4,0,6,2,4,2,1,7,1,7,6,2
1,24,23,6,3,0,3,1,5,7,6,5,1,1,6,2
1,33,27,5,5,1,4,4,4,7,9,3,3,7,3,3
0,29,37,2,6,0,9,2,1,6,2,5,7,1,1,3
0,30,29,2,1,0,2,2,2,1,6,2,5,5,5,1
1,39,21,4,5,0,3,4,4,7,6,3,4,6,2,3
1,22,36,5,1,0,4,1,6,6,2,3,2,3,4,2
0,39,19,6,3,0,3,5,2,2,1,4,7,7,3,2
0,19,34,1,4,0,4,5,2,1,3,3,2,1,4,3
1,38,19,2,3,0,10,3,3,1,2,4,3,1,5,3
1,43,30,6,3,0,7,6,3,6,2,2,7,7,2,1
1,43,20,3,4,0,2,3,3,7,1,4,4,4,4,3
0,28,19,5,5,1,9,5,7,5,4,9,5,5,8,9
1,30,36,6,4,0,8,3,5,1,10,3,2,3,6,2
0,29,41,2,2,1,2,3,3,5,2,5,2,3,1,2
0,24,19,2,3,0,10,4,9,9,9,7,4,8,7,6
1,27,30,4,6,0,7,5,9,7,9,7,8,7,7,9
0,32,42,3,5,0,4,1,9,6,6,9,7,7,9,9
1,42,35,2,1,0,5,1,2,5,7,4,3,1,5,4
1,21,21,5,4,0,8,2,9,6,8,9,5,6,8,9
1,39,19,6,1,0,5,1,2,4,9,4,1,5,1,5
0,42,43,2,1,0,4,3,1,1,5,2,4,4,1,2
1,43,35,6,3,0,10,6,4,4,5,4,7,5,5,1
1,30,33,2,2,1,4,2,4,2,2,5,2,4,6,3
0,31,25,4,4,1,9,5,4,1,9,4,1,3,1,4
1,24,21,3,6,0,7,6,6,5,2,3,6,6,2,1
1,24,19,4,4,1,6,1,1,5,7,3,4,5,6,2
0,19,24,3,4,0,4,1,2,5,9,6,7,5,5,1
0,30,40,3,4,0,1,3,2,2,3,6,2,3,6,5
0,35,25,6,3,0,5,6,1,4,6,2,3,2,3,5
1,43,28,2,2,1,7,1,1,6,9,3,7,2,3,5
1,35,25,3,4,0,4,2,3,1,9,3,4,7,4,5
0,41,27,1,6,0,8,5,3,5,8,7,2,2,6,4
1,23,37,1,5,0,7,5,7,6,4,8,8,8,7,9
0,37,29,6,4,0,10,1,3,3,1,5,4,4,3,1
0,30,21,2,1,0,4,4,3,7,2,6,2,5,5,1
1,22,24,6,3,0,10,4,7,1,2,2,7,1,5,1
1,19,25,2,3,0,10,1,3,7,6,1,5,3,6,2
0,29,35,1,1,1,1,2,2,4,2,4,4,4,4,2
1,28,27,3,1,0,2,1,6,6,5,2,4,7,2,4
0,43,43,5,2,0,5,4,7,6,2,1,6,7,5,2
0,22,26,1,3,0,8,4,5,5,5,7,4,7,4,1
1,40,26,6,1,0,9,4,3,2,1,6,3,1,4,1
0,19,43,3,1,0,10,2,7,6,2,5,7,7,3,2
1,37,23,1,4,0,1,4,1,2,9,3,3,3,1,4
0,35,42,4,4,1,1,2,7,3,6,1,1,7,5,1
0,31,27,2,1,0,1,4,7,2,6,4,6,5,6,5
1,39,38,4,3,0,3,6,3,5,9,7,6,7,6,2
1,30,19,2,4,0,4,5,5,7,1,5,5,2,6,3
1,21,38,6,4,0,10,3,7,7,7,7,4,6,8,7
0,43,19,3,1,0,4,5,5,5,9,2,2,1,5,2
1,24,22,6,4,0,1,5,3,3,6,5,1,2,6,1
0,43,24,4,3,0,3,2,6,4,2,4,2,3,4,3
1,28,33,4,4,1,3,1,3,3,3,4,4,5,4,1
0,34,25,6,4,0,10,2,7,3,6,3,2,3,4,5
1,29,37,4,3,0,5,1,2,2,10,5,3,1,1,4
0,27,26,3,5,0,5,1,5,6,4,3,2,7,3,3
1,25,28,5,1,0,3,6,4,7,8,3,2,7,1,2
1,33,21,2,5,0,9,4,7,6,6,9,4,6,9,8
1,43,31,6,6,1,2,1,4,2,5,5,1,7,6,1
1,25,32,3,4,0,7,1,2,2,9,5,2,3,3,1
1,26,39,4,3,0,6,5,6,3,6,7,7,3,2,2
0,32,23,6,5,0,9,6,3,5,9,2,1,1,2,4
0,30,31,2,3,0,7,6,7,2,6,3,6,7,6,1
0,32,26,5,6,0,7,3,9,7,6,9,7,6,8,9
1,19,24,6,6,1,3,5,5,1,1,5,3,1,1,3
0,43,22,6,6,1,1,3,5,6,2,7,5,2,3,2
1,29,43,3,5,0,2,4,1,2,10,2,7,2,6,5
1,42,38,4,3,0,10,6,3,7,9,5,7,4,5,2
1,35,32,3,3,1,6,4,5,4,6,4,4,6,5,1
0,24,28,5,2,0,3,2,3,3,7,5,3,7,2,3
0,26,35,3,6,0,5,2,1,6,9,7,2,4,5,1
0,43,23,2,1,0,1,1,7,3,1,6,7,4,4,5
1,43,34,2,6,0,8,6,2,6,5,5,1,3,5,1
1,40,36,6,2,0,10,5,5,4,1,1,5,3,6,5
0,19,29,3,5,0,8,5,5,2,2,7,1,4,2,3
1,19,36,4,1,0,9,4,8,5,4,9,6,7,9,8
1,36,25,1,2,0,8,6,7,6,5,3,3,5,6,2
1,25,43,1,6,0,1,4,5,3,10,4,2,3,6,2
1,41,34,2,5,0,2,2,4,5,6,5,6,1,2,2
0,25,32,2,6,0,7,5,6,5,3,6,4,5,4,3
1,19,29,6,4,0,5,4,6,3,2,3,4,3,5,4
1,40,29,4,2,0,2,5,4,4,4,3,2,5,5,4
0,37,36,4,4,1,2,6,5,1,2,1,2,3,2,2
0,41,27,1,2,0,8,5,3,3,1,3,5,5,1,2
1,43,37,3,3,1,2,6,6,4,10,1,4,5,3,2
0,21,37,1,3,0,3,3,3,7,5,4,3,5,6,2
0,36,30,6,1,0,4,6,1,6,8,2,4,5,1,2
0,32,34,3,2,0,6,6,4,5,6,5,6,1,2,5
0,29,37,5,3,0,7,5,4,7,7,6,6,7,5,1
0,27,29,3,2,0,1,3,4,4,1,1,7,1,3,5
0,24,32,3,5,0,9,2,1,6,8,1,4,5,3,5
1,37,43,5,4,0,3,4,5,5,6,6,4,4,1,3
0,26,24,2,1,0,5,2,2,6,1,4,3,6,1,1
0,38,31,2,3,0,3,1,3,1,2,4,6,2,5,3
0,42,28,5,3,0,9,6,7,7,4,4,7,2,5,5
1,41,19,3,6,0,7,6,2,2,5,6,4,5,5,2
0,29,43,3,3,1,7,2,4,4,7,4,6,5,1,1
0,20,42,5,6,0,5,5,7,5,2,3,7,3,3,1
1,38,30,3,1,0,7,1,3,4,3,3,4,6,6,4
0,24,39,3,3,1,8,4,6,6,6,3,5,3,2,1
0,26,22,4,6,0,6,6,1,5,2,4,4,6,6,1
0,30,24,6,5,0,8,6,2,5,8,1,1,4,3,3
1,22,39,2,5,0,9,6,9,8,8,9,4,5,9,8
0,40,20,2,4,0,2,1,1,7,3,3,4,6,1,1
1,34,26,3,4,0,8,5,9,9,10,9,7,6,9,7
0,19,24,2,6,0,1,6,4,7,2,7,2,4,1,1
0,35,29,2,5,0,8,1,2,2,4,3,6,6,4,3
0,39,25,4,5,0,5,1,1,6,10,5,3,6,4,4
1,42,33,2,5,0,7,5,6,5,7,3,3,7,3,5
1,41,26,6,3,0,4,3,4,2,4,5,3,7,2,3
1,19,36,4,3,0,9,1,2,6,4,7,5,4,2,2
0,22,36,6,4,0,3,4,1,7,9,4,2,5,5,1
1,42,23,2,3,0,1,6,4,4,6,3,7,1,6,4
1,20,31,4,2,0,5,2,2,2,6,1,6,1,3,5
1,38,35,2,4,0,8,5,6,8,9,8,8,5,7,9
0,22,33,1,1,1,7,2,6,5,3,1,7,5,2,1
1,19,21,3,4,0,1,4,6,2,2,4,1,4,6,5
0,30,33,5,3,0,5,3,4,3,8,5,5,1,5,1
0,39,21,4,5,0,9,3,7,6,1,4,1,2,2,2
0,35,21,3,4,0,7,1,4,4,6,1,6,5,6,4
1,41,42,2,4,0,10,2,2,4,1,2,6,4,2,3
0,28,20,1,1,1,3,2,4,7,3,6,7,4,6,3
1,42,43,6,1,0,8,4,2,5,9,5,3,2,1,1
1,35,41,1,4,0,5,5,6,6,6,2,5,7,2,5
1,26,29,3,1,0,6,1,5,7,10,3,7,2,2,4
1,21,20,6,3,0,10,1,1,3,2,2,1,5,3,5
0,38,28,1,3,0,5,2,7,3,2,2,1,1,3,5
1,33,27,6,4,0,5,4,9,9,8,9,4,7,8,6
1,27,37,3,6,0,7,3,4,6,1,4,4,5,4,5
0,22,19,5,5,1,10,1,5,2,9,3,1,6,3,3
0,39,27,2,5,0,10,4,1,4,7,6,2,5,6,5
1,34,36,4,6,0,1,4,9,6,8,9,8,5,9,6
0,19,27,6,4,0,2,4,4,6,7,6,7,2,6,4
0,27,19,6,5,0,7,2,3,5,7,1,3,2,3,4
0,19,25,5,5,1,5,2,5,4,8,3,7,7,2,4
1,36,26,2,2,1,9,5,4,4,3,1,3,2,4,2
0,24,37,3,1,0,2,2,3,2,9,3,2,4,3,3
0,37,40,3,1,0,8,1,4,4,5,6,5,3,5,3
0,28,29,4,3,0,8,6,6,6,5,1,3,1,2,3
0,21,35,6,5,0,5,3,5,3,6,4,7,1,3,2
1,25,43,2,3,0,3,5,1,5,3,3,6,7,6,4
1,27,19,4,2,0,10,6,9,9,5,8,6,7,9,9
0,21,38,1,1,1,5,2,3,1,10,6,5,4,2,1
0,27,20,4,4,1,10,4,1,5,1,3,2,5,6,3
1,29,28,5,5,1,4,3,2,4,2,2,3,1,1,2
1,34,20,5,4,0,9,1,3,2,9,3,6,7,6,1
0,39,39,3,5,0,4,4,3,6,5,4,6,3,5,3
1,41,28,5,3,0,9,6,7,4,4,1,2,7,3,1
1,37,25,3,5,0,2,3,4,7,7,6,1,3,4,3
1,30,27,4,1,0,8,2,3,7,10,6,1,7,1,3
1,20,35,2,6,0,1,5,2,7,1,6,6,7,1,2
1,33,43,1,4,0,5,5,4,4,5,1,2,4,1,2
1,35,30,1,6,0,1,1,3,3,4,3,4,3,3,5
0,30,19,3,5,0,5,1,2,7,3,5,4,3,3,4
1,27,43,2,1,0,2,3,4,1,4,5,6,7,2,4
1,39,20,2,4,0,6,1,8,9,8,9,6,8,7,9
1,42,33,6,2,0,2,3,7,4,6,7,6,1,6,3
1,29,27,1,1,1,8,1,2,5,7,1,4,4,4,4
0,41,35,4,4,1,6,2,3,7,7,5,5,2,6,4
1,34,28,5,3,0,8,3,9,8,9,8,8,5,7,8
0,43,22,6,2,0,9,1,7,7,1,4,6,4,2,1
1,19,39,6,6,1,2,1,1,6,5,5,7,1,6,5
1,29,43,5,3,0,8,6,5,4,5,6,1,4,5,4
0,32,28,6,3,0,4,5,9,7,8,7,6,6,7,8
1,39,24,3,6,0,6,4,7,7,9,9,7,7,9,7
0,29,24,6,5,0,5,4,2,1,5,1,1,1,4,3
0,31,21,6,6,1,4,2,2,6,7,2,6,1,1,4
1,32,40,1,4,0,6,1,2,2,7,1,5,2,3,5
1,26,43,2,4,0,6,1,3,4,1,7,3,4,3,1
0,33,22,3,3,1,3,2,6,5,6,6,4,1,4,1
1,41,23,4,3,0,2,3,9,9,7,9,6,5,7,9
0,21,30,5,2,0,5,1,5,7,7,2,6,5,2,1
1,28,35,1,5,0,3,2,9,7,8,9,5,6,9,9
1,40,39,6,3,0,10,6,2,2,7,1,4,2,1,5
0,26,40,5,2,0,4,4,3,6,1,6,1,2,5,3
1,26,38,2,2,1,2,3,5,2,6,6,4,3,3,2
0,22,27,5,3,0,9,1,5,6,9,5,1,2,1,1
1,29,24,6,3,0,5,1,4,7,9,6,7,7,5,2
0,23,33,5,6,0,9,3,1,1,3,1,1,5,4,2
0,22,37,5,2,0,4,2,6,7,2,7,3,1,5,1
1,40,39,5,4,0,4,4,4,5,8,3,2,2,3,1
0,31,20,1,3,0,5,4,6,3,5,7,1,6,1,1
1,35,34,2,5,0,3,6,3,4,8,5,1,2,2,2
0,32,19,3,6,0,5,5,2,2,9,5,3,7,1,1
0,21,30,1,3,0,4,5,7,7,2,1,3,7,4,5
0,22,23,4,2,0,1,3,1,7,1,7,1,3,6,2
0,27,31,6,3,0,5,6,3,2,6,7,7,5,5,1
0,22,23,5,5,1,3,5,8,8,6,8,4,7,7,6
1,30,24,3,1,0,7,5,4,5,6,5,5,6,1,1
1,23,20,3,3,1,3,1,5,4,1,5,3,4,4,5
1,37,30,1,6,0,4,2,5,1,7,5,5,3,1,3
1,28,21,2,3,0,3,4,2,7,6,7,5,5,1,1
0,19,24,6,5,0,2,1,4,2,2,2,3,3,1,4
1,19,19,1,3,0,6,5,7,7,9,2,4,3,2,1
0,37,20,4,1,0,4,2,4,5,6,2,7,5,4,5
1,37,30,6,2,0,8,2,5,2,10,3,2,2,3,1
0,38,43,6,1,0,4,5,7,2,6,3,1,5,5,4
1,39,29,6,5,0,1,2,7,7,4,2,3,7,1,5
0,30,19,3,4,0,7,4,4,7,9,3,4,5,5,1
0,29,20,2,1,0,8,2,2,2,8,1,6,7,6,4
0,42,24,1,2,0,9,2,9,9,5,8,8,8,7,6
1,30,28,6,3,0,6,2,7,5,10,5,5,7,4,5
1,40,32,2,6,0,2,1,6,6,7,9,4,8,9,8
1,29,25,5,4,0,1,1,1,3,9,5,1,1,2,5
0,31,43,2,6,0,5,5,2,6,2,7,2,2,3,2
0,37,42,3,4,0,6,6,2,1,7,1,5,3,2,4
1,22,43,2,3,0,10,1,7,6,10,1,4,6,5,5
0,19,19,4,4,1,9,2,1,5,1,1,7,6,1,5
0,33,30,6,3,0,8,5,6,9,6,9,4,6,9,7
0,30,22,5,4,0,2,5,2,4,1,5,4,4,6,1
0,42,23,4,2,0,5,3,2,7,2,7,1,5,1,1
1,31,26,2,2,1,7,5,3,3,6,4,4,4,6,1
0,25,31,4,4,1,3,2,2,4,3,7,7,1,2,1
0,20,29,5,4,0,6,1,2,6,9,6,5,7,2,5
1,23,42,2,3,0,2,2,3,4,3,7,6,4,5,2
0,23,25,2,2,1,5,5,1,5,2,3,6,4,5,3
1,35,37,3,2,0,10,1,4,1,7,4,6,7,6,5
1,38,32,4,2,0,5,3,2,2,7,5,7,7,3,2
0,25,28,3,3,1,1,4,2,5,5,2,3,7,4,4
1,41,39,6,3,0,1,6,5,2,1,6,4,2,5,3
0,43,22,6,2,0,8,4,2,5,6,4,6,4,4,1
1,43,36,3,5,0,8,5,2,1,6,1,5,2,3,2
0,20,43,4,5,0,6,3,6,7,4,7,4,2,2,3
1,27,32,4,5,0,6,4,5,3,1,4,6,3,6,5
0,22,31,4,2,0,10,5,5,5,5,6,2,3,2,1
0,29,38,4,5,0,7,4,1,4,7,6,7,7,4,1
1,30,34,4,6,0,8,2,5,1,9,7,1,3,1,1
1,35,19,6,1,0,3,5,6,1,9,2,5,1,2,4
0,19,31,3,4,0,10,3,2,3,2,5,3,6,1,5
0,43,40,4,5,0,4,3,4,3,10,3,7,1,5,2
1,26,35,3,6,0,5,6,2,7,6,3,3,2,2,5
1,43,38,5,5,1,5,4,4,2,3,4,3,3,2,2
0,19,25,1,5,0,2,5,9,9,5,7,8,7,8,9
1,28,38,6,3,0,8,2,4,3,3,6,5,1,1,2
1,37,43,6,1,0,9,5,2,3,5,6,6,6,1,2
1,19,28,4,3,0,2,5,2,2,5,4,3,3,1,1
0,24,41,1,4,0,2,5,5,3,2,5,5,5,3,3
1,35,39,1,1,1,4,1,4,6,4,6,6,5,6,1
1,43,37,3,3,1,10,6,9,9,8,8,7,8,8,9
1,31,41,6,3,0,1,4,4,2,2,4,1,1,6,1
1,34,23,2,2,1,1,3,7,3,7,1,1,7,4,5
1,40,20,2,1,0,2,4,5,2,5,6,4,3,6,5
1,36,33,3,5,0,7,1,1,4,10,1,6,3,3,5
1,28,42,4,1,0,9,3,5,2,9,2,7,3,5,4
0,43,30,4,6,0,1,3,7,9,6,7,6,8,9,7
1,40,34,6,3,0,10,2,8,8,8,9,5,8,9,6
0,27,36,5,2,0,1,2,2,3,5,4,1,7,1,1
0,42,29,5,2,0,9,3,3,7,8,4,3,3,3,2
1,32,42,5,6,0,2,3,2,5,9,7,6,3,1,5
1,32,38,2,2,1,10,3,5,5,1,7,7,3,3,1
0,28,41,4,4,1,9,3,6,6,5,3,1,1,6,5
0,43,29,4,1,0,10,4,6,7,6,6,4,1,6,1
1,26,26,4,2,0,5,3,9,6,9,7,5,7,9,6
0,24,19,4,1,0,5,3,1,1,9,4,1,1,1,3
1,29,24,3,4,0,5,5,6,4,7,4,2,4,5,4
0,28,32,6,4,0,9,4,3,1,5,1,4,4,2,3
1,27,21,2,3,0,10,5,2,5,7,3,3,2,2,4
1,43,41,3,2,0,4,4,2,3,6,3,2,7,5,5
1,25,43,6,2,0,10,6,7,6,9,9,4,6,9,9
1,30,39,4,1,0,9,4,4,2,10,3,3,4,5,3
0,34,23,6,6,1,10,2,4,2,8,7,2,4,2,5
1,40,20,2,2,1,1,5,7,5,3,5,2,3,4,4
1,43,19,2,4,0,4,4,3,2,6,5,1,7,3,2
0,43,33,5,5,1,2,2,7,2,4,7,7,2,1,5
1,43,39,5,6,0,7,4,4,6,4,2,7,6,6,3
0,23,35,3,6,0,3,4,4,3,6,1,5,3,5,3
1,31,22,4,2,0,10,1,5,5,6,7,4,6,6,1
1,29,43,4,2,0,2,5,6,9,7,7,7,7,8,9
1,31,32,1,6,0,5,3,2,1,2,6,3,2,5,1
0,21,23,4,6,0,8,1,7,9,7,9,5,8,9,8
1,35,42,3,4,0,3,1,7,9,10,8,8,8,9,9
1,28,36,5,5,1,10,3,7,3,7,4,6,6,1,1
0,32,37,1,1,1,9,5,2,6,2,3,6,1,2,2
1,26,35,4,5,0,4,2,6,3,5,5,4,4,3,5
0,42,31,4,6,0,4,4,3,6,6,1,2,1,2,4
0,19,31,5,6,0,7,2,3,3,8,3,5,5,3,1
0,42,41,5,3,0,3,6,4,4,4,5,5,3,5,5
1,39,29,6,2,0,7,2,4,1,4,1,2,1,4,1
1,39,37,2,4,0,10,3,3,1,6,1,2,3,3,3
0,33,43,6,3,0,10,3,2,4,9,1,5,5,1,2
0,34,33,4,6,0,9,2,5,7,9,2,5,4,5,2
0,37,23,6,6,1,4,5,3,4,7,5,4,3,6,3
1,37,31,1,2,0,5,2,7,1,7,7,4,4,2,3
1,23,36,5,1,0,9,1,2,5,7,6,1,6,4,3
1,22,34,4,5,0,7,3,3,3,4,5,3,1,1,3
1,34,21,1,3,0,9,1,1,2,9,5,7,1,3,1
1,34,28,3,1,0,2,6,9,9,5,9,4,7,8,8
1,28,27,2,3,0,3,2,7,1,7,2,5,4,3,4
0,24,31,1,5,0,9,1,6,4,3,1,4,1,5,4
1,41,33,4,6,0,4,3,7,7,3,7,1,7,6,3
0,26,26,4,4,1,5,4,1,1,4,6,7,5,2,4
1,43,32,1,1,1,4,4,3,3,10,7,7,2,4,5
0,22,43,6,2,0,10,2,6,1,7,6,3,5,3,4
0,23,23,4,4,1,7,5,8,5,5,9,4,8,8,9
0,28,20,3,3,1,8,5,5,5,8,7,7,7,3,1
0,37,43,1,6,0,10,2,2,3,4,2,1,7,1,2
0,19,21,3,4,0,2,2,4,5,5,1,7,4,3,3
1,27,29,5,4,0,4,4,7,3,7,1,7,2,1,3
1,43,34,1,6,0,2,1,3,1,5,4,2,1,6,5
0,35,21,1,2,0,5,3,2,7,1,7,5,1,1,3
1,27,34,1,3,0,6,6,7,3,1,6,5,5,4,3
0,25,19,1,4,0,1,1,3,5,10,3,3,7,3,4
1,35,42,2,1,0,6,3,6,6,5,3,5,5,4,2
0,33,34,4,2,0,8,5,1,6,3,7,3,4,6,5
0,27,41,5,2,0,2,3,6,8,4,9,7,5,9,9
0,25,42,2,6,0,7,3,9,7,5,9,8,5,9,8
1,36,19,4,6,0,8,1,6,6,3,6,1,1,1,2
0,37,38,2,4,0,1,6,1,4,5,7,2,4,2,4
1,34,35,5,2,0,8,2,2,6,3,3,3,4,4,3
1,21,19,4,2,0,7,6,7,2,5,3,2,7,1,1
0,24,34,3,5,0,9,2,9,9,6,9,4,5,9,8
1,42,22,4,2,0,6,4,6,2,7,1,4,4,2,5
1,37,20,5,3,0,2,2,2,7,4,1,1,6,3,1
0,43,40,5,4,0,4,4,2,5,3,1,5,2,5,3
1,31,26,5,1,0,4,2,5,1,3,1,1,3,2,4
1,33,43,5,1,0,5,1,3,2,9,4,1,3,6,5
1,41,34,6,4,0,10,3,6,6,9,3,6,4,6,3
1,30,26,5,2,0,4,4,4,4,5,7,5,1,3,2
1,30,25,1,6,0,3,5,9,8,6,8,5,6,9,9
1,42,22,4,3,0,5,3,6,5,7,1,1,1,3,2
0,31,28,6,5,0,9,6,1,7,3,5,5,5,4,2
0,30,25,6,1,0,4,5,7,9,8,8,5,6,8,9
1,33,26,6,1,0,6,5,4,7,7,1,7,7,1,4
0,26,23,6,5,0,4,6,7,3,5,2,1,7,5,2
1,36,19,3,1,0,9,4,2,7,10,1,7,7,2,3
1,35,32,1,3,0,5,6,8,9,9,9,8,8,7,9
1,19,26,1,4,0,1,2,2,7,7,6,4,7,4,3
1,32,35,4,6,0,2,6,3,7,7,6,7,6,5,3
1,34,31,2,3,0,2,2,6,2,5,5,3,7,4,2
1,41,35,5,3,0,10,1,6,4,5,4,3,1,1,1
0,27,23,2,2,1,8,1,6,7,7,6,1,5,1,4
0,20,38,3,6,0,6,5,1,3,6,7,3,5,3,2
0,26,19,6,4,0,2,3,7,5,10,7,5,2,6,2
0,39,38,3,5,0,7,6,9,6,10,9,6,8,9,6
0,20,43,3,3,1,1,4,6,4,10,4,2,4,3,2
0,32,24,1,3,0,8,3,1,2,10,5,7,3,6,5
1,43,43,5,6,0,10,2,2,2,1,1,4,7,4,4
1,39,19,2,6,0,8,2,4,7,10,5,3,1,5,4
0,33,19,5,4,0,4,2,4,4,8,5,7,4,1,3
0,43,22,2,1,0,7,5,6,9,4,9,8,8,9,6
1,19,42,4,6,0,4,2,6,7,5,8,5,8,7,8
0,32,41,3,1,0,7,3,6,6,8,3,1,5,3,2
1,23,35,6,1,0,9,6,2,2,5,5,4,7,4,4
1,27,37,2,5,0,4,5,7,3,9,3,6,2,2,5
0,43,35,4,2,0,1,5,7,4,6,5,7,4,3,2
1,39,24,5,5,1,4,4,9,9,6,9,5,8,7,6
0,29,38,5,3,0,5,4,8,5,8,7,5,5,9,8
1,41,41,2,6,0,6,4,4,5,2,5,4,5,5,5
0,24,43,4,3,0,2,6,8,7,9,9,8,8,9,9
1,43,38,5,2,0,8,6,7,4,9,1,3,4,1,3
0,37,32,6,4,0,10,1,2,3,5,7,5,5,6,4
0,40,34,4,5,0,2,4,6,1,10,3,1,4,2,3
1,26,43,1,6,0,4,4,7,2,4,6,1,6,4,5
1,30,34,1,5,0,2,3,2,3,7,1,5,3,4,1
1,41,37,6,2,0,1,6,2,1,8,3,2,5,1,3
1,30,25,2,6,0,4,6,7,9,4,9,7,6,7,6
1,31,39,1,5,0,3,6,2,3,8,2,1,3,6,2
1,43,29,1,1,1,1,5,3,4,1,2,5,2,2,1
0,31,35,1,6,0,5,2,1,7,1,4,6,7,1,1
0,19,28,4,6,0,7,4,7,6,7,5,4,2,1,1
1,33,31,5,1,0,10,4,3,1,10,4,4,1,1,2
0,40,31,6,4,0,3,1,7,5,2,7,5,3,4,3
0,33,19,2,5,0,5,6,5,5,9,7,7,1,5,5
1,19,32,3,5,0,3,6,5,4,10,2,5,5,4,4
1,35,25,3,5,0,5,5,7,6,3,5,2,5,2,1
1,42,36,1,2,0,9,5,5,4,5,2,7,6,1,3
0,20,39,1,4,0,10,4,9,8,6,7,5,5,9,8
0,37,30,2,2,1,5,3,1,5,1,2,5,2,2,4
0,41,20,2,4,0,7,3,2,7,10,5,7,4,5,3
0,23,25,6,6,1,1,1,5,7,1,1,5,7,1,3
0,43,39,1,2,0,10,5,9,5,4,7,7,8,8,7
0,27,28,2,1,0,4,3,7,4,3,1,6,4,2,3
1,36,41,6,2,0,1,4,6,4,8,5,1,1,3,3
1,33,30,5,2,0,3,5,2,6,10,7,7,6,3,4
1,33,28,1,3,0,6,5,8,5,5,9,8,5,9,6
1,19,35,2,4,0,3,6,3,4,4,3,3,4,2,5
1,21,26,4,3,0,9,6,6,5,1,7,3,1,5,4
1,42,25,2,3,0,9,1,6,9,10,8,7,8,9,8
1,22,33,2,2,1,9,1,9,7,8,9,8,8,7,9
1,26,39,1,2,0,4,2,4,5,3,4,1,1,6,3
1,41,43,3,1,0,6,3,4,1,6,3,5,5,6,5
1,34,43,1,3,0,9,6,2,5,2,6,5,3,5,5
1,33,40,1,1,1,2,2,2,4,6,4,7,6,3,3
1,40,19,5,4,0,1,4,9,7,10,9,8,5,9,7
1,36,37,4,5,0,9,4,5,6,10,6,2,5,3,1
0,41,28,2,4,0,9,2,3,6,1,3,7,6,4,5
1,32,41,1,1,1,4,3,9,6,4,9,4,7,8,8
1,36,28,2,2,1,3,2,4,7,1,7,1,3,3,5
1,25,26,5,6,0,2,6,6,2,8,4,7,4,6,3
1,43,24,5,5,1,6,2,7,7,8,3,7,2,4,1
0,33,36,5,5,1,8,3,7,3,6,5,7,6,6,3
0,32,26,4,1,0,2,1,7,2,4,2,7,4,4,4
1,35,26,2,5,0,4,6,7,7,7,4,6,4,5,3
0,39,38,6,6,1,4,5,6,5,7,7,4,8,9,6
0,23,29,1,3,0,8,4,7,9,7,8,8,6,9,8
1,32,33,2,1,0,10,6,9,6,5,9,5,8,9,8
1,30,38,6,1,0,9,1,6,5,8,9,8,6,7,8
0,35,32,2,6,0,4,4,1,7,9,3,4,7,3,2
1,27,27,3,6,0,5,6,4,3,5,7,4,2,6,5
1,39,32,4,3,0,5,4,5,2,6,6,2,7,1,1
1,21,37,2,1,0,10,3,5,7,4,5,6,1,5,5
1,26,28,2,6,0,1,5,3,5,6,4,4,1,1,1
1,19,19,5,6,0,8,4,1,1,8,2,7,7,4,1
0,27,31,1,1,1,9,6,2,3,4,7,7,6,2,4
0,25,22,6,5,0,9,5,1,6,1,5,6,2,2,2
1,32,23,3,1,0,10,1,5,5,1,5,2,4,3,3
0,29,19,3,6,0,7,5,3,7,3,2,1,7,2,2
0,30,43,5,6,0,4,4,3,3,1,5,2,3,2,5
0,38,43,5,4,0,9,2,7,7,8,6,4,6,4,2
1,20,39,6,1,0,4,5,6,2,1,5,2,6,1,5
1,30,32,5,5,1,5,5,6,4,3,7,1,3,6,4
0,23,30,1,2,0,9,4,7,5,7,6,6,5,1,1
0,22,20,1,2,0,5,5,5,7,1,7,3,6,6,4
1,37,32,1,5,0,7,6,1,4,8,4,1,1,6,1
1,39,34,2,2,1,3,2,4,5,7,6,2,5,6,2
0,29,26,1,6,0,9,2,3,3,6,1,7,7,1,3
0,26,27,3,6,0,1,3,3,2,10,6,7,3,1,1
0,20,34,3,2,0,4,6,7,6,5,7,4,3,3,2
1,21,36,2,5,0,4,5,1,2,9,7,6,5,2,5
1,27,41,2,3,0,2,2,2,1,5,2,3,3,1,4
0,39,40,5,5,1,10,3,4,3,4,7,5,3,6,4
1,31,26,3,6,0,7,2,3,7,3,3,6,3,4,3
0,23,30,5,5,1,8,5,3,7,5,2,5,5,4,2
0,23,33,3,2,0,8,1,8,9,6,9,4,8,8,8
1,24,20,2,2,1,4,2,2,1,4,4,6,3,4,1
0,42,42,6,3,0,6,4,2,6,6,4,4,3,1,2
1,30,42,3,6,0,3,3,5,3,9,3,2,1,6,4
0,27,22,6,5,0,8,6,2,1,1,3,6,2,5,2
1,37,22,1,5,0,4,3,6,7,9,5,3,7,2,4
1,21,43,5,2,0,7,5,7,3,6,2,1,4,3,2
0,43,30,4,5,0,6,5,9,7,8,7,8,8,7,9
0,35,42,6,1,0,10,1,1,2,1,7,7,5,2,3
0,27,33,1,4,0,9,5,7,6,7,9,5,5,9,8
0,28,23,3,6,0,6,5,7,2,3,5,3,7,6,4
1,33,43,4,1,0,8,2,2,7,2,2,1,6,5,2
0,29,40,6,4,0,2,5,4,1,9,2,6,1,4,1
1,30,35,3,4,0,6,3,5,2,1,6,4,1,1,3
1,28,30,4,1,0,4,6,5,6,1,1,1,1,1,4
0,24,34,4,2,0,4,3,2,7,4,3,7,2,1,3
1,37,26,5,2,0,2,5,4,6,9,7,1,7,6,1
1,26,30,3,4,0,10,6,1,4,4,5,7,4,2,4
0,23,23,2,5,0,9,2,4,4,10,1,2,4,2,5
0,23,22,4,4,1,6,6,8,9,6,9,8,8,9,8
1,28,27,4,1,0,6,6,1,5,1,2,3,4,2,5
1,20,43,2,5,0,8,6,5,2,4,6,2,6,1,3
1,39,29,4,4,1,5,6,1,6,6,7,7,3,2,2
1,37,38,3,4,0,2,3,1,4,1,2,1,5,2,2
1,25,19,5,2,0,6,6,7,5,1,5,2,2,1,1
0,19,23,5,2,0,6,6,6,2,5,7,6,5,2,1
1,24,43,6,5,0,9,4,2,3,4,1,1,6,6,3
1,33,36,2,2,1,5,5,7,5,1,6,6,5,6,2
0,40,20,2,5,0,5,4,1,3,6,2,4,5,1,3
1,43,31,6,6,1,7,5,2,5,3,1,7,1,1,1
0,33,43,2,4,0,6,1,9,7,6,8,8,6,8,7
1,36,23,4,2,0,10,4,6,9,5,8,7,8,7,7
0,32,29,5,1,0,4,6,2,5,8,4,3,5,6,1
0,37,43,5,5,1,2,4,5,5,1,2,3,5,4,4
0,32,36,2,2,1,4,5,8,8,4,7,8,5,9,7
0,34,19,4,2,0,6,1,4,6,2,4,3,3,5,3
0,25,23,1,5,0,9,3,3,6,8,1,6,3,6,3
1,28,22,4,1,0,9,2,6,2,5,6,5,7,1,4
0,38,41,6,5,0,8,4,7,7,9,6,3,3,4,3
1,24,29,5,5,1,2,6,9,6,10,9,4,7,8,9
1,32,25,2,6,0,5,1,1,6,10,7,4,7,5,5
0,30,35,2,6,0,4,1,7,8,10,9,7,6,8,6
0,43,24,2,5,0,7,5,2,3,2,7,4,6,6,2
1,37,35,5,5,1,4,3,3,2,5,6,2,2,3,3
0,39,43,4,1,0,1,3,4,2,6,5,1,2,2,3
0,40,24,2,5,0,5,4,7,5,1,5,5,7,2,5
0,24,19,6,4,0,6,2,6,6,9,9,4,6,9,6
1,30,38,3,5,0,6,1,6,4,7,6,2,1,1,3
0,42,37,3,4,0,9,1,6,5,2,3,7,7,6,4
1,24,21,4,2,0,10,3,6,1,1,2,4,3,3,2
1,31,29,4,3,0,5,4,1,2,3,4,6,4,5,4
0,20,28,4,2,0,5,4,6,3,10,4,4,4,1,2
1,28,24,5,5,1,6,4,6,7,1,6,4,1,4,1
0,38,32,4,6,0,10,1,7,2,1,5,6,4,4,3
1,40,39,4,2,0,2,1,4,2,3,2,7,7,2,2
1,43,22,6,2,0,4,3,1,6,1,3,1,6,5,2
0,32,33,2,6,0,2,1,2,1,4,7,5,6,1,1
1,34,29,5,2,0,9,5,4,5,10,7,1,5,6,5
1,29,25,2,1,0,5,2,2,4,2,1,6,2,2,5
1,22,19,3,4,0,2,4,5,7,10,6,2,7,1,1
1,33,28,4,1,0,4,1,6,6,2,7,5,5,2,3
0,24,20,4,1,0,4,5,6,8,10,7,4,8,9,6
1,26,30,5,6,0,1,6,3,5,1,6,2,2,4,4
1,43,42,2,5,0,9,2,2,5,5,6,7,3,1,4
0,30,40,5,6,0,10,1,3,2,5,2,2,7,2,1
0,19,24,3,6,0,7,2,8,7,8,9,5,8,8,7
0,25,23,3,1,0,3,4,7,2,2,1,5,5,4,2
1,43,33,3,2,0,7,2,6,4,10,4,6,2,3,3
0,22,23,5,2,0,1,3,7,8,9,8,7,6,9,8
0,32,27,5,3,0,4,4,6,6,7,7,4,1,1,1
0,40,33,5,3,0,3,3,9,7,10,8,6,8,9,9
1,19,35,1,1,1,7,3,5,6,1,7,6,4,3,2
1,39,31,1,6,0,8,3,1,1,10,6,6,6,2,1
0,23,32,2,2,1,1,4,2,2,6,5,1,1,6,3
0,39,27,3,6,0,3,2,7,1,1,5,6,6,4,2
0,27,42,3,3,1,3,3,3,1,7,5,5,1,3,4
0,32,19,5,5,1,3,2,7,7,9,9,6,5,8,7
0,41,37,1,1,1,7,4,3,2,3,4,1,2,6,4
0,41,24,2,4,0,5,6,6,9,10,9,7,8,7,8
1,29,32,3,2,0,10,3,1,2,3,2,5,3,1,1
0,25,19,2,5,0,9,2,7,1,10,3,5,7,4,1
0,21,21,5,4,0,9,5,2,6,8,7,2,5,4,1
1,33,34,1,3,0,3,1,5,3,2,4,6,5,5,4
1,22,43,1,1,1,10,1,4,1,1,5,1,1,5,2
1,34,42,4,4,1,6,1,6,1,5,5,4,5,2,1
0,36,40,5,2,0,2,4,5,5,5,7,4,7,2,3
0,36,21,4,4,1,6,4,6,7,2,1,5,5,5,5
1,31,26,6,4,0,2,6,3,1,10,3,2,7,5,1
0,34,20,3,4,0,8,2,2,4,2,4,5,7,3,1
0,34,26,1,4,0,3,5,4,6,7,4,7,5,4,2
0,28,34,2,5,0,7,1,8,9,7,9,7,8,9,7
0,42,19,5,4,0,4,5,7,1,7,4,5,7,3,3
1,31,30,1,1,1,10,4,4,4,3,2,1,1,2,5
1,42,28,3,6,0,8,1,5,7,3,3,6,7,6,3
0,19,41,2,1,0,8,6,6,2,10,1,1,2,5,5
0,35,43,5,3,0,10,2,2,1,2,6,6,4,2,2
0,23,33,2,5,0,4,2,6,7,10,5,2,2,4,3
0,30,36,3,2,0,9,6,4,6,5,6,1,7,3,5
1,24,43,4,2,0,10,5,4,7,7,6,2,4,1,3
0,28,29,3,3,1,6,5,4,1,10,1,6,5,1,3
1,23,42,4,4,1,10,4,9,6,6,9,5,8,9,6
1,23,21,1,1,1,8,1,1,5,5,1,7,2,1,2
1,21,31,1,5,0,7,5,6,6,7,2,4,7,1,3
1,40,39,2,5,0,2,1,7,6,9,6,1,6,1,5
1,20,38,2,2,1,4,4,6,5,5,4,1,7,2,3
1,40,22,1,5,0,8,2,8,7,6,8,4,8,9,9
0,39,32,3,4,0,9,2,2,3,1,2,4,4,5,5
1,20,41,6,2,0,10,4,1,3,9,4,6,1,3,2
0,42,24,5,2,0,6,6,6,9,8,9,8,8,8,7
1,29,22,5,6,0,1,1,3,3,10,6,2,6,1,4
0,30,41,3,2,0,4,1,7,5,10,5,2,1,2,4
0,31,35,2,3,0,9,1,6,1,5,2,6,3,2,2
1,20,29,5,5,1,7,3,6,4,6,5,3,6,1,5
1,33,36,4,5,0,6,2,7,4,6,2,3,3,4,1
1,40,19,4,5,0,5,3,5,3,3,2,4,3,6,3
0,21,38,2,2,1,10,3,3,2,8,4,1,2,6,1
1,26,31,6,1,0,1,1,1,3,10,2,1,3,2,1
0,36,32,5,3,0,8,6,2,7,10,7,6,4,1,2
1,31,26,6,4,0,4,1,8,8,8,9,4,8,9,9
0,39,38,6,5,0,4,6,3,6,8,7,2,1,2,1
1,27,23,2,6,0,8,6,4,3,3,2,7,1,2,5
0,26,36,4,5,0,1,4,5,4,9,3,1,2,1,1
0,22,30,4,1,0,8,1,5,2,4,1,7,6,6,3
1,28,22,2,4,0,2,1,7,5,3,6,1,1,6,4
1,26,43,5,5,1,10,3,4,2,3,2,5,3,3,4
0,21,43,4,3,0,7,4,3,3,9,6,4,3,3,5
1,42,33,5,6,0,3,4,8,8,10,9,4,8,7,9
0,30,36,5,4,0,8,4,3,6,2,1,2,4,4,2
1,41,24,4,1,0,5,6,5,6,6,4,7,6,1,3
1,35,31,5,1,0,8,1,4,7,9,3,7,5,6,2
0,31,30,2,4,0,8,3,2,7,4,3,6,2,2,5
0,22,21,3,1,0,9,5,2,7,1,4,5,4,5,1
0,32,36,1,5,0,10,6,4,6,3,2,1,1,2,1
0,37,34,3,6,0,1,2,5,7,6,1,5,7,5,5
0,41,23,3,3,1,2,6,9,6,5,7,5,8,9,9
0,41,38,6,3,0,1,6,8,9,6,8,8,8,9,9
0,41,30,4,2,0,4,6,1,3,9,3,2,6,3,3
0,43,24,6,3,0,5,1,4,2,1,2,1,1,2,1
1,31,39,6,1,0,10,5,2,1,2,7,7,7,6,3
1,19,20,3,5,0,9,2,2,4,8,7,4,6,2,3
0,30,34,1,2,0,6,5,4,5,2,5,6,1,2,2
1,26,38,4,6,0,8,5,3,3,8,3,6,7,6,5
1,41,34,5,4,0,7,2,8,9,4,8,8,8,9,8
0,37,31,6,1,0,4,2,7,1,9,5,4,3,6,5
0,23,39,3,4,0,5,3,6,4,1,7,1,1,6,4
0,27,43,1,5,0,10,2,9,9,4,9,7,8,8,9
1,20,36,6,1,0,8,5,3,5,3,1,5,5,4,3
0,41,23,1,1,1,9,2,2,4,6,3,1,4,5,1
0,25,19,4,5,0,1,2,3,7,8,2,7,5,6,5
0,43,42,2,3,0,10,5,5,6,4,7,1,5,6,1
1,42,27,3,6,0,5,4,6,8,7,9,7,8,7,9
1,35,42,4,2,0,4,2,7,6,1,7,2,6,4,1
0,37,33,3,2,0,1,4,5,3,9,4,4,3,6,5
1,29,27,5,5,1,7,5,7,7,5,7,2,1,6,2
0,30,31,1,6,0,2,3,3,4,7,5,4,3,3,3
1,39,22,3,3,1,8,1,9,6,8,9,4,7,8,9
0,34,23,3,3,1,9,3,9,8,9,9,8,8,9,9
0,42,37,5,5,1,4,6,5,1,10,5,6,5,3,3
1,36,23,2,6,0,9,1,3,4,10,2,3,2,3,5
0,30,19,5,2,0,7,4,5,3,10,1,6,1,5,5
1,38,26,1,3,0,8,6,7,6,7,5,6,6,6,5
1,29,35,6,1,0,6,3,1,3,5,2,2,5,6,3
1,24,21,5,5,1,5,6,2,7,10,3,4,1,5,4
0,36,19,4,4,1,9,1,1,7,7,7,7,5,5,3
0,39,25,4,3,0,6,2,1,7,7,6,7,5,2,1
1,42,19,4,1,0,5,3,5,7,1,7,2,1,2,4
1,20,32,6,2,0,8,3,2,6,3,7,5,3,6,4
0,43,23,6,2,0,7,6,9,8,7,9,4,8,7,9
0,26,36,1,3,0,4,5,6,4,7,5,3,4,2,1
0,35,29,4,4,1,6,5,5,7,3,2,5,1,1,3
0,36,34,2,6,0,2,3,6,2,9,3,1,5,3,1
0,28,34,2,4,0,5,4,6,1,8,4,1,1,2,5
0,43,19,6,6,1,7,6,8,9,9,7,7,5,7,6
1,43,26,3,4,0,6,5,4,2,8,4,4,4,1,3
0,19,27,6,6,1,5,1,2,4,3,3,1,6,4,2
1,19,34,1,3,0,6,5,9,7,9,9,4,7,9,7
1,39,31,5,4,0,3,5,5,4,10,1,3,4,5,5
1,22,31,3,2,0,8,2,5,5,2,3,1,1,5,3
1,19,43,3,2,0,2,3,9,8,7,8,7,7,7,7
0,43,29,2,5,0,9,3,4,7,9,5,3,2,2,3
1,32,19,5,5,1,7,5,9,7,10,9,8,8,7,8
0,26,32,4,6,0,6,5,2,3,10,3,7,4,2,5
1,29,43,6,3,0,3,3,1,7,10,3,5,7,1,1
1,33,26,6,6,1,3,5,9,5,5,9,5,8,9,8
1,19,27,4,4,1,3,5,4,1,10,7,5,2,6,1
1,19,19,6,4,0,10,1,9,9,10,9,8,6,9,9
1,22,19,6,5,0,4,6,7,5,2,3,3,1,2,1
1,36,20,4,4,1,10,5,4,6,9,7,1,5,6,4
1,22,42,5,3,0,5,5,6,5,6,9,6,8,7,6
0,30,20,1,6,0,9,3,5,2,5,2,6,5,4,5
0,24,32,3,3,1,2,3,7,3,1,4,2,6,4,4
1,22,33,6,2,0,1,4,7,4,4,5,2,6,1,1
1,21,38,6,5,0,8,6,7,7,3,7,3,2,2,4
0,41,20,1,5,0,6,6,2,7,3,3,1,5,1,3
1,36,19,3,1,0,9,1,3,2,6,7,1,4,1,5
1,43,25,6,3,0,4,1,7,2,7,4,6,5,2,4
0,34,34,6,2,0,4,2,5,2,4,2,2,2,2,1
0,42,31,2,3,0,7,1,6,6,5,3,1,6,3,3
0,32,28,2,1,0,7,3,1,7,3,3,3,1,6,4
0,26,43,1,1,1,9,2,1,6,8,1,5,1,5,4
1,25,19,5,6,0,6,3,3,2,1,5,4,4,4,2
1,28,41,5,2,0,9,5,5,5,8,2,5,4,5,4
0,19,42,3,4,0,1,2,4,5,8,6,7,2,2,5
0,39,34,2,3,0,5,2,6,9,6,8,7,8,7,9
0,29,36,4,4,1,10,4,5,4,8,4,1,1,6,2
1,34,26,4,2,0,4,4,5,7,10,3,1,3,6,1
0,27,30,4,4,1,3,2,4,1,10,2,7,4,1,4
1,34,19,5,2,0,6,2,3,7,2,4,1,4,5,5
1,32,33,4,4,1,3,2,1,1,6,7,5,2,2,2
1,19,32,4,2,0,1,6,6,1,10,3,2,3,6,2
0,32,36,2,1,0,6,5,6,9,10,9,4,7,9,7
0,19,32,1,4,0,4,6,6,5,3,3,4,5,5,1
1,22,35,1,4,0,3,1,5,2,9,3,2,2,5,2
1,27,32,2,3,0,4,2,3,6,7,2,2,2,3,1
1,23,32,4,6,0,4,4,1,6,4,4,2,7,6,3
1,37,29,3,4,0,6,5,3,6,10,5,4,7,4,3
1,30,39,2,5,0,4,5,2,1,10,6,4,1,5,2
1,36,26,5,6,0,9,1,4,6,2,6,1,3,5,4
0,20,41,5,1,0,9,4,7,4,1,2,1,6,3,5
1,43,19,4,3,0,10,5,9,9,4,9,8,8,9,9
1,43,22,3,4,0,3,4,6,3,10,6,6,2,5,5
1,30,26,2,6,0,6,5,4,7,10,4,5,5,2,5
1,42,26,3,4,0,8,3,1,7,2,5,5,7,5,4
1,34,24,4,3,0,2,6,6,5,2,5,7,3,5,4
0,24,42,5,5,1,5,2,8,9,7,7,6,6,9,9
0,43,37,1,4,0,2,2,4,7,3,3,6,3,1,2
0,35,23,6,3,0,2,5,1,1,4,3,2,6,3,4
0,19,41,1,6,0,10,4,2,5,10,5,6,4,2,4
1,43,40,5,3,0,3,1,5,1,6,6,6,2,1,5
0,26,36,1,2,0,4,4,9,9,4,9,8,8,8,9
1,25,19,5,5,1,4,1,2,2,5,3,2,4,4,1
0,23,42,3,1,0,1,1,1,3,9,2,3,1,6,4
1,32,43,6,4,0,7,4,6,2,3,5,6,5,1,4
1,39,35,5,3,0,7,6,7,5,2,2,7,1,5,5
1,32,19,4,4,1,6,2,1,6,6,2,5,7,3,3
1,39,23,6,2,0,7,5,7,1,1,5,5,6,6,4
1,34,39,4,2,0,3,3,7,5,10,9,6,6,8,9
0,24,27,2,3,0,7,2,7,3,9,1,1,6,5,2
0,39,27,6,6,1,10,2,1,5,10,7,7,4,5,5
1,22,40,4,5,0,10,2,3,2,2,4,1,2,2,5
0,41,25,3,1,0,6,5,3,6,10,4,2,6,6,5
0,19,25,5,4,0,10,1,6,6,7,9,7,8,9,7
0,35,34,1,2,0,2,1,7,4,10,2,5,1,2,1
1,36,39,2,6,0,10,1,1,5,3,5,4,2,3,3
0,26,20,1,5,0,8,5,7,8,8,9,8,7,8,9
0,22,28,5,2,0,4,5,7,3,9,5,1,7,2,2
1,28,29,2,2,1,8,6,7,8,7,9,7,8,8,8
0,43,26,4,2,0,7,6,4,2,8,6,7,2,1,3
1,33,43,2,2,1,5,6,7,1,9,1,2,1,5,4
0,33,21,4,1,0,1,3,2,2,4,6,1,1,3,3
1,28,42,4,6,0,2,2,5,3,8,6,3,4,5,2
1,32,36,4,2,0,7,5,5,5,2,6,6,5,4,5
0,26,25,3,6,0,1,1,8,5,5,7,5,5,9,7
1,40,28,3,4,0,6,2,7,9,6,7,5,7,7,6
0,33,42,3,2,0,1,3,4,7,9,4,2,7,5,3
0,32,37,5,1,0,1,4,4,7,9,6,6,4,4,1
0,19,19,2,5,0,1,2,6,5,9,8,8,5,8,9
1,21,40,6,2,0,3,6,5,2,9,3,5,2,2,4
1,29,20,4,3,0,3,2,7,7,9,4,5,2,4,3
1,20,33,4,3,0,9,1,7,8,4,9,4,8,8,6
1,20,23,6,6,1,7,2,7,8,8,7,4,8,9,7
1,42,42,1,5,0,9,5,8,6,4,8,6,6,9,9
1,43,32,1,4,0,3,4,8,5,10,9,5,8,8,8
1,34,20,4,4,1,10,6,2,5,2,4,3,2,1,2
1,43,20,5,1,0,5,5,8,9,6,9,7,8,7,6
0,38,32,5,5,1,5,1,3,2,8,2,3,7,2,3
1,35,40,1,3,0,4,2,4,1,8,6,3,6,3,2
0,43,39,4,2,0,10,2,6,5,7,2,6,4,1,4
1,42,41,2,5,0,1,1,7,5,7,5,4,2,3,3
0,32,29,4,1,0,1,5,4,4,7,5,6,3,5,5
1,38,24,6,1,0,6,6,3,7,4,4,5,5,5,4
1,21,23,4,6,0,3,5,4,6,1,3,6,5,4,4
1,35,42,3,6,0,4,5,7,2,5,4,4,3,5,5
0,40,29,3,3,1,5,6,5,6,10,4,3,5,6,3
1,19,42,1,1,1,2,3,1,6,1,4,3,5,2,4
1,43,38,3,5,0,8,2,9,9,7,9,7,7,8,6
1,33,26,5,4,0,10,6,9,7,8,9,5,8,9,8
0,38,42,1,5,0,6,1,2,3,10,1,3,2,2,4
1,26,39,4,2,0,8,3,3,7,10,2,3,7,1,3
0,42,19,5,5,1,7,5,7,3,1,2,1,1,3,3
0,30,43,2,3,0,8,5,7,3,7,2,7,2,2,3
1,28,23,6,6,1,2,4,6,9,7,9,8,8,7,6
0,29,25,5,2,0,10,1,3,6,7,5,7,1,6,1
0,29,20,1,3,0,6,2,6,6,8,1,7,3,5,5
1,25,43,6,2,0,3,3,7,9,7,9,8,8,8,7
0,43,38,5,4,0,6,6,6,9,4,9,6,8,7,9
0,24,39,5,1,0,2,3,4,5,10,4,4,7,5,3
1,43,39,1,1,1,7,4,6,4,4,2,7,4,5,1
0,19,33,6,5,0,3,6,8,5,7,9,8,8,9,6
1,30,34,3,5,0,8,1,6,6,10,9,7,6,9,9
1,21,31,1,4,0,6,1,3,6,5,7,3,2,5,4
0,21,20,4,2,0,5,3,3,2,6,4,4,7,1,2
0,38,43,5,2,0,5,2,2,2,1,4,7,3,4,5
1,22,22,6,1,0,7,6,1,6,9,3,6,1,2,4
1,35,21,2,6,0,3,4,3,6,8,4,2,2,6,3
1,27,41,2,6,0,3,4,7,5,5,2,5,7,3,3
0,30,42,3,4,0,5,6,1,4,6,2,5,6,2,1
1,21,28,2,2,1,1,1,7,3,9,7,7,2,3,4
1,39,43,5,5,1,6,3,9,5,8,7,8,7,8,9
0,27,29,4,4,1,6,2,1,1,2,6,6,4,2,4
0,19,33,5,1,0,9,5,1,4,1,3,5,2,5,5
0,37,30,4,4,1,3,5,6,4,1,5,1,5,1,3
0,42,33,3,2,0,7,2,8,9,8,9,7,8,9,9
1,29,39,3,1,0,8,1,7,9,10,7,4,6,7,8
0,31,19,6,4,0,3,3,8,9,8,9,7,7,9,8
1,23,25,5,2,0,4,3,1,1,10,3,4,4,3,2
1,38,19,1,6,0,5,4,5,3,9,6,1,4,4,1
0,24,41,3,4,0,1,3,9,7,5,9,5,8,9,6
0,24,38,1,3,0,1,2,7,3,3,2,7,5,2,5
1,26,39,1,6,0,10,4,5,6,9,6,7,7,3,5
0,23,41,6,4,0,6,5,3,1,4,7,1,5,2,1
1,42,27,6,3,0,10,6,8,9,10,9,8,7,8,9
0,28,36,3,4,0,3,4,5,5,7,7,5,4,5,5
0,22,36,2,4,0,2,4,6,9,8,8,4,8,9,9
0,39,35,2,2,1,10,2,3,6,1,5,7,2,5,4
1,19,29,6,2,0,7,2,5,6,7,7,5,4,2,2
0,28,38,3,3,1,2,6,1,1,8,6,7,1,5,3
1,35,20,3,3,1,5,4,6,6,6,2,7,1,5,5
1,37,43,6,4,0,7,2,2,7,7,3,5,4,2,4
1,24,20,1,3,0,1,3,6,4,8,4,7,5,2,1
0,32,20,1,6,0,8,3,5,5,6,6,3,4,6,3
0,42,22,5,3,0,9,5,2,6,1,6,7,2,4,3
1,19,36,5,3,0,4,6,3,1,5,5,1,3,4,5
0,41,29,2,6,0,5,6,7,7,10,8,7,8,9,8
0,39,21,2,2,1,3,6,5,2,1,5,1,3,1,3
1,23,19,3,2,0,6,4,5,1,5,7,5,2,5,3
0,36,33,6,6,1,3,5,6,4,3,5,4,2,2,4
0,26,32,4,1,0,8,4,4,5,8,3,1,4,2,1
1,22,22,5,3,0,9,1,6,6,8,9,8,5,8,7
1,19,24,1,3,0,2,2,9,6,4,8,8,5,9,9
0,28,22,3,1,0,6,6,9,6,8,9,8,6,9,6
1,43,24,3,5,0,3,6,7,6,9,9,4,6,9,9
0,34,25,2,5,0,8,6,9,8,10,9,6,7,9,7
1,25,32,4,4,1,6,4,7,1,10,5,4,5,5,1
0,38,27,3,3,1,2,5,7,2,7,7,3,5,5,1
0,40,28,4,6,0,8,4,9,8,10,8,5,8,9,8
0,23,22,6,4,0,10,2,6,6,5,3,3,6,2,4
0,23,32,6,2,0,7,2,6,2,10,2,1,6,4,1
0,31,20,3,3,1,1,6,7,5,1,4,7,4,5,3
1,38,19,2,1,0,7,5,3,1,4,5,1,2,4,3
0,42,43,2,1,0,9,2,7,2,3,6,3,4,1,5
0,20,35,4,5,0,4,1,9,6,10,9,6,5,9,9
0,37,20,5,5,1,1,5,3,5,7,3,4,7,1,4
0,27,20,3,1,0,8,6,6,5,2,5,6,1,5,5
0,36,27,5,5,1,5,4,4,1,10,5,4,5,5,3
0,25,20,4,3,0,10,1,2,6,4,1,6,5,4,2
0,21,41,5,4,0,8,2,2,4,8,2,1,5,5,2
1,41,23,4,6,0,8,4,5,7,3,3,7,1,4,4
0,21,36,1,3,0,6,5,6,4,1,1,7,7,1,1
0,19,27,6,2,0,1,4,3,3,10,7,1,1,6,5
1,28,28,3,5,0,7,6,1,1,10,4,1,6,5,2
1,39,40,5,4,0,10,3,3,7,9,4,1,6,3,2
0,35,28,6,3,0,5,4,1,3,6,5,5,6,6,5
0,19,33,5,5,1,5,6,4,7,1,2,7,3,1,2
0,43,32,1,3,0,7,4,3,2,2,3,4,5,2,5
0,41,41,3,1,0,9,4,3,4,5,2,3,3,5,1
1,39,25,1,2,0,5,5,5,3,7,5,2,2,5,5
0,22,32,1,1,1,4,6,7,9,7,7,8,7,8,9
1,19,21,3,3,1,7,6,1,7,5,4,4,4,3,3
0,20,29,3,6,0,8,3,9,9,9,9,8,7,9,8
1,22,24,1,1,1,7,5,7,4,1,2,5,6,4,1
1,39,35,4,2,0,9,2,6,7,7,2,3,6,2,1
0,25,38,6,2,0,2,6,3,4,6,2,5,7,4,5
1,35,36,6,3,0,3,6,1,2,4,6,3,1,6,3
0,36,27,2,6,0,8,2,7,7,3,5,3,5,4,5
0,32,33,6,4,0,8,3,5,1,7,1,2,5,5,3
0,43,24,6,2,0,1,3,5,4,2,7,4,5,2,5
0,40,22,1,2,0,6,3,5,7,2,4,1,3,4,1
0,24,26,5,6,0,3,3,2,1,4,5,5,4,3,5
1,40,41,3,6,0,9,6,2,7,3,2,1,6,5,4
0,24,30,5,6,0,10,4,5,5,7,1,5,3,4,3
0,19,37,6,1,0,8,3,2,6,4,5,7,2,4,3
0,19,19,2,3,0,1,5,6,6,2,6,2,4,6,4
0,32,19,5,4,0,8,6,3,7,3,2,4,4,6,5
1,36,24,6,5,0,4,5,5,6,9,2,2,7,1,4
1,22,38,2,5,0,5,3,4,5,7,7,3,7,6,5
0,19,35,6,4,0,4,5,6,2,4,3,2,6,6,1
0,19,28,5,3,0,10,5,6,7,4,5,6,3,1,1
1,23,38,5,4,0,8,5,6,1,10,1,3,3,3,3
0,39,41,4,5,0,10,1,1,7,3,1,7,4,5,3
0,19,38,4,5,0,8,3,5,6,3,7,3,2,5,3
0,36,24,5,1,0,1,1,4,6,2,7,5,6,2,2
0,24,25,4,5,0,5,3,6,4,8,7,4,1,4,5
1,40,22,6,6,1,6,4,1,6,7,4,6,2,2,4
1,42,40,5,4,0,6,6,4,5,6,3,5,4,2,5
1,36,43,1,4,0,8,2,7,7,8,9,4,5,8,7
0,36,21,1,6,0,2,4,7,3,7,5,6,3,5,3
0,34,30,1,6,0,10,5,5,1,4,7,7,1,5,2
1,40,31,3,6,0,9,4,9,9,8,7,8,8,7,8
0,38,19,2,4,0,10,1,6,1,2,2,7,2,4,3
1,38,28,2,5,0,5,3,5,4,10,3,6,6,1,3
0,39,37,3,4,0,9,4,5,4,1,4,6,3,6,1
0,41,40,4,6,0,3,5,5,3,2,4,4,3,2,3
0,43,41,3,3,1,8,6,5,2,3,2,7,5,6,1
1,39,39,1,2,0,3,6,4,5,7,1,3,3,3,3
1,27,35,4,1,0,5,4,6,5,5,9,5,8,8,6
0,33,43,2,3,0,9,3,2,2,8,2,3,6,1,5
0,33,38,1,2,0,4,3,9,7,9,9,4,7,7,9
0,25,22,1,4,0,8,4,2,3,3,4,1,3,5,5
1,25,22,5,3,0,2,2,5,5,4,5,3,4,1,4
0,40,34,3,4,0,2,3,5,6,6,6,4,2,2,3
0,42,40,1,1,1,4,1,1,5,5,3,7,6,1,5
0,26,27,4,2,0,8,1,1,6,2,7,2,5,5,1
0,39,27,3,5,0,8,1,1,2,2,1,1,1,4,2
1,19,26,2,4,0,7,6,2,1,5,3,6,6,3,2
0,30,36,6,5,0,2,3,1,7,8,6,4,6,2,1
1,38,42,4,6,0,10,3,7,9,9,9,4,5,9,9
0,25,25,1,5,0,10,3,6,1,9,5,7,5,4,1
0,22,23,2,6,0,8,2,2,7,1,5,1,6,1,5
0,38,34,1,3,0,10,1,5,6,2,6,6,7,6,5
1,38,35,2,6,0,1,4,6,2,9,5,4,5,4,4
1,32,31,3,2,0,8,4,7,9,8,9,7,6,7,9
0,39,31,2,5,0,7,2,6,9,10,7,4,6,9,9
0,36,41,1,6,0,9,6,4,3,10,2,3,1,6,4
1,24,39,3,2,0,5,2,6,2,10,1,6,6,2,3
1,23,30,4,6,0,10,3,9,7,4,9,8,8,7,7
1,28,39,2,2,1,4,5,6,2,5,5,3,4,6,3
0,42,42,3,3,1,5,3,2,5,3,7,3,4,2,4
0,30,19,2,1,0,6,3,7,2,3,6,7,3,2,4
1,28,29,4,4,1,2,5,7,5,6,8,5,5,9,7
0,36,22,5,1,0,7,3,2,1,10,7,6,7,6,5
1,38,27,4,5,0,6,3,5,2,9,7,7,5,4,4
1,34,27,5,3,0,9,5,3,1,7,1,1,7,6,2
1,26,43,4,5,0,5,3,2,4,4,3,5,4,6,1
0,43,24,3,6,0,3,3,2,2,7,5,4,2,6,2
0,32,42,2,2,1,2,6,5,3,7,4,3,1,3,5
0,21,39,4,2,0,6,2,8,6,4,9,7,8,9,7
1,26,24,5,5,1,9,2,6,4,5,3,2,4,4,1
0,20,23,4,4,1,10,4,6,3,3,1,5,6,2,5
1,25,42,6,3,0,5,1,7,5,4,7,6,5,4,5
0,36,19,1,3,0,7,2,9,9,7,7,7,8,9,9
1,40,33,6,1,0,2,1,4,4,8,5,5,6,5,2
0,43,27,3,3,1,5,3,1,2,1,5,4,2,6,5
1,43,22,4,5,0,8,1,6,2,7,6,6,4,1,1
1,43,21,6,3,0,2,6,7,6,8,6,7,4,4,1
1,28,40,4,5,0,10,1,4,4,6,5,3,6,3,4
0,19,30,4,3,0,10,5,8,5,5,7,8,5,9,9
1,41,34,4,4,1,8,2,4,3,9,7,4,6,4,4
1,26,27,1,6,0,7,6,6,6,7,6,2,4,6,4
1,23,37,4,3,0,3,4,1,3,3,2,2,5,5,3
1,36,36,4,1,0,1,1,5,6,3,1,6,1,1,4
0,24,24,5,6,0,5,2,3,7,7,5,1,3,1,3
0,24,27,6,5,0,9,1,6,4,2,4,2,3,5,5
0,33,43,2,1,0,7,3,5,2,7,1,1,1,4,3
0,42,21,1,2,0,6,5,9,5,6,8,7,8,9,6
0,20,25,4,4,1,3,6,7,3,1,2,3,5,4,1
1,41,24,1,3,0,10,4,5,6,3,7,6,1,1,2
0,43,38,4,4,1,4,5,9,9,9,9,5,8,9,6
1,29,23,3,3,1,10,6,5,4,4,4,7,7,3,4
0,32,43,5,6,0,8,6,2,4,3,5,2,1,6,5
0,26,35,4,4,1,1,4,4,3,10,7,5,4,6,5
1,42,37,4,1,0,10,5,3,6,7,4,7,6,3,5
0,25,21,2,3,0,1,5,1,3,10,1,6,6,6,2
0,22,33,4,2,0,6,1,9,5,8,7,6,7,9,6
0,20,41,4,6,0,3,1,6,5,9,8,6,8,9,9
1,19,28,5,2,0,4,2,1,5,4,4,4,7,3,5
1,42,39,2,6,0,6,3,7,5,8,7,4,8,8,9
0,32,37,3,6,0,5,1,6,7,9,7,6,3,5,5
0,23,34,2,1,0,6,4,8,8,7,9,8,8,9,9
0,43,28,4,2,0,1,3,4,2,1,4,1,3,5,2
0,24,43,6,4,0,3,2,6,7,6,1,4,4,2,5
0,29,29,5,6,0,4,6,4,6,7,3,2,6,4,5
1,30,32,3,1,0,4,5,7,7,7,1,5,6,4,2
1,28,41,1,5,0,5,5,2,7,7,3,1,2,4,1
1,39,32,6,5,0,10,1,6,3,2,3,2,7,2,5
1,43,35,1,2,0,8,1,9,5,8,9,7,8,9,8
0,39,29,1,5,0,7,2,3,3,4,1,2,4,1,2
1,43,38,4,6,0,10,2,3,3,3,5,7,5,6,3
1,26,34,4,2,0,5,4,4,7,5,4,3,7,2,1
0,31,30,3,5,0,2,1,3,5,8,4,1,6,4,4
1,43,41,4,1,0,5,2,7,7,1,5,3,7,2,2
0,23,25,4,6,0,4,3,3,7,4,5,7,5,2,4
0,32,43,3,1,0,10,3,5,6,1,5,4,7,3,5
0,19,40,3,2,0,3,6,5,3,7,7,2,7,4,2
1,37,39,1,1,1,9,5,3,5,10,7,6,6,5,4
1,23,27,3,2,0,4,5,7,2,1,4,3,6,4,5
1,19,38,1,2,0,8,6,5,1,1,2,2,4,6,4
1,27,20,1,3,0,5,3,5,1,1,4,2,4,5,3
0,33,25,1,6,0,6,5,6,8,5,9,7,5,9,9
0,23,31,5,1,0,3,3,3,3,10,6,3,5,2,2
1,38,19,3,5,0,5,5,3,2,2,5,5,1,6,1
1,35,35,1,4,0,1,2,6,2,7,3,3,2,4,4
0,22,19,1,1,1,3,1,7,1,6,1,3,5,3,4
1,33,39,6,1,0,10,5,1,4,6,7,2,6,5,1
1,35,22,2,4,0,10,2,7,2,5,4,1,7,3,1
0,19,35,3,3,1,4,1,9,9,4,9,8,7,7,6
0,21,27,4,2,0,10,5,7,1,10,4,6,6,1,5
0,27,43,5,6,0,9,4,5,4,5,2,3,4,4,4
1,29,37,5,3,0,3,4,3,6,1,5,1,4,5,1
1,28,19,6,4,0,4,6,5,1,1,4,2,2,2,3
1,28,33,2,2,1,7,6,9,8,6,8,5,5,9,6
1,30,36,5,4,0,9,6,6,5,9,9,6,8,8,9
1,36,30,6,1,0,10,1,7,7,4,9,5,8,9,9
0,43,35,4,3,0,4,6,2,1,1,6,1,1,5,2
1,22,21,4,6,0,9,3,7,6,4,8,8,8,8,8
0,26,36,6,4,0,8,1,5,7,10,5,6,4,1,1
0,19,41,1,2,0,2,2,6,1,10,3,3,2,6,4
1,43,22,6,3,0,4,2,7,9,10,9,6,5,9,9
0,34,20,6,3,0,5,5,6,7,8,2,1,7,3,3
0,43,42,2,4,0,6,3,7,7,10,7,4,1,6,5
1,36,27,1,5,0,7,3,9,5,6,7,8,8,9,8
0,19,34,1,2,0,5,3,6,1,8,5,7,5,4,4
1,43,22,2,5,0,10,3,6,9,10,7,8,8,9,9
0,23,21,1,2,0,4,2,2,5,1,7,7,4,6,4
0,26,40,2,2,1,8,2,4,5,6,1,6,1,1,1
0,43,31,2,4,0,4,6,2,4,5,5,6,2,5,1
0,41,25,4,2,0,10,6,7,3,6,1,1,6,6,5
0,40,40,6,5,0,10,3,3,2,2,1,3,6,1,4
0,27,23,2,1,0,2,2,4,4,3,3,5,3,6,3
1,19,37,3,6,0,8,6,6,2,1,5,4,1,6,2
0,22,23,4,3,0,5,4,1,3,6,3,5,7,2,3
0,19,28,6,5,0,2,5,1,4,4,3,4,7,4,2
0,37,27,3,2,0,4,4,3,3,1,4,4,5,5,1
1,38,43,1,2,0,8,4,4,6,2,7,7,5,2,5
1,37,23,4,3,0,2,5,1,6,9,5,5,3,4,3
1,40,39,1,6,0,10,3,6,2,10,5,7,4,2,5
0,38,26,6,3,0,6,1,7,4,9,2,7,5,2,1
1,35,32,5,1,0,6,4,5,1,3,1,5,2,4,2
0,42,19,4,2,0,5,3,4,7,10,5,2,1,5,3
0,41,27,6,3,0,8,5,6,6,5,6,1,2,1,4
1,38,21,1,6,0,9,4,5,5,5,6,1,6,2,2
0,22,30,2,2,1,5,4,1,6,2,2,4,5,3,3
1,38,25,6,5,0,8,1,2,2,9,4,5,5,3,3
0,31,28,2,4,0,3,4,7,5,9,6,7,1,4,2
0,20,41,3,4,0,1,2,1,1,4,7,5,7,4,5
1,36,19,4,6,0,10,3,4,6,4,5,6,6,3,1
1,21,27,2,3,0,10,1,6,5,10,9,5,7,9,7
0,32,24,3,6,0,4,4,7,4,5,2,7,6,1,2
1,19,21,2,2,1,4,3,7,7,8,5,5,4,5,5
0,26,24,4,4,1,5,6,3,1,4,4,4,7,6,1
0,20,24,3,5,0,3,3,6,6,4,8,8,7,7,8
1,42,27,6,6,1,4,5,3,6,5,7,4,3,4,2
1,41,19,2,1,0,10,5,7,5,9,7,1,2,2,3
1,42,27,3,5,0,8,2,9,9,10,9,8,5,9,6
1,41,20,5,3,0,3,6,3,5,1,1,3,4,5,5
0,30,25,2,4,0,10,5,7,2,8,6,1,6,5,5
0,42,33,2,5,0,1,6,7,6,9,7,6,7,2,4
0,36,42,1,3,0,2,6,5,4,3,4,1,3,2,1
1,31,38,4,1,0,4,3,4,1,9,7,4,4,5,3
1,24,35,2,2,1,8,3,9,5,7,7,4,6,8,9
0,26,19,4,1,0,9,1,3,5,4,7,6,6,1,2
1,32,19,3,2,0,2,3,7,6,5,5,5,4,5,4
0,36,43,4,1,0,8,6,7,6,7,5,2,5,1,1
0,25,41,4,1,0,6,3,7,7,2,1,7,4,2,5
0,37,30,1,5,0,5,4,4,7,4,3,6,5,5,3
1,43,26,3,5,0,2,6,6,5,9,7,4,8,7,7
0,23,28,6,2,0,6,5,1,5,5,6,4,2,6,5
1,26,19,2,5,0,9,5,9,8,10,9,4,8,7,9
1,43,36,6,6,1,1,4,4,3,10,2,6,2,2,5
1,42,21,1,3,0,1,5,2,5,10,5,4,7,3,2
0,29,38,6,1,0,5,4,3,4,7,3,3,1,3,1
1,32,41,3,1,0,4,1,8,9,9,8,8,8,7,6
0,24,36,4,1,0,3,1,4,6,6,3,4,7,4,4
1,37,31,4,4,1,7,3,4,2,1,3,6,6,6,2
1,41,29,5,1,0,8,6,6,4,9,6,5,4,2,5
1,32,19,6,4,0,10,5,3,5,10,1,6,2,4,4
0,25,35,4,5,0,2,2,5,7,7,7,5,3,1,1
1,20,21,6,6,1,10,3,2,7,3,7,5,5,2,1
0,20,34,1,5,0,8,2,7,7,9,9,7,8,9,9
0,38,35,1,1,1,7,2,7,3,5,5,1,2,6,4
0,33,19,3,2,0,7,3,6,3,5,4,2,7,1,5
1,27,26,6,3,0,1,4,3,6,1,5,2,7,2,2
0,41,21,2,2,1,8,4,6,3,2,1,3,5,4,3
0,37,30,4,5,0,9,2,5,6,2,4,2,3,1,3
0,24,29,2,3,0,5,5,2,4,2,5,7,2,2,1
0,31,35,2,2,1,2,3,9,5,10,8,4,8,7,8
1,19,30,5,2,0,5,4,4,4,10,4,4,3,1,5
0,37,27,6,5,0,9,5,1,7,8,4,1,1,1,1
1,22,42,1,5,0,1,1,1,7,6,1,4,4,3,2
1,33,33,2,1,0,5,4,1,4,7,4,1,3,6,2
1,38,42,5,4,0,8,4,2,4,5,6,6,6,6,3
0,27,43,2,4,0,2,1,4,7,7,7,5,7,3,4
0,33,36,3,6,0,3,5,7,2,5,6,7,7,4,2
1,19,32,3,5,0,1,1,2,5,5,4,7,6,5,5
0,20,28,6,1,0,7,4,3,1,2,2,5,3,3,4
1,37,23,1,5,0,4,2,2,2,3,6,5,4,2,3
0,31,37,5,1,0,10,1,7,4,1,7,5,7,6,4
1,20,33,1,6,0,8,4,7,6,8,5,3,6,4,4
1,35,32,3,6,0,2,6,4,6,1,7,4,4,2,1
0,31,20,4,4,1,5,2,7,6,9,9,6,8,9,7
1,29,40,3,6,0,4,6,1,7,5,6,7,4,1,3
1,36,34,5,2,0,7,2,4,4,2,2,4,6,6,5
1,35,26,2,2,1,1,1,4,4,6,4,5,5,1,5
0,33,41,4,2,0,2,4,7,7,1,5,5,6,2,1
1,41,35,3,3,1,3,4,5,6,6,4,4,4,5,4
1,24,23,6,3,0,10,3,4,6,9,6,2,2,3,3
1,43,32,1,6,0,4,5,6,1,5,6,3,7,3,4
0,22,38,6,4,0,5,4,3,1,4,4,5,7,4,2
1,31,36,4,4,1,5,6,3,3,1,5,1,6,6,5
0,34,25,6,3,0,4,2,7,4,1,3,6,7,5,3
0,31,41,6,4,0,1,2,4,6,6,7,7,4,2,1
0,40,33,5,6,0,10,1,5,1,1,1,5,6,1,2
1,30,31,2,5,0,1,5,7,6,5,3,4,5,5,1
0,29,35,3,5,0,2,5,5,2,10,1,6,3,6,1
0,34,21,6,5,0,10,6,4,4,9,6,7,3,1,5
0,34,32,5,5,1,4,3,3,5,6,2,5,4,5,5
1,27,29,6,6,1,1,4,4,1,7,5,1,7,5,4
0,19,25,6,2,0,3,5,4,7,6,6,2,7,5,3
0,19,28,4,2,0,2,5,7,5,10,6,6,6,2,5
0,33,29,3,5,0,1,2,6,3,4,4,4,1,5,1
1,43,26,3,3,1,9,2,3,7,4,4,7,6,6,4
1,42,29,6,2,0,3,5,7,4,6,1,7,7,6,2
1,36,41,2,1,0,8,4,1,5,2,3,3,3,5,3
0,43,23,2,4,0,1,5,5,2,1,1,2,2,3,1
1,21,21,1,4,0,5,2,9,9,8,8,8,8,9,6
1,24,25,5,6,0,2,2,2,4,6,2,3,2,3,1
1,21,39,1,6,0,4,2,2,1,5,7,7,6,4,1
1,43,21,2,2,1,3,1,6,2,9,2,4,6,2,3
1,20,42,3,3,1,2,1,6,9,5,9,4,7,9,9
0,29,41,5,6,0,9,1,5,6,9,7,4,5,6,1
1,21,36,5,3,0,5,6,5,6,2,3,6,7,5,3
1,31,36,6,6,1,10,2,9,9,9,7,8,8,7,9
1,33,30,2,6,0,3,3,9,6,4,9,8,7,9,6
0,21,40,1,4,0,7,4,6,3,2,4,7,3,3,4
0,29,40,6,4,0,10,2,7,3,1,7,5,5,1,3
0,39,27,4,4,1,9,5,4,3,4,3,2,3,6,1
0,34,29,5,4,0,1,4,5,5,6,5,7,3,6,5
0,29,39,5,5,1,4,6,7,6,8,7,3,1,4,4
0,43,26,3,3,1,5,6,6,5,7,1,7,4,4,3
1,25,21,1,4,0,9,3,6,9,7,8,7,6,9,9
0,27,34,3,2,0,4,4,5,3,7,6,7,5,2,4
1,27,37,6,4,0,4,3,7,2,5,3,6,4,1,5
1,20,42,5,2,0,1,6,4,3,7,1,5,3,5,3
1,24,41,3,5,0,2,3,6,7,2,5,2,6,3,1
0,36,30,3,6,0,5,2,6,6,8,3,3,5,1,2
0,36,33,1,4,0,2,4,5,6,6,4,2,3,1,1
1,23,25,2,3,0,10,4,7,3,2,2,6,5,3,2
1,38,31,6,2,0,2,3,1,5,2,2,5,5,2,4
0,19,30,3,5,0,3,4,5,2,6,3,6,6,3,1
0,33,43,4,4,1,6,3,1,6,1,3,7,1,4,4
1,19,36,2,4,0,2,5,9,5,8,9,6,6,9,9
1,35,31,2,4,0,4,3,5,2,2,5,1,6,5,4
1,32,19,3,2,0,6,3,3,4,3,3,6,7,1,1
0,25,27,3,3,1,5,5,5,2,4,4,4,2,1,5
0,23,37,5,3,0,8,3,2,6,6,6,7,1,5,2
0,41,31,1,5,0,7,4,7,2,7,6,4,2,6,4
1,29,42,5,5,1,1,2,7,2,4,3,1,1,5,1
0,37,30,5,1,0,5,3,4,6,5,1,4,2,2,5
0,40,40,2,5,0,1,2,2,3,5,4,4,4,6,3
0,37,37,5,1,0,8,1,5,6,8,7,3,1,5,3
1,19,37,1,2,0,5,1,2,6,1,6,2,7,5,2
0,34,23,4,4,1,4,4,3,6,2,6,7,1,5,5
1,25,19,6,6,1,4,3,2,1,7,5,4,3,5,2
0,43,19,1,5,0,9,3,3,3,10,4,1,7,4,5
0,21,43,5,4,0,9,2,3,3,6,4,3,3,5,3
0,42,42,6,4,0,2,6,9,8,5,9,8,5,8,8
0,38,38,4,2,0,6,1,2,2,4,4,3,2,1,4
1,25,34,1,6,0,5,1,5,3,4,6,4,1,6,4
0,19,38,5,5,1,9,5,2,7,4,7,7,4,6,3
1,19,24,1,5,0,1,1,6,3,6,5,3,1,5,4
0,21,22,6,2,0,3,4,9,7,8,8,4,7,9,6
1,21,22,1,5,0,3,6,4,6,1,7,4,6,4,2
1,26,42,4,4,1,8,6,7,6,5,6,2,1,3,2
0,40,25,6,2,0,2,2,2,4,5,6,5,6,4,4
1,21,25,6,1,0,6,3,1,5,8,5,7,2,3,2
0,19,21,6,2,0,3,2,6,1,5,3,6,2,5,1
1,26,33,1,1,1,4,6,2,6,1,7,5,1,3,2
1,37,29,5,2,0,10,6,6,5,10,9,8,8,9,7
0,24,43,2,4,0,1,5,3,5,3,1,7,3,2,1
0,21,30,1,3,0,6,1,6,4,7,3,6,4,2,3
1,33,19,3,3,1,2,2,6,1,3,1,6,1,3,3
0,28,19,4,5,0,1,3,6,4,4,6,5,3,2,5
1,41,21,5,1,0,9,1,7,3,2,4,4,5,4,2
1,23,32,5,2,0,8,6,6,4,9,3,1,4,3,1
0,34,37,3,5,0,8,6,3,2,10,5,4,3,1,5
1,29,19,6,5,0,6,1,7,3,7,7,5,5,4,2
1,21,30,1,5,0,6,1,4,7,5,2,2,1,6,5
1,36,38,4,4,1,10,5,6,7,7,9,8,8,9,6
1,24,29,5,2,0,6,6,4,7,2,6,7,7,4,4
0,42,41,6,6,1,7,2,4,6,9,2,6,7,1,5
0,19,25,4,4,1,9,2,7,4,2,4,6,3,4,5
1,19,35,3,2,0,7,2,6,4,9,4,3,3,5,3
1,43,21,4,1,0,7,2,2,1,2,1,5,1,4,5
0,26,31,5,3,0,10,5,4,6,10,6,2,5,3,2
0,35,40,5,2,0,3,2,3,4,2,3,2,7,1,3
1,40,24,3,6,0,7,6,6,2,4,4,2,7,5,4
0,43,28,5,1,0,2,1,1,2,4,6,7,1,1,5
0,22,33,6,3,0,8,5,3,1,9,7,6,4,2,5
1,28,40,1,2,0,7,3,7,6,10,5,2,7,5,4
0,21,34,6,3,0,6,2,2,2,7,4,5,5,6,4
0,37,21,2,4,0,6,6,1,6,9,2,3,3,1,5
1,43,36,1,2,0,10,6,9,5,5,9,7,7,9,7
0,37,42,1,4,0,10,2,8,6,5,8,8,8,9,6
1,35,32,4,2,0,4,1,6,3,7,3,2,7,5,3
1,29,43,1,6,0,10,2,7,5,2,6,6,3,4,4
1,36,20,3,5,0,9,5,3,3,8,4,6,3,2,5
1,41,32,5,1,0,2,2,9,7,5,7,7,8,9,6
0,30,41,4,1,0,4,2,6,9,10,8,8,8,7,9
0,34,43,2,6,0,7,1,6,6,6,3,1,6,1,3
1,31,29,1,5,0,4,6,2,5,8,5,2,4,4,4
1,33,31,1,2,0,9,5,1,5,5,5,4,6,6,3
1,42,43,3,5,0,5,4,5,2,3,1,4,5,1,3
1,19,24,6,4,0,4,2,1,7,10,2,5,2,1,1
0,33,34,6,3,0,2,6,2,5,3,5,2,1,2,4
0,37,31,2,4,0,6,3,4,2,4,4,4,6,6,1
0,43,30,2,3,0,9,6,7,7,1,3,2,3,3,2
1,36,27,2,3,0,1,1,2,7,8,1,1,1,5,3
0,39,41,2,1,0,10,6,7,3,3,5,6,7,4,2
1,31,33,1,4,0,9,4,1,1,5,7,5,3,6,1
0,41,27,5,1,0,5,2,3,7,10,1,2,1,2,3
1,20,41,6,3,0,5,1,5,6,6,2,4,3,3,4
0,29,31,5,2,0,1,6,3,6,3,1,5,4,5,1
1,41,22,5,6,0,8,2,5,2,7,3,2,5,4,4
1,36,33,4,4,1,6,2,5,3,6,2,2,4,4,2
1,42,27,6,1,0,7,1,3,3,10,2,4,5,3,2
0,41,21,3,1,0,3,5,2,6,10,1,6,1,6,2
1,43,32,5,2,0,9,2,3,5,5,3,2,6,5,1
1,28,34,1,6,0,8,1,7,5,5,9,8,6,9,9
1,33,34,1,3,0,1,4,1,6,3,3,4,1,6,2
0,22,19,3,5,0,4,5,6,9,10,9,7,8,7,8
0,30,23,5,3,0,3,3,4,1,5,3,7,2,3,5
0,40,42,1,1,1,3,5,7,1,2,1,6,1,4,4
1,37,37,3,6,0,9,6,6,6,2,1,6,7,6,4
0,32,41,2,2,1,7,5,6,3,7,5,6,1,3,3
0,34,28,1,6,0,2,4,1,2,6,3,4,7,6,4
0,36,22,5,3,0,1,6,4,3,4,3,5,5,6,4
0,36,36,6,1,0,2,6,3,7,2,5,4,1,5,5
0,33,43,3,5,0,5,2,2,6,4,4,3,6,4,1
1,21,34,4,3,0,3,6,6,4,5,4,2,7,2,5
0,41,19,5,5,1,5,2,2,7,6,4,6,6,1,3
0,23,23,4,2,0,2,3,9,6,7,7,6,5,7,9
1,37,36,4,3,0,7,6,6,6,5,7,4,5,8,7
1,34,37,4,5,0,10,1,1,3,9,2,7,6,5,3
0,39,43,1,4,0,8,3,7,4,7,4,5,5,5,1
0,27,20,5,5,1,8,6,9,8,4,7,8,8,8,9
0,42,23,4,1,0,5,1,1,3,8,3,4,5,1,1
0,43,19,4,2,0,4,3,2,6,1,1,4,4,6,3
0,19,41,2,5,0,8,1,4,6,10,1,4,6,2,4
1,43,38,4,2,0,3,1,1,6,6,3,6,6,1,5
0,29,34,6,4,0,2,1,3,6,5,3,6,2,1,5
1,42,24,6,4,0,5,3,3,2,10,2,7,2,4,5
1,25,40,3,1,0,10,1,7,1,8,4,4,3,2,1
1,19,28,4,4,1,10,1,8,5,6,9,5,5,7,6
1,43,34,3,1,0,6,4,2,5,8,4,1,4,2,4
0,31,30,5,3,0,4,5,3,2,7,2,1,2,6,5
0,41,19,3,5,0,1,6,5,4,8,6,1,4,3,2
1,25,35,3,5,0,4,1,7,5,8,1,2,4,1,3
1,27,29,6,3,0,10,1,7,6,2,4,1,2,1,3
1,29,42,2,5,0,7,5,2,6,6,2,3,5,1,2
0,31,19,4,3,0,1,3,5,6,3,7,3,3,6,5
1,38,35,5,5,1,6,3,9,5,5,9,8,8,8,8
1,22,26,6,1,0,9,2,3,7,7,4,6,4,5,2
0,31,43,5,4,0,9,1,7,2,4,5,6,2,3,5
1,19,43,6,5,0,5,3,2,5,1,2,3,2,4,3
0,42,21,2,2,1,7,3,7,5,10,9,4,6,8,7
0,20,41,6,1,0,1,3,2,7,1,7,6,3,4,5
0,32,21,1,4,0,4,6,3,3,10,6,2,4,5,3
1,29,21,5,4,0,10,5,2,6,4,1,6,6,5,2
1,42,25,4,5,0,7,5,3,6,7,7,4,4,1,4
0,19,24,1,3,0,8,6,2,7,4,1,5,6,2,4
0,43,29,2,1,0,10,1,5,5,7,6,7,5,2,1
1,42,24,6,6,1,7,2,5,2,10,4,5,4,6,1
0,19,22,4,4,1,9,3,5,7,6,5,5,4,1,2
1,30,28,2,5,0,8,2,5,3,8,7,6,3,6,2
0,28,34,4,2,0,7,4,4,4,4,4,1,6,4,2
1,33,22,6,5,0,6,5,7,7,8,1,6,5,3,1
1,39,38,1,5,0,4,4,5,7,1,3,3,6,6,4
0,21,33,1,2,0,1,1,6,5,5,8,7,8,7,6
1,31,21,1,2,0,1,2,5,7,4,5,6,1,2,4
0,24,21,4,1,0,5,4,7,3,3,6,2,5,3,4
0,34,39,4,4,1,6,3,9,9,7,8,6,5,9,8
0,43,42,3,4,0,3,4,8,9,8,7,8,7,9,8
1,19,19,1,2,0,10,3,7,1,3,7,4,2,5,1
0,28,38,2,4,0,6,6,3,2,1,4,7,2,4,1
0,36,38,5,1,0,7,2,5,3,6,6,6,2,5,2
0,23,19,4,5,0,3,5,3,7,10,6,4,5,5,3
0,36,37,2,6,0,4,4,4,2,1,7,3,1,4,1
0,23,43,3,3,1,9,1,3,5,9,6,6,3,3,4
1,36,22,5,5,1,2,6,2,6,9,4,5,6,3,2
0,19,31,6,5,0,5,1,6,9,6,8,8,5,9,6
0,23,28,1,2,0,9,1,5,1,8,7,5,1,5,4
0,32,29,4,6,0,3,4,5,6,3,1,4,3,2,5
0,22,25,6,4,0,6,2,6,2,3,1,7,7,6,4
0,21,34,3,3,1,1,2,3,5,5,6,4,4,3,1
1,37,22,4,6,0,3,5,4,7,1,6,3,2,4,5
1,19,26,3,6,0,3,5,6,1,6,6,5,6,2,4
1,28,24,3,4,0,9,3,2,2,6,6,5,4,1,2
0,30,23,5,6,0,6,6,1,7,8,7,6,3,6,2
1,28,21,4,3,0,2,5,2,7,5,1,6,4,3,5
1,20,27,3,1,0,2,3,7,6,1,1,7,6,5,2
1,29,20,2,2,1,6,3,6,7,8,5,4,2,2,5
0,24,41,1,2,0,8,3,5,4,8,2,4,6,2,5
0,34,39,3,5,0,8,5,1,1,8,3,4,1,2,1
1,37,31,4,1,0,3,2,6,5,1,3,1,6,5,4
1,40,20,3,5,0,7,5,3,4,6,4,2,1,1,3
1,42,26,2,3,0,7,2,1,2,2,6,7,7,1,3
1,42,40,5,5,1,3,4,9,7,8,9,4,6,9,7
0,21,43,2,3,0,9,4,1,1,1,4,5,5,4,4
1,29,19,1,1,1,6,5,9,6,8,7,8,6,9,8
0,38,38,2,4,0,7,3,7,1,1,2,5,6,2,4
0,33,29,4,6,0,8,2,2,5,5,1,6,3,1,2
1,28,39,3,2,0,2,3,9,8,5,7,5,5,9,6
1,39,31,4,4,1,6,3,6,3,9,6,5,7,5,3
1,43,23,4,4,1,1,6,1,3,10,1,6,5,4,4
1,41,36,5,4,0,2,2,6,4,4,3,7,1,6,5
0,35,26,5,5,1,4,2,3,2,1,7,4,5,3,2
0,41,41,5,3,0,4,3,2,4,10,3,1,2,6,5
0,31,24,3,2,0,4,1,7,4,7,5,2,6,1,2
0,40,23,6,3,0,1,4,7,4,1,4,5,6,6,3
0,33,43,2,1,0,3,3,3,2,4,2,2,6,4,1
0,31,38,6,2,0,7,3,6,8,8,8,5,7,9,6
1,43,20,1,3,0,3,1,2,6,2,4,6,2,1,2
0,19,23,4,4,1,2,4,7,5,3,1,1,7,3,1
1,43,30,2,5,0,3,5,9,5,7,7,7,8,7,7
0,22,43,1,6,0,7,6,1,6,8,6,1,3,6,1
1,37,19,4,5,0,3,5,8,6,7,7,8,8,9,8
0,43,42,6,2,0,7,6,9,9,7,9,5,7,9,9
0,26,26,5,3,0,10,5,1,2,10,3,3,1,6,4
0,29,30,3,4,0,6,5,4,5,8,1,2,4,3,3
0,19,29,4,1,0,6,5,1,3,1,1,5,3,6,3
1,42,43,5,6,0,10,3,3,6,5,4,2,2,1,3
1,38,24,2,6,0,6,5,7,8,5,9,4,6,9,9
1,43,42,6,1,0,7,5,1,6,5,4,3,2,2,1
1,28,42,1,3,0,2,1,4,7,2,3,3,6,1,4
1,42,38,2,5,0,4,3,2,1,6,1,1,6,6,2
0,43,37,4,1,0,2,1,3,3,3,5,2,5,6,4
0,40,29,5,3,0,4,6,4,5,5,7,3,7,3,1
0,43,38,1,4,0,10,3,6,2,3,1,3,7,4,1
1,42,25,3,2,0,10,3,2,6,3,3,2,5,1,2
0,36,19,3,2,0,7,6,5,5,5,3,4,7,2,2
1,42,31,2,6,0,4,1,4,1,9,7,1,6,4,3
1,42,34,1,2,0,4,4,5,1,3,1,2,5,6,2
0,19,23,2,6,0,6,4,2,1,3,6,6,4,4,3
1,30,26,2,3,0,4,1,7,2,1,4,6,5,5,3
0,37,32,5,3,0,8,1,7,7,4,7,7,3,1,3
0,33,43,2,3,0,10,4,8,5,8,8,6,6,9,9
1,43,39,2,1,0,1,4,7,6,10,6,5,1,4,4
1,19,21,6,2,0,6,4,4,3,5,2,4,7,6,2
1,40,29,5,1,0,2,4,1,6,3,7,2,1,5,5
0,39,23,5,4,0,2,5,6,5,4,6,4,6,3,2
1,19,31,5,2,0,2,5,6,6,5,9,6,6,8,8
0,28,37,5,5,1,5,2,7,1,5,5,6,2,6,1
1,42,42,1,4,0,9,6,8,9,6,9,6,5,7,9
0,24,42,1,1,1,10,4,2,4,3,2,6,6,5,2
0,43,42,1,5,0,9,2,3,6,8,4,5,5,2,2
0,19,30,6,5,0,8,2,3,7,1,5,6,5,2,1
1,36,42,2,4,0,8,3,2,7,8,2,7,4,1,5
1,31,30,1,6,0,5,5,1,1,7,7,4,6,2,5
0,22,22,1,5,0,8,2,2,5,6,5,1,2,5,2
0,23,39,5,1,0,3,3,7,3,2,5,7,6,6,5
1,25,29,4,3,0,4,3,2,2,2,3,6,3,5,1
1,42,33,4,3,0,8,2,4,1,8,5,1,2,5,3
1,21,32,6,1,0,2,1,1,6,6,5,5,3,3,1
1,21,19,3,4,0,9,2,4,4,4,2,5,2,1,3
0,33,36,6,4,0,8,2,4,2,2,6,5,3,1,2
0,37,20,2,2,1,2,3,4,3,8,5,2,4,4,4
1,19,19,4,5,0,10,3,6,3,1,7,2,6,6,4
0,34,21,3,5,0,7,5,7,1,8,4,5,1,2,3
1,21,31,5,3,0,5,6,5,6,5,2,7,5,1,2
0,32,37,6,4,0,4,3,5,7,6,3,1,2,5,4
0,33,28,4,2,0,3,1,3,3,8,6,5,6,6,2
0,25,34,5,4,0,6,5,1,3,8,7,3,2,4,1
0,25,23,4,4,1,6,4,5,4,9,4,2,4,3,4
0,40,40,4,1,0,6,2,5,1,1,7,3,2,1,1
0,32,40,1,2,0,2,1,9,8,7,9,8,8,9,8
1,24,31,4,2,0,8,3,2,5,8,3,6,4,6,1
0,21,31,5,4,0,4,6,5,2,7,4,5,6,1,1
0,30,35,3,1,0,1,4,7,2,3,5,6,5,5,1
0,20,41,1,3,0,10,5,1,1,2,6,5,1,3,5
0,34,25,6,4,0,3,3,1,6,9,3,7,1,6,5
0,27,28,3,5,0,3,1,7,7,9,7,3,6,1,4
1,39,39,3,3,1,8,4,4,6,1,3,3,3,6,4
0,32,40,4,1,0,2,6,2,7,10,5,3,7,2,2
1,31,26,5,2,0,7,3,5,1,10,2,4,4,2,5
0,42,34,3,3,1,1,5,2,3,3,3,2,6,3,4
1,23,24,1,3,0,6,5,7,9,7,8,8,8,7,7
1,34,41,4,5,0,2,6,5,2,9,7,4,5,4,3
1,40,38,4,3,0,1,4,7,7,6,9,7,7,9,7
1,34,30,4,1,0,9,1,1,6,2,7,1,6,3,3
1,41,35,4,1,0,5,3,5,7,2,1,1,3,3,1
1,43,40,5,1,0,10,1,1,5,5,2,3,7,2,5
1,19,21,2,2,1,3,5,1,1,10,7,1,1,5,4
0,20,23,6,5,0,5,5,6,5,10,7,1,4,5,3
0,37,27,5,6,0,7,4,1,6,6,6,3,1,4,1
1,24,40,1,6,0,9,2,1,2,5,1,5,7,2,2
1,26,26,2,2,1,2,2,5,3,6,6,3,1,5,4
1,19,40,2,5,0,1,4,5,2,2,6,1,4,5,1
1,31,19,1,4,0,8,5,7,7,2,7,5,4,5,5
0,26,31,3,6,0,1,5,2,4,10,2,7,1,6,2
0,30,22,1,5,0,7,6,1,1,10,7,5,7,2,2
0,33,34,1,1,1,3,1,3,4,8,6,2,5,4,4
1,31,19,4,1,0,10,1,2,4,7,2,4,2,5,3
1,35,36,3,2,0,9,3,3,5,4,4,4,5,2,2
0,34,34,3,2,0,10,4,2,1,5,6,1,4,1,3
0,30,30,3,2,0,2,5,1,3,5,1,7,2,6,3
1,34,43,6,6,1,5,3,5,2,8,1,1,6,3,2
0,27,43,2,5,0,10,6,5,6,10,2,6,6,1,5
0,42,35,5,3,0,10,3,1,4,8,7,4,1,1,4
0,38,42,1,2,0,8,4,6,4,2,5,6,6,1,2
0,30,40,6,6,1,10,3,3,2,7,4,6,1,3,1
0,19,39,6,2,0,8,6,1,1,9,6,4,3,5,4
0,39,37,3,3,1,10,1,1,1,9,2,6,2,5,1
0,21,41,2,4,0,9,5,7,3,5,3,1,2,4,3
0,42,26,3,5,0,5,4,6,7,4,4,4,6,3,4
0,22,42,2,6,0,4,4,4,1,8,3,6,5,2,4
0,36,19,4,4,1,10,1,9,5,7,9,8,6,9,7
0,43,23,5,3,0,6,6,7,9,6,7,8,8,9,6
1,25,30,4,1,0,1,3,7,5,10,7,6,7,8,8
0,29,40,5,5,1,8,4,9,9,6,9,8,5,9,9
0,19,30,5,6,0,2,3,3,6,6,3,1,1,3,1
0,31,40,2,1,0,8,6,7,9,5,9,6,7,8,9
1,23,41,1,6,0,7,6,1,1,7,4,1,4,6,3
0,39,39,1,6,0,5,1,5,4,8,6,6,7,3,5
0,38,31,2,2,1,2,2,4,7,2,5,3,2,3,4
0,30,43,6,5,0,5,2,4,5,10,1,6,6,3,3
1,26,34,2,3,0,3,3,6,5,4,3,7,1,2,3
0,34,24,3,4,0,6,4,4,1,9,6,5,7,6,1
0,33,29,2,1,0,1,4,8,8,8,7,5,8,8,8
1,19,19,1,6,0,1,2,6,7,4,6,5,5,2,3
1,27,22,2,5,0,8,6,4,5,3,2,6,2,1,5
1,19,43,3,6,0,4,5,2,3,5,3,3,3,4,3
0,39,19,2,6,0,5,5,7,6,9,9,7,6,7,6
0,37,29,1,1,1,9,6,7,4,10,6,5,3,2,4
0,43,34,4,5,0,3,2,7,9,7,9,8,8,7,9
1,25,31,1,2,0,10,1,2,5,5,5,3,3,3,5
0,26,32,4,6,0,2,4,2,3,7,5,3,1,5,1
1,19,24,4,3,0,9,4,4,7,6,1,3,6,2,5
0,39,28,3,4,0,2,5,3,4,7,6,1,4,2,4
0,19,30,1,6,0,1,4,5,6,9,3,6,6,5,2
1,39,31,4,6,0,6,4,2,3,8,2,6,1,4,4
1,41,23,5,3,0,9,3,5,2,5,1,5,5,5,5
1,26,38,6,2,0,3,3,2,3,2,1,4,1,4,3
0,40,37,3,5,0,4,3,9,9,7,8,7,8,9,6
1,33,21,3,6,0,6,6,1,1,4,1,3,6,2,3
1,30,30,6,5,0,6,5,2,4,5,6,3,6,4,1
1,32,25,3,3,1,4,6,2,7,6,6,4,1,5,3
1,35,20,1,1,1,4,5,5,7,7,4,1,6,4,2
1,41,38,6,4,0,5,1,8,9,4,9,6,8,8,9
0,25,39,5,1,0,6,1,2,2,8,7,5,2,5,1
1,36,34,2,6,0,9,4,1,5,1,2,4,4,4,1
0,20,43,4,4,1,7,6,7,4,4,6,6,7,5,2
1,23,31,2,5,0,10,6,7,6,6,9,6,8,7,9
1,28,40,5,1,0,8,1,8,7,5,9,8,8,8,6
1,33,19,3,5,0,10,4,5,3,10,7,2,1,6,4
1,37,22,5,6,0,9,3,5,6,9,6,4,1,6,4
1,33,40,1,5,0,2,5,6,4,4,2,6,2,6,3
0,24,43,3,4,0,6,5,5,6,9,5,1,2,6,3
1,21,23,3,2,0,6,6,7,6,1,5,1,2,2,4
0,29,23,4,2,0,10,1,6,5,9,6,2,3,6,4
0,30,31,3,2,0,4,5,7,6,8,1,5,2,6,5
0,19,39,1,3,0,8,1,3,6,5,2,1,5,2,1
0,29,27,3,4,0,4,1,2,2,10,6,3,1,1,2
1,21,38,5,5,1,3,5,7,5,10,3,7,2,5,3
0,35,28,3,4,0,1,6,3,3,8,2,2,3,4,5
0,28,42,5,1,0,5,3,7,6,6,7,7,5,7,6
0,33,37,4,4,1,7,2,7,2,4,1,1,6,1,3
1,41,43,6,1,0,10,4,7,7,8,9,5,8,7,9
1,31,22,1,1,1,2,2,2,1,3,7,2,5,5,4
0,36,31,6,6,1,10,2,7,5,8,2,5,1,4,3
1,19,28,2,5,0,4,6,9,6,5,9,5,8,7,6
0,34,34,3,3,1,5,1,2,2,2,5,1,5,6,4
0,29,23,3,1,0,9,6,6,4,8,5,4,7,6,1
0,26,24,3,4,0,7,5,7,7,2,6,3,4,6,2
0,24,35,4,2,0,2,3,6,7,7,4,7,4,1,4
0,39,37,4,4,1,1,5,4,1,10,2,6,3,2,2
1,43,38,6,5,0,10,4,6,7,6,5,1,6,5,4
1,23,38,1,1,1,3,3,6,2,5,5,5,3,1,1
1,40,20,4,6,0,7,2,6,6,3,2,6,6,4,5
1,27,19,2,1,0,8,3,7,5,10,3,2,1,2,3
1,25,25,3,6,0,10,6,3,6,2,1,7,3,2,5
0,35,39,2,6,0,10,6,7,2,7,5,4,1,1,2
1,40,43,3,3,1,5,1,7,2,7,7,6,7,1,3
0,32,40,5,2,0,2,3,2,3,10,2,7,2,3,5
0,38,23,5,1,0,1,3,6,3,8,3,3,4,3,2
1,40,23,1,2,0,5,2,7,3,7,4,6,5,4,3
0,39,36,3,2,0,2,4,7,5,7,2,1,6,4,1
1,36,21,1,2,0,10,3,7,2,9,6,3,7,2,4
0,41,40,4,2,0,6,4,1,6,2,6,6,1,1,3
0,37,30,6,1,0,6,6,7,7,10,9,6,8,9,6
1,30,35,5,4,0,4,5,5,6,1,6,5,5,5,3
0,21,27,3,2,0,4,4,3,2,8,7,3,7,6,4
1,41,42,4,3,0,10,4,5,6,8,3,6,2,5,1
1,30,34,5,2,0,3,6,4,3,2,5,4,3,5,2
0,22,43,5,1,0,9,5,6,9,4,7,5,5,9,8
1,25,43,2,3,0,9,5,2,7,8,6,2,2,4,4
0,24,39,2,4,0,7,6,6,1,1,7,2,2,3,2
1,24,24,1,3,0,7,5,5,3,4,2,2,4,4,5
1,40,35,6,5,0,10,3,5,5,9,6,5,5,2,4
0,28,29,6,1,0,5,6,2,6,2,6,4,4,1,1
1,24,31,1,3,0,6,6,6,2,8,4,6,2,4,2
0,20,43,3,4,0,5,2,6,1,9,4,1,4,2,3
1,28,37,4,4,1,6,5,1,1,4,2,3,4,6,4
0,19,34,3,4,0,5,1,6,4,9,7,2,2,1,3
0,40,19,6,3,0,8,3,9,8,5,9,8,8,9,9
1,39,21,6,3,0,6,1,6,4,6,2,4,2,3,1
1,29,28,3,5,0,3,5,9,9,6,9,7,6,8,9
0,40,23,4,4,1,3,1,7,7,9,1,2,6,2,1
1,27,20,1,4,0,1,4,5,5,8,4,7,2,4,2
0,20,20,4,3,0,7,3,5,3,8,7,2,5,6,4
1,32,23,2,6,0,9,1,1,6,8,2,7,4,5,4
0,41,39,3,2,0,10,5,4,6,5,2,2,2,6,5
1,38,35,5,3,0,10,1,4,5,3,4,5,5,3,1
1,31,27,6,5,0,5,3,3,6,6,2,2,1,5,1
1,41,40,3,4,0,1,5,6,5,10,3,2,5,4,1
1,42,36,5,4,0,3,1,2,2,2,6,5,5,1,2
1,39,37,1,1,1,8,4,1,2,3,5,5,3,5,4
0,22,25,3,4,0,1,5,5,4,4,3,6,3,6,2
1,23,35,5,3,0,3,6,8,6,7,9,8,6,7,6
0,27,30,4,5,0,2,3,6,3,1,2,4,7,4,2
1,37,25,6,2,0,10,3,4,6,9,2,1,4,4,5
0,31,38,2,5,0,10,4,2,3,10,5,7,1,3,5
1,32,33,1,6,0,4,1,2,2,3,3,7,3,2,3
1,22,37,4,3,0,2,2,2,2,2,2,5,6,6,4
1,20,36,1,5,0,3,4,6,5,5,6,4,6,5,5
0,26,21,4,5,0,6,4,7,3,5,6,5,4,6,4
1,21,19,2,4,0,3,1,1,6,7,6,3,3,6,1
1,30,27,4,4,1,10,5,7,5,4,9,7,5,7,9
0,27,22,3,6,0,8,1,4,6,3,3,2,5,5,4
0,26,19,3,5,0,5,3,7,5,1,3,4,1,4,3
0,23,29,3,5,0,1,4,2,6,5,4,5,2,3,4
1,42,40,6,3,0,6,5,1,1,4,1,5,7,2,1
0,33,43,5,5,1,3,4,2,1,6,2,5,2,1,3
0,21,21,1,3,0,10,1,5,6,6,1,1,2,3,3
1,34,30,1,1,1,7,3,9,8,6,7,6,8,9,8
1,25,21,2,5,0,8,3,5,7,2,1,6,6,3,4
1,43,27,5,5,1,9,4,3,3,6,5,2,2,6,2
0,36,34,6,3,0,7,6,7,4,1,5,2,6,5,1
1,28,32,3,3,1,10,1,8,9,5,9,8,5,9,9
0,26,23,6,2,0,2,3,4,7,10,2,6,6,2,1
1,37,38,2,3,0,7,5,4,7,1,3,3,3,4,3
1,41,36,2,4,0,4,3,7,8,4,9,6,6,9,7
0,19,27,1,3,0,3,5,7,7,5,5,2,7,6,3
0,19,29,4,3,0,5,4,4,6,7,3,2,5,6,1
1,43,41,2,4,0,4,4,1,6,1,6,6,1,1,3
0,30,43,2,5,0,6,6,9,9,7,7,5,8,7,9
1,22,26,4,4,1,9,4,2,3,3,2,7,4,6,2
0,28,21,3,5,0,1,4,5,1,7,2,7,6,2,3
1,20,28,3,6,0,6,5,5,1,8,6,7,1,6,1
1,21,24,1,2,0,9,5,1,7,3,3,5,3,3,2
1,36,33,2,4,0,1,1,7,1,1,4,5,3,1,4
1,27,24,1,6,0,3,3,3,5,3,3,6,5,3,5
0,27,36,3,2,0,5,4,8,9,4,9,8,5,9,6
0,33,39,6,5,0,8,6,2,3,6,3,7,4,2,4
1,19,33,3,4,0,8,2,6,5,2,3,2,5,2,2
1,24,24,1,2,0,7,3,4,2,2,4,7,6,6,1
0,37,25,6,2,0,5,5,2,4,8,3,3,7,1,4
0,19,32,6,2,0,8,2,6,3,8,4,1,6,1,5
1,32,21,3,6,0,9,5,4,1,7,6,5,1,6,4
1,19,21,3,5,0,1,6,5,6,5,5,1,4,2,4
0,37,33,2,6,0,10,5,2,5,1,2,2,3,2,5
0,20,31,1,4,0,6,3,6,1,10,2,4,6,1,4
1,21,41,3,1,0,9,1,3,2,2,3,5,1,5,3
0,20,34,2,3,0,10,5,3,7,4,7,2,7,3,3
0,19,30,1,4,0,6,5,9,6,5,8,8,8,9,6
0,37,21,2,3,0,8,3,1,5,7,5,2,3,6,5
1,19,19,3,1,0,9,3,3,4,6,6,7,4,1,3
1,19,30,2,6,0,7,1,4,7,2,2,5,3,5,1
1,19,32,1,3,0,8,5,9,9,4,8,6,8,9,9
1,22,33,5,6,0,5,4,6,7,8,4,4,6,5,3
1,39,27,6,6,1,6,2,4,2,7,3,1,1,1,2
0,43,20,5,5,1,6,6,5,7,8,7,2,3,3,5
1,27,29,3,5,0,5,4,7,7,7,7,1,6,6,5
1,31,43,1,5,0,8,5,2,2,3,3,5,6,6,4
1,35,36,5,2,0,6,5,7,1,10,2,1,4,5,5
1,41,28,2,5,0,7,2,3,1,7,3,7,2,1,2
1,26,30,4,2,0,8,3,4,7,9,1,3,4,3,3
1,36,28,6,5,0,7,2,4,3,9,6,7,6,3,1
1,43,43,3,2,0,3,1,6,7,10,7,6,6,7,7
0,23,43,2,3,0,2,1,5,5,2,6,2,3,6,5
1,19,41,1,3,0,10,5,7,5,6,3,5,4,3,2
1,43,33,4,5,0,7,6,9,8,7,9,7,8,7,9
1,30,27,3,6,0,1,3,5,4,6,6,6,7,3,2
1,36,42,6,5,0,3,3,6,7,6,2,3,1,2,1
0,32,30,3,3,1,1,1,9,9,10,8,8,8,7,8
1,38,25,4,3,0,7,2,3,4,10,4,7,2,4,3
0,34,29,3,6,0,9,3,9,9,9,8,4,5,7,9
0,41,33,3,4,0,2,1,6,7,2,1,7,3,2,3
1,39,25,1,4,0,7,4,3,1,5,5,6,4,5,1
1,29,43,4,4,1,6,4,4,7,7,2,3,2,1,2
1,25,20,3,4,0,7,5,5,6,4,5,4,2,4,4
1,40,38,3,1,0,8,5,1,4,10,3,1,2,3,3
1,43,27,5,2,0,6,6,9,7,4,9,6,5,9,6
1,23,25,4,2,0,9,4,2,5,1,3,3,2,5,2
0,28,35,5,1,0,10,5,2,5,4,7,3,6,4,4
1,39,30,3,1,0,6,6,1,7,7,5,7,2,3,3
0,31,41,5,3,0,10,5,6,1,3,1,1,5,5,5
1,19,43,3,2,0,4,1,3,1,3,3,6,4,2,5
1,28,29,5,1,0,2,5,6,5,3,4,6,2,1,4
1,29,31,1,4,0,5,1,6,4,4,5,4,6,5,1
0,20,19,3,4,0,3,6,7,7,6,9,8,7,7,9
0,43,43,5,5,1,4,1,2,3,4,2,3,5,6,5
1,40,33,1,6,0,8,1,2,5,6,1,2,1,6,3
0,20,43,2,6,0,1,6,4,5,9,5,6,4,6,1
1,19,22,5,5,1,4,5,5,6,9,4,5,3,6,3
1,27,28,1,5,0,2,4,3,7,7,1,1,6,4,1
0,43,36,2,5,0,1,1,8,9,5,9,4,5,9,9
1,28,31,1,6,0,9,5,2,2,9,3,4,2,6,3
0,43,35,3,4,0,1,6,2,4,2,1,6,4,2,5
0,39,29,2,3,0,10,6,1,7,2,2,4,6,6,2
1,28,43,2,3,0,10,4,5,6,8,3,1,6,2,1
0,30,21,4,5,0,2,5,1,3,5,7,3,4,6,1
0,31,21,3,5,0,7,2,3,1,2,6,1,4,1,5
0,24,20,1,6,0,6,3,6,9,9,9,7,8,9,8
1,35,24,2,4,0,10,3,1,2,2,2,7,7,2,5
1,27,41,4,6,0,2,6,3,3,4,4,5,3,6,3
1,34,25,3,6,0,7,5,3,4,4,5,5,2,4,3
0,39,19,3,6,0,6,5,9,7,10,9,4,8,8,9
0,31,36,6,6,1,9,4,6,5,3,3,7,4,4,3
1,25,35,4,6,0,8,3,2,3,6,6,1,1,2,3
1,38,42,2,5,0,3,3,7,3,7,6,4,2,3,5
0,41,43,5,4,0,9,4,2,5,6,2,3,4,1,5
0,23,37,1,6,0,7,2,6,6,1,2,5,3,2,2
1,30,40,4,3,0,9,4,7,6,5,3,5,3,2,2
1,33,33,2,3,0,3,1,4,6,9,4,7,6,1,3
1,21,36,3,5,0,4,1,6,6,8,3,4,7,3,5
1,40,34,4,3,0,2,6,2,5,5,2,4,7,1,5
0,37,28,1,1,1,3,6,9,8,10,8,6,7,8,9
1,37,39,2,5,0,2,5,1,1,3,2,2,4,5,1
0,42,38,2,5,0,10,5,6,5,8,2,3,4,6,4
0,33,19,1,3,0,9,5,6,1,4,4,7,2,1,2
0,20,23,4,1,0,2,2,2,1,7,3,1,4,5,5
1,27,33,6,3,0,2,1,1,3,6,6,3,1,3,3
1,19,40,6,2,0,6,5,4,1,1,5,7,4,6,4
0,30,25,5,6,0,7,4,2,1,4,3,2,5,1,2
0,27,28,2,5,0,10,6,2,3,2,3,1,6,4,4
0,24,28,3,2,0,6,3,2,7,10,6,2,1,6,2
1,43,26,3,2,0,4,2,6,2,7,7,5,7,2,4
1,33,26,2,4,0,3,6,6,2,9,1,4,3,4,1
0,20,43,2,6,0,5,1,3,7,6,7,4,1,4,2
1,30,35,6,4,0,6,6,4,4,2,1,5,1,1,5
0,26,28,1,3,0,6,4,5,5,8,2,3,6,4,2
0,36,38,5,4,0,5,5,7,7,7,2,2,3,5,1
1,24,39,1,6,0,3,1,4,6,4,2,2,1,2,5
0,42,32,6,1,0,5,4,7,6,8,7,6,1,3,5
0,35,28,3,2,0,3,1,9,5,6,9,8,7,7,6
1,24,43,6,6,1,9,2,5,1,2,5,1,6,6,2
1,23,30,2,1,0,10,5,1,4,5,4,2,7,4,2
1,36,41,3,2,0,2,3,9,6,4,7,6,8,7,9
0,38,24,2,4,0,9,1,4,4,9,3,1,6,6,1
1,31,23,6,1,0,5,6,6,2,7,7,6,5,4,4
1,26,22,2,6,0,8,6,9,9,4,8,8,5,7,9
0,19,34,4,6,0,9,4,1,4,6,2,1,7,1,5
1,42,33,3,6,0,6,4,4,7,10,1,4,3,6,1
1,43,19,1,5,0,6,3,7,8,9,9,4,8,7,7
1,27,31,1,1,1,7,1,1,3,7,5,1,5,6,2
1,30,35,1,6,0,7,6,3,4,3,1,3,7,2,4
0,19,38,6,4,0,7,6,5,2,7,7,1,7,2,1
0,19,27,1,6,0,3,4,1,4,5,4,7,5,3,1
1,43,26,1,4,0,1,6,2,7,5,4,5,6,6,5
1,32,41,1,4,0,8,2,6,5,2,5,3,4,4,1
0,23,43,1,1,1,5,3,6,8,10,7,8,8,9,8
1,36,32,3,5,0,10,1,4,2,6,7,1,7,5,5
0,30,37,6,6,1,1,1,1,5,3,1,2,1,3,3
0,19,27,1,3,0,9,4,1,2,7,3,5,5,1,1
1,35,20,4,4,1,8,2,4,3,10,2,3,2,1,5
1,42,43,4,4,1,1,5,5,1,8,6,1,7,6,1
1,35,19,4,2,0,4,6,1,1,10,7,6,7,2,2
0,33,31,3,6,0,5,5,6,9,7,8,7,6,9,8
1,42,34,2,4,0,5,4,3,2,5,5,5,1,4,3
1,38,21,6,2,0,3,4,6,5,1,5,5,4,4,1
1,33,40,5,2,0,10,6,4,7,3,4,4,2,3,5
0,25,37,6,5,0,1,3,1,1,9,2,2,4,6,1
1,22,33,1,2,0,6,4,4,7,6,6,5,3,6,1
0,43,25,2,3,0,1,3,3,4,1,6,2,2,6,5
0,24,23,5,2,0,2,3,3,6,1,2,1,5,3,4
1,43,20,6,4,0,5,2,9,9,5,9,8,8,8,9
1,19,35,2,6,0,3,4,7,6,1,4,6,2,5,5
0,30,42,1,5,0,6,3,5,6,10,3,4,7,4,1
1,37,20,4,6,0,8,3,2,3,1,1,5,6,4,1
0,36,36,6,4,0,7,1,6,6,5,4,7,3,6,2
0,35,42,3,5,0,6,2,2,3,10,6,6,4,5,1
0,20,25,3,2,0,3,3,5,4,2,3,3,6,6,4
0,32,22,6,2,0,1,3,6,5,10,2,2,6,6,3
0,35,34,4,1,0,10,1,3,5,3,7,1,3,1,1
1,25,39,2,2,1,6,4,2,4,7,2,5,4,4,1
0,43,20,3,4,0,4,6,1,6,6,7,3,1,4,2
0,39,43,3,6,0,9,6,6,4,5,4,6,2,1,5
0,24,41,3,4,0,5,3,6,1,2,4,2,2,5,1
0,34,32,3,4,0,9,1,7,7,4,8,8,5,9,9
1,28,42,2,5,0,8,6,6,3,9,1,2,6,3,4
1,37,33,4,6,0,6,4,2,5,2,2,7,6,6,4
0,32,42,2,2,1,1,2,8,6,6,7,5,8,7,8
0,20,25,2,3,0,8,6,3,5,7,7,2,2,5,3
0,26,19,5,6,0,7,2,1,5,5,4,7,5,1,5
1,38,37,6,5,0,4,4,7,1,9,2,6,5,2,5
1,21,38,4,3,0,4,1,6,4,1,6,7,5,3,4
0,25,28,2,5,0,6,1,5,5,6,7,2,4,6,4
0,37,31,2,5,0,5,2,8,5,7,9,8,8,9,9
0,38,29,3,3,1,4,6,7,6,8,9,6,8,7,8
1,38,19,1,5,0,7,3,6,4,2,2,4,4,6,4
1,19,43,2,1,0,9,3,2,5,5,7,7,4,4,2
1,19,40,4,3,0,7,6,3,1,6,7,1,7,4,1
0,34,38,6,5,0,7,3,3,5,10,2,2,3,1,5
1,43,36,2,1,0,2,4,3,5,2,7,1,2,1,5
1,24,30,1,3,0,6,6,2,1,3,5,5,2,6,2
0,40,30,3,6,0,9,6,3,7,9,1,7,6,1,2
0,35,39,1,5,0,7,5,7,5,5,1,5,3,5,3
1,27,33,6,1,0,9,1,2,7,6,4,6,5,5,5
1,40,19,1,6,0,5,5,4,7,8,3,6,2,4,4
1,28,22,5,6,0,8,6,1,1,7,2,5,4,6,4
1,39,35,2,6,0,7,3,2,5,5,3,3,2,4,1
0,21,39,2,1,0,10,5,5,6,2,2,6,6,6,4
0,38,37,1,4,0,7,5,5,2,2,5,5,6,3,5
0,20,35,6,6,1,9,5,2,5,5,2,5,5,5,5
0,43,27,5,3,0,5,4,1,1,9,2,2,7,2,5
1,40,27,3,3,1,10,1,3,3,5,2,4,6,1,3
1,28,42,3,5,0,9,3,4,5,6,3,6,5,4,1
1,40,19,5,5,1,10,2,2,2,9,5,3,5,5,3
1,33,23,1,3,0,5,3,6,6,3,2,7,4,4,4
1,43,37,5,3,0,8,3,4,1,3,5,1,2,1,5
0,33,35,3,1,0,1,1,6,3,2,1,2,2,5,3
0,38,41,4,5,0,9,4,8,7,4,8,8,8,9,8
0,28,36,2,2,1,4,1,6,2,5,5,3,4,6,5
1,42,35,1,1,1,4,2,4,2,5,1,4,6,6,5
0,40,32,5,5,1,6,2,4,1,9,5,2,5,6,1
0,41,32,6,1,0,4,3,6,3,6,4,3,7,6,2
0,38,21,3,6,0,6,5,1,5,9,7,2,5,1,5
1,42,19,3,2,0,6,1,3,1,2,6,5,3,4,5
0,19,38,1,1,1,4,4,1,3,7,4,1,3,6,1
1,23,21,2,5,0,6,6,2,6,3,3,6,2,1,2
0,43,31,3,5,0,3,5,7,4,4,7,3,4,4,3
1,37,40,5,4,0,4,6,2,2,8,4,1,3,3,2
0,32,43,1,6,0,2,2,3,3,8,5,6,4,1,4
1,43,31,6,6,1,4,6,7,1,6,5,7,2,5,1
0,30,31,1,4,0,1,5,7,1,7,2,6,7,3,1
0,33,38,3,5,0,5,3,7,9,9,9,7,8,9,8
0,36,35,2,1,0,3,3,5,2,8,4,3,1,1,4
0,25,43,3,6,0,1,4,2,2,9,4,3,2,4,1
1,43,21,4,5,0,9,6,5,1,10,7,3,7,1,3
1,19,31,6,6,1,5,4,6,1,8,6,3,7,5,3
1,29,38,2,4,0,3,1,6,5,2,7,7,1,6,2
0,34,23,2,4,0,2,5,4,2,10,4,3,4,3,2
0,39,38,3,3,1,6,2,5,1,4,2,1,2,5,3
1,33,39,4,3,0,10,2,6,8,5,7,4,7,9,9
0,32,20,4,4,1,2,6,2,5,8,5,3,1,1,2
0,24,35,2,5,0,5,5,7,7,2,2,7,2,5,3
0,19,20,2,4,0,7,2,7,5,9,7,1,1,4,2
0,31,26,1,6,0,3,1,4,4,2,5,1,6,1,3
1,41,25,1,6,0,4,4,6,1,10,3,1,2,5,1
1,23,38,2,5,0,2,3,1,4,9,3,1,6,3,5
1,24,41,1,6,0,4,5,6,5,8,9,4,8,9,9
0,27,26,1,5,0,8,3,2,3,4,6,6,1,2,5
1,29,35,2,3,0,7,6,6,5,1,2,6,1,2,1
0,39,41,6,6,1,10,5,1,1,2,6,6,3,4,4
0,25,30,2,6,0,9,6,9,7,8,9,7,8,7,6
1,22,27,3,2,0,7,4,1,3,3,3,3,1,5,3
0,35,19,2,6,0,1,2,9,7,7,9,6,8,7,9
0,42,19,4,2,0,6,4,7,5,10,4,3,6,6,1
0,32,36,6,1,0,8,1,6,7,8,5,1,5,1,4
0,37,27,1,5,0,9,1,4,4,1,3,6,5,6,4
0,29,30,5,2,0,5,3,6,3,4,2,5,2,5,5
0,24,29,6,6,1,1,2,4,5,7,7,6,6,4,5
0,24,21,3,4,0,1,4,4,1,8,7,2,5,2,4
1,31,36,2,5,0,2,1,6,1,3,5,3,1,5,4
1,32,43,1,4,0,6,3,7,5,8,1,1,2,5,5
0,37,26,1,5,0,10,4,6,7,10,4,6,4,4,2
0,27,27,3,2,0,9,6,1,1,1,3,3,6,3,1
1,32,27,3,1,0,9,2,6,4,5,2,5,6,6,1
0,26,34,6,6,1,10,5,9,7,4,9,8,7,9,8
1,33,30,4,4,1,7,5,6,5,8,6,5,7,6,1
0,38,22,4,2,0,1,1,5,3,10,6,4,4,2,2
0,30,34,1,2,0,5,1,6,5,10,1,7,5,3,5
0,38,42,2,1,0,10,4,1,7,8,1,7,1,1,4
0,24,31,3,5,0,10,5,3,6,4,2,3,4,1,1
0,19,39,6,2,0,4,2,4,3,10,7,1,7,4,4
0,19,29,5,1,0,4,3,6,9,10,8,6,8,8,9
0,22,30,2,5,0,8,6,4,2,7,1,6,2,5,2
0,22,41,4,1,0,10,3,3,3,2,7,2,4,6,1
0,19,25,4,5,0,8,1,5,2,2,2,1,2,1,5
1,36,19,1,2,0,5,5,7,1,5,6,3,6,2,1
1,31,33,6,5,0,5,2,5,5,4,7,1,2,5,2
0,26,21,1,6,0,9,3,3,5,10,3,1,3,5,4
1,30,40,1,1,1,9,1,6,4,6,6,1,6,4,3
0,36,34,3,5,0,6,1,7,7,2,1,3,4,5,2
1,28,43,5,3,0,9,2,3,6,10,3,6,2,6,3
1,28,30,3,2,0,8,1,6,6,1,4,6,6,5,1
0,41,19,2,5,0,5,1,7,3,10,3,7,1,4,2
0,41,22,5,2,0,2,2,3,7,1,3,7,4,4,3
0,37,40,3,6,0,7,1,1,6,7,1,7,5,4,3
0,37,19,4,2,0,4,2,9,9,4,9,4,8,9,7
0,34,40,4,6,0,4,6,2,6,4,7,4,7,1,4
0,39,23,1,6,0,8,3,6,2,4,2,3,4,5,5
1,31,32,2,2,1,9,2,6,5,3,7,5,4,1,3
0,40,43,5,1,0,8,6,3,4,7,3,6,4,6,5
0,33,19,4,5,0,8,2,5,6,8,3,2,6,1,3
1,20,26,2,4,0,6,6,1,4,4,7,7,5,6,1
1,28,26,2,2,1,5,2,1,6,2,6,5,2,2,3
0,28,25,5,2,0,7,4,1,4,9,6,4,4,3,2
1,40,35,3,1,0,10,1,6,1,6,2,5,1,2,5
1,35,29,4,5,0,7,1,8,7,10,9,5,7,9,6
1,20,43,2,1,0,6,5,5,4,7,5,4,7,2,2
1,32,38,5,5,1,3,3,2,4,2,6,3,7,4,5
0,38,24,6,2,0,9,4,6,3,10,3,4,3,4,4
0,23,32,5,1,0,9,1,6,7,10,1,4,3,4,5
1,39,26,4,5,0,10,3,3,5,5,3,3,2,5,3
1,28,40,1,3,0,3,3,5,7,4,1,6,5,3,5
1,21,43,6,5,0,3,5,7,2,8,6,6,6,4,2
0,34,41,3,5,0,5,5,3,5,6,1,4,7,5,1
0,22,19,5,2,0,8,2,2,5,7,7,7,3,1,5
1,25,28,1,5,0,6,1,2,6,5,3,3,6,4,2
1,43,27,4,4,1,2,4,1,5,2,3,5,4,2,4
0,31,30,1,3,0,6,4,3,2,4,5,3,1,5,1
1,41,26,2,6,0,1,1,6,8,9,9,8,8,7,8
1,34,21,3,5,0,5,6,2,4,6,4,3,1,1,4
1,24,40,1,3,0,1,3,2,2,4,2,2,1,6,1
0,34,19,5,4,0,2,4,3,1,7,3,6,3,4,1
1,19,43,6,3,0,8,2,6,3,4,2,7,2,2,4
1,24,40,6,2,0,3,3,6,5,4,4,7,6,5,4
1,35,38,6,2,0,10,2,7,3,5,5,3,5,1,3
1,23,34,6,5,0,3,4,6,3,7,7,4,6,4,1
1,31,24,6,4,0,4,3,4,3,4,3,6,3,4,2
0,43,31,5,2,0,3,3,9,7,4,7,5,6,9,6
1,21,34,4,1,0,10,1,5,6,7,4,1,2,3,3
0,33,26,5,1,0,3,5,1,6,3,4,3,6,4,2
0,25,39,4,6,0,5,3,9,9,6,9,5,7,7,9
1,24,34,1,4,0,5,6,7,2,2,1,1,4,2,2
0,27,42,1,2,0,7,3,6,5,9,7,5,8,9,7
0,26,42,4,3,0,6,2,4,7,8,6,6,2,4,4
0,40,43,4,3,0,4,4,2,5,5,2,4,3,4,1
0,26,24,2,3,0,5,2,2,7,5,4,4,4,1,5
0,19,37,1,4,0,9,5,2,5,9,5,2,5,1,4
1,37,26,2,1,0,3,4,5,2,3,1,1,1,6,1
0,36,23,5,1,0,8,3,5,4,10,7,2,4,5,1
0,32,43,6,6,1,8,5,2,4,4,6,5,2,5,1
0,35,32,2,5,0,4,1,2,1,1,3,2,4,5,4
1,43,29,4,6,0,8,3,3,2,3,6,3,2,6,1
1,27,38,3,4,0,10,4,4,7,7,4,4,3,5,3
1,29,33,2,4,0,9,1,7,5,9,5,4,5,1,2
1,40,19,3,5,0,10,2,7,9,7,9,8,7,8,9
0,39,43,3,5,0,4,6,6,2,2,6,4,7,1,4
0,36,29,5,4,0,6,4,4,3,6,6,1,3,5,5
0,23,35,6,4,0,3,5,9,8,6,8,8,8,8,8
1,36,22,3,4,0,2,3,3,2,2,7,1,2,2,3
0,39,25,3,3,1,5,5,2,4,5,2,4,7,3,4
0,39,36,6,5,0,9,1,7,2,3,3,3,4,4,3
1,27,40,3,2,0,5,4,5,3,4,3,2,7,3,5
0,37,24,2,5,0,1,3,3,4,3,6,5,5,4,5
1,25,27,3,2,0,4,6,4,5,3,2,7,7,5,3
